"Time (s)","X (rad/s)","Y (rad/s)","Z (rad/s)"
3.400875001E-3,1.442802325E-2,-8.534476161E-3,-1.801441610E-2
2.344287500E-2,6.413569674E-3,-2.675724402E-2,-1.577576995E-2
4.348387500E-2,1.426030602E-2,-4.365128931E-3,-3.008509427E-2
6.352587500E-2,2.701505274E-2,-1.208270434E-3,-3.946375102E-2
8.356787500E-2,3.159375116E-2,6.523446180E-3,-3.320024535E-2
1.036098750E-1,2.490636706E-2,-1.361723617E-2,-1.000499260E-2
1.236508750E-1,-1.244055294E-2,-7.496237010E-2,1.475114189E-2
1.436928750E-1,1.021875069E-2,-9.766830504E-2,-3.600984113E-3
1.637348750E-1,9.373289347E-2,-2.903171070E-2,-7.676927000E-2
1.837758750E-1,1.410804391E-1,3.952201456E-2,-1.287381351E-1
2.038178750E-1,1.222496182E-1,3.099416755E-2,-1.484378874E-1
2.238598750E-1,5.732827634E-2,-4.226899892E-2,-1.147937179E-1
2.439008750E-1,-4.572061449E-2,-1.449879408E-1,-1.726136170E-2
2.639428750E-1,-7.116837054E-2,-1.516881883E-1,5.027096719E-3
2.839848750E-1,1.973013161E-3,-4.978108034E-2,-6.112716720E-2
3.040258750E-1,5.581494421E-2,4.429563880E-2,-9.468533844E-2
3.240678750E-1,6.140450761E-2,2.797959559E-2,-1.098391786E-1
3.441098750E-1,5.243031681E-2,-5.244456977E-2,-1.930191666E-1
3.641508750E-1,-4.002256319E-3,-1.232796013E-1,-3.628897965E-1
3.841928750E-1,7.680173032E-3,-1.028610468E-1,-5.200868249E-1
4.042348750E-1,5.857290328E-2,-6.390333176E-2,-8.077768087E-1
4.242757500E-1,5.966706574E-2,1.009994559E-2,-1.251453638E0
4.443177500E-1,1.351318657E-1,2.559060045E-2,-1.936977625E0
4.643597500E-1,1.606289744E-1,-4.768328071E-1,-2.811475754E0
4.844017500E-1,-9.658592194E-2,-9.875574708E-1,-3.603118420E0
5.044427500E-1,-7.473468035E-2,-1.207895756E0,-4.080832005E0
5.244847500E-1,-3.948795050E-2,-1.997017860E0,-4.589648724E0
5.445267500E-1,-3.177487254E-1,-1.033526778E0,-5.209563732E0
5.645677500E-1,-2.068106830E-1,1.309071660E0,-4.724700451E0
5.846097500E-1,5.017586350E-1,3.508201122E0,-3.696662903E0
6.046517500E-1,-1.490598470E-1,5.513379574E0,-2.443310738E0
6.246927500E-1,-8.824213147E-1,4.551058292E0,-3.072218180E0
6.447347500E-1,-3.356406391E-1,1.337908506E0,-3.170757294E0
6.647767500E-1,-1.162594417E-3,2.885021567E-1,-2.183979034E0
6.848177500E-1,-2.888773382E-1,4.249698520E-1,-1.541592598E0
7.048597500E-1,-4.998065531E-1,8.166837692E-1,-1.035971045E0
7.249017500E-1,-2.276777625E-1,9.391751885E-1,-2.875975370E-1
7.449427500E-1,5.859180912E-2,6.529861093E-1,1.181239784E-1
7.649847500E-1,-1.100677028E-1,5.247718692E-1,-9.686446190E-2
7.850267500E-1,-8.624193817E-2,5.216385722E-1,-3.473377228E-2
8.050677500E-1,6.940444559E-2,3.660033643E-1,1.857822388E-2
8.251097500E-1,4.955353215E-3,1.882462651E-1,5.117532983E-2
8.451517500E-1,-3.798983758E-3,2.639514506E-1,4.616878927E-2
8.651937500E-1,-1.185106346E-3,3.946885765E-1,-6.892240606E-3
8.852347500E-1,1.115526259E-2,4.022770226E-1,-1.156892441E-2
9.052767500E-1,7.040612400E-2,4.018321633E-1,1.273512840E-2
9.253187500E-1,4.105808958E-2,2.650822997E-1,-3.618278541E-3
9.453597500E-1,1.523468364E-2,2.940317094E-1,-2.056800760E-2
9.654017500E-1,2.823085152E-2,3.560800254E-1,-2.386147343E-2
9.854437500E-1,8.224843070E-3,3.582608998E-1,-1.812650263E-2
1.005484750E0,1.739098132E-2,3.350040019E-1,-3.831357695E-3
1.025526750E0,2.589571662E-2,2.876812518E-1,-8.205694146E-3
1.045568750E0,7.924247533E-3,2.593880892E-1,-6.416436750E-3
1.065609750E0,1.651692763E-2,2.469686419E-1,-1.901638508E-2
1.085651750E0,3.432249278E-2,2.906741202E-1,-3.388719633E-2
1.105693750E0,2.190011740E-2,2.582526505E-1,-4.360356554E-2
1.125734750E0,1.710942015E-2,2.284733653E-1,-4.169073701E-2
1.145776750E0,2.953192592E-2,2.304664701E-1,-4.005320370E-2
1.165818750E0,4.337657616E-2,2.013923377E-1,-3.372263536E-2
1.185860750E0,5.274570733E-2,1.651071608E-1,-2.760692872E-2
1.205901750E0,7.794793695E-2,2.210927308E-1,-4.582495987E-2
1.225943750E0,6.904046237E-2,2.209481299E-1,-6.526363641E-2
1.245985750E0,5.778933316E-2,1.440022439E-1,-8.131540567E-2
1.266026750E0,2.567114867E-2,1.243962869E-1,-8.471536636E-2
1.286068750E0,2.372144721E-3,1.819884926E-1,-7.195216417E-2
1.306110750E0,-8.776701987E-3,1.484794021E-1,-5.505108461E-2
1.326151750E0,6.184670143E-3,1.066781729E-1,-4.216857627E-2
1.346193750E0,-1.347305905E-2,4.779365659E-2,-4.974753037E-2
1.366235750E0,-3.551677242E-2,3.946431354E-2,-6.499376893E-2
1.386276750E0,-2.931933105E-2,1.392904967E-1,-9.204073250E-2
1.406318750E0,-2.171007730E-2,2.010403574E-1,-8.416210115E-2
1.426360625E0,-1.429784205E-2,1.927577555E-1,-7.123807073E-2
1.446401625E0,-1.538687106E-2,1.634329706E-1,-5.795340613E-2
1.466443625E0,7.272765040E-3,9.439330548E-2,-3.828300908E-2
1.486485625E0,-1.980586350E-2,1.488616914E-1,-5.646817014E-2
1.506527625E0,2.314290032E-4,2.327524126E-1,-2.861750871E-2
1.526568625E0,-1.854771934E-2,2.101087421E-1,6.375279743E-3
1.546610625E0,-3.770602494E-2,1.870014220E-1,8.934810758E-3
1.566652625E0,-2.888037823E-2,1.463006586E-1,1.304307021E-2
1.586693625E0,-2.082205191E-2,1.333423555E-1,-9.694986511E-4
1.606735625E0,-2.827437222E-2,6.391884387E-2,5.395243876E-3
1.626777625E0,-2.888462041E-3,8.668256551E-2,8.284477517E-3
1.646818625E0,-4.417531192E-2,7.369367778E-2,-4.661611747E-4
1.666860625E0,-5.691593513E-2,1.077641547E-1,-8.278854191E-3
1.686902625E0,-1.928187162E-2,1.448386908E-1,2.189761214E-2
1.706943625E0,5.731992424E-3,1.346127540E-1,7.741688192E-2
1.726985625E0,2.765093930E-2,1.152160764E-1,1.477958411E-1
1.747027625E0,4.797844961E-2,1.482209656E-3,9.327346087E-2
1.767068625E0,1.614568755E-2,-4.250947386E-2,2.639152668E-2
1.787110625E0,-3.650367633E-2,-2.755555324E-2,-2.431266382E-2
1.807152625E0,-1.149239484E-2,2.987506799E-2,-2.408654988E-2
1.827193625E0,2.431819215E-2,3.496552631E-2,-1.493329182E-2
1.847235625E0,5.817481782E-3,-2.980973013E-2,1.954841241E-2
1.867277625E0,4.416919872E-2,3.553939611E-2,7.030580193E-2
1.887318625E0,5.672992766E-2,4.966697469E-2,5.076503009E-2
1.907360625E0,1.707313210E-2,-4.174750764E-3,2.945232391E-2
1.927402625E0,1.490206458E-2,7.797081023E-3,1.463258639E-2
1.947444625E0,2.810680866E-2,-1.349326689E-3,3.796881065E-3
1.967485625E0,2.099350467E-2,6.956273690E-3,5.034185946E-3
1.987527625E0,1.203403343E-2,5.461095273E-2,3.409631923E-2
2.007569625E0,9.842516854E-3,4.654609039E-2,3.345167264E-2
2.027610625E0,1.568934880E-2,2.761164866E-2,3.930303454E-2
2.047652625E0,1.379584149E-2,-9.069400840E-3,3.416845948E-2
2.067694625E0,-2.081519738E-2,-6.921734661E-2,1.482763886E-2
2.087735625E0,-1.879685558E-2,-5.331849307E-2,9.101639502E-3
2.107777625E0,-6.917492487E-3,-2.356491052E-2,1.086032763E-2
2.127819625E0,1.418059878E-2,2.365770377E-2,2.150598913E-2
2.147860625E0,-3.251043614E-3,2.050080523E-2,1.637028903E-2
2.167902625E0,-3.737194091E-2,-3.150069155E-3,1.099297591E-2
2.187944625E0,-4.134071618E-2,-9.006528184E-3,6.966132671E-3
2.207985625E0,1.699970337E-3,-2.774310298E-2,9.792882018E-3
2.228027625E0,3.801542893E-2,3.647121415E-2,1.900980249E-2
2.248069625E0,3.469673172E-2,6.524121761E-2,-1.040790929E-3
2.268110625E0,2.519311383E-2,1.177165732E-1,-3.377516940E-2
2.288152625E0,-2.873989940E-2,3.640282666E-3,-4.069390148E-2
2.308194625E0,-7.147537917E-2,-1.340115666E-1,-1.830119081E-2
2.328235625E0,-3.921764903E-3,-5.021720380E-2,8.158300072E-3
2.348277625E0,-1.177029870E-2,9.342478588E-3,9.949475527E-3
2.368319625E0,5.764151923E-3,-1.244425960E-2,3.296699375E-3
2.388360625E0,-1.416154671E-2,-3.106084466E-2,-8.780872449E-4
2.408402625E0,-7.663713302E-3,-6.618376821E-2,1.089941710E-2
2.428445000E0,2.237129025E-2,-5.692751706E-2,1.833244041E-2
2.448486000E0,9.493568912E-3,-6.773865968E-2,1.428953931E-2
2.468528000E0,-2.464102954E-2,-4.691105336E-2,1.315984596E-2
2.488570000E0,-5.142897367E-2,-1.054950580E-1,1.810334809E-2
2.508611000E0,-4.496913776E-2,-1.113007590E-1,2.055148967E-2
2.528653000E0,-5.106681492E-3,-7.128600776E-2,3.825595975E-2
2.548695000E0,8.182698861E-3,-4.261083528E-2,5.179608241E-2
2.568737000E0,-4.164852202E-3,-4.726520553E-2,6.844340265E-2
2.588778000E0,2.366592176E-2,2.554759756E-2,8.759773523E-2
2.608820000E0,8.520823717E-2,6.640029699E-2,6.427863240E-2
2.628862000E0,8.908739686E-2,5.478130188E-3,2.775519527E-2
2.648903000E0,5.934814364E-2,-9.160529077E-2,-4.695462435E-2
2.668945000E0,1.410689950E-2,-4.053651541E-2,-6.906418502E-2
2.688987000E0,1.424697414E-2,-2.039987594E-2,-6.280801445E-2
2.709028000E0,2.446046798E-3,-6.722252816E-2,-3.939696029E-2
2.729070000E0,1.945106499E-2,-7.979017496E-2,-1.845613867E-2
2.749112000E0,7.705386262E-3,-9.950421005E-2,-4.026476294E-2
2.769153000E0,-1.880291477E-2,-1.533743292E-1,-6.788869388E-3
2.789195000E0,-5.356429517E-2,-1.514151543E-1,-1.534329168E-2
2.809237000E0,-1.487662084E-2,-3.481946886E-2,-1.188408956E-2
2.829278000E0,-7.421562914E-3,2.850806899E-2,4.486729391E-3
2.849320000E0,4.181291908E-3,1.479461137E-2,1.924068294E-2
2.869362000E0,-9.223924950E-3,-1.728207804E-3,3.818153869E-3
2.889403000E0,3.384481184E-3,-4.658925813E-3,1.322552189E-2
2.909445000E0,-5.950298626E-3,-3.501297534E-2,-7.895024493E-3
2.929487000E0,-2.789228223E-2,-5.344424397E-2,-3.772943746E-3
2.949528000E0,5.634118803E-3,-1.594441384E-2,-7.811974734E-3
2.969570000E0,9.405415505E-3,2.973195352E-2,-5.214017816E-3
2.989612000E0,5.174997263E-3,-6.252054591E-3,-4.870403558E-3
3.009653000E0,3.421896137E-3,-3.910307586E-2,-4.011499695E-3
3.029695000E0,9.165868163E-3,-4.979732633E-2,-7.311914116E-3
3.049737000E0,-5.147288553E-3,-5.467648804E-2,-1.281970181E-2
3.069778000E0,5.060643889E-4,4.956440534E-4,-1.679149643E-2
3.089820000E0,1.459951513E-2,6.710877270E-2,-2.759551071E-2
3.109862000E0,1.819072478E-2,7.870905846E-2,-2.952761389E-2
3.129903000E0,4.500678740E-3,2.495775744E-2,-2.588029578E-2
3.149945000E0,2.262522280E-2,2.127661183E-2,-2.026174404E-2
3.169987000E0,2.295853570E-3,2.227173187E-2,-2.454983257E-2
3.190028000E0,-7.747835480E-4,3.234051913E-2,-2.115250379E-2
3.210070000E0,6.608502474E-3,3.132835776E-2,-1.259771548E-2
3.230112000E0,1.365202572E-2,3.071631864E-2,-9.280093946E-5
3.250153000E0,-1.130092517E-2,2.213211730E-2,8.529901970E-4
3.270195000E0,-1.575986156E-3,4.473933950E-2,4.605150782E-3
3.290237000E0,-4.930448718E-3,2.843290940E-2,2.323852386E-3
3.310278000E0,8.080088301E-4,4.602517933E-2,7.138575427E-3
3.330320000E0,2.032151632E-2,7.965631783E-2,1.793229487E-3
3.350362000E0,-1.838759333E-2,2.866859362E-2,-3.077406669E-3
3.370403000E0,-1.896629669E-2,-1.019623317E-2,1.691677375E-3
3.390445000E0,8.568391204E-3,2.039602958E-2,1.415507635E-3
3.410487000E0,7.908528671E-3,4.314150661E-2,-3.686108859E-3
3.430528167E0,6.366809364E-3,3.135076538E-2,-4.494256340E-3
3.450570167E0,1.344650239E-2,5.154541507E-2,1.558847725E-5
3.470612167E0,2.052511647E-2,3.451509401E-2,1.089334604E-3
3.490653167E0,9.608348832E-3,7.337431423E-3,-1.648578560E-3
3.510695167E0,1.327392552E-2,-2.367380075E-3,-2.376522403E-3
3.530737167E0,6.466809427E-4,-4.807427526E-2,6.742489059E-3
3.550778167E0,1.182150096E-2,-4.136094451E-2,9.031372145E-3
3.570820167E0,1.200047415E-2,-4.334147088E-3,1.059483504E-3
3.590862167E0,1.651106402E-2,-2.784563974E-2,-7.942977827E-4
3.610903167E0,2.113025449E-2,-4.211142659E-4,-1.261312142E-2
3.630945167E0,2.159204707E-2,-1.621206291E-2,-1.436175220E-2
3.650987167E0,2.988572419E-2,-1.261716522E-2,-1.595903374E-2
3.671028167E0,3.858720139E-2,2.562380955E-2,-1.703573018E-2
3.691070167E0,2.833569609E-2,2.519444376E-2,-1.951216348E-2
3.711112167E0,3.163688630E-2,5.604992062E-2,-2.015795745E-2
3.731153167E0,2.885328792E-2,5.524253845E-2,-1.934407651E-2
3.751195167E0,1.769750565E-2,1.027008332E-2,-1.439260505E-2
3.771237167E0,1.874039881E-2,2.714972943E-4,-9.130361490E-3
3.791278167E0,1.364709809E-2,1.335742883E-2,-5.228523165E-3
3.811320167E0,9.138364345E-3,-1.088636927E-3,-1.416373998E-3
3.831362167E0,3.503254615E-3,4.243461881E-3,-3.159635700E-3
3.851403167E0,5.659752060E-3,2.114430070E-2,-3.645684803E-3
3.871445167E0,7.602394093E-3,1.520637795E-2,-4.381064326E-3
3.891487167E0,5.365465768E-3,-1.023907214E-3,-3.029018641E-3
3.911528167E0,1.070850343E-2,3.323009936E-3,-8.633987978E-3
3.931570167E0,1.282598171E-2,6.462063640E-3,-1.576023921E-2
3.951612167E0,1.918907464E-2,4.628491588E-3,-2.152981237E-2
3.971653167E0,2.731836960E-2,5.032731686E-3,-2.025661804E-2
3.991695167E0,2.186295204E-2,1.188125275E-2,-1.968053542E-2
4.011737167E0,1.818466559E-2,3.505568020E-4,-2.138346806E-2
4.031778167E0,1.867275313E-2,-1.344432961E-2,-2.483758144E-2
4.051820167E0,3.011781536E-2,1.236898918E-2,-2.244381234E-2
4.071862167E0,2.765872143E-2,3.735525161E-2,-2.976303548E-2
4.091903167E0,1.250020787E-2,-2.524191514E-3,-2.097784169E-2
4.111945167E0,1.382572111E-2,-3.721201792E-2,-9.661700577E-3
4.131987167E0,2.076526172E-2,5.717289634E-3,-5.554333329E-4
4.152028167E0,1.118393801E-2,9.080643766E-3,9.257323109E-5
4.172070167E0,5.699622445E-3,1.042265818E-2,8.897041902E-3
4.192112167E0,6.500851596E-4,4.241789691E-3,4.424974322E-3
4.212153167E0,-7.124175318E-5,-5.329550710E-3,6.975126453E-3
4.232195167E0,1.137363259E-2,2.593661100E-2,5.715528037E-3
4.252237167E0,1.072848798E-3,3.292193636E-2,-1.385062933E-4
4.272278167E0,-3.244403284E-3,1.067546941E-2,4.602020606E-3
4.292320167E0,2.332395175E-3,2.556911483E-2,3.311497625E-3
4.312362167E0,1.377014443E-2,3.597945347E-2,1.436320832E-3
4.332403167E0,-1.641372917E-3,-1.260029525E-2,-2.661050996E-3
4.352445167E0,-8.588759229E-3,-1.649622060E-2,-6.431126036E-3
4.372486167E0,-1.615618821E-3,-8.083084598E-3,-4.864688031E-3
4.392528167E0,1.961277565E-3,6.441043690E-3,-2.684121486E-3
4.412570167E0,9.800898843E-3,2.748587169E-2,1.839957666E-3
4.432610542E0,1.001054794E-2,2.796830051E-2,1.915074419E-3
4.452652542E0,2.505961107E-3,5.040158518E-3,5.370131694E-4
4.472694542E0,2.698038705E-3,2.393013239E-2,3.231852315E-5
4.492735542E0,-6.127002183E-3,2.792305313E-3,3.243402345E-3
4.512777542E0,-2.716507297E-4,4.692971706E-4,4.708464257E-3
4.532819542E0,9.514723206E-4,1.425434835E-3,7.586234249E-3
4.552860542E0,-3.154571168E-4,1.975766197E-2,4.332743119E-4
4.572902542E0,-5.884123035E-3,1.287901402E-2,3.194236662E-3
4.592944542E0,-2.772155916E-3,3.629449755E-2,-1.025235094E-2
4.612985542E0,-1.572370715E-2,3.173631057E-2,-1.372046210E-2
4.633027542E0,-2.611855417E-2,-4.149504472E-3,-1.538477466E-2
4.653069542E0,-4.420843907E-4,-5.744426697E-2,1.310383808E-2
4.673110542E0,2.809021994E-2,3.169409186E-2,3.166559385E-3
4.693152542E0,-5.801367573E-3,4.266571999E-2,-1.519403141E-2
4.713194542E0,-1.919886284E-2,-8.113802969E-2,-7.514866069E-3
4.733235542E0,3.163236380E-2,-2.866226248E-2,8.003861643E-3
4.753277542E0,7.622225210E-3,-2.562542073E-2,3.195744939E-4
4.773319542E0,-1.868767478E-2,-3.009152785E-2,-1.999872737E-3
4.793360542E0,-1.833932661E-2,9.466579184E-3,-8.808282204E-3
4.813402542E0,-1.866250671E-2,-3.281020746E-2,6.178314798E-4
4.833444542E0,-4.414462019E-3,-4.046213999E-2,3.071585204E-3
4.853485542E0,-9.881863371E-3,-5.242057890E-2,2.435829258E-3
4.873527542E0,6.481132470E-3,-2.068287879E-2,1.330781961E-3
4.893569542E0,4.556605127E-4,5.468332209E-3,-1.822225004E-2
4.913610542E0,-1.899519935E-2,-4.994808882E-2,-9.529322386E-3
4.933652542E0,1.345022768E-2,-1.074080355E-4,-7.135427557E-3
4.953694542E0,-7.691280916E-3,-3.001687862E-2,-9.195342660E-3
4.973735542E0,8.778035641E-3,-5.146342516E-2,1.276813797E-3
4.993777542E0,2.596933953E-2,-1.855588704E-2,3.725464456E-3
5.013819542E0,-7.501924876E-3,-3.146213666E-2,-5.633404478E-3
5.033860542E0,2.145434264E-3,-3.437763453E-2,2.488186583E-3
5.053902542E0,1.312002307E-3,-1.944645122E-2,-7.830923423E-4
5.073944542E0,-2.191575430E-2,-5.788471550E-2,4.453788511E-3
5.093985542E0,3.300578333E-3,-1.753533725E-3,2.019955404E-2
5.114027542E0,1.892235503E-2,1.855718717E-2,2.403699607E-2
5.134069542E0,-2.140449546E-2,-1.887573302E-2,9.662890807E-3
5.154110542E0,-2.889130451E-2,-7.183679938E-2,2.735345066E-2
5.174152542E0,-1.029166114E-2,-1.589090936E-2,2.618038282E-2
5.194194542E0,8.615384810E-3,3.151876479E-2,1.905388758E-2
5.214235542E0,-1.693936810E-2,-2.299594507E-2,9.720517322E-3
5.234277542E0,-2.705479600E-2,-5.036485568E-2,1.046355441E-2
5.254318542E0,-6.762499455E-3,-2.524898853E-3,1.068316866E-2
5.274360542E0,-1.741801016E-2,-5.715990439E-3,1.275482029E-2
5.294402542E0,-1.188076474E-2,-3.592688963E-2,-5.093193613E-4
5.314443542E0,-2.806159295E-2,1.478266902E-2,-1.224591117E-2
5.334485542E0,9.186504409E-3,5.858437344E-2,-4.607489705E-2
5.354527542E0,4.839549586E-2,1.516322792E-1,-3.067703731E-2
5.374568542E0,5.390656739E-2,1.963038892E-1,-4.289668053E-2
5.394610542E0,1.227144003E-1,1.256276071E-1,-7.633011043E-2
5.414652542E0,2.462298796E-2,8.609698713E-2,-1.603122056E-1
5.434694042E0,-2.637179196E-1,3.401425108E-2,-9.684882313E-2
5.454736042E0,-5.804659724E-1,-9.052775800E-2,-2.201039158E-2
5.474778042E0,-6.124927998E-1,3.096190095E-1,-1.511584371E-1
5.494819042E0,-3.751434088E-1,6.158037186E-1,-1.494200379E-1
5.514861042E0,-1.727340966E-1,2.326392233E-1,2.888165414E-2
5.534903042E0,9.113276377E-3,2.162038982E-1,4.231676087E-2
5.554944042E0,-6.573347747E-2,4.281660616E-1,-6.930549629E-3
5.574986042E0,-1.550836563E-1,3.934910297E-1,1.659642905E-2
5.595028042E0,5.908166058E-4,2.355682552E-1,4.612140357E-2
5.615069042E0,1.477025598E-1,1.102377661E-3,1.195168570E-1
5.635111042E0,1.377311647E-1,-2.716310918E-1,1.667393595E-1
5.655153042E0,8.874990791E-2,-5.119302869E-1,1.797577441E-1
5.675194042E0,1.351577491E-1,-6.653368473E-1,2.157547474E-1
5.695236042E0,1.950980425E-1,-7.385839820E-1,1.940161288E-1
5.715278042E0,1.510365158E-1,-7.714517713E-1,1.183080822E-1
5.735319042E0,8.808058500E-2,-7.219083309E-1,2.905631438E-2
5.755361042E0,1.264602691E-1,-4.534249902E-1,8.442855440E-3
5.775402042E0,2.285994887E-1,-4.816120118E-2,8.548718691E-2
5.795444042E0,3.936318457E-1,-3.348174691E-1,5.522195250E-2
5.815486042E0,4.612127542E-1,-6.038507819E-1,-2.025000006E-2
5.835527042E0,4.012481570E-1,-1.800459623E-1,-1.020724401E-1
5.855569042E0,3.733749688E-1,2.020660490E-1,-8.745032549E-2
5.875611042E0,3.627440631E-1,1.747666001E-1,1.014836133E-2
5.895652042E0,3.011781573E-1,1.453984082E-1,4.184373096E-2
5.915694042E0,2.778810859E-1,1.024317648E-2,8.956064470E-3
5.935736042E0,3.817502856E-1,-6.642043591E-2,-4.329988733E-2
5.955777042E0,4.304037988E-1,-1.973401159E-1,-1.013424769E-1
5.975819042E0,4.392378032E-1,-2.773184180E-1,-1.360440403E-1
5.995861042E0,4.568857849E-1,-2.474544048E-1,-1.788770556E-1
6.015902042E0,4.382508993E-1,-2.672735155E-1,-2.714128196E-1
6.035944042E0,4.362546206E-1,-1.827961504E-1,-3.314104080E-1
6.055986042E0,4.590024054E-1,-8.715748042E-2,-3.316360116E-1
6.076027042E0,4.250517488E-1,-8.377659321E-2,-2.849161029E-1
6.096069042E0,3.560769558E-1,-1.847344488E-1,-2.350585610E-1
6.116111042E0,2.798401713E-1,-3.572193384E-1,-1.844124496E-1
6.136152042E0,2.036547810E-1,-5.940867066E-1,-1.039568037E-1
6.156194042E0,9.972259402E-2,-8.257359266E-1,-1.177174505E-2
6.176236042E0,9.930582717E-3,-8.028460741E-1,8.029048331E-3
6.196277042E0,1.233855449E-2,-6.524737477E-1,-8.268970996E-3
6.216319042E0,8.460562676E-2,-5.977945328E-1,-7.634406537E-2
6.236361042E0,9.694964439E-2,-4.542216659E-1,-1.769990921E-1
6.256402042E0,6.678289175E-2,-3.655029088E-2,-1.944130659E-1
6.276444042E0,-1.138902232E-1,5.788279176E-1,6.454212591E-3
6.296485042E0,-7.597714663E-1,7.741016746E-1,4.437387288E-1
6.316527042E0,-1.448898792E0,2.640681267E-1,8.839351535E-1
6.336569042E0,-1.856092095E0,-5.146579742E-1,1.140248179E0
6.356610042E0,-2.266903162E0,-1.528582811E0,9.009041190E-1
6.376652042E0,-2.382020950E0,-1.322620988E0,1.718319654E-1
6.396694042E0,-2.052711487E0,-2.048652321E-1,-3.746998310E-1
6.416735042E0,-1.767965436E0,-1.813882828E0,8.637301326E-1
6.436776875E0,-1.430975914E0,-2.434506416E0,9.499760866E-1
6.456818875E0,-1.394245267E0,-1.498078823E0,7.634371519E-1
6.476859875E0,-1.231949568E0,-8.841518164E-1,9.806657434E-1
6.496901875E0,-9.372546673E-1,-4.466073215E-1,1.606729388E0
6.516943875E0,-1.054283977E0,1.173450649E-1,1.917872667E0
6.536984875E0,-1.292740107E0,9.831538796E-1,1.706338167E0
6.557026875E0,-1.823171735E0,1.761795759E0,1.435335994E0
6.577068875E0,-2.127953291E0,2.100783110E0,1.242540359E0
6.597109875E0,-1.972090364E0,2.510619640E0,1.001375198E0
6.617151875E0,-1.503311634E0,2.469339132E0,5.965935588E-1
6.637193875E0,-7.806690335E-1,2.015760183E0,2.840017676E-1
6.657234875E0,-8.262797445E-2,1.554659605E0,1.358244419E-1
6.677276875E0,3.183865547E-1,1.558753490E0,7.418687642E-2
6.697318875E0,4.152065814E-1,1.782817721E0,-1.134353131E-2
6.717359875E0,4.720528722E-1,1.992022276E0,-2.312593460E-1
6.737401875E0,6.916028857E-1,2.197339296E0,-5.443876982E-1
6.757442875E0,8.170122504E-1,2.232973576E0,-7.509898543E-1
6.777484875E0,3.780842423E-1,2.399919033E0,-7.439776063E-1
6.797526875E0,-2.608218789E-1,1.969380975E0,-5.426355600E-1
6.817567875E0,-5.693905950E-1,5.184614062E-1,2.887730673E-2
6.837609875E0,-5.919994116E-1,-2.724471092E-1,4.382704794E-1
6.857651875E0,-5.593707561E-1,-3.165646791E-1,8.226071596E-1
6.877692875E0,3.325340152E-1,-5.299437046E-1,6.734632254E-1
6.897734875E0,1.531690359E0,-1.225438789E-1,5.247846842E-1
6.917776875E0,4.189395905E-1,-2.100542068E0,7.402437925E-1
6.937817875E0,2.934944630E-1,-3.297667265E0,7.138703465E-1
6.957859875E0,1.271745682E0,-8.039400578E-1,3.234144747E-1
6.977901875E0,1.959552765E0,5.715266466E-1,-1.884862930E-1
6.997942875E0,2.208832026E0,1.983995549E-2,-5.191238523E-1
7.017984875E0,1.546189785E0,-3.551726043E-2,-7.651969790E-1
7.038026875E0,7.040662169E-1,2.652302384E-1,-8.578426242E-1
7.058067875E0,6.576156020E-1,-3.126834035E-1,-5.720562935E-1
7.078109875E0,1.691536784E0,5.656298622E-2,-2.272041738E-1
7.098151875E0,1.805838823E0,-4.416762292E-2,-7.735858113E-2
7.118192875E0,1.348067522E0,-3.311556876E-1,-1.094318330E-1
7.138234875E0,1.038140178E0,-2.723481357E-1,-2.394115925E-1
7.158276875E0,1.036559939E0,-2.176982164E-1,-3.695529997E-1
7.178317875E0,1.173195243E0,-4.708912671E-1,-4.248371720E-1
7.198359875E0,1.159918547E0,-4.887857735E-1,-3.975698352E-1
7.218400875E0,1.007090926E0,-3.966248631E-1,-3.405045569E-1
7.238442875E0,8.157151937E-1,-3.036681116E-1,-3.472909331E-1
7.258484875E0,7.715861797E-1,-2.977112532E-1,-4.617359340E-1
7.278525875E0,8.813881278E-1,-2.231481671E-1,-5.702086687E-1
7.298567875E0,1.011288643E0,-1.560505033E-1,-6.217286587E-1
7.318609875E0,1.078459620E0,-1.134150028E-1,-5.972113609E-1
7.338650875E0,1.075088263E0,-1.884200424E-1,-5.941309333E-1
7.358692875E0,9.894352555E-1,-2.084898055E-1,-6.354112029E-1
7.378734875E0,9.276561141E-1,-2.778655589E-1,-7.505574822E-1
7.398775875E0,8.380654454E-1,-3.756295741E-1,-8.302319050E-1
7.418817875E0,7.703164816E-1,-3.733655512E-1,-7.880858183E-1
7.438859625E0,6.454961300E-1,-2.934794724E-1,-6.894472241E-1
7.458900625E0,5.764124990E-1,-1.990404129E-1,-4.563552439E-1
7.478942625E0,6.583493948E-1,-2.409771234E-1,-1.813777238E-1
7.498984625E0,5.625789762E-1,-3.251325786E-1,6.429638248E-3
7.519025625E0,2.442875654E-1,-3.374176919E-1,1.425397843E-1
7.539067625E0,-3.878289461E-2,-2.149441838E-1,2.954043746E-1
7.559109625E0,-5.977078080E-1,4.624549765E-3,4.251914024E-1
7.579150625E0,-1.051860213E0,3.610157371E-1,6.729153991E-1
7.599192625E0,-1.514059663E0,3.406751454E-1,8.842653632E-1
7.619234625E0,-1.897224665E0,-1.922643036E-1,1.088459611E0
7.639275625E0,-2.259208441E0,-1.110564113E0,9.909718037E-1
7.659317625E0,-2.144420385E0,-1.942157149E0,1.038348794E0
7.679358625E0,-1.833211780E0,-2.419679642E0,1.214359879E0
7.699400625E0,-1.916959405E0,-2.261533022E0,6.591151953E-1
7.719442625E0,-1.769035101E0,-1.732263565E0,6.486691236E-1
7.739483625E0,-1.821066380E0,-1.355381966E0,7.529548407E-1
7.759525625E0,-2.037397385E0,-1.297670603E0,7.555253506E-1
7.779567625E0,-2.119398594E0,-6.772588491E-1,1.065816641E0
7.799608625E0,-1.858875871E0,-2.182816118E-1,1.330723166E0
7.819650625E0,-1.762836099E0,3.786437511E-1,1.303828001E0
7.839692625E0,-1.668405890E0,1.039727926E0,1.168308616E0
7.859733625E0,-1.685530543E0,1.545542836E0,1.157998919E0
7.879775625E0,-1.687466383E0,1.646744132E0,1.082858920E0
7.899817625E0,-1.439537168E0,1.637161970E0,8.980747461E-1
7.919858625E0,-1.017200589E0,1.610701323E0,6.422554851E-1
7.939900625E0,-3.975038230E-1,1.327430248E0,4.361089468E-1
7.959942625E0,2.151265591E-1,1.015535474E0,2.592318058E-1
7.979983625E0,5.664496422E-1,1.005466104E0,1.500029415E-1
8.000025625E0,7.199531794E-1,1.154029965E0,2.043224126E-2
8.020067625E0,7.826832533E-1,1.056379437E0,-1.315089017E-1
8.040108625E0,8.609724641E-1,1.183076382E0,-1.626481861E-1
8.060150625E0,9.707414508E-1,1.199394464E0,-1.234384850E-1
8.080192625E0,9.253614545E-1,1.396564603E0,-8.499452472E-2
8.100233625E0,6.457250714E-1,1.390076280E0,-2.155671269E-2
8.120275625E0,3.656718433E-1,5.390471220E-1,9.294905514E-2
8.140316625E0,3.887602687E-2,-2.635548413E-1,3.154114187E-1
8.160358625E0,1.840970069E-1,-4.297644496E-1,3.609989882E-1
8.180400625E0,8.360914588E-1,-4.734753966E-1,1.851047128E-1
8.200441625E0,1.477180243E0,-2.969020605E-1,2.345151082E-2
8.220483625E0,1.421315908E0,-2.826355994E-1,-2.762026191E-1
8.240525625E0,9.433040023E-1,-2.033169031E0,3.691556752E-1
8.260566625E0,1.893735290E0,1.304089278E-1,4.676546156E-1
8.280608625E0,9.685342908E-1,-1.916113645E-1,3.242756724E-1
8.300650625E0,-1.160611063E-1,-1.547099710E0,-3.198000193E-1
8.320691625E0,7.353355885E-1,-8.666779846E-2,-5.926313400E-1
8.340733625E0,6.507582068E-1,3.408388495E-1,-7.145434618E-1
8.360775625E0,4.974594414E-1,-2.327267528E-1,-6.278881431E-1
8.380816625E0,1.223972678E0,-3.543845415E-1,-4.598040879E-1
8.400858625E0,1.443997264E0,-6.940568984E-2,-4.400007129E-1
8.420900625E0,9.649881721E-1,-4.397708178E-1,-4.110940993E-1
8.440941750E0,8.173072934E-1,-3.640457392E-1,-5.070523024E-1
8.460983750E0,9.127334356E-1,2.907571197E-1,-5.872765779E-1
8.481025750E0,7.541664243E-1,2.755131423E-1,-6.012606621E-1
8.501066750E0,7.108301520E-1,1.390673816E-1,-5.562628508E-1
8.521108750E0,9.045330882E-1,-1.112321690E-1,-4.474277794E-1
8.541149750E0,9.265472293E-1,-2.252036184E-1,-4.830158949E-1
8.561191750E0,8.638544679E-1,-2.370235175E-1,-5.583693981E-1
8.581233750E0,7.944695354E-1,-1.710779816E-1,-6.569390297E-1
8.601274750E0,7.689707875E-1,-1.700801253E-1,-6.947395802E-1
8.621316750E0,7.617551088E-1,-2.275975943E-1,-6.682116389E-1
8.641358750E0,7.109950185E-1,-2.837786973E-1,-5.811617374E-1
8.661399750E0,6.919423938E-1,-2.215660065E-1,-5.010923743E-1
8.681441750E0,5.294930339E-1,-2.542781532E-1,-5.072882175E-1
8.701483750E0,1.772649288E-1,-3.369567990E-1,-5.199475884E-1
8.721524750E0,5.372613668E-2,-1.652132124E-1,-4.894371927E-1
8.741566750E0,1.370246112E-1,7.898733020E-3,-4.145420790E-1
8.761608750E0,3.473468423E-1,-8.972905576E-2,-2.213606089E-1
8.781649750E0,3.242637813E-1,-2.695721984E-1,1.328776032E-2
8.801691750E0,-1.580154151E-1,1.247927547E-3,3.016971350E-1
8.821733750E0,-7.693775892E-1,3.868830204E-1,5.708098412E-1
8.841774750E0,-1.355113745E0,4.240109026E-1,9.810181260E-1
8.861816750E0,-1.789534092E0,2.281270325E-1,1.443419337E0
8.881858750E0,-2.177492380E0,-6.913004518E-1,1.644085765E0
8.901899750E0,-2.335237741E0,-1.671020150E0,1.198741555E0
8.921941750E0,-1.686832309E0,-1.892653704E0,1.177497983E0
8.941983750E0,-1.344435453E0,-2.465642214E0,7.541884184E-1
8.962024750E0,-1.426827431E0,-2.282928705E0,6.249551773E-1
8.982066750E0,-1.476178288E0,-9.016702771E-1,7.425062060E-1
9.002107750E0,-1.758134127E0,-1.791440398E-1,1.129805326E0
9.022149750E0,-1.789263844E0,-3.840370774E-1,1.347383976E0
9.042191750E0,-1.623558521E0,-2.398365438E-1,1.278400779E0
9.062232750E0,-1.740183473E0,8.702532649E-1,1.192913413E0
9.082274750E0,-1.992672563E0,1.882614851E0,9.792383313E-1
9.102316750E0,-2.020322561E0,1.903230190E0,7.677414417E-1
9.122357750E0,-1.687001467E0,1.618134618E0,6.258659363E-1
9.142399750E0,-1.179029346E0,1.502626896E0,5.039869547E-1
9.162441750E0,-6.322936416E-1,1.305700779E0,3.270400167E-1
9.182482750E0,-1.535169333E-1,1.080950260E0,2.333109379E-1
9.202524750E0,3.718450367E-1,9.434140921E-1,1.248940825E-1
9.222566750E0,7.612462640E-1,9.893580079E-1,1.876719482E-2
9.242607750E0,9.618535638E-1,9.980109930E-1,-8.729840070E-2
9.262649750E0,1.051937461E0,8.258317113E-1,-2.767713964E-1
9.282691750E0,1.217816710E0,8.997452259E-1,-4.872972965E-1
9.302732750E0,1.514912605E0,1.107104540E0,-6.376651525E-1
9.322774750E0,1.504577875E0,1.405767560E0,-6.945090294E-1
9.342816750E0,1.048759699E0,1.741281390E0,-5.747244358E-1
9.362857750E0,3.512145281E-1,1.276446104E0,-2.996372879E-1
9.382899750E0,-2.094362527E-1,6.575973034E-1,1.576567739E-1
9.402940750E0,-2.821840346E-1,-2.257654220E-1,3.788196445E-1
9.422985250E0,-1.324674338E-1,-7.319087982E-1,4.326047599E-1
9.443027250E0,3.902379870E-1,-4.303949177E-1,4.099783301E-1
9.463068250E0,1.220080614E0,4.489126205E-1,3.201045692E-1
9.483110250E0,5.588743091E-1,-2.846575975E-1,6.250139475E-1
9.503152250E0,9.543686509E-1,-1.208838582E0,8.759155273E-1
9.523193250E0,1.750663042E0,-1.647832155E0,6.917662621E-1
9.543235250E0,8.911581039E-1,-2.235901594E0,-1.569841504E-1
9.563277250E0,9.292900562E-1,-6.152923703E-1,-7.962862253E-1
9.583318250E0,1.268020034E0,5.039780140E-1,-8.387182355E-1
9.603360250E0,1.036826372E0,6.318915486E-1,-8.408561945E-1
9.623402250E0,4.411033094E-1,-3.110046387E-1,-5.906525850E-1
9.643443250E0,1.025658727E0,-4.445611238E-1,-2.819685042E-1
9.663485250E0,1.544240832E0,-2.828515470E-1,-2.439454347E-1
9.683527250E0,1.318197489E0,-7.130083442E-1,-3.216970563E-1
9.703568250E0,1.040571451E0,-8.692733049E-1,-4.520197809E-1
9.723610250E0,9.807118177E-1,-1.875723451E-1,-5.751729012E-1
9.743652250E0,8.393454552E-1,1.525977254E-2,-6.508972049E-1
9.763693250E0,8.863514066E-1,-3.793610930E-1,-5.096301436E-1
9.783735250E0,8.955439329E-1,-5.524109602E-1,-4.118828773E-1
9.803777250E0,7.884608507E-1,-4.235129654E-1,-3.484089673E-1
9.823818250E0,6.172153354E-1,-3.546086848E-1,-3.549260497E-1
9.843860250E0,4.952315390E-1,-4.430707097E-1,-3.928450346E-1
9.863902250E0,5.011026859E-1,-3.502880931E-1,-4.774603844E-1
9.883943250E0,6.262723207E-1,-1.564546674E-1,-4.978841543E-1
9.903985250E0,7.188243866E-1,-7.098190486E-2,-4.800892472E-1
9.924027250E0,8.230363131E-1,3.377154469E-2,-4.659160078E-1
9.944068250E0,9.460424781E-1,1.222321540E-1,-4.987229705E-1
9.964110250E0,9.330731034E-1,9.115932137E-2,-5.516277552E-1
9.984152250E0,7.330483794E-1,3.454262391E-2,-6.082209945E-1
1.000419325E1,4.329588115E-1,-3.862423077E-2,-6.405510902E-1
1.002423525E1,1.695908904E-1,-8.103857934E-2,-5.759490132E-1
1.004427625E1,1.191835105E-1,6.699666847E-3,-2.756402194E-1
1.006431825E1,-6.155052036E-2,-1.588312984E-1,6.616082788E-2
1.008436025E1,-4.900929928E-1,-2.475588173E-1,3.721992671E-1
1.010440125E1,-1.077475548E0,1.795962267E-2,6.431961656E-1
1.012444325E1,-1.729387879E0,1.922503114E-1,9.447647333E-1
1.014448525E1,-2.090365648E0,-1.776538491E-1,1.316132307E0
1.016452625E1,-2.376345158E0,-1.362550497E0,1.325091481E0
1.018456825E1,-2.160971165E0,-2.269938469E0,1.172214389E0
1.020461025E1,-1.505706549E0,-2.354064226E0,1.237107873E0
1.022465125E1,-1.269579887E0,-1.926582694E0,7.227992415E-1
1.024469325E1,-1.491343021E0,-1.163950801E0,6.146209836E-1
1.026473525E1,-1.779955268E0,-9.227259755E-1,7.574288249E-1
1.028477625E1,-1.943655014E0,-1.678124070E0,1.045611978E0
1.030481825E1,-1.480313778E0,-1.851591229E0,1.149130583E0
1.032486025E1,-1.247200966E0,-1.910515726E-1,1.261407971E0
1.034490125E1,-1.722118855E0,1.228421330E0,1.135856271E0
1.036494325E1,-2.309804916E0,2.147614479E0,8.630756736E-1
1.038498525E1,-2.272318840E0,1.937275171E0,6.800184846E-1
1.040502625E1,-1.571604490E0,1.507100940E0,7.098419070E-1
1.042506579E1,-8.887019157E-1,1.423653483E0,6.894612312E-1
1.044510779E1,-4.309922755E-1,1.321067452E0,5.428875089E-1
1.046514879E1,-4.578905553E-2,1.200279117E0,3.739232421E-1
1.048519079E1,3.620893061E-1,1.122823358E0,1.805368215E-1
1.050523279E1,7.297565937E-1,1.099978685E0,7.289316040E-3
1.052527379E1,9.171200991E-1,9.496365786E-1,-1.996978819E-1
1.054531579E1,1.080759287E0,9.114106894E-1,-4.466428459E-1
1.056535779E1,1.243195057E0,1.023384452E0,-6.220197082E-1
1.058539879E1,1.200831652E0,1.233631372E0,-6.048263907E-1
1.060544079E1,8.484522104E-1,1.799150705E0,-4.552579820E-1
1.062548279E1,4.842306077E-1,1.455194473E0,-1.658417732E-1
1.064552379E1,1.062125117E-1,6.968144774E-1,3.720901012E-1
1.066556579E1,1.846181899E-1,-1.531272382E-1,6.939818263E-1
1.068560779E1,5.034635663E-1,-4.532793164E-1,7.022514939E-1
1.070564879E1,1.231657028E0,5.862968042E-2,5.480996966E-1
1.072569079E1,1.620631456E0,5.741645694E-1,4.231165051E-1
1.074573179E1,7.075311989E-2,-1.003256083E0,7.098216414E-1
1.076577379E1,1.141291857E0,-6.454333067E-1,4.148890078E-1
1.078581579E1,1.351804733E0,-1.201224327E0,-2.289706618E-1
1.080585679E1,7.888510227E-1,-9.187186360E-1,-8.218524456E-1
1.082589879E1,1.195916176E0,1.192626506E-1,-7.965686917E-1
1.084594079E1,1.446552515E0,8.825622797E-1,-6.642162204E-1
1.086598179E1,1.053687811E0,2.986175418E-1,-4.573061466E-1
1.088602379E1,7.126588821E-1,-3.700684011E-1,-3.499526381E-1
1.090606579E1,1.034492731E0,-1.966991276E-1,-3.434817195E-1
1.092610679E1,1.093968391E0,-1.878297888E-2,-5.030048490E-1
1.094614879E1,6.914222240E-1,3.429427743E-2,-7.484226823E-1
1.096619079E1,6.966771483E-1,5.825772882E-2,-6.948457360E-1
1.098623179E1,8.157809973E-1,2.829868719E-2,-5.259122849E-1
1.100627379E1,8.697490692E-1,-3.658016622E-1,-3.761772811E-1
1.102631579E1,7.413228750E-1,-4.181984663E-1,-2.947542965E-1
1.104635679E1,6.812650561E-1,-8.209770918E-2,-3.198563457E-1
1.106639879E1,6.348500252E-1,1.410116702E-1,-4.271266758E-1
1.108644079E1,6.001279950E-1,-6.827754900E-3,-4.646845162E-1
1.110648179E1,5.563244820E-1,-2.105882764E-1,-4.493910074E-1
1.112652379E1,5.618832707E-1,-2.927454710E-1,-4.531887770E-1
1.114656579E1,6.243494153E-1,-3.458708823E-1,-4.948116243E-1
1.116660679E1,6.870073676E-1,-2.316537946E-1,-5.250274539E-1
1.118664879E1,7.136475444E-1,-1.895610243E-1,-4.897115231E-1
1.120669079E1,5.685057044E-1,-2.425511330E-1,-4.831473827E-1
1.122673179E1,3.156626821E-1,-1.228920296E-1,-5.215494633E-1
1.124677379E1,2.689372003E-1,-3.509976715E-2,-5.477190614E-1
1.126681579E1,1.462552696E-1,9.936202317E-2,-4.671516418E-1
1.128685679E1,1.655526757E-1,8.673427254E-2,-2.989245653E-1
1.130689879E1,1.282791495E-1,-2.541857958E-1,-4.617833346E-2
1.132694079E1,-1.881658435E-1,-3.989201784E-1,3.550084233E-1
1.134698179E1,-7.916263938E-1,-4.393952489E-1,6.117045283E-1
1.136702379E1,-1.618327975E0,-4.703216851E-1,8.196124434E-1
1.138706579E1,-1.989037871E0,-4.656907320E-1,1.130444288E0
1.140710679E1,-2.503795147E0,-1.547087789E0,1.402231574E0
1.142715188E1,-2.277889490E0,-2.113665581E0,1.205703497E0
1.144719387E1,-1.619654417E0,-1.821323872E0,1.091915369E0
1.146723488E1,-1.422128677E0,-2.587640047E0,9.661676884E-1
1.148727687E1,-1.573529959E0,-2.803952932E0,7.280071378E-1
1.150731888E1,-1.593284011E0,-1.681990385E0,8.595187664E-1
1.152735987E1,-1.461599350E0,-1.088378549E0,1.044103265E0
1.154740188E1,-1.142102003E0,-8.581975102E-1,1.365787029E0
1.156744387E1,-1.124057889E0,-3.454374671E-1,1.396652341E0
1.158748488E1,-1.511767030E0,6.166223884E-1,1.324338198E0
1.160752687E1,-1.793538809E0,1.558706164E0,1.113252521E0
1.162756888E1,-1.845630646E0,1.839362264E0,8.545948267E-1
1.164760987E1,-1.519914627E0,1.551521540E0,7.386749387E-1
1.166765188E1,-9.847682714E-1,1.382639885E0,6.292666793E-1
1.168769387E1,-5.181698799E-1,1.426649928E0,3.855828345E-1
1.170773488E1,-1.130679622E-1,1.330090642E0,2.068092823E-1
1.172777687E1,3.461542130E-1,1.245183229E0,9.376213700E-2
1.174781888E1,7.232404947E-1,1.269855976E0,-9.796418250E-3
1.176785987E1,9.484427571E-1,1.246285915E0,-1.923838258E-1
1.178790188E1,1.067937732E0,9.289857149E-1,-4.004980028E-1
1.180794387E1,1.167090774E0,8.515356183E-1,-6.281750202E-1
1.182798488E1,1.267143250E0,1.167113900E0,-7.583204508E-1
1.184802687E1,1.084486127E0,1.621606231E0,-6.613254547E-1
1.186806888E1,5.657245517E-1,1.813361883E0,-5.029636621E-1
1.188810987E1,-1.457296312E-1,1.017764807E0,-1.100643072E-3
1.190815188E1,-3.524307311E-1,-2.526526451E-1,6.307325959E-1
1.192819387E1,-4.439210147E-2,-1.279712796E0,9.906488061E-1
1.194823488E1,6.363608837E-1,-9.546819329E-1,6.614825726E-1
1.196827687E1,1.280099630E0,1.624666899E-1,2.498107404E-1
1.198831888E1,4.512968063E-1,-5.458576083E-1,5.357760191E-1
1.200835987E1,1.099586606E0,-2.982949317E-1,1.119321942E0
1.202840188E1,7.379117012E-1,-1.954765320E0,3.712473214E-1
1.204844387E1,4.719696045E-1,-1.092096448E0,-6.603384018E-1
1.206848488E1,9.382338524E-1,1.693488359E-1,-1.082904220E0
1.208852687E1,9.617282152E-1,4.081793725E-1,-1.035540462E0
1.210856888E1,8.973901868E-1,4.184205830E-1,-7.315055132E-1
1.212860987E1,1.084618568E0,2.180860192E-1,-4.051640034E-1
1.214865188E1,1.395316482E0,-3.805085421E-1,-3.432610631E-1
1.216869387E1,1.586435080E0,-6.319345832E-1,-4.102078676E-1
1.218873488E1,1.384964585E0,-4.776231647E-1,-6.023116708E-1
1.220877687E1,1.052929282E0,-7.109814137E-2,-7.828673720E-1
1.222881888E1,7.988892794E-1,-8.438704163E-2,-8.908331394E-1
1.224885987E1,1.003351688E0,-3.575130701E-1,-7.156584859E-1
1.226890188E1,1.074689984E0,-5.427954197E-1,-5.259724259E-1
1.228894387E1,7.432988882E-1,-5.117955208E-1,-4.073926806E-1
1.230898488E1,5.181423426E-1,-3.731661737E-1,-4.054261744E-1
1.232902687E1,5.810802579E-1,-2.520689368E-1,-4.143397212E-1
1.234906888E1,7.080697417E-1,-3.275643587E-1,-4.310399294E-1
1.236910987E1,8.333489299E-1,-2.811218500E-1,-4.487872720E-1
1.238915188E1,8.508677483E-1,-1.811349094E-1,-4.476208985E-1
1.240919387E1,8.680930138E-1,-1.262014061E-1,-4.919046164E-1
1.242923092E1,9.576424956E-1,-4.660455510E-2,-5.748880506E-1
1.244927292E1,8.788056374E-1,-2.313426584E-1,-6.135842204E-1
1.246931492E1,5.638933778E-1,-4.784084857E-1,-5.549719334E-1
1.248935592E1,2.790081501E-1,-4.198903143E-1,-4.413287044E-1
1.250939792E1,1.161801745E-3,-1.683192700E-1,-2.614020109E-1
1.252943992E1,3.295694664E-2,-1.818744391E-1,2.521028183E-2
1.254948092E1,2.056499198E-2,-3.044677377E-1,2.765477896E-1
1.256952292E1,-2.900112569E-1,-3.164180517E-1,3.216852248E-1
1.258956492E1,-9.400472641E-1,-5.319683552E-1,1.911633313E-1
1.260960592E1,-1.616265178E0,-2.195664048E-1,2.614898086E-1
1.262964792E1,-2.342855215E0,-7.329027355E-2,5.994397402E-1
1.264968992E1,-2.311812401E0,3.253819048E-1,1.102490306E0
1.266973092E1,-2.041380644E0,3.264454603E-1,1.242163539E0
1.268977292E1,-1.957127929E0,-9.514609575E-1,1.200572252E0
1.270981492E1,-1.800494671E0,-1.982733607E0,1.203152061E0
1.272985592E1,-1.540427208E0,-2.049388885E0,9.565848708E-1
1.274989792E1,-1.401835084E0,-1.401827574E0,7.471601963E-1
1.276993992E1,-1.668848515E0,-1.184703112E0,8.842718601E-1
1.278998092E1,-1.878611803E0,-9.682633877E-1,1.125475168E0
1.281002292E1,-1.836032987E0,-4.588516429E-3,1.178457737E0
1.283006492E1,-2.069752216E0,1.213138819E0,1.267290711E0
1.285010592E1,-2.173349857E0,1.912785292E0,1.167036057E0
1.287014792E1,-1.995463967E0,1.997008085E0,1.003447175E0
1.289018992E1,-1.550204515E0,1.716300368E0,9.607807398E-1
1.291023092E1,-1.065764070E0,1.498800993E0,9.498645067E-1
1.293027292E1,-6.056165099E-1,1.322019458E0,8.033012748E-1
1.295031492E1,-2.164147943E-1,1.142868519E0,5.437951684E-1
1.297035592E1,2.766076326E-1,1.015222907E0,3.094019890E-1
1.299039792E1,7.153581977E-1,1.007393360E0,8.909460157E-2
1.301043992E1,1.041193843E0,9.298318624E-1,-9.314410388E-2
1.303048092E1,1.208339214E0,8.036939502E-1,-3.406701982E-1
1.305052292E1,1.377879024E0,7.726067305E-1,-5.908133984E-1
1.307056492E1,1.586445332E0,7.281991243E-1,-8.091679215E-1
1.309060592E1,1.408837318E0,8.376991153E-1,-8.157170415E-1
1.311064792E1,8.467807174E-1,1.371374011E0,-5.605146885E-1
1.313068992E1,1.306423694E-1,1.277699590E0,-3.291615844E-2
1.315073092E1,-1.808688492E-1,5.344009995E-1,4.939302802E-1
1.317077292E1,-8.389303088E-2,-3.480483592E-1,6.483799219E-1
1.319081492E1,1.533974148E-2,-6.653062105E-1,5.957174301E-1
1.321085592E1,5.238835812E-1,-7.465203404E-1,4.356469512E-1
1.323089792E1,1.099886775E0,1.101604700E-1,3.840467930E-1
1.325093992E1,1.261314631E0,9.247905612E-1,3.015486896E-1
1.327098092E1,1.928521991E-1,-7.604527473E-1,6.875711083E-1
1.329102292E1,1.081322908E0,-1.132337928E0,7.825425267E-1
1.331106492E1,9.720852971E-1,-1.345593214E0,4.005014002E-1
1.333110592E1,1.897058189E-1,-1.312779665E0,-3.150593340E-1
1.335114792E1,7.664407492E-1,-3.205829561E-1,-9.905697703E-1
1.337118992E1,1.385855913E0,1.080664039E0,-1.018822551E0
1.339123092E1,1.153451681E0,7.792428136E-1,-7.757356763E-1
1.341127292E1,6.578613520E-1,-1.084315538E0,-3.508706093E-1
1.343131567E1,1.218222022E0,-8.455407023E-1,-2.735391259E-1
1.345135667E1,1.464304686E0,-4.446810484E-1,-3.658100963E-1
1.347139867E1,1.191776633E0,-8.608017117E-2,-4.725198746E-1
1.349144067E1,8.871070147E-1,2.521769106E-1,-6.277400851E-1
1.351148167E1,9.306212664E-1,3.574497998E-2,-7.519269586E-1
1.353152367E1,1.076938391E0,-1.634934694E-1,-6.917839646E-1
1.355156567E1,1.042328715E0,-2.584375441E-1,-5.707482696E-1
1.357160667E1,9.101357460E-1,-3.092838526E-1,-4.782852530E-1
1.359164867E1,8.261048794E-1,-3.446417749E-1,-4.982234836E-1
1.361169067E1,7.947031856E-1,-1.939473897E-1,-5.722250938E-1
1.363173167E1,7.855578661E-1,-2.295142114E-1,-6.419860721E-1
1.365177367E1,7.863614559E-1,-2.464154810E-1,-6.904938221E-1
1.367181567E1,8.136741519E-1,-2.074535787E-1,-6.486581564E-1
1.369185667E1,8.858090043E-1,-1.336179227E-1,-6.271795034E-1
1.371189867E1,9.082291126E-1,-2.528290078E-2,-6.391077042E-1
1.373194067E1,8.022961020E-1,-1.143743247E-1,-5.956836343E-1
1.375198167E1,6.148630381E-1,-2.356066704E-1,-5.069802403E-1
1.377202367E1,3.265520334E-1,-2.610745728E-1,-3.875769973E-1
1.379206567E1,2.942287549E-2,-2.645795643E-1,-2.183709890E-1
1.381210767E1,6.934172660E-2,-4.126214385E-1,3.227302060E-2
1.383214867E1,-4.765280336E-2,-7.552627325E-1,2.494926900E-1
1.385219067E1,-5.178244710E-1,-7.484548688E-1,3.418753147E-1
1.387223167E1,-1.011054516E0,-4.828159809E-1,3.805431128E-1
1.389227367E1,-1.613743067E0,-3.343874216E-1,5.597380400E-1
1.391231567E1,-2.328345537E0,-1.612948924E-1,1.091377020E0
1.393235767E1,-2.351464510E0,-4.490122199E-1,1.671439767E0
1.395239867E1,-2.307977438E0,-1.662022710E0,1.756685615E0
1.397244067E1,-1.998950720E0,-2.016448736E0,1.358695984E0
1.399248267E1,-1.618536592E0,-1.748941064E0,1.185572386E0
1.401252367E1,-1.532538533E0,-1.456205487E0,8.748700619E-1
1.403256567E1,-1.443930507E0,-1.291818619E0,7.589145303E-1
1.405260767E1,-1.574197412E0,-1.813012362E0,1.021726370E0
1.407264867E1,-1.417794704E0,-1.866508245E0,1.249010682E0
1.409269067E1,-1.385750532E0,-6.153602600E-1,1.415087104E0
1.411273267E1,-1.870834708E0,1.013251901E0,1.380729795E0
1.413277367E1,-2.256329775E0,2.157514572E0,1.112079024E0
1.415281567E1,-2.224735498E0,2.314771414E0,7.747142911E-1
1.417285767E1,-1.641765833E0,1.872694492E0,7.057912946E-1
1.419289867E1,-9.524406791E-1,1.546640754E0,6.709716916E-1
1.421294067E1,-3.783089519E-1,1.447628617E0,5.497488976E-1
1.423298267E1,1.879205108E-1,1.281697154E0,3.130967021E-1
1.425302367E1,7.295131683E-1,1.163610578E0,1.371712834E-1
1.427306567E1,1.058099270E0,1.008769155E0,-6.914695352E-2
1.429310767E1,1.242748976E0,8.219856620E-1,-2.558735609E-1
1.431314867E1,1.392347097E0,8.756777644E-1,-5.453457832E-1
1.433319067E1,1.689584374E0,1.128400326E0,-7.773483992E-1
1.435323267E1,1.701030374E0,1.186408639E0,-7.880051136E-1
1.437327367E1,9.767890573E-1,1.593416929E0,-5.192210078E-1
1.439331567E1,4.534054399E-1,1.268161893E0,-1.488405615E-1
1.441335767E1,1.995627210E-2,6.646454334E-1,4.198699296E-1
1.443340179E1,-1.645509899E-1,5.592949986E-1,6.930559278E-1
1.445344379E1,-2.459394485E-1,1.413980573E-1,6.629741192E-1
1.447348579E1,3.701021671E-1,-2.533128262E-1,4.841384590E-1
1.449352679E1,9.108034372E-1,1.227249950E-2,8.248131722E-2
1.451356879E1,9.264566302E-1,9.834638238E-1,-3.892285526E-1
1.453361079E1,-2.271529734E-1,3.502005339E-1,-2.094796896E-1
1.455365279E1,6.034183502E-1,-1.643737257E-1,4.071699381E-1
1.457369379E1,1.340002179E0,-4.004319608E-1,1.786964685E-1
1.459373579E1,4.399116039E-1,-1.619734883E0,-2.424008995E-1
1.461377779E1,2.380637676E-1,-1.107190490E0,-7.207908630E-1
1.463381879E1,8.835840225E-1,3.481812179E-1,-7.279799581E-1
1.465386079E1,9.232078791E-1,8.502074480E-1,-4.175142348E-1
1.467390279E1,7.860081792E-1,-2.154415846E-1,-8.237218857E-2
1.469394379E1,7.978224158E-1,-1.012377620E0,-3.927794099E-2
1.471398579E1,8.775895238E-1,-7.432813048E-1,-1.980204135E-2
1.473402779E1,7.141824961E-1,-2.884446383E-1,-1.825338155E-1
1.475406879E1,6.203948259E-1,-3.483602107E-1,-3.649552166E-1
1.477411079E1,9.145751595E-1,-5.648532510E-1,-4.166235328E-1
1.479415279E1,1.135369062E0,-6.082342863E-1,-3.341866136E-1
1.481419379E1,1.061699748E0,-6.985598207E-1,-2.486568987E-1
1.483423579E1,9.157400131E-1,-7.400289774E-1,-2.400976419E-1
1.485427779E1,7.277359962E-1,-6.807659268E-1,-2.877510786E-1
1.487431879E1,6.298151016E-1,-6.142290831E-1,-3.295013011E-1
1.489436079E1,6.221992970E-1,-5.190154910E-1,-3.460949957E-1
1.491440279E1,6.392285228E-1,-3.941390216E-1,-3.550642133E-1
1.493444379E1,6.936297417E-1,-3.453325331E-1,-3.821158111E-1
1.495448579E1,7.716328502E-1,-3.031775355E-1,-4.339525104E-1
1.497452779E1,8.131430149E-1,-1.509814560E-1,-5.047952533E-1
1.499456879E1,7.337450385E-1,-1.648837775E-1,-6.058446765E-1
1.501461079E1,5.783402324E-1,-2.388967425E-1,-6.437756419E-1
1.503465279E1,4.638507068E-1,-1.449441612E-1,-6.345471740E-1
1.505469479E1,3.121651709E-1,-9.800633043E-2,-5.758822560E-1
1.507473579E1,2.142734230E-1,-1.147125736E-1,-4.141021371E-1
1.509477779E1,1.748578399E-1,-4.970905930E-2,-1.678879410E-1
1.511481979E1,4.596742615E-2,-9.976020455E-2,3.475988284E-2
1.513486079E1,-3.201233447E-1,-2.455366850E-1,2.360856682E-1
1.515490279E1,-9.600644112E-1,-3.407718837E-1,4.126134217E-1
1.517494479E1,-1.631346345E0,-3.240616247E-2,6.578218341E-1
1.519498579E1,-2.237233877E0,-2.487395853E-1,1.072233915E0
1.521502779E1,-2.435039997E0,-5.763746500E-1,1.302117825E0
1.523506979E1,-2.302671909E0,-1.058462143E0,1.150746703E0
1.525511079E1,-1.593486786E0,-2.117953062E0,1.052750468E0
1.527515279E1,-1.054074407E0,-2.883255482E0,1.010874629E0
1.529519479E1,-1.195402145E0,-2.170325041E0,8.537278175E-1
1.531523579E1,-1.222895265E0,-1.431417346E0,1.172464728E0
1.533527779E1,-1.152952909E0,-1.012925982E0,1.454924822E0
1.535531979E1,-1.257423520E0,-8.566846848E-1,1.432383299E0
1.537536079E1,-1.524402261E0,4.825239480E-1,1.234431744E0
1.539540279E1,-1.939154983E0,1.512468100E0,1.207010984E0
1.541544479E1,-1.908950210E0,1.684448242E0,1.068625331E0
1.543548400E1,-1.738846660E0,1.655465364E0,9.083234072E-1
1.545552500E1,-1.599713683E0,1.689575672E0,7.698159218E-1
1.547556700E1,-1.302202225E0,1.795178771E0,5.103721619E-1
1.549560900E1,-7.339369655E-1,1.576100349E0,2.194194943E-1
1.551565000E1,-1.103895530E-1,1.221164346E0,-4.350528121E-2
1.553569200E1,4.123410881E-1,9.298557639E-1,-2.017356306E-1
1.555573400E1,8.193376660E-1,1.016747713E0,-3.450843096E-1
1.557577500E1,1.052667737E0,1.091948628E0,-5.327769518E-1
1.559581700E1,1.305127621E0,8.171533942E-1,-6.722410917E-1
1.561585900E1,1.504483700E0,8.340925574E-1,-9.016090035E-1
1.563590000E1,1.584764957E0,1.098549247E0,-1.035563111E0
1.565594200E1,1.211032987E0,1.501796722E0,-7.607008219E-1
1.567598400E1,5.161584020E-1,1.492058277E0,-3.093302548E-1
1.569602500E1,2.315033600E-2,5.839499235E-1,3.381200135E-1
1.571606700E1,-2.046077996E-1,-2.094696164E-1,6.109035611E-1
1.573610900E1,-1.591078788E-1,-6.005740762E-1,7.574266791E-1
1.575615100E1,6.678813100E-1,-6.489668489E-1,7.504019737E-1
1.577619200E1,1.548233867E0,5.554704741E-2,5.809069872E-1
1.579623400E1,1.915144444E0,9.886313081E-1,3.020913005E-1
1.581627600E1,1.099127978E-1,-3.143112659E-1,-1.824286580E-1
1.583631700E1,6.718419790E-1,-3.932231963E-1,2.149302959E-1
1.585635900E1,1.378025651E0,-3.982894123E-1,2.191988081E-1
1.587640100E1,1.394819319E-1,-1.769937754E0,-2.947491109E-1
1.589644200E1,2.786413431E-1,-6.957134604E-1,-6.386382580E-1
1.591648400E1,9.665806293E-1,7.215365767E-1,-6.422995329E-1
1.593652600E1,7.810322642E-1,1.367917061E0,-3.891369998E-1
1.595656700E1,3.609530926E-1,2.715123259E-2,-1.156302169E-1
1.597660900E1,6.639175415E-1,-8.132905960E-1,-8.249223977E-2
1.599665100E1,1.314431667E0,-3.354439139E-1,-5.900994316E-2
1.601669300E1,1.081349850E0,-1.540814191E-1,-1.794457287E-1
1.603673400E1,7.459122539E-1,-4.271940291E-1,-3.935034871E-1
1.605677600E1,8.375523090E-1,-3.038953841E-1,-5.480531454E-1
1.607681800E1,9.509263039E-1,1.080721319E-1,-5.054550171E-1
1.609685900E1,9.708547592E-1,6.773650646E-2,-4.360135496E-1
1.611690100E1,9.487571120E-1,-3.171235323E-1,-3.104032576E-1
1.613694300E1,8.984636664E-1,-3.386078179E-1,-3.185255527E-1
1.615698400E1,7.967835069E-1,-2.217357159E-1,-4.099836946E-1
1.617702600E1,6.763286591E-1,-3.136795759E-1,-5.145491958E-1
1.619706800E1,6.572775841E-1,-4.149898589E-1,-5.722196102E-1
1.621711000E1,6.944774985E-1,-4.183495343E-1,-6.131659746E-1
1.623715100E1,7.707789540E-1,-3.631163836E-1,-6.381898522E-1
1.625719300E1,8.607982993E-1,-2.578383386E-1,-6.874381900E-1
1.627723500E1,8.932201266E-1,-1.674312353E-1,-6.840472817E-1
1.629727600E1,8.342355490E-1,-2.122156918E-1,-6.100413799E-1
1.631731800E1,6.034682989E-1,-2.726017237E-1,-5.530231595E-1
1.633736000E1,2.961396575E-1,-3.679496944E-1,-4.492760301E-1
1.635740100E1,1.953410208E-1,-1.918113232E-1,-2.836717367E-1
1.637744300E1,2.273732573E-1,-1.232492775E-1,-1.168129370E-1
1.639748500E1,1.092843562E-1,-3.114404380E-1,7.104236633E-2
1.641752600E1,-1.288062334E-1,-4.347357750E-1,2.740584314E-1
1.643756725E1,-6.683387756E-1,-3.022676706E-1,4.239795506E-1
1.645760925E1,-1.238999844E0,1.697410047E-1,5.774376392E-1
1.647765125E1,-1.623657942E0,3.529295623E-1,7.857573032E-1
1.649769225E1,-2.293905258E0,-3.265722096E-1,1.060909510E0
1.651773425E1,-2.442916393E0,-9.174910188E-1,1.159641266E0
1.653777625E1,-2.365071774E0,-1.415205479E0,1.085771441E0
1.655781725E1,-1.839391351E0,-2.075328588E0,1.344891071E0
1.657785925E1,-1.529428601E0,-2.533560753E0,7.982103229E-1
1.659790125E1,-1.782536387E0,-1.939717054E0,6.194274426E-1
1.661794225E1,-1.931971073E0,-8.058733940E-1,5.262301564E-1
1.663798425E1,-1.875369310E0,-9.153817296E-1,9.246900082E-1
1.665802625E1,-1.526505351E0,-1.827388644E0,1.175627112E0
1.667806825E1,-1.053388476E0,-1.068252087E0,1.231737137E0
1.669810925E1,-1.125726461E0,1.021761000E-1,1.276322603E0
1.671815125E1,-1.339151263E0,9.447293878E-1,1.094808578E0
1.673819325E1,-1.542792559E0,1.257504344E0,9.559388757E-1
1.675823425E1,-1.357373834E0,1.579128385E0,9.229823351E-1
1.677827625E1,-8.334677219E-1,1.655298710E0,7.325002551E-1
1.679831825E1,-4.931588769E-1,1.306773663E0,4.564740956E-1
1.681835925E1,-2.681881785E-1,1.235992789E0,2.621481419E-1
1.683840125E1,6.646419317E-2,1.316640973E0,1.032060459E-1
1.685844325E1,4.954267442E-1,1.362392306E0,-6.059904024E-2
1.687848525E1,8.061541915E-1,1.189656615E0,-2.684501410E-1
1.689852625E1,1.068301797E0,9.662893414E-1,-4.512236416E-1
1.691856825E1,1.381737709E0,1.020220757E0,-5.932755470E-1
1.693861025E1,1.672285914E0,1.010594964E0,-6.996526122E-1
1.695865125E1,1.580528855E0,1.258630991E0,-7.540269494E-1
1.697869325E1,1.006155372E0,1.905206919E0,-5.740568638E-1
1.699873525E1,2.802975178E-1,1.567512274E0,-1.476588547E-1
1.701877725E1,-2.651506960E-1,6.955859065E-1,2.604368329E-1
1.703881825E1,-2.166695148E-1,-1.338097006E-1,4.396941960E-1
1.705886025E1,2.861501575E-1,-9.925027490E-1,4.641509652E-1
1.707890225E1,9.166228771E-1,-7.247593999E-1,4.132941365E-1
1.709894325E1,8.121204972E-1,2.028328031E-1,2.647874355E-1
1.711898525E1,4.493853077E-2,-2.333603650E-1,2.236464620E-1
1.713902725E1,1.493015289E0,1.630681902E-1,2.358002067E-1
1.715906825E1,1.466045618E0,-6.975376010E-1,5.752360448E-3
1.717911025E1,8.251942396E-1,-7.008297443E-1,-5.422007442E-1
1.719915225E1,7.208265662E-1,1.507445276E-1,-8.642520308E-1
1.721919425E1,7.338722944E-1,9.589039087E-1,-9.846268892E-1
1.723923525E1,8.085225821E-1,7.911742926E-1,-6.098865867E-1
1.725927725E1,8.827901483E-1,1.203501821E-1,-2.447034866E-1
1.727931925E1,1.074135423E0,-5.186541677E-1,-7.240922004E-2
1.729936025E1,1.054403424E0,-8.763914108E-1,-1.767920144E-2
1.731940225E1,9.047274590E-1,-8.318849802E-1,-1.329748183E-1
1.733944425E1,7.467795014E-1,-8.025679588E-1,-2.711913884E-1
1.735948625E1,5.860515833E-1,-5.222281814E-1,-3.170741796E-1
1.737952725E1,6.516396999E-1,-2.487165481E-1,-2.448859215E-1
1.739956925E1,6.878720522E-1,-3.479424715E-1,-1.202561334E-1
1.741961125E1,5.671450496E-1,-3.512042165E-1,-4.840563983E-2
1.743965279E1,5.287353992E-1,-1.928082258E-1,-1.008253321E-1
1.745969479E1,5.688138604E-1,-1.174781024E-1,-2.241396010E-1
1.747973679E1,6.337934136E-1,-1.816091388E-1,-3.514840901E-1
1.749977879E1,7.461279631E-1,-2.097532600E-1,-4.714090526E-1
1.751981979E1,7.900773883E-1,-1.389403045E-1,-5.725655556E-1
1.753986179E1,8.055440187E-1,-9.828135371E-2,-6.486656666E-1
1.755990379E1,8.317372799E-1,-9.759223461E-2,-7.088738680E-1
1.757994479E1,8.910242319E-1,-9.576597810E-2,-7.150077820E-1
1.759998679E1,8.129860163E-1,-2.533205450E-1,-7.053560019E-1
1.762002879E1,4.795165062E-1,-3.769187629E-1,-6.557965875E-1
1.764006979E1,3.435587883E-1,-2.810786068E-1,-5.153852105E-1
1.766011179E1,3.382638097E-1,-1.263449192E-1,-3.111510873E-1
1.768015379E1,3.183298409E-1,-1.218442768E-1,-8.316028863E-2
1.770019579E1,1.575552225E-1,-3.075295389E-1,5.153213814E-2
1.772023679E1,-1.252235323E-1,-2.230207175E-1,1.901151687E-1
1.774027879E1,-6.732178926E-1,-1.162005290E-1,2.766316831E-1
1.776032079E1,-1.352506280E0,2.938011885E-1,4.548163116E-1
1.778036179E1,-1.975841522E0,5.031408668E-1,7.919207811E-1
1.780040379E1,-2.422846079E0,-3.985320330E-1,1.168898582E0
1.782044579E1,-2.521706581E0,-1.372575641E0,1.232309341E0
1.784048779E1,-2.146519661E0,-1.572431326E0,1.379559278E0
1.786052879E1,-1.587157011E0,-1.669792652E0,1.430427670E0
1.788057079E1,-1.280674219E0,-1.825403571E0,8.630081415E-1
1.790061279E1,-1.308422089E0,-1.676223636E0,7.591167092E-1
1.792065379E1,-1.163965940E0,-1.471475482E0,8.268392086E-1
1.794069579E1,-1.034201980E0,-1.349796653E0,1.122463107E0
1.796073779E1,-1.270508766E0,-8.331993818E-1,1.423561215E0
1.798077979E1,-1.974416256E0,5.621989369E-1,1.290645957E0
1.800082079E1,-2.603968859E0,1.837386966E0,1.006324887E0
1.802086279E1,-2.454813242E0,2.344726086E0,7.607115507E-1
1.804090479E1,-1.861698151E0,2.292412043E0,6.220658422E-1
1.806094679E1,-1.324542403E0,1.576812029E0,6.950196624E-1
1.808098779E1,-6.916249394E-1,1.074401021E0,8.007054925E-1
1.810102979E1,-6.556586176E-2,6.462942958E-1,6.516873837E-1
1.812107179E1,3.928989768E-1,5.029860735E-1,4.488625228E-1
1.814111279E1,7.873313427E-1,5.966423154E-1,2.684589028E-1
1.816115479E1,1.033102274E0,6.154349446E-1,2.343628742E-2
1.818119679E1,1.080287576E0,6.895474792E-1,-3.142093122E-1
1.820123879E1,1.172347307E0,7.189170718E-1,-6.080521941E-1
1.822127979E1,1.347789168E0,9.281827211E-1,-8.720176220E-1
1.824132179E1,1.456021070E0,1.056780338E0,-1.033802032E0
1.826136379E1,9.008434415E-1,1.225645423E0,-7.782426476E-1
1.828140479E1,2.644450068E-1,1.382074594E0,-4.721145332E-1
1.830144679E1,1.952883601E-1,5.603473186E-1,2.117576897E-1
1.832148879E1,2.356170863E-1,-2.424016893E-1,6.017742753E-1
1.834153079E1,5.855647475E-2,-2.373094261E-1,4.714042842E-1
1.836157179E1,5.272777081E-1,-2.116198391E-1,4.035719037E-1
1.838161379E1,1.248870254E0,5.320698023E-1,2.345334589E-1
1.840165579E1,9.822913408E-1,6.416946650E-1,4.647029936E-2
1.842169679E1,1.006237745E0,-1.347465441E-2,4.264315069E-1
1.844173862E1,2.018314838E0,-4.481729865E-2,5.418153405E-1
1.846178063E1,1.572029352E0,-7.325329185E-1,4.063640237E-1
1.848182262E1,3.596608341E-1,-1.353147268E0,-5.058860779E-1
1.850186363E1,3.681589365E-1,-3.637444675E-1,-1.176929355E0
1.852190562E1,5.721529722E-1,8.327348232E-1,-1.594419479E0
1.854194763E1,7.430309653E-1,1.486799717E0,-1.450428724E0
1.856198862E1,9.513146877E-1,1.040910363E0,-9.075923562E-1
1.858203063E1,9.569396973E-1,-4.147608280E-1,-3.389756680E-1
1.860207262E1,9.591378570E-1,-9.296938777E-1,4.403994605E-2
1.862211463E1,8.503209352E-1,-3.897823393E-1,1.070550084E-2
1.864215562E1,5.246040821E-1,1.904379018E-2,-1.192683280E-1
1.866219763E1,4.258570075E-1,-2.468770891E-1,-1.836299896E-1
1.868223962E1,5.647626519E-1,-7.802980542E-1,-1.297128201E-1
1.870228163E1,4.109676480E-1,-9.628260136E-1,-3.892064095E-2
1.872232262E1,3.487426937E-1,-6.345264316E-1,-2.048785426E-2
1.874236463E1,4.695270360E-1,-3.078507781E-1,-4.844060540E-2
1.876240662E1,5.258585811E-1,-1.709853709E-1,-7.208738476E-2
1.878244763E1,4.679308236E-1,-1.268069893E-1,-9.652930498E-2
1.880248962E1,4.833164811E-1,-1.229276732E-1,-1.748928875E-1
1.882253163E1,5.879480839E-1,-1.178884208E-1,-2.811327279E-1
1.884257362E1,6.253666282E-1,-1.166237593E-1,-3.982765079E-1
1.886261463E1,6.197243929E-1,-1.822346747E-1,-5.068379641E-1
1.888265662E1,6.137902737E-1,-2.172993571E-1,-5.878049731E-1
1.890269863E1,6.011500955E-1,-2.099180967E-1,-6.255000234E-1
1.892273962E1,5.518537164E-1,-3.937626183E-1,-5.931943655E-1
1.894278163E1,4.205175340E-1,-6.480414867E-1,-5.043478012E-1
1.896282362E1,3.306339383E-1,-6.851174831E-1,-3.796474040E-1
1.898286563E1,2.763955295E-1,-4.855156541E-1,-2.390100956E-1
1.900290662E1,2.971042693E-1,-4.101682305E-1,-8.520504087E-2
1.902294863E1,2.119327933E-1,-4.128352106E-1,1.749797165E-2
1.904299062E1,1.319779605E-1,-4.110828340E-1,1.033871174E-1
1.906303263E1,-1.118031442E-1,-5.203178525E-1,1.447083801E-1
1.908307362E1,-7.085036635E-1,-3.161970973E-1,2.330327928E-1
1.910311563E1,-1.047553658E0,4.128669798E-1,5.081066489E-1
1.912315762E1,-1.117948890E0,5.512329936E-1,8.143623471E-1
1.914319863E1,-1.834610820E0,1.084638387E-1,9.870648384E-1
1.916324062E1,-2.526872873E0,-5.614726543E-1,9.033119082E-1
1.918328263E1,-2.362799644E0,-1.692210674E0,8.439996839E-1
1.920332462E1,-1.695619106E0,-1.782438040E0,9.200659990E-1
1.922336563E1,-1.619601727E0,-1.448192477E0,5.500278473E-1
1.924340762E1,-1.930739999E0,-8.477724195E-1,4.687961936E-1
1.926344963E1,-1.778603315E0,-9.010562301E-1,5.815293193E-1
1.928349162E1,-1.439898491E0,-1.127830505E0,6.350814104E-1
1.930353263E1,-1.396040559E0,-1.564533472E0,7.068386674E-1
1.932357462E1,-1.273443222E0,-1.006175637E0,8.200214505E-1
1.934361663E1,-1.277643323E0,2.434335202E-1,8.118020296E-1
1.936365762E1,-1.421554208E0,1.208525658E0,8.758922219E-1
1.938369963E1,-1.327345729E0,1.176070452E0,8.243478537E-1
1.940374162E1,-1.079339623E0,9.560951591E-1,8.379933238E-1
1.942378363E1,-6.289044619E-1,1.108904600E0,7.205773592E-1
1.944382467E1,-2.612769902E-1,9.682035446E-1,5.999959707E-1
1.946386667E1,2.550073527E-2,7.536092401E-1,5.804200768E-1
1.948390867E1,3.782561123E-1,6.476212740E-1,5.011019707E-1
1.950395067E1,6.696101427E-1,6.951712966E-1,4.035418928E-1
1.952399167E1,8.316644430E-1,8.757262826E-1,2.648638189E-1
1.954403367E1,7.574865222E-1,7.298406363E-1,4.568725452E-2
1.956407567E1,7.036539912E-1,5.022355318E-1,-1.144413054E-1
1.958411767E1,7.337245941E-1,4.637583494E-1,-2.463281900E-1
1.960415867E1,6.752479076E-1,7.028670907E-1,-3.667091131E-1
1.962420067E1,5.743569136E-1,1.030191898E0,-4.742765725E-1
1.964424267E1,4.970542192E-1,1.314999104E0,-4.237659574E-1
1.966428367E1,4.505526721E-1,1.472995877E0,-2.336747497E-1
1.968432567E1,5.023837090E-1,1.300427556E0,-1.239337325E-1
1.970436767E1,3.051249981E-1,9.726067781E-1,7.506506890E-2
1.972440967E1,4.216566682E-2,8.783859015E-1,3.860456347E-1
1.974445067E1,-8.697388321E-2,6.655478477E-1,5.660726428E-1
1.976449267E1,2.707867185E-3,2.644754350E-1,5.282341242E-1
1.978453467E1,4.637350440E-1,5.207362175E-1,3.961229026E-1
1.980457667E1,1.389790922E-1,9.536349773E-1,3.924713135E-1
1.982461767E1,-6.216735244E-1,2.320493758E-1,4.383545220E-1
1.984465967E1,2.357872576E-1,-3.795145154E-1,5.693807602E-1
1.986470167E1,7.327683270E-2,-7.352645993E-1,1.862620413E-1
1.988474367E1,1.366309077E-1,-8.857490867E-2,-7.503710389E-1
1.990478467E1,1.318798184E0,1.264265418E0,-9.920550585E-1
1.992482667E1,1.410339832E0,1.478040338E0,-5.878567696E-1
1.994486867E1,5.502936840E-1,-1.179148555E-1,-3.230430186E-1
1.996490967E1,2.915218472E-1,-1.519969225E0,-1.425661333E-2
1.998495167E1,6.821708679E-1,-1.048001766E0,-2.635090426E-2
2.000499367E1,7.083709836E-1,-4.547951221E-1,4.480589181E-3
2.002503567E1,5.287093520E-1,-3.391734362E-1,-3.440411016E-2
2.004507667E1,4.106948972E-1,-3.140700459E-1,-1.444010288E-1
2.006511867E1,4.080066383E-1,-2.984643579E-1,-2.152792066E-1
2.008516067E1,3.924108148E-1,-8.069759607E-2,-2.248575240E-1
2.010520267E1,1.650292128E-1,-1.500714011E-2,-1.017849371E-1
2.012524367E1,-1.012807116E-1,-5.400885344E-1,-1.075551473E-2
2.014528567E1,-6.296821684E-2,-9.070397019E-1,4.267043900E-3
2.016532767E1,1.172451675E-1,-7.584344149E-1,-3.285327926E-2
2.018536967E1,7.044544071E-2,-2.085305154E-1,-6.004400924E-2
2.020541067E1,1.308429241E-1,1.061102748E-1,-1.152947024E-1
2.022545267E1,2.557271421E-1,2.462870479E-1,-2.188933045E-1
2.024549467E1,5.119331181E-2,5.572538376E-1,-1.509014219E-1
2.026553567E1,9.138187021E-2,2.877428532E-1,-8.910433948E-2
2.028557767E1,1.181360558E-1,1.188003868E-1,-6.545938551E-2
2.030561967E1,3.837039322E-2,1.539818197E-1,-8.712952584E-2
2.032566167E1,8.026624471E-2,1.840842515E-1,-1.049945056E-1
2.034570267E1,1.770007163E-1,1.805766821E-1,-1.102357656E-1
2.036574467E1,1.289746612E-1,1.736582369E-1,-1.107565537E-1
2.038578667E1,3.134677932E-2,7.078529149E-2,-1.196949109E-1
2.040582867E1,4.088252783E-3,3.290499002E-2,-1.533834189E-1
2.042586967E1,4.631313309E-2,1.189059690E-1,-1.678324789E-1
2.044591488E1,7.710068673E-2,1.420400292E-1,-1.533917636E-1
2.046595687E1,7.002838701E-2,9.076935053E-2,-1.090686843E-1
2.048599888E1,7.229020447E-2,6.140320376E-2,-9.227627516E-2
2.050603987E1,8.040345460E-2,1.087835729E-1,-1.060203537E-1
2.052608188E1,7.607523352E-2,1.201255322E-1,-1.203524023E-1
2.054612387E1,6.413601339E-2,9.601192921E-2,-1.195697188E-1
2.056616588E1,2.637439035E-2,3.431116045E-2,-9.986489266E-2
2.058620687E1,3.385666385E-2,1.543452032E-3,-8.792942762E-2
2.060624888E1,7.249274105E-2,2.566851303E-2,-9.936553240E-2
2.062629087E1,6.740564853E-2,7.968270779E-2,-1.213723570E-1
2.064633288E1,5.053951219E-2,6.251869351E-2,-1.492341161E-1
2.066637387E1,6.923183054E-2,8.835413307E-2,-1.498920172E-1
2.068641588E1,1.123392880E-1,1.652199626E-1,-1.356461346E-1
2.070645787E1,1.244579330E-1,1.172405034E-1,-1.187565401E-1
2.072649888E1,1.778445244E-1,4.141545296E-2,-1.268157661E-1
2.074654087E1,1.970702261E-1,-4.634242877E-2,-1.357570291E-1
2.076658288E1,1.790547520E-1,-7.219772041E-2,-1.374426484E-1
2.078662487E1,1.402860433E-1,-4.686281458E-2,-1.313254088E-1
2.080666588E1,1.028282121E-1,-2.853206359E-2,-1.222245172E-1
2.082670787E1,5.482840165E-2,-4.518073425E-2,-7.523438334E-2
2.084674988E1,6.066648290E-3,-1.244811043E-1,-1.973032393E-2
2.086679187E1,-6.459075958E-4,-1.537206620E-1,1.154719200E-2
2.088683288E1,5.704849958E-3,-1.187717170E-1,2.572211623E-2
2.090687487E1,-2.695541270E-2,-1.745219529E-1,5.684334785E-2
2.092691688E1,-3.570190072E-2,-1.671126485E-1,8.933676779E-2
2.094695887E1,-3.265371546E-2,-1.377184689E-1,1.143953353E-1
2.096699988E1,-4.846637323E-2,-1.204056889E-1,7.462836802E-2
2.098704187E1,-3.591316193E-2,-5.655680224E-2,-2.684072824E-3
2.100708388E1,-4.350336641E-2,8.078476787E-2,-6.648641080E-2
2.102712587E1,-4.669808969E-2,2.267055064E-1,-8.605313301E-2
2.104716688E1,-2.265374735E-2,1.674474925E-1,-8.147574961E-2
2.106720887E1,-8.961104788E-3,1.289652474E-2,-5.644416809E-2
2.108725088E1,2.872362174E-2,-1.639898121E-2,-5.283881724E-2
2.110729287E1,7.416734844E-2,8.936256170E-2,-7.472910732E-2
2.112733388E1,5.617735907E-2,1.091706827E-1,-9.439407289E-2
2.114737587E1,2.896996401E-2,5.000400916E-2,-8.573551476E-2
2.116741788E1,2.936105616E-2,1.698309556E-2,-5.549734458E-2
2.118745988E1,2.971053682E-2,-9.170522913E-3,-2.705750614E-2
2.120750088E1,-7.559072692E-4,-4.444134235E-2,-1.387129165E-2
2.122754287E1,-3.224378079E-2,-8.264461905E-2,-4.033366218E-3
2.124758488E1,-5.188559368E-2,-1.352517009E-1,1.077411231E-2
2.126762688E1,-7.709602267E-2,-1.559768468E-1,2.934340388E-2
2.128766788E1,-7.230071723E-2,-1.531293690E-1,4.713645205E-2
2.130770988E1,-7.348310947E-2,-1.197017208E-1,2.584525943E-2
2.132775188E1,-8.265110850E-2,-1.239837334E-2,-1.522657927E-2
2.134779388E1,-5.490715057E-2,1.259995252E-1,-4.023553059E-2
2.136783488E1,-2.286007255E-2,1.379744858E-1,-4.045702517E-2
2.138787688E1,-1.454833802E-2,6.268535554E-2,-2.532622218E-2
2.140791888E1,4.251418868E-4,5.716339499E-2,-2.007513121E-2
2.142796088E1,1.242136024E-2,7.206460834E-2,-2.305435203E-2
2.144800100E1,9.280094877E-3,2.668174356E-2,-2.615350857E-2
2.146804300E1,-1.188472100E-2,-2.488173917E-2,-2.678226307E-2
2.148808500E1,-2.108793333E-2,-7.093510032E-2,-1.659796573E-2
2.150812700E1,4.853205755E-4,-8.994246274E-2,-1.907677948E-2
2.152816800E1,2.625069208E-2,-4.894895852E-2,-3.066628426E-2
2.154821000E1,2.807022445E-2,-1.283285022E-2,-4.853569716E-2
2.156825200E1,1.876153611E-2,3.034109250E-2,-5.625059456E-2
2.158829400E1,2.524847910E-2,4.509318247E-2,-4.933641106E-2
2.160833500E1,3.046714142E-2,4.720912874E-2,-3.778738156E-2
2.162837700E1,3.985970467E-2,6.187021732E-2,-3.074767999E-2
2.164841900E1,3.847845644E-2,7.083454728E-2,-2.820443548E-2
2.166846100E1,1.072279178E-2,4.841971770E-2,-2.493882924E-2
2.168850200E1,-2.095477656E-2,-1.363744959E-3,-1.692819782E-2
2.170854400E1,-2.142136171E-2,-1.240787376E-2,-4.325321876E-3
2.172858600E1,-7.226186804E-3,-7.362537552E-3,9.358423995E-4
2.174862800E1,7.541048340E-3,-1.645614579E-2,1.391952625E-3
2.176866900E1,1.077193487E-2,-4.185436293E-2,3.706106916E-3
2.178871100E1,-3.034299705E-3,-6.464584917E-2,1.444306690E-3
2.180875300E1,-1.741150580E-2,-5.237892270E-2,-2.487364691E-3
2.182879500E1,-4.196172580E-2,-1.062735636E-2,-5.434637889E-3
2.184883600E1,-3.251015395E-2,3.462217376E-2,-4.450550769E-3
2.186887800E1,-1.642273739E-2,3.929274529E-2,-1.051012427E-3
2.188892000E1,-1.723992638E-2,2.470914647E-2,3.219195642E-4
2.190896200E1,-3.494249657E-2,2.718214691E-2,-1.825146144E-3
2.192900300E1,-3.127812594E-2,5.439310148E-2,-9.190902114E-3
2.194904500E1,7.623673417E-3,6.710579246E-2,-2.294291183E-2
2.196908700E1,1.916887052E-2,7.559952885E-2,-2.863818407E-2
2.198912900E1,1.057664864E-2,6.184117869E-2,-4.068807885E-2
2.200917000E1,1.517959591E-2,3.786721826E-2,-5.178506672E-2
2.202921200E1,2.320915833E-2,2.841366269E-2,-5.864384398E-2
2.204925400E1,3.100775369E-2,1.792231947E-2,-5.740374699E-2
2.206929600E1,4.836344346E-2,1.574799418E-2,-5.576035380E-2
2.208933700E1,5.440509319E-2,-2.490142547E-2,-4.462872818E-2
2.210937900E1,3.083192185E-2,-8.783012629E-2,-2.796677127E-2
2.212942100E1,2.817256190E-2,-1.320426464E-1,-1.491426723E-3
2.214946300E1,4.420671985E-2,-1.296096444E-1,8.854990825E-3
2.216950400E1,4.198896885E-2,-1.040450633E-1,3.314304631E-3
2.218954600E1,3.163620085E-2,-9.397056699E-2,-7.822475396E-3
2.220958800E1,1.067538001E-2,-1.062559038E-1,-1.873384416E-2
2.222963000E1,-1.111758687E-2,-9.350004792E-2,-1.112195011E-2
2.224967100E1,-3.620398929E-3,-7.894071192E-2,6.165299565E-3
2.226971300E1,3.914684057E-2,-4.285972938E-2,1.974307932E-2
2.228975500E1,6.090448052E-2,-6.030980963E-3,1.436707936E-2
2.230979700E1,5.124598742E-2,8.713873103E-4,2.666723914E-3
2.232983800E1,1.848937757E-2,-4.137778655E-2,-6.198650226E-3
2.234988000E1,-1.874440722E-2,-4.896792024E-2,-1.876615733E-2
2.236992200E1,-7.890567183E-3,2.161429031E-3,-2.534692362E-2
2.238996400E1,5.966388155E-3,3.514466435E-2,-2.538689412E-2
2.241000500E1,1.812413149E-2,3.249498457E-2,-2.431843989E-2
2.243004700E1,1.700286567E-2,9.395575151E-3,-1.469317637E-2
2.245009050E1,-1.191975316E-3,-1.952220872E-2,-1.177277882E-4
2.247013250E1,7.780408487E-3,3.851851448E-2,-5.139971618E-3
2.249017350E1,1.150489505E-2,7.783999294E-2,-4.877808038E-3
2.251021550E1,-7.311461493E-3,5.896705762E-2,-5.160088651E-3
2.253025750E1,-1.524754614E-2,5.546487123E-2,-1.325735822E-2
2.255029950E1,-2.322019264E-2,5.335742608E-2,-5.854967982E-3
2.257034050E1,-2.897168696E-2,4.439762607E-2,8.162653074E-3
2.259038250E1,-7.954276167E-3,7.055068761E-2,2.131818049E-2
2.261042450E1,1.382904220E-2,9.043915570E-2,1.858827472E-2
2.263046650E1,-5.852382630E-3,2.935144119E-2,1.298159454E-2
2.265050750E1,-2.904850617E-2,-1.191901881E-2,3.576538526E-3
2.267054950E1,-3.062277846E-2,-1.913480461E-2,5.954274908E-3
2.269059150E1,-2.092801034E-2,-3.004771844E-2,1.730867475E-2
2.271063350E1,-2.981096739E-3,-2.607626840E-2,1.945753023E-2
2.273067550E1,-2.893807599E-3,-1.540889964E-2,6.360090338E-3
2.275071650E1,-1.878730208E-2,-6.181627046E-3,-1.320717763E-2
2.277075850E1,-9.724156000E-3,1.515872311E-3,-1.931420714E-2
2.279080050E1,8.909250610E-3,4.525210336E-2,-1.608482376E-2
2.281084250E1,2.874866873E-2,7.347608358E-2,-1.597034186E-2
2.283088350E1,2.407482266E-2,7.823382318E-2,-3.009267524E-2
2.285092550E1,2.059680223E-2,9.380047023E-2,-3.853432834E-2
2.287096750E1,3.612962319E-3,6.280907243E-2,-3.868774325E-2
2.289100950E1,-1.078275032E-3,3.676126152E-2,-2.659375593E-2
2.291105050E1,1.939964667E-2,7.245210558E-2,-1.828327589E-2
2.293109250E1,1.457133051E-2,6.032565981E-2,-1.426645275E-2
2.295113450E1,4.795470275E-3,2.776286937E-2,-1.192467567E-2
2.297117650E1,-5.729145836E-3,-3.906510398E-2,-4.743376747E-3
2.299121750E1,1.668249839E-3,-5.444585904E-2,3.746503498E-4
2.301125950E1,1.683675498E-2,-4.746883363E-2,-6.090986542E-3
2.303130150E1,3.666198254E-2,-1.406788640E-2,-8.188998327E-3
2.305134350E1,2.882923186E-2,-2.856838331E-2,-1.953290403E-2
2.307138450E1,9.241286665E-3,-6.293394417E-2,-2.366378345E-2
2.309142650E1,2.325403877E-2,-3.519499302E-2,-2.186363004E-2
2.311146850E1,3.283834457E-2,-1.850166172E-2,-1.827647537E-2
2.313151050E1,4.578517377E-2,4.749748856E-3,-2.142556198E-2
2.315155150E1,4.044227675E-2,-2.620330080E-2,-2.992173843E-2
2.317159350E1,2.688305452E-3,-1.026608646E-1,-3.836806118E-2
2.319163550E1,-3.064746782E-2,-9.739796072E-2,-4.281546175E-2
2.321167750E1,-2.705307305E-2,-7.435531821E-3,-4.075502977E-2
2.323171950E1,-2.695413865E-2,1.064746175E-2,-2.039150707E-2
2.325176050E1,-9.393989109E-3,-1.456635352E-2,-8.522971533E-3
2.327180250E1,-5.376806948E-3,4.757951573E-2,-8.764073253E-3
2.329184450E1,-1.763426699E-2,3.962280229E-2,5.239874590E-4
2.331188650E1,-2.213441581E-2,7.416313514E-3,1.538696140E-2
2.333192750E1,-2.049781615E-3,3.134309873E-2,2.176559158E-2
2.335196950E1,-1.351390406E-2,3.272471577E-2,1.282596774E-2
2.337201150E1,-3.872651234E-2,1.464232709E-2,-1.004976220E-3
2.339205350E1,-4.807394743E-2,5.802742206E-3,-7.058107294E-4
2.341209450E1,-4.165032879E-2,1.006695814E-2,1.099088136E-2
2.343213650E1,-1.819919795E-2,3.027328849E-2,1.265768148E-2
2.345217450E1,1.160516986E-3,4.632828757E-2,5.530093331E-4
2.347221650E1,-1.564366743E-3,3.906416893E-2,-7.158694789E-3
2.349225750E1,-2.720227838E-2,2.564969007E-3,-6.555283442E-3
2.351229950E1,-3.796677291E-2,-1.029856503E-4,-2.539236331E-3
2.353234150E1,-1.981687360E-2,-1.442510169E-3,2.881954657E-3
2.355238350E1,4.635006189E-4,-1.126249786E-3,5.269165151E-3
2.357242550E1,9.167715907E-3,-1.111701597E-2,3.427187214E-3
2.359246650E1,4.490723833E-3,-2.727718651E-2,-2.440476324E-3
2.361250850E1,-7.921399549E-3,-3.840765357E-2,-1.013221452E-3
2.363255050E1,-7.145418786E-3,-7.920246571E-3,5.864768289E-3
2.365259250E1,7.044373080E-3,3.145866096E-2,5.477533210E-3
2.367263350E1,1.889616810E-2,4.784302413E-2,1.616566791E-3
2.369267550E1,2.374173887E-2,1.702022552E-2,-7.147603203E-3
2.371271750E1,5.093193613E-4,-4.710090160E-2,-1.125636324E-2
2.373275950E1,-1.131872460E-2,-6.604999304E-2,2.630165778E-3
2.375280050E1,1.159165613E-2,-6.984262262E-3,3.382266499E-3
2.377284250E1,2.752588317E-2,1.509494707E-2,3.438336542E-3
2.379288450E1,2.725003287E-2,-9.441658854E-3,4.161344841E-3
2.381292650E1,2.586939000E-2,-4.880628735E-2,9.074749425E-3
2.383296850E1,3.012865782E-2,-5.111343414E-2,2.501663566E-2
2.385300950E1,3.375680745E-2,-6.494896859E-2,3.060545027E-2
2.387305150E1,4.040340334E-2,-5.627622828E-2,1.078898273E-2
2.389309350E1,3.732052445E-2,-1.727265120E-2,-7.345709950E-3
2.391313550E1,1.294734702E-2,-4.286567867E-2,-1.591476426E-2
2.393317650E1,1.041879295E-3,-3.967169672E-2,-9.503791109E-3
2.395321850E1,4.646856338E-3,-3.808567673E-2,6.692634895E-3
2.397326050E1,2.191067487E-2,-1.759542152E-2,1.071119867E-2
2.399330250E1,3.905517980E-2,1.231601369E-2,7.288984954E-3
2.401334350E1,3.196490556E-2,-6.904433016E-3,2.988944761E-4
2.403338550E1,2.344537899E-2,-3.600341827E-2,-4.227620084E-4
2.405342750E1,1.893519051E-2,-6.556434929E-2,4.006050993E-3
2.407346950E1,9.879780933E-3,-6.457510591E-2,4.444622435E-3
2.409351150E1,2.355590649E-2,-7.304108236E-3,-2.315033926E-3
2.411355250E1,2.309078723E-2,-2.226720750E-2,-7.019702345E-3
2.413359450E1,2.095579728E-2,-2.890386991E-2,-8.262563497E-3
2.415363650E1,1.912932028E-3,-5.031255633E-2,-6.030266173E-3
2.417367850E1,-5.196440965E-3,-3.107460961E-2,9.665447287E-3
2.419371950E1,1.621196978E-2,-1.118834130E-2,2.193835005E-2
2.421376150E1,3.057826497E-2,-3.597609699E-2,2.652094699E-2
2.423380350E1,1.630771533E-2,-5.484725535E-2,1.741027273E-2
2.425384550E1,-1.149368286E-2,-2.310595848E-2,1.830072841E-3
2.427388650E1,-2.268968150E-2,-1.272771508E-3,-4.652505741E-3
2.429392850E1,-6.021560635E-3,-5.206472240E-3,3.878873773E-3
2.431397050E1,1.956216618E-2,-2.476105839E-2,1.216148492E-2
2.433401250E1,2.909601666E-2,-3.555671498E-2,1.495780423E-2
2.435405350E1,1.084350701E-2,-1.872633956E-2,8.820671588E-3
2.437409550E1,-1.455126517E-2,-9.574186057E-3,7.050238550E-3
2.439413750E1,-2.549605630E-2,-7.761100773E-3,1.598448865E-2
2.441417950E1,-1.039293595E-2,3.607069142E-3,2.481636591E-2
2.443422150E1,1.360087190E-4,2.439957485E-2,2.433561347E-2
2.445426213E1,2.704291837E-3,4.376108199E-2,1.247824263E-2
2.447430413E1,2.560202731E-3,2.844148315E-2,3.143403446E-3
2.449434613E1,2.367332112E-3,4.337835591E-3,1.874686917E-3
2.451438813E1,1.612481847E-2,2.973013371E-2,-5.250019021E-3
2.453442913E1,2.327648178E-2,4.587450624E-2,-1.202479191E-2
2.455447113E1,1.618095487E-2,3.200775757E-2,-1.500357408E-2
2.457451313E1,3.308572806E-3,5.812386516E-3,-1.338847540E-2
2.459455513E1,8.065304719E-4,1.055444125E-3,-1.051719580E-2
2.461459713E1,1.106055919E-2,1.861997694E-2,-8.395312354E-3
2.463463813E1,3.655771911E-2,3.896909952E-2,-1.318128686E-2
2.465468013E1,3.539905697E-2,1.238991320E-2,-1.994749904E-2
2.467472213E1,2.309604920E-2,-5.108924583E-3,-3.331618011E-2
2.469476413E1,9.903950617E-3,-1.408097241E-2,-3.562785685E-2
2.471480513E1,1.270094514E-2,3.261946607E-3,-2.714199945E-2
2.473484713E1,2.286641672E-2,2.548926510E-2,-1.791382208E-2
2.475488913E1,2.906979248E-2,1.063836180E-2,-6.473753601E-3
2.477493113E1,1.063404605E-2,-1.483214274E-2,1.382245100E-3
2.479497313E1,-1.856876723E-2,-1.947060786E-2,5.337793380E-3
2.481501413E1,-2.128572576E-2,1.356371911E-3,1.430238411E-2
2.483505613E1,-2.590577863E-2,1.371477079E-2,2.232995071E-2
2.485509813E1,-3.557678312E-2,2.334342897E-2,1.478681248E-2
2.487514013E1,-3.837303072E-2,5.155982822E-2,3.364692442E-3
2.489518113E1,-7.912313193E-2,6.832547486E-2,-6.497831084E-3
2.491522313E1,-1.410214603E-1,5.670884997E-2,3.463194240E-3
2.493526513E1,-1.856163591E-1,9.755266458E-2,2.831245586E-2
2.495530713E1,-1.846503466E-1,1.916820407E-1,6.132452190E-2
2.497534813E1,-2.384944111E-1,2.835701704E-1,7.421156019E-2
2.499539013E1,-4.138127863E-1,4.022350907E-1,1.011619121E-1
2.501543213E1,-5.698878765E-1,6.179271340E-1,1.136534512E-1
2.503547413E1,-6.204707026E-1,8.971479535E-1,1.681876630E-1
2.505551613E1,-6.053312421E-1,1.194263101E0,1.726101637E-1
2.507555713E1,-6.404667497E-1,1.416375875E0,1.502489746E-1
2.509559913E1,-6.906637549E-1,1.441325784E0,2.002163678E-1
2.511564113E1,-6.340152621E-1,1.403282762E0,3.049031496E-1
2.513568313E1,-5.892993808E-1,1.515482187E0,2.925933897E-1
2.515572512E1,-6.005149484E-1,1.738708019E0,2.334259599E-1
2.517576613E1,-5.827434063E-1,1.866253734E0,8.583531529E-2
2.519580812E1,-6.169526577E-1,1.834457278E0,1.076963097E-1
2.521585013E1,-8.824097514E-1,1.960908890E0,3.555245697E-1
2.523589212E1,-8.265016079E-1,2.330267429E0,4.892466366E-1
2.525593313E1,-6.139857173E-1,2.396215200E0,5.527904630E-1
2.527597512E1,-4.061528444E-1,2.237711430E0,6.234682202E-1
2.529601713E1,3.817773759E-1,3.317408323E0,8.573668003E-1
2.531605912E1,1.311983585E0,5.692695141E0,9.194328189E-1
2.533610013E1,9.923073053E-1,5.844173431E0,4.627058804E-1
2.535614212E1,-3.606591821E-1,3.501911163E0,-1.849533245E-2
2.537618413E1,-2.358853817E0,5.154907107E-1,-3.922058344E-1
2.539622612E1,-2.855885267E0,-9.908877611E-1,-1.245993450E-1
2.541626813E1,9.239056110E-1,1.485230446E0,2.407560647E-1
2.543630912E1,2.998107374E-1,2.863778114E0,-2.962616384E-1
2.545635167E1,-1.444844842E0,3.427328348E0,-8.963575959E-1
2.547639367E1,-1.396615267E0,1.103193164E0,4.349249601E-2
2.549643567E1,-5.595301390E-1,9.678437114E-1,1.121989369E0
2.551647767E1,-6.296187639E-1,2.511600494E0,7.173389196E-1
2.553651867E1,-9.503870606E-1,5.114715099E0,1.343715340E-1
2.555656067E1,-7.833234072E-1,5.519674778E0,2.486862838E-1
2.557660267E1,-4.843129516E-1,4.124323368E0,4.037352800E-1
2.559664467E1,6.538738310E-2,2.567106247E0,4.312241077E-1
2.561668567E1,1.147897542E-1,1.887290239E0,2.445331663E-1
2.563672767E1,-9.940862656E-2,2.312206030E0,-2.617412992E-2
2.565676967E1,-3.077799976E-1,2.857390165E0,-2.337539643E-1
2.567681167E1,-2.853957415E-1,3.077009678E0,-4.233617783E-1
2.569685367E1,-2.728295028E-1,2.864304543E0,-4.376679659E-1
2.571689467E1,-2.159271836E-1,2.504627943E0,-3.780308068E-1
2.573693667E1,-1.173735783E-1,2.301243782E0,-3.039655685E-1
2.575697867E1,-1.065415591E-1,2.275404453E0,-3.164827526E-1
2.577702067E1,-2.044422328E-1,2.253753901E0,-3.949433267E-1
2.579706167E1,-3.451502025E-1,2.367276192E0,-5.121449828E-1
2.581710367E1,-3.891836405E-1,2.156896591E0,-5.875763893E-1
2.583714567E1,-3.482609987E-1,1.827387929E0,-5.312143564E-1
2.585718767E1,-3.489449322E-1,1.488939762E0,-4.410987496E-1
2.587722967E1,-4.043301642E-1,1.134164572E0,-4.295322299E-1
2.589727067E1,-5.014381409E-1,1.018256426E0,-4.773682356E-1
2.591731267E1,-7.588096857E-1,1.458924532E0,-5.809602141E-1
2.593735467E1,-1.114013910E0,1.827346087E0,-5.865879059E-1
2.595739667E1,-1.497938752E0,1.518572211E0,-5.109300613E-1
2.597743867E1,-1.844435215E0,1.158963323E0,-5.044651628E-1
2.599747967E1,-2.094301939E0,7.674912810E-1,-7.836470008E-1
2.601752167E1,-2.122357368E0,6.882445216E-1,-9.589935541E-1
2.603756367E1,-2.161966324E0,1.156782031E0,-3.586572409E-1
2.605760567E1,-2.209957600E0,1.533588767E0,3.223281503E-1
2.607764667E1,-2.063821554E0,1.630648494E0,7.629351020E-1
2.609768867E1,-1.658299446E0,1.183734894E0,1.052330971E0
2.611773067E1,-7.616903782E-1,1.950851679E-1,1.222430706E0
2.613777267E1,-1.581905186E-1,4.064273089E-2,1.080545425E0
2.615781467E1,-3.284756243E-1,-6.680637132E-3,1.239227653E0
2.617785567E1,-1.061325788E0,-3.486596048E-1,1.502625585E0
2.619789767E1,-1.595054150E0,-2.138172984E-1,1.319091439E0
2.621793967E1,-1.228416681E0,9.653307199E-1,1.215458632E0
2.623798167E1,-1.981714815E-1,2.517580986E0,1.883048534E0
2.625802267E1,2.282160968E-1,2.507370949E0,2.552518606E0
2.627806467E1,2.420599945E-2,2.623118639E0,2.540450811E0
2.629810667E1,-7.832072973E-1,2.717055082E0,1.971293688E0
2.631814867E1,-1.428995967E0,2.336879492E0,1.501046777E0
2.633819067E1,-1.398350596E0,2.162661791E0,1.364467263E0
2.635823167E1,-6.361352205E-1,2.628824711E0,1.392115831E0
2.637827367E1,-1.261806488E-1,2.558419943E0,1.088394880E0
2.639831567E1,-3.221299499E-2,2.190359116E0,7.520248890E-1
2.641835767E1,3.523435444E-2,2.069850683E0,4.030387402E-1
2.643839967E1,1.371384114E-1,1.948247552E0,8.249843866E-2
2.645844013E1,2.812852561E-1,1.707568645E0,-2.007095367E-1
2.647848212E1,4.020251632E-1,1.551140547E0,-3.648560345E-1
2.649852413E1,5.171590447E-1,1.713300824E0,-3.358573616E-1
2.651856612E1,5.577296615E-1,1.586359382E0,-2.512288690E-1
2.653860813E1,3.532531261E-1,1.023458123E0,-1.013892442E-1
2.655864912E1,-2.631836385E-2,2.555802166E-1,1.919617057E-1
2.657869113E1,-2.510369122E-1,1.763185859E-1,5.144053698E-1
2.659873312E1,-1.378552020E-1,5.355337858E-1,6.316000223E-1
2.661877513E1,2.931116223E-1,1.449484080E-1,4.720517993E-1
2.663881612E1,1.088667870E0,8.389863186E-3,2.880375087E-1
2.665885813E1,1.010893345E0,-7.662714124E-1,3.045684099E-1
2.667890012E1,-2.717114687E-1,-1.666022658E0,7.076544762E-1
2.669894213E1,-2.094952911E-1,-1.413695335E0,3.214758039E-1
2.671898413E1,5.873990059E-1,3.592047393E-1,-5.170590281E-1
2.673902513E1,1.368174195E0,6.502045989E-1,-9.187241793E-1
2.675906712E1,1.397259355E0,4.584197998E-1,-1.055748582E0
2.677910913E1,9.783765674E-1,8.213093281E-1,-1.123636365E0
2.679915113E1,-4.715200514E-2,-4.355044961E-1,-8.881776333E-1
2.681919313E1,5.609411597E-1,-3.933703303E-1,-4.180266559E-1
2.683923413E1,1.167763114E0,6.942281723E-1,-2.848576009E-1
2.685927613E1,8.158606291E-1,9.198372364E-1,-1.472136676E-1
2.687931813E1,6.597750783E-1,3.388324082E-1,-1.877260804E-1
2.689936013E1,8.475741744E-1,-2.143481188E-2,-1.971206814E-1
2.691940213E1,8.903148770E-1,3.702279031E-1,-2.352042049E-1
2.693944313E1,9.606117606E-1,1.368975490E-1,-2.536893189E-1
2.695948513E1,8.996428847E-1,-1.862527281E-1,-2.476945221E-1
2.697952713E1,7.745902538E-1,-3.196942806E-1,-2.294161618E-1
2.699956913E1,7.084230185E-1,-4.464170635E-1,-2.341513783E-1
2.701961013E1,6.772103906E-1,-4.357957840E-1,-2.580763400E-1
2.703965213E1,6.733905077E-1,-4.015782177E-1,-3.364184797E-1
2.705969413E1,6.144449115E-1,-4.256108999E-1,-3.910549283E-1
2.707973613E1,5.507816672E-1,-5.491958261E-1,-4.096750021E-1
2.709977813E1,6.177637577E-1,-5.985379815E-1,-3.906388283E-1
2.711981913E1,5.621348619E-1,-7.221414447E-1,-3.391089141E-1
2.713986113E1,2.773690224E-1,-9.253013134E-1,-3.305609226E-1
2.715990313E1,1.331734210E-1,-9.557982087E-1,-3.417674303E-1
2.717994513E1,1.190401018E-1,-4.746076167E-1,-3.246434629E-1
2.719998713E1,-5.424159765E-2,-5.741870403E-2,-2.342834622E-1
2.722002813E1,5.186639261E-3,-3.029923141E-1,-3.977186605E-2
2.724007013E1,-3.363731503E-1,-3.564040959E-1,4.013390243E-1
2.726011213E1,-7.859094143E-1,1.465562433E-1,7.070741653E-1
2.728015413E1,-1.438359857E0,5.671096221E-2,8.790760040E-1
2.730019613E1,-1.840080738E0,-3.664392978E-2,1.011164427E0
2.732023713E1,-2.056770086E0,-3.488095403E-1,1.072485089E0
2.734027913E1,-2.387362480E0,-1.619277596E0,8.023827076E-1
2.736032113E1,-1.982874751E0,-2.126064062E0,6.539338827E-1
2.738036313E1,-1.377583981E0,-2.382385731E0,7.411398292E-1
2.740040513E1,-1.353910804E0,-1.575075030E0,5.467881560E-1
2.742044613E1,-1.554885864E0,-6.179463267E-1,6.331222057E-1
2.744048913E1,-1.595160246E0,-9.171032906E-1,8.698801398E-1
2.746053112E1,-1.339420199E0,-1.347187996E0,9.337655902E-1
2.748057313E1,-1.047445059E0,-6.184815764E-1,1.067584038E0
2.750061512E1,-1.186464190E0,7.387659550E-1,1.153773546E0
2.752065613E1,-1.380198479E0,1.533149838E0,1.043020844E0
2.754069812E1,-1.370540977E0,1.441029906E0,8.225187659E-1
2.756074013E1,-1.232230544E0,1.338950276E0,6.124797463E-1
2.758078212E1,-9.163175225E-1,1.399913669E0,3.704825938E-1
2.760082313E1,-5.578660369E-1,1.285231471E0,2.083631158E-1
2.762086512E1,-8.800116926E-2,1.030996084E0,1.348738074E-1
2.764090713E1,3.355772793E-1,7.820698619E-1,6.911209971E-2
2.766094912E1,5.197736025E-1,7.464046478E-1,-1.036150567E-2
2.768099113E1,6.171481013E-1,8.634777665E-1,-1.510349661E-1
2.770103212E1,7.184008956E-1,8.341282010E-1,-2.664979696E-1
2.772107413E1,9.259635210E-1,7.031189203E-1,-3.938516080E-1
2.774111612E1,1.124981165E0,8.529804945E-1,-5.703516603E-1
2.776115813E1,1.200862288E0,1.226852655E0,-6.175120473E-1
2.778120012E1,1.143831015E0,1.679954886E0,-4.851794243E-1
2.780124113E1,7.597986460E-1,1.506967783E0,-2.149841785E-1
2.782128312E1,9.272660315E-2,3.995476961E-1,2.084331363E-1
2.784132513E1,-2.534877956E-1,-5.204771087E-2,4.872480035E-1
2.786136712E1,-1.484567821E-1,2.194774523E-2,6.580519080E-1
2.788140913E1,1.104811579E-1,1.727834493E-1,5.145190358E-1
2.790145012E1,5.535638928E-1,-9.596237540E-2,1.856424361E-1
2.792149213E1,7.677877545E-1,1.013102904E-1,-2.767145261E-2
2.794153412E1,-3.895733953E-1,-9.894059300E-1,5.468789935E-1
2.796157613E1,7.550429106E-1,-1.185405850E0,6.554048657E-1
2.798161812E1,1.330372691E0,-9.660289288E-1,3.300057650E-1
2.800165913E1,1.157140374E0,-6.056610346E-1,-3.833240867E-1
2.802170112E1,1.254875898E0,-1.501821429E-1,-8.731786609E-1
2.804174313E1,9.820818305E-1,5.555326939E-1,-9.656180739E-1
2.806178512E1,4.850425422E-1,8.520309329E-1,-7.308564186E-1
2.808182713E1,5.316248536E-1,2.156465650E-1,-3.764206171E-1
2.810186812E1,1.146532655E0,-4.484440088E-1,2.975422423E-3
2.812191013E1,1.298245311E0,-1.103963852E0,2.302907035E-2
2.814195212E1,1.104054332E0,-1.322165012E0,-1.760611981E-1
2.816199413E1,9.674634337E-1,-9.946780801E-1,-3.872675002E-1
2.818203612E1,9.261736274E-1,-4.878080785E-1,-4.611913562E-1
2.820207713E1,8.337727785E-1,-2.582243681E-1,-4.282970726E-1
2.822211912E1,8.178102970E-1,-3.578023314E-1,-2.638673186E-1
2.824216113E1,8.498923182E-1,-4.342192709E-1,-1.098593771E-1
2.826220312E1,8.419173360E-1,-4.719694853E-1,-9.258934110E-2
2.828224513E1,7.247810364E-1,-4.263803661E-1,-1.759124994E-1
2.830228612E1,6.124609709E-1,-3.822470605E-1,-2.815050781E-1
2.832232813E1,5.326582789E-1,-3.264034390E-1,-3.546594381E-1
2.834237012E1,5.133127570E-1,-4.221298993E-1,-3.726808727E-1
2.836241213E1,5.727931261E-1,-5.172449946E-1,-3.523213565E-1
2.838245312E1,6.152686477E-1,-3.896619678E-1,-3.729201257E-1
2.840249513E1,6.122369170E-1,-2.432137430E-1,-4.095151424E-1
2.842253712E1,6.310577393E-1,-1.479809731E-1,-4.420531094E-1
2.844258137E1,6.508889794E-1,-2.049578875E-1,-4.484904110E-1
2.846262338E1,6.824873090E-1,-3.817387223E-1,-4.600938261E-1
2.848266537E1,5.601170659E-1,-4.509510100E-1,-4.449569881E-1
2.850270638E1,2.890232801E-1,-4.710850418E-1,-4.292339385E-1
2.852274837E1,1.584494263E-1,-5.526783466E-1,-2.782833874E-1
2.854279038E1,1.675058305E-1,-5.103567839E-1,-1.355663985E-1
2.856283237E1,1.324939281E-1,-4.952352047E-1,-1.059466749E-1
2.858287338E1,-1.065988168E-1,-5.748668909E-1,-8.367158473E-2
2.860291537E1,-6.482333541E-1,-3.823975325E-1,-6.971426308E-2
2.862295738E1,-1.382766724E0,7.919671386E-2,1.516616344E-1
2.864299937E1,-1.814595103E0,6.541510820E-1,5.617236495E-1
2.866304138E1,-2.190002918E0,4.382491708E-1,1.023246646E0
2.868308237E1,-2.374447823E0,-5.606851354E-2,1.065173745E0
2.870312438E1,-2.134443760E0,-1.107828259E0,8.116806746E-1
2.872316637E1,-1.827093363E0,-1.859586716E0,8.671277165E-1
2.874320838E1,-1.656156540E0,-1.812272072E0,7.372668982E-1
2.876325037E1,-1.697932601E0,-1.079743743E0,6.059247255E-1
2.878329138E1,-1.478078961E0,-7.410078645E-1,7.643436790E-1
2.880333337E1,-1.260070324E0,-9.344767332E-1,9.091979861E-1
2.882337538E1,-1.254636049E0,-5.649879575E-1,1.096221447E0
2.884341737E1,-1.719964862E0,1.837597489E-1,1.214230299E0
2.886345938E1,-2.009667158E0,7.092166543E-1,1.047723413E0
2.888350037E1,-1.773644924E0,1.274551749E0,9.133325815E-1
2.890354238E1,-1.391890287E0,1.896466970E0,8.890599608E-1
2.892358437E1,-1.210957170E0,1.744566917E0,8.657382727E-1
2.894362638E1,-1.026944399E0,1.430322886E0,6.145929098E-1
2.896366837E1,-6.794646382E-1,1.278562188E0,3.412369788E-1
2.898370938E1,-2.065460533E-1,1.135196328E0,2.153368890E-1
2.900375137E1,2.724831402E-1,1.066215873E0,1.897817105E-2
2.902379338E1,6.528455019E-1,1.199608207E0,-1.127722114E-1
2.904383537E1,9.749833941E-1,1.343395710E0,-2.366432548E-1
2.906387738E1,1.266104937E0,1.156493783E0,-4.161392748E-1
2.908391837E1,1.402614594E0,9.772275686E-1,-6.964886189E-1
2.910396038E1,1.350067139E0,1.045778036E0,-8.055765629E-1
2.912400237E1,1.087597370E0,1.336414099E0,-5.971799493E-1
2.914404438E1,5.265712142E-1,1.347056985E0,-3.396487534E-1
2.916408637E1,-1.071166769E-1,6.734883785E-1,2.287407070E-1
2.918412738E1,-2.747930884E-1,1.154153198E-1,6.554853320E-1
2.920416937E1,-1.189086139E-1,-5.058469772E-1,7.554194331E-1
2.922421138E1,4.689065516E-1,-1.221199274E0,6.035504937E-1
2.924425337E1,1.274953246E0,-4.232778847E-1,4.113883674E-1
2.926429538E1,1.156725168E0,2.840680480E-1,3.376934826E-1
2.928433637E1,2.651877999E-1,-1.029903173E0,4.094662368E-1
2.930437838E1,1.423443913E0,-1.212087512E0,3.175127208E-1
2.932442038E1,1.328599453E0,-1.004839778E0,9.707869962E-3
2.934446238E1,7.353094220E-1,-4.941815734E-1,-7.413280606E-1
2.936450438E1,7.689254284E-1,3.238576353E-1,-9.354721308E-1
2.938454538E1,9.288594127E-1,1.305791259E0,-8.664724231E-1
2.940458738E1,8.738632202E-1,1.433521748E0,-5.927739739E-1
2.942462938E1,8.174634576E-1,2.405045927E-1,-6.770779938E-2
2.944466837E1,1.009992242E0,-7.233909369E-1,1.642622352E-1
2.946470938E1,1.101562023E0,-9.549295306E-1,9.705650806E-2
2.948475137E1,9.291186929E-1,-7.793835998E-1,-1.486959755E-1
2.950479338E1,8.668463826E-1,-3.336698711E-1,-3.353377283E-1
2.952483537E1,7.947754264E-1,-1.316758245E-1,-4.422167242E-1
2.954487738E1,7.207063437E-1,-1.356560588E-1,-3.799071908E-1
2.956491837E1,8.022451401E-1,-2.437789887E-1,-2.385646254E-1
2.958496038E1,7.850148678E-1,-2.984857857E-1,-1.552671343E-1
2.960500237E1,7.040582895E-1,-3.508545160E-1,-1.668448001E-1
2.962504438E1,6.052980423E-1,-3.515073955E-1,-2.536851168E-1
2.964508637E1,5.533099771E-1,-2.436803281E-1,-3.238132596E-1
2.966512738E1,5.459034443E-1,-1.640733182E-1,-3.593762517E-1
2.968516937E1,5.398901701E-1,-2.855581343E-1,-3.411156535E-1
2.970521138E1,5.432901382E-1,-3.895595074E-1,-2.944430113E-1
2.972525337E1,6.050729156E-1,-3.171166182E-1,-3.397944272E-1
2.974529538E1,6.612417698E-1,-2.744307816E-1,-4.554978013E-1
2.976533637E1,6.203301549E-1,-3.146728873E-1,-5.846081972E-1
2.978537838E1,5.227879882E-1,-2.207094133E-1,-5.994158387E-1
2.980542037E1,3.956964612E-1,-6.543262303E-2,-4.829722643E-1
2.982546238E1,2.250380516E-1,-7.548156660E-3,-2.663044631E-1
2.984550438E1,1.957798153E-1,2.835446736E-3,9.136853740E-3
2.986554538E1,1.122123003E-2,-2.306495458E-1,2.124860138E-1
2.988558737E1,-4.544188380E-1,-3.103407323E-1,4.220858514E-1
2.990562938E1,-1.134567976E0,1.067102402E-1,6.179580688E-1
2.992567138E1,-1.518312216E0,4.202380776E-1,7.700597048E-1
2.994571338E1,-2.110826731E0,1.419846863E-1,8.709993362E-1
2.996575437E1,-2.443354368E0,-7.521082163E-1,8.333570361E-1
2.998579638E1,-2.429992914E0,-1.737264633E0,5.272264481E-1
3.000583838E1,-2.187026024E0,-2.515919924E0,8.027924895E-1
3.002588038E1,-1.843697309E0,-2.403783321E0,4.976700842E-1
3.004592238E1,-1.814385653E0,-1.367630959E0,4.537329078E-1
3.006596338E1,-1.440502763E0,-2.078098059E-1,6.290841699E-1
3.008600538E1,-1.329698086E0,-3.237601221E-1,1.022070527E0
3.010604738E1,-1.386298299E0,-1.008555293E0,1.271818399E0
3.012608938E1,-1.396343231E0,-9.683099985E-1,1.292747736E0
3.014613038E1,-1.372314215E0,1.781499982E-1,1.142440677E0
3.016617238E1,-1.185840487E0,1.207239389E0,9.820944071E-1
3.018621438E1,-1.032616258E0,1.442959428E0,8.821526170E-1
3.020625638E1,-1.126136065E0,1.433378339E0,7.605662346E-1
3.022629838E1,-1.191474557E0,1.350592732E0,6.914516687E-1
3.024634038E1,-8.887539506E-1,1.366402388E0,5.251781940E-1
3.026638138E1,-4.029641747E-1,1.230288625E0,3.494326770E-1
3.028642338E1,1.195165366E-1,1.023881912E0,2.584343255E-1
3.030646538E1,5.389975905E-1,9.108029604E-1,1.491660029E-1
3.032650738E1,7.449840307E-1,9.189794064E-1,-4.434984177E-2
3.034654838E1,8.453869224E-1,8.742637634E-1,-2.463388294E-1
3.036659038E1,1.033807158E0,6.454063058E-1,-4.645956457E-1
3.038663238E1,1.245900393E0,6.714698076E-1,-6.683265567E-1
3.040667438E1,1.251544118E0,1.285696745E0,-6.141037345E-1
3.042671638E1,1.086789727E0,1.882812023E0,-3.422374725E-1
3.044675800E1,6.989868283E-1,1.647778869E0,-5.381171405E-2
3.046680000E1,7.752995938E-2,6.475152969E-1,3.416855633E-1
3.048684200E1,-2.174903750E-1,-3.182317317E-1,6.598710418E-1
3.050688400E1,3.014179170E-1,-7.836461663E-1,5.743589997E-1
3.052692600E1,1.013800621E0,-3.483521342E-1,1.777008325E-1
3.054696700E1,8.503986597E-1,-3.426564336E-1,2.723391652E-1
3.056700900E1,2.797047496E-1,-7.998023629E-1,7.685225606E-1
3.058705100E1,1.135685205E0,-9.114236236E-1,4.735670388E-1
3.060709300E1,1.000463843E0,-1.139603615E0,-2.910910249E-1
3.062713500E1,9.321627021E-1,-6.452439427E-1,-8.545553684E-1
3.064717600E1,8.348196745E-1,-8.380199224E-2,-9.842168093E-1
3.066721800E1,5.772619247E-1,7.473729849E-1,-1.024299145E0
3.068726000E1,3.607909381E-1,7.122418284E-1,-6.722367406E-1
3.070730200E1,7.965899706E-1,-2.432882488E-1,-1.736290157E-1
3.072734400E1,1.136086464E0,-7.414862514E-1,3.903794661E-2
3.074738500E1,1.145874023E0,-6.672236919E-1,6.560395472E-3
3.076742700E1,9.180930853E-1,-4.038175941E-1,-1.960624754E-1
3.078746900E1,7.286654711E-1,-2.538891733E-1,-3.859527409E-1
3.080751100E1,6.530852914E-1,-3.107660916E-3,-5.388930440E-1
3.082755300E1,7.335612178E-1,-4.362067580E-2,-4.828358591E-1
3.084759400E1,9.027060866E-1,-1.694426537E-1,-3.498070240E-1
3.086763600E1,9.026857615E-1,-2.850423455E-1,-2.648008764E-1
3.088767800E1,8.456593752E-1,-3.257776797E-1,-2.836214900E-1
3.090772000E1,8.281041980E-1,-2.277135551E-1,-3.731676936E-1
3.092776100E1,7.928013802E-1,-1.473228484E-1,-5.106243491E-1
3.094780300E1,7.983834743E-1,-1.764555275E-1,-5.997975469E-1
3.096784500E1,8.147494793E-1,-2.460261732E-1,-6.455767751E-1
3.098788700E1,7.892863750E-1,-2.647987008E-1,-6.505717635E-1
3.100792900E1,8.327081203E-1,-1.786760986E-1,-6.545930505E-1
3.102797000E1,8.932292461E-1,-1.350630373E-1,-6.759312749E-1
3.104801200E1,7.877123952E-1,-3.017588258E-1,-6.116902232E-1
3.106805400E1,5.361062288E-1,-5.049958229E-1,-4.786128700E-1
3.108809600E1,2.635860443E-1,-4.593939781E-1,-3.089212775E-1
3.110813800E1,9.021780454E-3,-3.838687241E-1,-1.062050164E-1
3.112817900E1,-8.045790344E-2,-4.453415573E-1,1.192375049E-1
3.114822100E1,-2.533599734E-1,-2.709893882E-1,3.270360529E-1
3.116826300E1,-6.615846753E-1,1.100409999E-1,4.989017546E-1
3.118830500E1,-1.309630036E0,4.456967711E-1,6.434874535E-1
3.120834700E1,-1.535037041E0,5.925505757E-1,8.292701244E-1
3.122838800E1,-2.142523766E0,1.177463084E-1,9.387126565E-1
3.124843000E1,-2.518491268E0,-8.791903257E-1,7.247970104E-1
3.126847200E1,-2.400039911E0,-1.969415069E0,6.933022738E-1
3.128851400E1,-1.806871653E0,-1.925649047E0,8.513163924E-1
3.130855600E1,-1.598162055E0,-9.165647030E-1,4.059853852E-1
3.132859700E1,-1.776101947E0,-4.721983969E-1,5.335773826E-1
3.134863900E1,-1.690130949E0,-9.348927736E-1,8.253256679E-1
3.136868100E1,-1.380633950E0,-1.394029140E0,9.083705544E-1
3.138872300E1,-1.096127510E0,-1.071561217E0,1.066864491E0
3.140876400E1,-1.254046440E0,-1.546164155E-1,1.170352697E0
3.142880600E1,-1.408803225E0,9.465708137E-1,1.017535925E0
3.144884787E1,-1.429623842E0,1.596596837E0,8.688637018E-1
3.146888988E1,-1.305565596E0,1.601518631E0,7.425035834E-1
3.148893187E1,-1.078245044E0,1.391845584E0,6.479085684E-1
3.150897288E1,-7.914510965E-1,1.454229832E0,4.904362857E-1
3.152901487E1,-4.064607918E-1,1.331673980E0,2.976754010E-1
3.154905688E1,2.145022713E-2,1.063631296E0,1.315768063E-1
3.156909887E1,4.008159339E-1,8.903955221E-1,-2.152259275E-2
3.158914088E1,6.613667607E-1,8.758280873E-1,-1.811198741E-1
3.160918187E1,7.826609612E-1,9.051833153E-1,-3.211655319E-1
3.162922388E1,8.726841807E-1,8.325945139E-1,-4.345892668E-1
3.164926587E1,9.196658134E-1,7.981259823E-1,-5.222808719E-1
3.166930788E1,9.542398453E-1,1.031018496E0,-4.300182760E-1
3.168934987E1,9.841414690E-1,1.340308547E0,-2.319174856E-1
3.170939088E1,7.750479579E-1,1.365330219E0,-7.559669763E-2
3.172943287E1,2.176188827E-1,8.129183650E-1,2.052649856E-1
3.174947488E1,-1.471341401E-1,1.030315235E-1,4.715863168E-1
3.176951687E1,2.067577466E-2,-1.701061279E-1,5.867259502E-1
3.178955888E1,5.265593529E-1,-2.480333000E-1,3.299228251E-1
3.180959987E1,9.015104771E-1,8.574743569E-2,1.405570209E-1
3.182964188E1,3.719951212E-1,-5.799145438E-3,3.238122165E-1
3.184968387E1,2.472011149E-1,-1.422081709E0,7.555256486E-1
3.186972588E1,1.359530807E0,-1.826668024E0,6.084721088E-1
3.188976687E1,1.194999933E0,-1.944749355E0,8.448611945E-3
3.190980888E1,1.175570130E0,-9.607186913E-1,-6.929146647E-1
3.192985087E1,1.080658197E0,2.384162098E-1,-1.117116332E0
3.194989288E1,8.403060436E-1,1.520592809E0,-1.202662230E0
3.196993488E1,5.314214826E-1,9.238870740E-1,-8.086504340E-1
3.198997588E1,7.989523411E-1,-1.484372318E-1,-3.228557110E-1
3.201001787E1,1.360436559E0,-5.226916075E-1,4.140009172E-3
3.203005988E1,1.210920811E0,-4.550919235E-1,-8.962570131E-2
3.205010188E1,7.767518163E-1,-1.525000930E-1,-2.830834389E-1
3.207014388E1,7.241064906E-1,1.292801276E-2,-4.340856075E-1
3.209018487E1,7.904131413E-1,-2.021962591E-2,-4.248200655E-1
3.211022688E1,8.935706615E-1,-2.504594922E-1,-2.420899421E-1
3.213026888E1,9.389721155E-1,-4.398956001E-1,-1.549468338E-1
3.215031088E1,8.532981873E-1,-4.164900482E-1,-1.464118063E-1
3.217035188E1,7.623195052E-1,-4.120188057E-1,-1.950029135E-1
3.219039388E1,7.182747722E-1,-4.329379499E-1,-2.984635532E-1
3.221043588E1,6.242263913E-1,-4.136109054E-1,-4.243426323E-1
3.223047788E1,5.469880700E-1,-4.888449609E-1,-4.969391823E-1
3.225051988E1,5.538395047E-1,-5.427006483E-1,-5.183743238E-1
3.227056088E1,6.584239602E-1,-3.341261744E-1,-5.001963973E-1
3.229060288E1,7.543271780E-1,-1.160839722E-1,-5.167103410E-1
3.231064488E1,6.990982890E-1,-1.218238845E-1,-5.418068171E-1
3.233068688E1,5.668787956E-1,-3.272399306E-1,-5.732361674E-1
3.235072888E1,4.584182203E-1,-4.281794727E-1,-5.687151551E-1
3.237076988E1,2.769250572E-1,-4.173536897E-1,-4.266410172E-1
3.239081188E1,1.634011716E-1,-3.747151196E-1,-1.615320593E-1
3.241085388E1,-2.918173373E-2,-2.547190785E-1,1.488852203E-1
3.243089588E1,-4.011154771E-1,1.816668957E-1,5.221109390E-1
3.245093775E1,-7.267179489E-1,7.462499738E-1,7.262361646E-1
3.247097875E1,-1.165727735E0,6.583510637E-1,8.127073050E-1
3.249102075E1,-1.887478590E0,3.036147952E-1,6.327998638E-1
3.251106275E1,-2.440997839E0,-6.788864732E-1,5.002683997E-1
3.253110475E1,-2.613399982E0,-1.685807943E0,6.104754210E-1
3.255114575E1,-2.080926657E0,-1.264208794E0,7.765894532E-1
3.257118775E1,-1.770306587E0,-6.861323118E-1,5.676627159E-1
3.259122975E1,-2.012972116E0,-9.539052248E-1,6.551562548E-1
3.261127175E1,-2.136944056E0,-1.223013639E0,8.082179427E-1
3.263131375E1,-1.765669823E0,-1.116149068E0,9.507965446E-1
3.265135475E1,-1.480989933E0,-1.376345515E0,1.063812613E0
3.267139675E1,-1.315054417E0,-4.206895828E-1,1.156683326E0
3.269143875E1,-1.387333632E0,1.017125368E0,1.137386441E0
3.271148075E1,-1.563771367E0,1.338564515E0,1.080404401E0
3.273152275E1,-1.596850276E0,1.322269559E0,9.664595127E-1
3.275156375E1,-1.438852668E0,1.220890641E0,7.750017643E-1
3.277160575E1,-1.076660514E0,1.404921770E0,6.371869445E-1
3.279164775E1,-6.575915813E-1,1.377063870E0,4.337551296E-1
3.281168975E1,-1.549528241E-1,1.205275297E0,2.242996395E-1
3.283173075E1,3.317487538E-1,9.760299325E-1,4.865363240E-3
3.285177275E1,7.095132470E-1,7.683849931E-1,-1.840677261E-1
3.287181475E1,9.696497917E-1,7.062426805E-1,-3.249457479E-1
3.289185675E1,1.075701952E0,6.489064693E-1,-4.688183665E-1
3.291189875E1,1.124197364E0,3.853439093E-1,-7.128583193E-1
3.293193975E1,1.135460138E0,6.630014181E-1,-9.329300523E-1
3.295198175E1,9.151967764E-1,1.382626176E0,-8.479737639E-1
3.297202375E1,4.690201581E-1,2.113411427E0,-6.028406620E-1
3.299206575E1,6.145882234E-2,1.705734849E0,-1.847288907E-1
3.301210775E1,-3.304668069E-1,3.965685070E-1,4.340542257E-1
3.303214875E1,-2.774013877E-1,-6.846686006E-1,7.891597748E-1
3.305219075E1,1.635957807E-1,-8.349793553E-1,7.702359557E-1
3.307223275E1,7.598220110E-1,-2.264122814E-1,5.350260139E-1
3.309227475E1,7.957097292E-1,4.595687389E-1,3.829341531E-1
3.311231575E1,3.755269200E-2,-8.338480592E-1,6.222278476E-1
3.313235775E1,1.292685747E0,-1.542835474E0,5.998958945E-1
3.315239975E1,1.497326851E0,-1.868095160E0,2.206486613E-1
3.317244175E1,1.011759877E0,-8.862153292E-1,-4.986074865E-1
3.319248375E1,9.900388718E-1,1.050938219E-1,-9.440832138E-1
3.321252475E1,8.466312885E-1,6.730410457E-1,-1.040583253E0
3.323256675E1,7.673807740E-1,8.098525405E-1,-7.867926359E-1
3.325260875E1,9.171391726E-1,-2.239302248E-1,-2.274763435E-1
3.327265075E1,1.389580250E0,-1.021234274E0,1.560478657E-1
3.329269275E1,1.293550849E0,-1.320533395E0,5.605414137E-2
3.331273375E1,8.470843434E-1,-9.381637573E-1,-1.741559207E-1
3.333277575E1,6.275273561E-1,-2.463508397E-1,-3.515880108E-1
3.335281775E1,8.155602813E-1,1.003254354E-1,-4.332281947E-1
3.337285975E1,9.757992625E-1,-1.599453837E-1,-3.246169984E-1
3.339290075E1,9.652270079E-1,-4.676133990E-1,-1.848725975E-1
3.341294275E1,1.008395076E0,-6.275229454E-1,-1.251770407E-1
3.343298475E1,9.189699888E-1,-6.048917770E-1,-1.892524362E-1
3.345302663E1,7.445473671E-1,-6.433995962E-1,-3.269555271E-1
3.347306863E1,6.590955853E-1,-5.996648669E-1,-4.316785038E-1
3.349310963E1,6.178064942E-1,-5.267577171E-1,-5.010623336E-1
3.351315163E1,5.965980887E-1,-4.575966299E-1,-5.265263319E-1
3.353319363E1,6.317364573E-1,-3.856463730E-1,-5.305892825E-1
3.355323563E1,7.032883763E-1,-2.526331544E-1,-5.526372790E-1
3.357327663E1,7.719565034E-1,-6.027369201E-2,-5.494632125E-1
3.359331863E1,7.334319949E-1,-9.611771256E-2,-5.177319050E-1
3.361336063E1,5.286718011E-1,-2.970741093E-1,-4.708666503E-1
3.363340263E1,2.789199948E-1,-3.437262475E-1,-3.568416834E-1
3.365344463E1,1.391321868E-1,-1.961556375E-1,-2.113462985E-1
3.367348563E1,6.610597670E-2,-1.319237053E-1,-8.149199188E-2
3.369352763E1,-1.280449927E-1,-9.297273308E-2,8.395665139E-2
3.371356963E1,-5.132057071E-1,-1.370878518E-2,2.640731931E-1
3.373361163E1,-1.155874252E0,3.288896382E-1,4.522566497E-1
3.375365363E1,-1.749762058E0,4.893733561E-1,6.806594133E-1
3.377369463E1,-2.206322432E0,2.157529742E-1,9.636589289E-1
3.379373663E1,-2.867351055E0,-1.204922795E0,1.107836127E0
3.381377863E1,-2.092093468E0,-1.871759892E0,9.668042064E-1
3.383382063E1,-1.183253527E0,-1.809498072E0,9.624058604E-1
3.385386163E1,-1.209837437E0,-1.538143992E0,7.336401343E-1
3.387390363E1,-1.442430377E0,-6.121020913E-1,6.918657422E-1
3.389394563E1,-1.426363111E0,-3.424890637E-1,9.097535014E-1
3.391398763E1,-1.365333200E0,-8.443995118E-1,1.241565347E0
3.393402963E1,-1.502521753E0,-1.022631049E0,1.372609019E0
3.395407063E1,-1.441736102E0,2.146226913E-1,1.192559123E0
3.397411263E1,-1.306961417E0,1.295198560E0,1.070070148E0
3.399415463E1,-1.247431517E0,1.620981812E0,9.100828171E-1
3.401419663E1,-1.304551721E0,1.232657552E0,7.949460149E-1
3.403423863E1,-1.381582141E0,9.479094148E-1,6.851259470E-1
3.405427963E1,-1.229466677E0,1.022265315E0,5.512362719E-1
3.407432163E1,-6.205229759E-1,1.141061068E0,3.580442369E-1
3.409436363E1,-1.203511804E-1,1.009016156E0,1.707164645E-1
3.411440562E1,2.218007594E-1,8.971962929E-1,-1.989415102E-2
3.413444663E1,4.613214135E-1,1.034302115E0,-2.201101035E-1
3.415448863E1,6.564822197E-1,1.124742389E0,-4.009273946E-1
3.417453063E1,7.914183736E-1,1.103845358E0,-5.976869464E-1
3.419457262E1,9.772273302E-1,1.066315055E0,-7.359530330E-1
3.421461463E1,1.179577947E0,1.085124612E0,-8.269050121E-1
3.423465563E1,1.225309968E0,1.196443081E0,-7.108287811E-1
3.425469763E1,8.019242883E-1,1.710211158E0,-4.385081530E-1
3.427473962E1,1.612962782E-1,1.457893610E0,-3.055838402E-3
3.429478163E1,-2.038969547E-1,6.170013547E-1,3.631541729E-1
3.431482262E1,-8.961018175E-2,1.882437021E-1,5.118533373E-1
3.433486463E1,7.182636857E-2,-4.465630949E-1,3.279010355E-1
3.435490662E1,5.177469850E-1,-7.157462239E-1,3.344860971E-1
3.437494863E1,8.678040504E-1,-3.684016168E-1,5.555034876E-1
3.439499062E1,6.085107327E-1,-6.538163424E-1,6.274389029E-1
3.441503163E1,1.499596357E0,-9.337062240E-1,3.660523295E-1
3.443507362E1,1.472583532E0,-1.348920107E0,-3.265697882E-2
3.445511537E1,1.293856621E0,-6.103306413E-1,-7.060763240E-1
3.447515738E1,9.200116396E-1,-1.151995268E-2,-8.728827834E-1
3.449519837E1,6.922203898E-1,5.185143948E-1,-7.424019575E-1
3.451524038E1,7.932302356E-1,5.014912486E-1,-4.733525813E-1
3.453528237E1,9.415565133E-1,-1.349346936E-1,-1.478210986E-1
3.455532438E1,1.087638021E0,-9.220246077E-1,-1.167899966E-1
3.457536638E1,1.017693520E0,-1.144792676E0,-2.176191807E-1
3.459540738E1,8.546370268E-1,-9.491274357E-1,-3.719824553E-1
3.461544938E1,7.257884741E-1,-5.345451236E-1,-4.516697228E-1
3.463549138E1,6.668418646E-1,-3.111632764E-1,-3.362496495E-1
3.465553338E1,6.360968947E-1,-3.631237745E-1,-2.180320770E-1
3.467557438E1,6.585789323E-1,-4.799472690E-1,-1.658060700E-1
3.469561638E1,7.642253637E-1,-4.070199132E-1,-1.727689654E-1
3.471565838E1,8.108912706E-1,-2.468163669E-1,-2.254262418E-1
3.473570038E1,7.965809703E-1,-2.345732152E-1,-3.019990623E-1
3.475574238E1,7.452951670E-1,-3.330115974E-1,-4.041920006E-1
3.477578338E1,8.192589283E-1,-3.201323152E-1,-5.017492771E-1
3.479582538E1,8.615691066E-1,-3.306697011E-1,-5.967577100E-1
3.481586738E1,8.967623711E-1,-3.552960455E-1,-6.814485788E-1
3.483590938E1,9.793615937E-1,-1.281952262E-1,-7.615978122E-1
3.485595038E1,9.533438683E-1,2.715146542E-2,-8.318279982E-1
3.487599238E1,7.526204586E-1,-1.006606668E-1,-7.854253650E-1
3.489603438E1,4.065252542E-1,-3.947526217E-1,-6.364586353E-1
3.491607638E1,2.452847213E-1,-3.371372223E-1,-3.881379962E-1
3.493611838E1,2.530694008E-1,-8.510554582E-2,-1.427667141E-1
3.495615938E1,1.807187498E-1,-9.534648806E-2,1.400718689E-1
3.497620138E1,-2.394264638E-1,-3.672761619E-1,3.439660370E-1
3.499624338E1,-6.898902655E-1,-1.626428813E-1,5.163027644E-1
3.501628538E1,-1.136292219E0,5.247128010E-1,6.487308145E-1
3.503632638E1,-1.443764806E0,7.943640947E-1,6.875775456E-1
3.505636838E1,-2.103955746E0,3.041625619E-1,8.050746322E-1
3.507641038E1,-2.569803715E0,-6.079876423E-1,8.257694244E-1
3.509645238E1,-2.487863541E0,-1.008492112E0,6.795977354E-1
3.511649438E1,-2.077615499E0,-1.422196507E0,1.029050231E0
3.513653538E1,-1.858375430E0,-1.211204886E0,7.221510410E-1
3.515657738E1,-1.929582000E0,-9.145753980E-1,5.854424834E-1
3.517661938E1,-1.671174765E0,-7.793515921E-1,8.628479242E-1
3.519666138E1,-1.479440570E0,-1.195724726E0,1.032075524E0
3.521670238E1,-1.259082913E0,-9.201635122E-1,1.387074947E0
3.523674438E1,-1.352704048E0,-3.642968461E-2,1.475225091E0
3.525678638E1,-1.634364128E0,1.171261787E0,1.271566749E0
3.527682838E1,-1.633261323E0,1.765256882E0,1.036256671E0
3.529687038E1,-1.575196385E0,1.702471614E0,8.678038120E-1
3.531691138E1,-1.514386058E0,1.469690084E0,7.924333215E-1
3.533695338E1,-1.158925056E0,1.476576567E0,7.005430460E-1
3.535699538E1,-6.368970871E-1,1.465812206E0,4.305125773E-1
3.537703738E1,-2.185769528E-1,1.251691341E0,1.878076047E-1
3.539707838E1,2.406608611E-1,9.204085469E-1,3.913059086E-2
3.541712038E1,6.698165536E-1,7.529534101E-1,-8.616376668E-2
3.543716238E1,9.543130398E-1,8.046732545E-1,-2.336543798E-1
3.545720467E1,1.167524695E0,6.547377706E-1,-3.857468367E-1
3.547724567E1,1.342230439E0,5.513067245E-1,-5.597723126E-1
3.549728767E1,1.366714001E0,8.846705556E-1,-6.991558075E-1
3.551732967E1,1.216876507E0,1.389678121E0,-5.222193599E-1
3.553737167E1,8.477738500E-1,1.429743648E0,-1.904368550E-1
3.555741367E1,3.481243253E-1,6.001760364E-1,8.624515682E-2
3.557745467E1,-2.139497846E-1,-1.247738078E-1,4.502639174E-1
3.559749667E1,-3.014366031E-1,1.384910047E-1,4.988880157E-1
3.561753867E1,1.034775674E-1,-2.602609694E-1,3.336539865E-1
3.563758067E1,1.104628086E0,-7.339406610E-1,2.806976736E-1
3.565762167E1,1.622841954E0,-2.097237855E-1,4.521933943E-2
3.567766367E1,7.385268211E-1,-4.204137027E-1,-3.114374280E-1
3.569770567E1,1.754621044E-2,-1.227480412E0,-1.889767051E-1
3.571774767E1,1.426737428E0,-8.861147165E-1,1.857447624E-1
3.573778967E1,1.575603724E0,3.684057295E-2,2.037055641E-1
3.575783067E1,5.155982375E-1,-1.388724685E0,-8.854746073E-2
3.577787267E1,2.299460918E-1,-1.345907927E0,-5.528031588E-1
3.579791467E1,5.756826997E-1,1.710686237E-1,-5.454375148E-1
3.581795667E1,6.865538359E-1,2.784216702E-1,-4.579819739E-1
3.583799767E1,1.019959450E0,-2.932401001E-1,-2.881195247E-1
3.585803967E1,1.129137635E0,-5.568692088E-1,-1.965802014E-1
3.587808167E1,1.026804686E0,-1.009231687E0,-2.112245411E-1
3.589812367E1,1.000543714E0,-1.122457385E0,-3.028748035E-1
3.591816467E1,9.493494034E-1,-8.054157495E-1,-4.359890223E-1
3.593820667E1,8.748334646E-1,-4.496996403E-1,-3.601723611E-1
3.595824867E1,7.680264115E-1,-2.053349465E-1,-2.855141759E-1
3.597829067E1,6.982092857E-1,-2.724288404E-1,-2.103153020E-1
3.599833267E1,6.936213374E-1,-3.468251526E-1,-1.920363456E-1
3.601837367E1,6.538767219E-1,-2.906792164E-1,-2.802898288E-1
3.603841567E1,5.911500454E-1,-2.742896378E-1,-3.797033131E-1
3.605845767E1,5.558751225E-1,-2.852373719E-1,-4.378389418E-1
3.607849967E1,6.782654524E-1,-3.536549807E-1,-4.786431193E-1
3.609854067E1,9.164007306E-1,-3.105844855E-1,-5.360185504E-1
3.611858267E1,9.874235988E-1,-2.274119109E-1,-6.174395084E-1
3.613862467E1,8.954678178E-1,-2.847715616E-1,-6.453790069E-1
3.615866667E1,6.762664914E-1,-3.862396479E-1,-6.116312742E-1
3.617870867E1,4.390576780E-1,-4.010247290E-1,-5.181972384E-1
3.619874967E1,1.990171373E-1,-4.326322079E-1,-4.002796412E-1
3.621879167E1,-1.057734489E-1,-4.199098945E-1,-2.442258447E-1
3.623883367E1,-2.738125920E-1,-1.395394206E-1,4.317687079E-2
3.625887567E1,-3.906764984E-1,4.217218757E-1,4.181517363E-1
3.627891667E1,-8.510506749E-1,5.336619616E-1,6.644514799E-1
3.629895867E1,-1.429761052E0,-3.203707747E-4,8.596111536E-1
3.631900067E1,-2.115050316E0,-4.312992692E-1,7.672383189E-1
3.633904267E1,-2.448106766E0,-9.165928364E-1,7.304609418E-1
3.635908367E1,-2.563925505E0,-1.157238603E0,6.795427799E-1
3.637912567E1,-2.176038504E0,-1.112189651E0,9.403948188E-1
3.639916767E1,-1.787355423E0,-9.400205612E-1,6.685088277E-1
3.641920967E1,-1.908848405E0,-6.934607029E-1,5.865538716E-1
3.643925067E1,-2.018142223E0,-4.577171504E-1,7.880459428E-1
3.645929225E1,-1.896452904E0,-7.235450745E-1,9.074175358E-1
3.647933425E1,-1.641052246E0,-4.867664278E-1,8.742923141E-1
3.649937625E1,-1.502754211E0,5.219075680E-1,9.203249216E-1
3.651941825E1,-1.438964248E0,9.719354510E-1,8.990498185E-1
3.653945925E1,-1.196877956E0,9.081158042E-1,8.619918823E-1
3.655950125E1,-1.069658756E0,1.103146434E0,8.175625801E-1
3.657954325E1,-1.018854380E0,1.470009685E0,7.026273608E-1
3.659958525E1,-8.728447556E-1,1.538992047E0,4.345192015E-1
3.661962625E1,-5.449892879E-1,1.483289480E0,1.198416576E-1
3.663966825E1,-2.154645696E-2,1.248049974E0,-7.407451421E-2
3.665971025E1,5.530643463E-1,1.006827712E0,-2.022025138E-1
3.667975225E1,9.776037931E-1,9.454039931E-1,-2.728011906E-1
3.669979325E1,1.188599467E0,8.655514121E-1,-3.178992867E-1
3.671983525E1,1.216071367E0,5.996026993E-1,-4.970209897E-1
3.673987725E1,1.249176502E0,7.404781580E-1,-6.946629286E-1
3.675991925E1,1.102225304E0,1.360900879E0,-6.311520338E-1
3.677996125E1,6.854134202E-1,1.626956463E0,-3.790863156E-1
3.680000225E1,8.530788869E-2,1.089516878E0,6.823018193E-2
3.682004425E1,-5.259648561E-1,-3.677476645E-1,6.778024435E-1
3.684008625E1,-4.322122931E-1,-1.115042567E0,8.504705429E-1
3.686012825E1,3.447177112E-1,-1.114580154E0,6.158540845E-1
3.688016925E1,1.162697315E0,-1.074733615E0,6.101611257E-1
3.690021125E1,8.928105831E-1,3.647177219E-1,2.478148788E-1
3.692025325E1,3.691007197E-1,-8.037468195E-1,-3.435486555E-2
3.694029525E1,1.965841651E0,-4.183206260E-1,6.312090158E-1
3.696033625E1,1.673333764E0,-3.154277205E-1,4.342483580E-1
3.698037825E1,-9.120086208E-3,-2.362745285E0,-3.620146811E-1
3.700042025E1,3.445293903E-1,-1.201370478E0,-7.843061090E-1
3.702046225E1,5.566674471E-1,5.519109964E-1,-7.398957610E-1
3.704050425E1,5.201699138E-1,7.570981979E-1,-4.818198681E-1
3.706054525E1,9.537619948E-1,-1.634651124E-1,-3.046024591E-2
3.708058725E1,1.214932323E0,-6.484220028E-1,5.789619312E-2
3.710062925E1,1.080637217E0,-7.715761662E-1,-2.398359403E-2
3.712067125E1,1.045838118E0,-8.345787525E-1,-2.994076610E-1
3.714071225E1,9.668861628E-1,-6.018492579E-1,-4.325041473E-1
3.716075425E1,9.482241869E-1,-4.670718312E-1,-4.791100025E-1
3.718079625E1,9.282265306E-1,-3.555114865E-1,-4.581902325E-1
3.720083825E1,8.568062186E-1,-3.195990920E-1,-3.319624662E-1
3.722087925E1,7.969974279E-1,-3.762522936E-1,-3.039877415E-1
3.724092125E1,7.922521830E-1,-2.119111717E-1,-3.766478002E-1
3.726096325E1,7.861623764E-1,-1.367655694E-1,-4.387627542E-1
3.728100525E1,7.568569183E-1,-1.240124777E-1,-4.281034172E-1
3.730104725E1,7.412570119E-1,-2.042078078E-1,-4.031000435E-1
3.732108825E1,7.888612151E-1,-1.924402863E-1,-4.178074002E-1
3.734113025E1,8.112329245E-1,-9.432104975E-2,-4.842461646E-1
3.736117225E1,8.013550639E-1,-8.060476184E-2,-5.575634837E-1
3.738121425E1,7.371218801E-1,-2.120321542E-1,-5.953134298E-1
3.740125525E1,6.330053210E-1,-4.381989539E-1,-5.766578317E-1
3.742129725E1,5.162577033E-1,-5.293515325E-1,-5.075858235E-1
3.744133925E1,4.027113914E-1,-4.481525421E-1,-4.054309726E-1
3.746138438E1,2.352463156E-1,-3.237185180E-1,-2.813720703E-1
3.748142538E1,-3.100540675E-2,-2.426308095E-1,-1.495551169E-1
3.750146738E1,-3.373312652E-1,4.955419526E-2,6.972599775E-2
3.752150938E1,-5.525991321E-1,4.032446742E-1,3.258765340E-1
3.754155138E1,-1.041930437E0,5.538695455E-1,5.062048435E-1
3.756159238E1,-1.537353754E0,5.496492386E-1,6.361545920E-1
3.758163438E1,-2.006294012E0,1.975837946E-1,7.277789712E-1
3.760167638E1,-2.347919941E0,-8.022175431E-1,7.456781864E-1
3.762171837E1,-2.371554375E0,-1.305606604E0,8.004205823E-1
3.764176038E1,-1.958399296E0,-1.221753955E0,9.295527935E-1
3.766180138E1,-1.709205389E0,-1.031724453E0,7.781650424E-1
3.768184338E1,-1.786461115E0,-6.553995013E-1,7.101369500E-1
3.770188537E1,-1.757780194E0,-5.559940338E-1,8.045191765E-1
3.772192738E1,-1.629168272E0,-8.019660711E-1,9.737557173E-1
3.774196838E1,-1.577035904E0,-9.797881246E-1,1.106557846E0
3.776201038E1,-1.486885428E0,-1.563204974E-1,1.323415279E0
3.778205237E1,-1.336450934E0,1.218272448E0,1.397346139E0
3.780209438E1,-1.066216707E0,1.886904001E0,1.301331401E0
3.782213537E1,-9.837046862E-1,1.761380553E0,1.222756743E0
3.784217738E1,-1.072589874E0,1.658489943E0,1.127732635E0
3.786221937E1,-1.125000715E0,1.504278898E0,8.211212754E-1
3.788226138E1,-7.965037227E-1,1.352618098E0,4.500996470E-1
3.790230237E1,-2.109191865E-1,1.249308228E0,2.262957990E-1
3.792234438E1,2.691990733E-1,9.627604485E-1,5.051719025E-2
3.794238637E1,6.018466949E-1,9.119553566E-1,-1.120163649E-1
3.796242838E1,7.956387401E-1,9.692516923E-1,-3.208727539E-1
3.798247037E1,8.405336738E-1,9.100381136E-1,-5.598658919E-1
3.800251138E1,8.931149840E-1,1.069997549E0,-6.674473286E-1
3.802255337E1,9.922235012E-1,1.283530474E0,-6.589167118E-1
3.804259538E1,9.327508211E-1,1.457904220E0,-5.381745100E-1
3.806263737E1,6.159648299E-1,1.084516644E0,-2.207636833E-1
3.808267838E1,2.971373200E-1,4.375693202E-1,1.952198595E-1
3.810272037E1,1.261483282E-1,-1.611199230E-2,4.511469603E-1
3.812276238E1,2.740879059E-1,-7.373878360E-1,5.906289220E-1
3.814280437E1,1.290213585E0,-1.632973313E0,5.897125602E-1
3.816284538E1,2.094314814E0,-9.857289791E-1,2.106763273E-1
3.818288737E1,1.554305196E0,-3.944646120E-1,-3.357895315E-1
3.820292938E1,-9.267682582E-2,-5.587176085E-1,-5.692847371E-1
3.822297137E1,1.453735590E0,5.669950694E-2,-1.080082506E-1
3.824301238E1,1.539634466E0,7.796183825E-1,-3.201068342E-1
3.826305437E1,2.504976392E-1,-5.800133944E-1,-7.987241745E-1
3.828309638E1,4.599306881E-1,-7.906725407E-1,-9.171728492E-1
3.830313837E1,8.810412288E-1,2.584176064E-1,-8.418268561E-1
3.832317938E1,1.074458003E0,4.431473911E-1,-5.346943736E-1
3.834322137E1,1.224850059E0,-2.922972441E-1,-7.918533683E-2
3.836326338E1,1.061590552E0,-9.837377667E-1,1.495814919E-1
3.838330537E1,9.276839495E-1,-1.310370445E0,6.500700116E-2
3.840334638E1,9.753773808E-1,-6.498692036E-1,-1.937816888E-1
3.842338837E1,8.037732244E-1,-1.092289612E-1,-4.752256274E-1
3.844343038E1,6.912494302E-1,-2.820972800E-1,-5.226790905E-1
3.846346950E1,8.592033982E-1,-4.828104675E-1,-3.757754564E-1
3.848351150E1,8.523254991E-1,-5.086037517E-1,-2.437842935E-1
3.850355250E1,6.498830318E-1,-4.010888338E-1,-2.589196265E-1
3.852359450E1,5.726523995E-1,-2.360537648E-1,-3.328865767E-1
3.854363650E1,6.309000850E-1,-8.998767287E-2,-4.155516922E-1
3.856367850E1,6.726415157E-1,-4.883034527E-2,-4.741322696E-1
3.858371950E1,7.489990592E-1,-1.940829903E-1,-4.981706440E-1
3.860376150E1,8.084690571E-1,-2.260942459E-1,-5.312194824E-1
3.862380350E1,7.816495299E-1,-1.388302445E-1,-5.929698944E-1
3.864384550E1,7.150434852E-1,-1.795061678E-1,-6.298945546E-1
3.866388650E1,5.833278894E-1,-1.538051963E-1,-5.895450711E-1
3.868392850E1,3.839406371E-1,-6.303363293E-2,-4.254841805E-1
3.870397050E1,1.766457111E-1,-1.959271729E-1,-2.367054075E-1
3.872401250E1,1.475799233E-1,-3.368493319E-1,-5.393746868E-2
3.874405350E1,6.712755561E-2,-3.509341180E-1,1.025281101E-1
3.876409550E1,-2.093897909E-1,-3.531788886E-1,2.337021381E-1
3.878413750E1,-6.435481310E-1,-4.359684512E-2,3.679896593E-1
3.880417950E1,-1.160938382E0,3.267331123E-1,5.539614558E-1
3.882422050E1,-1.566217065E0,4.823478460E-1,7.710625529E-1
3.884426250E1,-2.047840357E0,2.762949467E-1,9.687878489E-1
3.886430450E1,-2.433947325E0,-1.000242949E0,1.067284226E0
3.888434650E1,-2.293266773E0,-1.776491046E0,9.568817019E-1
3.890438850E1,-1.917075038E0,-2.228045225E0,1.092828870E0
3.892442950E1,-1.653273821E0,-1.831324935E0,7.468488812E-1
3.894447150E1,-1.669299006E0,-6.902509332E-1,5.709162951E-1
3.896451350E1,-1.955685377E0,-3.133606017E-1,6.697966456E-1
3.898455550E1,-1.851518273E0,-2.940653861E-1,7.790878415E-1
3.900459650E1,-1.750732899E0,1.698705107E-1,9.332616925E-1
3.902463850E1,-1.865591526E0,3.564397395E-1,8.643100262E-1
3.904468050E1,-1.616315722E0,7.988378406E-1,6.781415939E-1
3.906472250E1,-1.073987484E0,1.091131926E0,6.416161656E-1
3.908476350E1,-6.161302328E-1,1.323106408E0,8.169918060E-1
3.910480550E1,-4.555056393E-1,1.346657515E0,9.808680415E-1
3.912484750E1,-4.509612620E-1,1.149434209E0,8.992441297E-1
3.914488950E1,-4.043929875E-1,1.112461209E0,5.447111726E-1
3.916493050E1,-5.945789814E-2,1.008680940E0,2.154320776E-1
3.918497250E1,4.031798542E-1,8.573825359E-1,8.228717372E-3
3.920501450E1,7.068474293E-1,8.294530511E-1,-2.085008025E-1
3.922505650E1,8.989459276E-1,8.867886066E-1,-3.752264977E-1
3.924509750E1,9.504933953E-1,9.539931417E-1,-5.313824415E-1
3.926513950E1,8.948729038E-1,8.877240419E-1,-6.768116355E-1
3.928518150E1,7.221264839E-1,7.473995686E-1,-7.466409802E-1
3.930522350E1,5.489225984E-1,7.999411821E-1,-6.278886199E-1
3.932526450E1,3.293117285E-1,1.100024462E0,-3.983434439E-1
3.934530650E1,2.523530424E-1,1.203623056E0,-9.862926602E-2
3.936534850E1,1.610835344E-1,6.870359182E-1,3.530243337E-1
3.938539050E1,1.007841602E-1,3.989905417E-1,6.254070997E-1
3.940543150E1,4.286125302E-3,1.114304215E-1,8.086411953E-1
3.942547350E1,-8.596244268E-3,-1.338779777E-1,7.756665349E-1
3.944551550E1,2.662997544E-1,2.965216339E-1,4.066928029E-1
3.946555717E1,7.557988167E-1,6.999197006E-1,9.680438042E-2
3.948559817E1,9.711940885E-1,5.457188487E-1,1.840125956E-2
3.950564017E1,5.045267940E-1,-4.279321432E-1,3.363315016E-2
3.952568217E1,-2.362760752E-1,-1.390062332E0,2.129603922E-1
3.954572417E1,8.332508206E-1,-6.752586961E-1,1.661395282E-1
3.956576517E1,1.413237453E0,-8.335017562E-1,9.104079753E-2
3.958580717E1,9.650120735E-1,-1.175753355E0,-4.515250027E-1
3.960584917E1,7.147239447E-1,-7.762095928E-1,-6.327834129E-1
3.962589117E1,5.564086437E-1,-1.092857048E-1,-6.315807700E-1
3.964593317E1,6.039364934E-1,2.692795098E-1,-5.752092004E-1
3.966597417E1,8.430821300E-1,-2.143557817E-1,-2.516564727E-1
3.968601617E1,9.712353945E-1,-3.527367115E-1,-1.472588032E-1
3.970605817E1,7.689684033E-1,-2.709460258E-1,-2.568791211E-1
3.972610017E1,7.120434046E-1,-9.045728296E-2,-3.786897063E-1
3.974614117E1,8.921981454E-1,-1.326434463E-1,-3.729244769E-1
3.976618317E1,9.843817353E-1,-3.688332736E-1,-2.831603885E-1
3.978622517E1,8.193249106E-1,-4.409548044E-1,-2.383753061E-1
3.980626717E1,7.976508141E-1,-3.428526521E-1,-2.174232453E-1
3.982630817E1,7.424305081E-1,-3.264614344E-1,-2.193933278E-1
3.984635017E1,6.560584903E-1,-5.058897138E-1,-2.803489268E-1
3.986639217E1,6.287976503E-1,-5.171421170E-1,-3.624897301E-1
3.988643417E1,6.271919012E-1,-3.348581791E-1,-4.676498175E-1
3.990647517E1,6.819171906E-1,-3.529013395E-1,-5.249364972E-1
3.992651717E1,7.792405486E-1,-6.044433117E-1,-5.182999372E-1
3.994655917E1,8.212027550E-1,-6.383342743E-1,-5.229742527E-1
3.996660117E1,7.594926953E-1,-4.878624380E-1,-5.965551734E-1
3.998664217E1,6.117919087E-1,-5.249807835E-1,-6.723423600E-1
4.000668417E1,5.122579336E-1,-8.236104250E-1,-6.423770785E-1
4.002672617E1,3.768177330E-1,-9.570168853E-1,-5.234479308E-1
4.004676817E1,1.723279953E-1,-6.851914525E-1,-3.527569175E-1
4.006680917E1,2.409292199E-2,-3.806094229E-1,8.802603930E-2
4.008685117E1,-1.860089749E-1,-4.009764194E-1,5.473369956E-1
4.010689317E1,-3.458717763E-1,-9.668082595E-1,1.015214205E0
4.012693517E1,-3.967168331E-1,-1.162389994E0,5.945155025E-1
4.014697617E1,-6.838073134E-1,-8.413066864E-1,1.158245429E-1
4.016701817E1,-3.691134155E-1,-1.071224689E0,-2.477866560E-1
4.018706017E1,-1.504093111E-1,-4.446127117E-1,-6.416418552E-1
4.020710217E1,-1.404217333E-1,2.614406347E-1,-8.121068478E-1
4.022714317E1,1.787370294E-1,1.742437482E-1,-7.250460982E-1
4.024718517E1,1.800592989E-1,1.084897853E-2,-5.587270260E-1
4.026722717E1,5.676484853E-2,2.635554373E-1,-4.927059114E-1
4.028726917E1,7.087175548E-2,4.591115117E-1,-4.313848019E-1
4.030731017E1,5.920424312E-2,2.958921790E-1,-3.311614990E-1
4.032735217E1,4.860386252E-2,1.170139611E-1,-2.524149716E-1
4.034739417E1,6.296728551E-2,-6.132731214E-4,-2.013501078E-1
4.036743617E1,2.409425378E-2,-1.069272757E-1,-1.206571311E-1
4.038747717E1,5.718569830E-2,-4.886961728E-2,-5.381331593E-2
4.040751917E1,6.839692593E-2,2.904498950E-2,-7.382042706E-3
4.042756117E1,6.299024820E-2,4.841517657E-2,-1.045738999E-2
4.044760317E1,4.434919730E-2,4.054929316E-2,-3.740932420E-2
4.046764463E1,3.307138011E-2,7.048548758E-2,-6.263098866E-2
4.048768662E1,4.786702991E-2,1.616471410E-1,-8.848595619E-2
4.050772863E1,6.293518841E-2,2.341127992E-1,-8.630550653E-2
4.052777062E1,6.780639291E-2,1.894324571E-1,-5.739151686E-2
4.054781163E1,7.010848075E-2,1.400626749E-1,-1.247545891E-2
4.056785362E1,7.050370425E-2,1.853028834E-1,2.475411072E-2
4.058789563E1,6.435633451E-2,1.842237860E-1,5.138494819E-2
4.060793762E1,3.031999990E-2,7.271062583E-2,8.982270211E-2
4.062797863E1,2.222404629E-2,8.852810413E-2,1.240052730E-1
4.064802062E1,3.446801379E-2,1.548714191E-1,1.275366098E-1
4.066806263E1,1.033536159E-2,1.071684361E-1,9.767749161E-2
4.068810462E1,1.269565430E-3,7.153467834E-2,3.745405376E-2
4.070814563E1,-2.646632493E-2,1.238092035E-1,-2.502217889E-2
4.072818762E1,-8.411078900E-2,1.479875594E-1,-5.221830308E-2
4.074822963E1,-7.708055526E-2,1.388106048E-1,-4.793067276E-2
4.076827162E1,-2.753925137E-2,1.570352614E-1,-1.927400939E-2
4.078831363E1,4.344651848E-2,5.367534608E-2,-1.139936689E-2
4.080835462E1,4.521172494E-2,1.074164640E-2,-2.891814802E-4
4.082839663E1,3.968453407E-2,4.436305538E-2,2.695012651E-2
4.084843862E1,4.044839367E-2,1.353236474E-2,5.168705061E-2
4.086847963E1,4.335989803E-2,-2.161189541E-2,4.528210685E-2
4.088852162E1,5.964585394E-2,-4.342925921E-2,2.490859106E-2
4.090856363E1,3.748442605E-2,-1.528397389E-2,8.288638666E-3
4.092860562E1,-1.235556975E-2,7.144744694E-2,7.206180599E-3
4.094864663E1,-2.904419973E-2,1.417465806E-1,2.872749045E-2
4.096868862E1,-1.191254705E-2,1.173272133E-1,2.696747333E-2
4.098873063E1,-1.945664408E-3,4.186308756E-2,4.344865680E-3
4.100877262E1,1.741458289E-2,2.761423960E-2,-1.134129008E-3
4.102881363E1,2.758985758E-2,4.792151507E-3,9.222178720E-3
4.104885562E1,8.615957573E-3,-1.083750278E-2,1.320677809E-2
4.106889763E1,-2.794651128E-2,-2.056635357E-2,5.924017169E-3
4.108893962E1,-8.511623368E-3,-9.853696823E-2,-5.647158250E-3
4.110898163E1,5.756989121E-3,-1.155297533E-1,-2.719938755E-2
4.112902262E1,9.286613204E-3,-3.943217918E-2,-3.479823098E-2
4.114906463E1,2.369623631E-2,4.499605671E-2,-6.655871402E-4
4.116910662E1,3.814382479E-2,7.627949119E-2,4.220304638E-2
4.118914863E1,4.830905050E-2,5.519293621E-2,4.507194459E-2
4.120918962E1,3.906275332E-2,2.055726573E-2,3.398771212E-2
4.122923163E1,1.447938569E-2,7.807490230E-2,2.287543193E-2
4.124927362E1,3.128922079E-3,1.071558744E-1,2.532361448E-2
4.126931563E1,-5.993268918E-3,1.040698662E-1,2.551946603E-2
4.128935662E1,1.673107967E-2,5.170718208E-2,1.756476797E-2
4.130939863E1,3.623633832E-2,7.574558258E-4,9.711787105E-3
4.132944062E1,4.251394048E-2,2.843701281E-2,2.208182821E-3
4.134948163E1,2.328477986E-2,7.107214630E-2,4.870476201E-3
4.136952362E1,1.321424078E-2,5.554119870E-2,1.775697432E-2
4.138956563E1,-5.148312543E-3,5.633997172E-2,1.801718399E-2
4.140960762E1,1.060047559E-2,1.249956712E-2,4.401912913E-3
4.142964863E1,1.223273668E-2,-2.483525500E-2,-1.066032983E-2
4.144969062E1,2.235887386E-2,-4.492225125E-4,-1.204117946E-2
4.146973238E1,6.807548925E-3,-1.764570735E-2,1.403062604E-2
4.148977438E1,9.216850158E-4,-5.756812170E-4,3.062803671E-2
4.150981638E1,-1.943130977E-3,-3.562916443E-2,3.333332762E-2
4.152985738E1,2.861797810E-3,-4.316282272E-2,1.471005753E-2
4.154989938E1,2.637492493E-3,-4.628681578E-3,-1.160555985E-3
4.156994138E1,-8.929341100E-3,4.002796113E-2,3.177158069E-4
4.158998238E1,-9.470965713E-3,6.534709036E-2,5.360151641E-3
4.161002438E1,1.780755818E-3,3.533259034E-2,3.456449602E-3
4.163006638E1,1.396985445E-2,1.929591643E-3,-2.676715143E-3
4.165010838E1,1.200357266E-2,1.072873361E-2,-1.518842950E-2
4.167014938E1,1.088325400E-3,1.615167223E-2,-1.391195878E-2
4.169019138E1,-8.083125576E-3,-7.067524362E-3,2.294890583E-3
4.171023338E1,-1.065959409E-2,-4.636630788E-2,1.616846398E-2
4.173027538E1,5.128089804E-3,-7.462504506E-2,8.969903924E-3
4.175031738E1,3.369239857E-4,-7.318602502E-2,5.817682948E-3
4.177035838E1,-9.120088071E-3,-8.395958692E-3,-1.783940475E-3
4.179040038E1,-1.845087297E-2,2.564336546E-2,1.208466291E-2
4.181044238E1,-3.059535287E-3,7.227730751E-2,1.213785261E-2
4.183048338E1,-2.881642198E-3,2.167669311E-2,-4.785205238E-4
4.185052538E1,8.517198730E-4,9.804487228E-3,-1.299417671E-2
4.187056738E1,-1.669505239E-2,4.689086229E-2,-1.475200988E-2
4.189060938E1,-2.356720902E-2,3.307583556E-2,-2.806151751E-4
4.191065038E1,-2.510891482E-2,1.087917946E-2,1.723751053E-2
4.193069238E1,-9.772571735E-3,-1.470448542E-2,1.481761131E-2
4.195073438E1,4.825989017E-4,-1.616508327E-2,-3.929486498E-3
4.197077638E1,-5.587342661E-3,-2.070356905E-2,-2.155923471E-2
4.199081738E1,-1.171300653E-2,2.371384762E-2,-1.008730009E-2
4.201085938E1,-1.786046103E-2,3.947472572E-2,1.353495754E-2
4.203090138E1,-6.928844377E-3,2.132330649E-2,2.609719709E-2
4.205094338E1,-5.909186788E-3,-2.849931270E-2,1.041406952E-2
4.207098438E1,-2.198328730E-3,-4.928977229E-3,-7.404286414E-3
4.209102638E1,-6.031022407E-3,5.549480394E-2,-1.783465594E-2
4.211106838E1,-1.303220913E-2,3.129757941E-2,-3.304597456E-3
4.213111038E1,-8.355840109E-3,2.648428455E-2,4.688888788E-3
4.215115138E1,-2.314798534E-3,-3.037084360E-3,-1.393402740E-2
4.217119338E1,9.894013405E-3,-2.330907062E-2,-2.832838334E-2
4.219123538E1,-6.228724960E-4,-2.708961442E-2,-1.729358360E-2
4.221127737E1,-9.123089723E-3,-2.897202224E-2,-6.324962713E-3
4.223131838E1,-1.706563309E-2,-4.753218964E-2,7.463057991E-3
4.225136038E1,-1.663593575E-2,-6.307932734E-2,6.823095027E-4
4.227140238E1,-1.702715829E-2,-7.008160651E-2,-1.783936098E-2
4.229144437E1,-1.583680511E-3,-1.794254221E-2,-2.528746799E-2
4.231148538E1,-6.271110848E-3,2.132843062E-2,-1.161453314E-2
4.233152738E1,5.475296639E-3,3.697637469E-2,7.125887787E-4
4.235156938E1,1.052798517E-2,4.855873063E-3,2.379296115E-3
4.237161137E1,1.868390851E-2,-1.223019045E-2,-1.724970713E-2
4.239165238E1,5.630558822E-3,5.793154705E-3,-2.747697197E-2
4.241169437E1,7.294907235E-3,1.215373352E-2,-1.731318235E-2
4.243173638E1,2.391691785E-3,5.420254543E-3,7.856436074E-3
4.245177837E1,7.591115311E-3,-2.475881577E-2,1.570457965E-2
4.247182012E1,2.250608243E-2,-3.616693616E-2,-1.067593228E-2
4.249186213E1,3.993280232E-2,-6.448973715E-2,-3.407567367E-2
4.251190412E1,3.095975518E-2,-5.983737111E-2,-3.492067009E-2
4.253194613E1,1.499989536E-2,-1.103089005E-2,-1.944495924E-2
4.255198712E1,-1.465892419E-3,1.607909799E-4,8.685940411E-4
4.257202913E1,2.932375995E-3,-1.737602521E-3,1.315720007E-2
4.259207113E1,-1.967977034E-3,-5.474557355E-2,-1.982436515E-4
4.261211313E1,5.132346414E-3,-1.684511825E-2,-2.842463553E-2
4.263215412E1,-6.140539423E-3,6.785404403E-3,-3.379084915E-2
4.265219613E1,-1.285771094E-2,2.633255906E-2,-2.181957103E-2
4.267223813E1,8.798576891E-5,2.651254088E-2,3.196240868E-4
4.269228013E1,9.231620468E-3,-9.351903573E-3,8.202839643E-3
4.271232113E1,1.982826367E-2,-2.727094293E-2,4.573000595E-3
4.273236313E1,-7.753753103E-3,-4.921728745E-2,-1.086118864E-3
4.275240513E1,-1.642986946E-2,-1.550028566E-2,-7.262853906E-3
4.277244713E1,-2.511724085E-2,-1.884430461E-2,1.930906437E-4
4.279248813E1,-2.667570859E-2,-1.615872793E-2,7.342968136E-3
4.281253013E1,-1.629264839E-2,-2.223154064E-3,-3.376317676E-3
4.283257213E1,-7.001020014E-3,-5.781031214E-3,-1.099454518E-2
4.285261413E1,-3.834574949E-3,-1.434671320E-2,-2.029760508E-3
4.287265513E1,-1.445872616E-2,1.904212870E-2,1.124888100E-2
4.289269713E1,-7.968463004E-3,5.272567272E-2,1.541336346E-2
4.291273913E1,-4.789327271E-3,1.753875241E-2,3.187049646E-3
4.293278113E1,-4.246964119E-3,-6.132057402E-3,-1.540674549E-2
4.295282213E1,-2.946387976E-4,2.067643963E-2,-2.428152598E-2
4.297286413E1,4.383304622E-4,2.454701252E-2,-1.167515013E-2
4.299290613E1,-3.742295085E-3,3.517623618E-2,1.341424882E-2
4.301294813E1,8.978020400E-3,3.040036559E-2,2.692908607E-2
4.303298913E1,2.323731594E-2,-1.492577046E-2,1.786444895E-2
4.305303113E1,2.528495155E-2,-4.013333097E-2,-7.997027133E-4
4.307307313E1,1.531080902E-2,-3.133925796E-2,-6.720246747E-3
4.309311513E1,2.801019698E-3,3.076406429E-3,8.043859852E-4
4.311315613E1,-1.397889480E-2,-7.857611403E-3,1.585395448E-2
4.313319813E1,-1.688794047E-2,-5.422347039E-2,1.909693331E-2
4.315324013E1,2.029499272E-3,-5.217460543E-2,4.400571343E-3
4.317328213E1,-3.479853505E-3,-4.148329794E-2,-1.210576948E-2
4.319332313E1,-2.277230378E-3,-3.001403995E-2,-1.144782640E-2
4.321336513E1,-4.522008821E-3,-1.229762658E-2,3.268002532E-3
4.323340713E1,3.609559964E-3,-1.151051186E-2,7.000789046E-3
4.325344913E1,1.660944894E-2,-4.581461847E-2,8.223287761E-3
4.327349013E1,5.655858666E-3,-5.137452483E-2,-2.097046003E-3
4.329353213E1,9.146401659E-3,-9.254957549E-3,-9.520083666E-3
4.331357413E1,-8.008343168E-3,1.111344993E-2,-9.679171257E-3
4.333361613E1,-1.301550120E-2,2.326021530E-2,-3.677626140E-3
4.335365713E1,-1.041451655E-2,7.457976229E-3,-2.472230699E-4
4.337369913E1,-3.515600227E-3,-1.178816333E-2,-5.806185771E-3
4.339374113E1,2.244112547E-4,-5.227861926E-3,-9.335866198E-3
4.341378313E1,-4.498573020E-3,-4.115064163E-3,-4.703370854E-3
4.343382513E1,-9.927554056E-3,-1.121836342E-2,5.076388828E-3
4.345386613E1,-1.432144269E-2,-3.768414259E-2,1.012241002E-2
4.347390738E1,-8.771271445E-3,-4.832890257E-2,-1.823608764E-3
4.349394937E1,-3.243614919E-3,-3.684801608E-2,-1.503714919E-2
4.351399138E1,-5.396845285E-3,-3.040762246E-2,-2.391761728E-2
4.353403237E1,-2.476890571E-3,-8.539678529E-3,-1.123122498E-2
4.355407438E1,2.174651250E-3,3.242341336E-3,6.591339596E-3
4.357411637E1,8.665760979E-3,1.411925443E-2,3.506362438E-3
4.359415838E1,4.770235159E-3,1.089859754E-2,-4.859748296E-4
4.361419937E1,-1.084627490E-2,3.704231977E-2,1.904478529E-3
4.363424138E1,-1.668446511E-2,7.992371172E-2,8.831042796E-3
4.365428337E1,-1.946092770E-2,6.560806185E-2,1.151991263E-2
4.367432538E1,-7.391555235E-3,3.005784564E-2,8.322466165E-3
4.369436637E1,-1.116605103E-2,1.872423664E-2,1.927561127E-3
4.371440838E1,-6.352337077E-3,5.662463605E-2,2.863344271E-4
4.373445037E1,-8.046492003E-3,3.190907836E-2,1.522894949E-2
4.375449238E1,-1.223088475E-3,3.357952461E-3,2.798959985E-2
4.377453337E1,9.747080505E-3,-2.873503789E-2,1.824864931E-2
4.379457538E1,1.462432928E-2,-3.534360230E-2,-1.100180484E-2
4.381461737E1,4.977523349E-5,-1.167171262E-2,-2.634890191E-2
4.383465938E1,-1.639363728E-2,7.119844202E-3,-1.192916837E-2
4.385470037E1,-1.523170527E-2,1.643796638E-2,1.469922438E-2
4.387474238E1,-4.056752659E-3,-1.043366734E-3,1.630592160E-2
4.389478437E1,4.051049706E-3,-4.217993096E-2,2.456091112E-3
4.391482638E1,8.180487901E-3,-1.663907059E-2,-9.709369391E-3
4.393486837E1,3.250023816E-3,1.667742245E-2,-1.802552491E-2
4.395490938E1,-1.218765415E-2,-2.536881715E-3,-4.434273578E-3
4.397495137E1,-6.058451254E-3,3.049443942E-3,1.882470329E-3
4.399499338E1,1.215391979E-2,-2.973597497E-2,-2.948154230E-3
4.401503537E1,1.902319863E-2,-4.731359705E-2,-2.163031325E-2
4.403507638E1,7.397704758E-3,-4.448717833E-2,-3.833590820E-2
4.405511837E1,-1.922821393E-3,2.941688895E-2,-3.619470447E-2
4.407516038E1,-2.622423880E-2,1.709529385E-2,-5.503963679E-3
4.409520237E1,-1.970242709E-2,3.658908606E-2,1.479408983E-2
4.411524338E1,-6.710256450E-3,-1.849192381E-2,8.642591536E-3
4.413528537E1,5.660395604E-3,-4.866020381E-2,-1.307933684E-2
4.415532738E1,4.386733286E-3,-1.022987626E-2,-2.051018737E-2
4.417536937E1,-1.353634149E-2,1.448052935E-2,-1.922121737E-3
4.419541038E1,-1.343673840E-2,8.760859258E-3,1.905187033E-2
4.421545237E1,-1.369372755E-2,-3.191597760E-2,1.265912224E-2
4.423549438E1,-1.410829602E-3,-4.336131364E-2,-1.221594028E-2
4.425553637E1,-3.727976466E-3,-9.765330702E-3,-2.801443078E-2
4.427557838E1,-1.593524031E-2,1.779958606E-2,-1.828663051E-2
4.429561937E1,-3.336743265E-2,1.033706032E-2,8.478806354E-3
4.431566138E1,-3.831745312E-2,1.386867836E-2,1.768588834E-2
4.433570337E1,-2.154599875E-2,-3.587139770E-2,3.044297220E-3
4.435574538E1,-1.593057439E-2,-7.228675485E-2,-1.150307804E-2
4.437578637E1,-2.401308855E-3,-2.601498179E-2,-2.080554143E-2
4.439582838E1,-7.487429306E-3,-2.441578172E-2,-8.836546913E-3
4.441587037E1,1.567711937E-3,-4.656607751E-3,6.183052436E-3
4.443591238E1,9.305135347E-3,-1.548806299E-2,1.049841195E-2
4.445595337E1,-2.633685945E-3,-6.651676446E-2,-5.371047184E-3
4.447599538E1,-5.120754242E-3,-8.532384411E-3,-2.576741390E-2
4.449603738E1,-1.602979191E-2,1.014217548E-2,-1.376329828E-2
4.451607938E1,-2.073938400E-2,7.060721982E-3,6.598709617E-3
4.453612037E1,-9.613300674E-3,-8.842824027E-3,1.669309661E-2
4.455616238E1,1.200119033E-2,-1.869143546E-2,6.050881464E-3
4.457620438E1,1.592175476E-2,-1.265340392E-2,-1.575025730E-2
4.459624638E1,1.183114108E-2,2.038106322E-4,-1.752990298E-2
4.461628838E1,-4.223790020E-3,1.373886503E-2,-1.772670541E-3
4.463632938E1,-1.164501719E-2,2.915491536E-2,7.300170138E-3
4.465637138E1,-1.599190198E-2,-2.181261405E-2,7.288252469E-3
4.467641338E1,7.257505786E-3,-4.529607669E-2,-2.231739461E-2
4.469645538E1,1.470449287E-2,-1.076968852E-3,-3.935180977E-2
4.471649638E1,2.264384367E-2,2.700427175E-2,-2.430137992E-2
4.473653838E1,1.924046129E-2,6.273578107E-2,-7.568524685E-3
4.475658038E1,8.064694703E-3,7.097856700E-2,1.116231666E-3
4.477662238E1,8.961115032E-3,2.301184274E-2,-5.208776332E-3
4.479666338E1,-3.833305556E-3,-4.769376945E-3,-1.437672134E-2
4.481670538E1,3.131928155E-3,2.803278342E-2,-1.482478715E-2
4.483674738E1,-9.941138327E-3,3.332246467E-2,-5.483190529E-3
4.485678938E1,-2.307231352E-2,7.189138234E-2,1.042290591E-3
4.487683138E1,-2.656711452E-2,2.728869207E-2,1.184236631E-2
4.489687238E1,1.712465892E-3,-7.674502581E-2,1.700838655E-2
4.491691438E1,1.539205573E-2,-9.830065072E-2,4.738527350E-3
4.493695638E1,2.500999346E-2,-1.637434121E-3,-2.593067707E-3
4.495699838E1,-1.181592979E-2,-1.066447981E-2,1.045842934E-2
4.497703938E1,-1.760178432E-2,2.161421627E-2,2.513688058E-2
4.499708138E1,-1.264856849E-2,2.820300870E-3,1.963427849E-2
4.501712338E1,-2.635085024E-3,-2.525208518E-2,-1.702312846E-3
4.503716538E1,4.557078937E-4,-9.563618340E-3,-8.473195136E-3
4.505720638E1,-5.656901747E-3,3.228039667E-2,-3.262868384E-3
4.507724838E1,-1.503349934E-2,2.314107865E-2,8.736710064E-3
4.509729038E1,-2.057340182E-2,-1.347444672E-2,1.786444895E-2
4.511733238E1,2.555341925E-3,-4.784763232E-2,1.808529906E-2
4.513737438E1,6.843307056E-3,-5.413239822E-2,2.575631021E-3
4.515741538E1,2.100106701E-2,-5.345561076E-3,-7.125683129E-3
4.517745738E1,-2.712443704E-3,-6.891840138E-3,1.544972532E-3
4.519749938E1,-8.494507521E-3,2.109536715E-2,1.499666367E-2
4.521754138E1,-2.253814414E-2,-1.853617653E-2,2.094887197E-2
4.523758238E1,-8.410429582E-4,-3.403797746E-2,1.188375335E-2
4.525762438E1,7.151897997E-3,-1.082374901E-2,1.685954398E-3
4.527766638E1,3.587806597E-3,3.179187886E-3,3.196962643E-3
4.529770838E1,-8.386771195E-3,1.890614070E-2,2.352501824E-2
4.531775038E1,-1.016956847E-2,4.319501296E-2,4.198863730E-2
4.533779138E1,-6.623827852E-3,-5.690754391E-3,4.329907894E-2
4.535783338E1,1.202795096E-2,-1.455968339E-2,4.233090952E-2
4.537787538E1,7.320553064E-3,5.422823131E-3,5.689415708E-2
4.539791738E1,-1.228437200E-2,5.208333582E-2,7.566875219E-2
4.541795838E1,-1.627559215E-2,1.801610179E-2,1.002261713E-1
4.543800038E1,-1.773633249E-2,-2.620088682E-2,1.011187360E-1
4.545804275E1,-1.304184273E-2,-1.038619876E-1,1.085979044E-1
4.547808475E1,-1.581812836E-2,-1.188729703E-1,9.889801592E-2
4.549812575E1,-2.219673246E-2,-2.661381848E-2,1.005358174E-1
4.551816775E1,-5.924749002E-2,-8.764172904E-3,1.256707162E-1
4.553820975E1,-5.357382074E-2,-4.656727239E-2,1.217576489E-1
4.555825175E1,-2.992403507E-2,-5.996776745E-4,9.329698980E-2
4.557829375E1,-3.486951441E-2,3.040699288E-2,5.368822813E-2
4.559833475E1,-3.553050384E-2,9.490237385E-2,4.526906833E-2
4.561837675E1,-1.096001342E-1,1.037456095E-1,6.456118077E-2
4.563841875E1,-1.038300768E-1,1.976750977E-2,1.055551767E-1
4.565846075E1,-8.010989428E-2,-4.770197719E-2,9.930171072E-2
4.567850175E1,-4.841628298E-2,-2.094561309E-1,8.092208207E-2
4.569854375E1,-1.705103181E-2,-2.865819335E-1,8.078674227E-2
4.571858575E1,8.422303014E-3,-2.794848084E-1,7.321240753E-2
4.573862775E1,-1.306829741E-3,-2.776237428E-1,9.685403854E-2
4.575866975E1,1.037973072E-2,-3.807855844E-1,1.026504785E-1
4.577871075E1,-3.994250298E-2,-5.181528330E-1,4.650293291E-2
4.579875275E1,-1.738662273E-1,-3.814216256E-1,-6.723614782E-2
4.581879475E1,-3.566405177E-1,-1.164861843E-1,-7.587463409E-2
4.583883675E1,-4.885133207E-1,-5.867294595E-2,1.426353678E-2
4.585887775E1,-5.476741195E-1,-2.353874743E-1,1.887184978E-1
4.587891975E1,-6.674219966E-1,-4.642884135E-1,2.969910204E-1
4.589896175E1,-1.005389690E0,-4.862612188E-1,2.943252623E-1
4.591900375E1,-1.537153363E0,-2.837453969E-2,2.377798110E-1
4.593904575E1,-1.966240048E0,3.751156926E-1,2.577435672E-1
4.595908675E1,-2.065241814E0,-8.402498066E-2,2.491275817E-1
4.597912875E1,-2.032178402E0,-1.010710120E0,1.850576401E-1
4.599917075E1,-1.951099515E0,-1.334892988E0,1.503482610E-1
4.601921275E1,-1.917579412E0,-9.563626647E-1,5.908771604E-2
4.603925475E1,-1.860161901E0,-5.119072795E-1,-1.243958902E-2
4.605929575E1,-1.738713264E0,-3.273336291E-1,6.045334786E-2
4.607933775E1,-1.719267726E0,-4.624904990E-1,1.674966142E-2
4.609937975E1,-1.574201703E0,4.932103306E-2,-1.208224520E-1
4.611942175E1,-1.375126719E0,4.536160529E-1,-2.143255174E-1
4.613946275E1,-1.256414652E0,5.690695047E-1,-2.177054882E-1
4.615950475E1,-1.068950295E0,5.396471620E-1,-2.788472474E-1
4.617954675E1,-8.625159264E-1,4.261979163E-1,-3.604862094E-1
4.619958875E1,-5.678237677E-1,1.560944170E-1,-3.299661279E-1
4.621963075E1,-2.711758912E-1,2.547604218E-2,-2.925850451E-1
4.623967175E1,-3.496511281E-2,1.719628125E-1,-3.374431431E-1
4.625971375E1,2.234443277E-1,1.390487850E-1,-3.349347115E-1
4.627975575E1,4.638070762E-1,-1.163589284E-1,-3.244028687E-1
4.629979775E1,6.121063828E-1,-3.857925832E-1,-3.224496841E-1
4.631983975E1,6.586863995E-1,-3.785238266E-1,-3.345269263E-1
4.633988075E1,6.749392748E-1,-2.365410179E-1,-3.396792114E-1
4.635992275E1,7.265102267E-1,-1.495319307E-1,-3.055875897E-1
4.637996475E1,7.268193960E-1,-4.710782319E-2,-2.570156753E-1
4.640000675E1,5.990037322E-1,-2.411733940E-2,-2.642321289E-1
4.642004775E1,4.787071943E-1,-4.291394949E-1,-1.742674708E-1
4.644008975E1,3.726318479E-1,-9.038779736E-1,-7.609814405E-2
4.646013142E1,2.062893212E-1,-9.422952533E-1,-2.864109166E-2
4.648017342E1,2.137884498E-2,-7.522851229E-1,-5.623511970E-4
4.650021542E1,-1.908075809E-1,-6.268330216E-1,6.315798312E-2
4.652025642E1,-4.505163729E-1,-3.508176804E-1,8.270053566E-2
4.654029842E1,-6.393942833E-1,-8.371850103E-2,-1.192604285E-2
4.656034042E1,-8.964650631E-1,9.667369723E-2,-4.947281629E-2
4.658038242E1,-1.116056085E0,2.167070657E-2,7.636816800E-2
4.660042442E1,-1.054609537E0,-6.418609023E-1,2.223934233E-1
4.662046542E1,-1.631081581E0,-1.150975347E0,-1.508677192E-2
4.664050742E1,-1.984182477E0,6.610728502E-1,-3.254133761E-1
4.666054942E1,-1.020436168E0,4.738829732E-1,1.343812346E-1
4.668059142E1,9.044331312E-1,-7.591074705E-1,8.316920400E-1
4.670063242E1,1.545447946E0,-1.435519099E0,5.595220327E-1
4.672067442E1,1.587826252E0,-1.746178746E0,7.394377142E-2
4.674071642E1,1.418183923E0,-2.359372377E0,-3.271219730E-1
4.676075842E1,1.808013797E0,-1.715312719E0,-7.689094543E-1
4.678080042E1,1.404847145E0,-1.145391464E0,-6.967138052E-1
4.680084142E1,1.569554210E0,-1.906484127E0,-3.581086397E-1
4.682088342E1,1.891146421E0,-2.847113609E0,-3.226910233E-1
4.684092542E1,1.900264978E0,-3.129168034E0,-2.384819686E-1
4.686096742E1,2.099045753E0,-3.357231140E0,-2.180352807E-1
4.688100942E1,2.232513666E0,-3.119030476E0,-3.069829941E-1
4.690105042E1,2.132895231E0,-2.930675268E0,-3.334572315E-1
4.692109242E1,1.723404169E0,-2.507638216E0,-2.098069638E-1
4.694113442E1,1.323558807E0,-1.885868192E0,-1.208287403E-1
4.696117642E1,1.148836851E0,-1.356141090E0,-1.479837596E-1
4.698121842E1,1.045220375E0,-1.249545574E0,-2.259719819E-1
4.700125942E1,9.809092879E-1,-1.374646902E0,-2.232487202E-1
4.702130142E1,9.103807211E-1,-1.382138968E0,-2.574113011E-1
4.704134342E1,6.661782861E-1,-1.456679940E0,-3.328796029E-1
4.706138542E1,4.231510460E-1,-1.609299064E0,-2.790008783E-1
4.708142742E1,4.976037741E-1,-1.576485872E0,-1.690486521E-1
4.710146842E1,9.417054057E-1,-1.379760861E0,-1.233129427E-1
4.712151042E1,1.232017398E0,-1.127494097E0,-1.214831993E-1
4.714155242E1,1.076353669E0,-1.211015463E0,-1.453671604E-1
4.716159442E1,5.420390964E-1,-1.831944942E0,-2.011333704E-1
4.718163642E1,-1.449030638E-1,-2.360469103E0,-1.997265518E-1
4.720167742E1,-2.023365796E-1,-2.315502405E0,-1.531627923E-1
4.722171942E1,1.168304086E-1,-1.876940846E0,-1.339899451E-1
4.724176142E1,1.262049973E-1,-1.692361951E0,-1.089356095E-1
4.726180342E1,-1.064587384E-1,-1.929758072E0,-1.599156260E-1
4.728184542E1,-5.185991526E-1,-2.582425833E0,-1.617271006E-1
4.730188642E1,-5.561695695E-1,-2.573424101E0,-8.670447022E-2
4.732192842E1,-1.888379604E-1,-1.887319922E0,1.208653580E-2
4.734197042E1,1.865819246E-1,-1.042156339E0,2.876149118E-2
4.736201242E1,-1.111435667E-1,-1.300989389E0,1.196572706E-1
4.738205442E1,-2.387676984E-1,-1.372968078E0,1.537700929E-2
4.740209542E1,-6.020855904E-1,-1.286877871E0,-3.220435679E-1
4.742213742E1,-9.877983928E-1,-8.878732324E-1,-4.712345302E-1
4.744217942E1,-1.016435623E0,-8.567611128E-2,-2.691795528E-1
4.746222142E1,-1.348590255E0,3.256356716E-1,7.384618372E-2
4.748226342E1,-1.798895240E0,2.211287767E-1,4.142916203E-1
4.750230442E1,-1.731267810E0,3.856635094E-1,8.086507916E-1
4.752234642E1,-1.233963609E0,4.723194540E-1,1.090024352E0
4.754238842E1,-3.509889245E-1,-3.912307024E-1,1.246646404E0
4.756243042E1,3.709011152E-2,-1.105201006E0,1.386521339E0
4.758247242E1,-7.519835979E-2,-6.458307505E-1,1.879118443E0
4.760251342E1,-8.864143491E-1,9.561999440E-1,1.504104018E0
4.762255542E1,-1.660299659E0,1.017504096E0,8.054471016E-1
4.764259742E1,-1.328491926E0,2.818021476E-1,3.497411609E-1
4.766263942E1,-5.901666880E-1,1.838409156E-1,3.029859364E-1
4.768268142E1,-4.904814959E-1,8.469852209E-1,5.183557868E-1
4.770272242E1,-8.827811480E-1,1.403271317E0,8.176616430E-1
4.772276442E1,-9.665783644E-1,1.449043751E0,7.562197447E-1
4.774280642E1,-4.858616590E-1,1.280790687E0,3.185687065E-1
4.776284842E1,-2.052397728E-1,7.511645555E-1,-1.889384091E-1
4.778289042E1,1.241140217E-1,2.186259329E-1,-4.468611181E-1
4.780293142E1,6.566163898E-1,1.079920232E-1,-3.800173402E-1
4.782297342E1,1.041892529E0,2.634299099E-1,-4.677168429E-1
4.784301542E1,1.233603716E0,1.867012382E-1,-7.204674482E-1
4.786305742E1,1.288892627E0,5.035210401E-3,-1.085950136E0
4.788309942E1,1.360311389E0,-1.395708323E-1,-1.266667008E0
4.790314042E1,1.423619151E0,-1.116800904E-1,-1.299498439E0
4.792318242E1,1.414938927E0,-7.274854183E-2,-1.365065575E0
4.794322442E1,1.337850332E0,1.053646207E-1,-1.412756920E0
4.796326642E1,1.104488850E0,3.484379649E-1,-1.379649758E0
4.798330842E1,8.086146712E-1,4.370412827E-1,-1.172886252E0
4.800335042E1,4.897505939E-1,3.136754930E-1,-7.185385227E-1
4.802339142E1,4.855589271E-1,2.089807950E-2,-2.516953945E-1
4.804343342E1,7.186813354E-1,-3.587650359E-1,7.109393179E-2
4.806347542E1,7.026926279E-1,-4.120092988E-1,1.780434996E-1
4.808351742E1,6.820859313E-1,-2.719160914E-1,6.974538416E-2
4.810355942E1,6.460771561E-1,-4.547491074E-1,1.219320893E-1
4.812360042E1,3.197865784E-1,-5.703320503E-1,2.920319736E-1
4.814364242E1,6.551322937E-1,-4.909618199E-1,5.065999627E-1
4.816368442E1,7.820575833E-1,2.915304303E-1,7.755270600E-1
4.818372642E1,-1.874340624E-1,-2.537812293E-1,4.631922841E-1
4.820376842E1,-1.052913666E0,-1.136207104E0,9.251180291E-2
4.822380942E1,-5.457468033E-1,-8.909215927E-1,-2.420115098E-2
4.824385142E1,-9.349571913E-2,-5.596115589E-1,7.663957030E-2
4.826389342E1,7.365651429E-3,-8.075550944E-2,4.320400059E-1
4.828393542E1,6.442760229E-1,2.746034563E-1,4.793253243E-1
4.830397742E1,1.016562223E0,8.136152029E-1,2.236732244E-1
4.832401842E1,8.672199845E-1,5.251117349E-1,-1.285897195E-1
4.834406042E1,5.396388769E-1,-6.899099797E-2,-3.718198538E-1
4.836410242E1,5.206793547E-1,-5.455593392E-2,-3.789948821E-1
4.838414442E1,5.281831026E-1,4.047530591E-1,-5.085694194E-1
4.840418642E1,3.698675931E-1,3.372029066E-1,-5.940366983E-1
4.842422842E1,2.890699506E-1,-1.734877750E-2,-5.435499549E-1
4.844426942E1,4.258569777E-1,-2.486228794E-1,-4.486670494E-1
4.846431113E1,3.686347008E-1,-6.941504776E-2,-2.700376511E-1
4.848435313E1,2.065756172E-1,-2.858784981E-2,-1.104592383E-1
4.850439513E1,-1.387580484E-2,7.244970184E-3,-2.173232101E-2
4.852443713E1,-4.437258467E-2,2.396296943E-3,-5.923580378E-3
4.854447813E1,5.708014220E-2,-7.538757473E-2,-3.949811310E-2
4.856452013E1,-1.060968637E-1,-4.009240568E-1,-1.075596288E-1
4.858456213E1,-2.446657866E-1,-4.988081157E-1,-1.397828758E-1
4.860460413E1,-3.548051119E-1,-6.553423405E-1,-4.598302022E-2
4.862464613E1,-2.194605768E-1,-4.838204384E-1,1.042738650E-2
4.864468813E1,-2.746347487E-1,-8.116834164E-1,7.888548076E-2
4.866472913E1,-2.464838028E-1,-9.589141011E-1,1.761856824E-1
4.868477113E1,-1.426890939E-1,-1.313032389E0,3.725725710E-1
4.870481313E1,-4.494249821E-1,-1.609475732E0,3.777753711E-1
4.872485513E1,-7.190384269E-1,-1.136311889E0,3.309068680E-1
4.874489712E1,-7.665054798E-1,-1.592136323E-1,2.741470933E-1
4.876493813E1,-1.339396954E0,1.897858977E-1,4.646757543E-1
4.878498013E1,-1.964347005E0,-7.408075780E-2,9.050186276E-1
4.880502213E1,-1.999632716E0,-8.941611648E-2,1.301275134E0
4.882506412E1,-1.861444831E0,3.432582021E-1,1.491571546E0
4.884510613E1,-1.600886226E0,9.646359086E-1,1.524163008E0
4.886514812E1,-1.665578008E0,2.007504702E0,1.141084909E0
4.888518913E1,-1.586022735E0,1.591751814E0,7.291210294E-1
4.890523112E1,-9.246276617E-1,8.943221569E-1,8.639873266E-1
4.892527313E1,-1.476048827E-1,-4.508602023E-1,8.838399053E-1
4.894531512E1,4.054376483E-1,-1.461226344E0,7.466537356E-1
4.896535713E1,2.842582166E-1,-7.697131634E-1,6.754518747E-1
4.898539812E1,1.285366118E-1,7.395475507E-1,4.845414758E-1
4.900544013E1,2.396344990E-1,1.020115733E0,1.473525912E-1
4.902548212E1,3.987895250E-1,6.539750099E-1,-3.663321733E-1
4.904552413E1,4.086574018E-1,4.381491840E-1,-7.217233777E-1
4.906556612E1,2.873657942E-1,5.673252940E-1,-8.810301423E-1
4.908560813E1,3.701296449E-1,4.883570075E-1,-8.561576605E-1
4.910564912E1,6.855907440E-1,2.827803493E-1,-8.236959577E-1
4.912569113E1,9.461586475E-1,-6.676266342E-2,-8.149943948E-1
4.914573312E1,1.052382588E0,-2.194689214E-1,-9.099494815E-1
4.916577513E1,1.017333031E0,-1.724497788E-2,-1.096440792E0
4.918581712E1,9.146459699E-1,2.955337763E-1,-1.153860688E0
4.920585913E1,8.008544445E-1,6.871234179E-1,-1.119083405E0
4.922590012E1,6.915059090E-1,8.888468146E-1,-1.042287350E0
4.924594213E1,5.536933541E-1,7.353990078E-1,-8.919385672E-1
4.926598412E1,4.920941293E-1,2.408301085E-1,-7.144113183E-1
4.928602613E1,5.369997025E-1,1.180897932E-2,-5.450393558E-1
4.930606812E1,5.574311614E-1,1.812750399E-1,-3.612682521E-1
4.932611013E1,4.923163056E-1,4.162159562E-1,-1.514707357E-1
4.934615112E1,3.295597434E-1,8.301038742E-1,9.027526528E-2
4.936619313E1,3.980256319E-1,9.820752144E-1,2.372674942E-1
4.938623512E1,6.345136762E-1,8.087920547E-1,3.401711583E-1
4.940627713E1,5.824113488E-1,3.788957596E-1,3.886598647E-1
4.942631912E1,9.701579809E-3,2.391142994E-1,4.234128892E-1
4.944636013E1,3.741565645E-1,-2.406308055E-1,6.320217252E-1
4.946640263E1,9.805384278E-1,-5.946810246E-1,9.028794765E-1
4.948644462E1,-9.920679033E-2,-1.017207623E0,7.239090204E-1
4.950648663E1,-1.264969826E0,-1.344904423E0,-9.822561592E-2
4.952652862E1,-4.166606367E-1,-1.304424524E0,-2.806723118E-1
4.954657063E1,8.226911426E-1,4.485077560E-1,5.126781017E-2
4.956661162E1,-1.572793536E-2,-9.385479987E-2,3.603209183E-2
4.958665363E1,-1.040670648E-1,-6.815980077E-1,2.463492751E-1
4.960669562E1,3.369527459E-1,-5.153167248E-1,2.858350575E-1
4.962673763E1,5.173090696E-1,-2.190135121E-1,1.034905016E-1
4.964677962E1,5.206805468E-1,1.129357293E-1,5.794228986E-2
4.966682163E1,5.054815412E-1,5.704077482E-1,-1.119411886E-1
4.968686262E1,7.672262788E-1,6.232838035E-1,-2.514410615E-1
4.970690463E1,9.180058837E-1,2.906515896E-1,-2.145308852E-1
4.972694662E1,6.355420351E-1,8.146449178E-2,-3.020086288E-1
4.974698863E1,2.409063131E-1,-3.246953338E-2,-3.643046319E-1
4.976703063E1,1.714640409E-1,-9.008642286E-2,-3.458998203E-1
4.978707263E1,2.840172350E-1,-5.511512607E-2,-3.034124076E-1
4.980711363E1,2.686549127E-1,-5.577358976E-2,-2.346670926E-1
4.982715563E1,2.168156207E-1,-7.314958423E-2,-1.796405166E-1
4.984719763E1,2.090043575E-1,-1.154537052E-1,-1.265082806E-1
4.986723963E1,7.495788485E-2,-2.950442433E-1,-1.065335050E-1
4.988728163E1,-1.594666094E-1,-2.988925278E-1,-1.214871556E-1
4.990732363E1,-2.641529441E-1,-4.491535127E-1,-1.153194755E-1
4.992736463E1,-2.568192482E-1,-6.080740690E-1,-1.109562144E-1
4.994740663E1,-2.599216998E-1,-3.205311000E-1,-1.337074116E-2
4.996744863E1,-3.362803161E-1,-4.482755363E-1,1.499164701E-1
4.998749063E1,-4.725556076E-1,-1.168395400E0,2.414698303E-1
5.000753263E1,-8.895753026E-1,-1.997791529E0,2.489540875E-1
5.002757463E1,-8.470666409E-1,-1.080858231E0,1.012471989E-1
5.004761563E1,-7.290352583E-1,1.696339697E-1,-3.166126460E-2
5.006765763E1,-9.980854392E-1,3.458087519E-2,8.248312026E-2
5.008769963E1,-1.110718131E0,-5.900144577E-1,6.195147038E-1
5.010774163E1,-1.144372225E0,-1.268653154E0,1.177764654E0
5.012778363E1,-1.152090549E0,-1.641921520E0,1.413942933E0
5.014782563E1,-1.158893824E0,-4.946147799E-1,1.475115061E0
5.016786663E1,-1.312152624E0,6.932553053E-1,1.285243392E0
5.018790863E1,-1.251711130E0,8.697814941E-1,9.219282866E-1
5.020795063E1,-1.014582634E0,4.083168507E-1,7.139046788E-1
5.022799263E1,-3.669873774E-1,3.254776895E-1,7.929408550E-1
5.024803463E1,1.667946577E-2,4.693380594E-1,8.272550702E-1
5.026807662E1,-2.415187955E-1,2.794365585E-1,5.736461282E-1
5.028811763E1,-6.501460671E-1,6.673244238E-1,2.071793973E-1
5.030815963E1,-7.157958150E-1,1.098075032E0,-3.762724251E-2
5.032820163E1,-2.658151984E-1,8.691441417E-1,-1.322229356E-1
5.034824362E1,1.860380024E-1,3.667534888E-1,-3.515217006E-1
5.036828563E1,4.643625021E-1,1.264669150E-1,-4.657608569E-1
5.038832762E1,5.990393162E-1,1.289575100E-1,-5.725168586E-1
5.040836963E1,6.792086363E-1,2.358103245E-1,-7.662451267E-1
5.042841062E1,7.878018618E-1,3.953968585E-1,-1.029591799E0
5.044845263E1,8.460527658E-1,3.574137390E-1,-1.193688869E0
5.046849492E1,8.269784451E-1,2.956813276E-1,-1.245938063E0
5.048853692E1,8.222926259E-1,7.094331980E-1,-1.249876618E0
5.050857892E1,7.483725548E-1,1.493514538E0,-1.256217599E0
5.052862092E1,5.933899283E-1,1.892983556E0,-1.005978465E0
5.054866192E1,5.822662115E-1,1.633069277E0,-5.592758656E-1
5.056870392E1,6.548653841E-1,1.076007605E0,-9.934766591E-2
5.058874592E1,6.196257472E-1,3.783797324E-1,2.721159160E-1
5.060878792E1,5.233224630E-1,-4.697637260E-1,5.600959659E-1
5.062882992E1,4.353359342E-1,-8.189432621E-1,7.208594084E-1
5.064887192E1,2.778688669E-1,-1.008014441E0,9.129032493E-1
5.066891292E1,8.006432652E-1,-6.055247188E-1,8.301610351E-1
5.068895492E1,3.541466594E-1,-1.469258666E-1,5.390473604E-1
5.070899692E1,-4.265267253E-1,-6.823869348E-1,4.356960952E-2
5.072903892E1,-1.077364922E0,-1.485474944E0,3.967367113E-2
5.074908092E1,-6.707594730E-4,-3.337490857E-1,-1.091255322E-1
5.076912292E1,1.492400020E-1,-1.344863772E-1,-1.660705805E-1
5.078916492E1,2.828001380E-1,-4.292351902E-1,1.754307300E-1
5.080920592E1,6.701054573E-1,9.678120725E-3,2.558149993E-1
5.082924792E1,7.321593761E-1,2.223873287E-1,7.751161605E-2
5.084928992E1,6.682949066E-1,-6.875323504E-2,-2.000126243E-1
5.086933192E1,8.010957837E-1,3.070582747E-1,-2.481371909E-1
5.088937392E1,8.015043139E-1,5.237990618E-1,-3.088474274E-1
5.090941592E1,5.599576235E-1,2.266130894E-1,-4.160728455E-1
5.092945692E1,2.714357972E-1,-3.280888498E-2,-4.473820329E-1
5.094949892E1,2.041118145E-1,-5.046318099E-2,-4.249585271E-1
5.096954092E1,3.308760226E-1,1.060280204E-1,-3.304471374E-1
5.098958292E1,3.056144714E-1,1.150205880E-1,-2.539949119E-1
5.100962492E1,7.095037401E-2,7.125199586E-2,-2.018074393E-1
5.102966692E1,-1.138031781E-1,3.528221697E-2,-1.894303560E-1
5.104970892E1,-1.186664999E-1,-9.927120060E-2,-2.341088057E-1
5.106974992E1,4.099712521E-2,-1.802040786E-1,-2.056155503E-1
5.108979192E1,1.793645322E-1,-1.039835289E-1,-1.803280860E-1
5.110983392E1,3.329150081E-1,2.406693846E-1,-1.957791597E-1
5.112987592E1,2.530048490E-1,1.761352718E-1,-1.976361126E-1
5.114991792E1,7.419563830E-2,-4.977046251E-1,-1.755047590E-1
5.116995992E1,6.787329167E-2,-1.310540795E0,6.769910455E-2
5.119000092E1,-3.415527195E-2,-1.771116972E0,2.457566112E-1
5.121004292E1,-2.865526974E-1,-1.800640106E0,2.864140272E-1
5.123008492E1,-4.173642993E-1,-1.104634881E0,2.684309781E-1
5.125012692E1,-1.005273461E0,-9.948916435E-1,1.173639670E-1
5.127016892E1,-1.095964909E0,-1.926165372E-1,-9.743420407E-3
5.129021092E1,-1.142686129E0,2.960783243E-1,2.274265438E-1
5.131025292E1,-1.631480932E0,-1.098495483E0,9.359874129E-1
5.133029392E1,-1.599023581E0,-1.776449800E0,1.401534081E0
5.135033592E1,-1.247166038E0,-1.480366707E0,1.587224841E0
5.137037792E1,-1.105740666E0,-1.217617914E-1,1.536720157E0
5.139041992E1,-1.239079118E0,1.122142673E0,1.244632959E0
5.141046192E1,-1.260655522E0,1.020793676E0,1.034439921E0
5.143050392E1,-8.927048445E-1,5.369645357E-1,6.959972978E-1
5.145054492E1,-3.892852068E-1,2.004936785E-1,5.446773767E-1
5.147058617E1,-1.395114511E-1,-6.274075806E-2,5.123955011E-1
5.149062817E1,2.751095407E-2,-2.216743529E-1,5.364054441E-1
5.151067017E1,2.589641139E-2,1.517462432E-1,3.878047466E-1
5.153071217E1,-9.391633421E-2,7.502025366E-1,1.535498500E-1
5.155075417E1,-2.033784539E-1,7.701664567E-1,-1.232436970E-1
5.157079617E1,-5.561242625E-2,5.598657131E-1,-3.383526802E-1
5.159083717E1,4.840256572E-1,4.473374188E-1,-5.133485794E-1
5.161087917E1,7.796652317E-1,1.816830933E-1,-6.600975990E-1
5.163092117E1,8.856875300E-1,-6.532768905E-2,-7.310495377E-1
5.165096317E1,1.050887823E0,-3.176301718E-3,-8.140501380E-1
5.167100517E1,1.092505574E0,3.298818171E-1,-8.846144676E-1
5.169104717E1,9.781087637E-1,5.296621323E-1,-9.166351557E-1
5.171108917E1,7.743968368E-1,6.555430293E-1,-9.622898102E-1
5.173113017E1,7.004766464E-1,6.870025396E-1,-9.673725367E-1
5.175117217E1,8.013868928E-1,8.651527166E-1,-9.567378759E-1
5.177121417E1,8.651751876E-1,8.316038251E-1,-7.839824557E-1
5.179125617E1,7.288646102E-1,7.479196787E-1,-4.671505392E-1
5.181129817E1,6.116618514E-1,6.405827403E-1,-1.278462708E-1
5.183134017E1,5.345606804E-1,3.877292871E-1,1.617870033E-1
5.185138217E1,5.553187728E-1,1.252128333E-1,3.419944048E-1
5.187142317E1,6.358509064E-1,8.412957937E-2,5.048424006E-1
5.189146517E1,1.466743052E-1,-9.188648462E-1,5.674281716E-1
5.191150717E1,4.245608449E-1,-1.360256076E0,6.103073359E-1
5.193154917E1,1.680439115E-1,-1.030695319E0,4.475474954E-1
5.195159117E1,-4.166429937E-1,-7.842378318E-2,8.793209493E-2
5.197163317E1,-1.124413610E0,-1.678968310E0,-2.459580600E-1
5.199167517E1,-2.986925542E-1,-7.145015001E-1,-5.522859283E-3
5.201171617E1,-1.875228584E-1,-6.637789607E-1,5.097481236E-2
5.203175817E1,1.242262423E-1,-9.216461778E-1,2.880744636E-1
5.205180017E1,7.841772437E-1,2.783254907E-2,2.893303335E-1
5.207184217E1,1.079389095E0,5.929548144E-1,-8.211735636E-2
5.209188417E1,9.632428288E-1,4.958088398E-1,-2.968309820E-1
5.211192617E1,7.395983934E-1,7.130398154E-1,-3.292528093E-1
5.213196817E1,5.419433713E-1,5.530485511E-1,-3.759698272E-1
5.215201017E1,3.860906959E-1,1.738590375E-2,-4.641625285E-1
5.217205117E1,2.313043624E-1,4.461107031E-2,-4.741655886E-1
5.219209317E1,1.919713467E-1,2.558745742E-1,-4.068365097E-1
5.221213517E1,1.058754027E-1,7.544694841E-2,-3.052071631E-1
5.223217717E1,-5.034648627E-2,-1.428698748E-1,-1.927802712E-1
5.225221917E1,-2.817823291E-1,-3.810811639E-1,-1.471697241E-1
5.227226117E1,-4.078875780E-1,-4.835201204E-1,-1.566094756E-1
5.229230317E1,-3.999538124E-1,-3.464272022E-1,-8.491056412E-2
5.231234417E1,-2.706210911E-1,-9.780572355E-2,-3.100918792E-2
5.233238617E1,-9.312278032E-2,4.746364057E-2,6.646763533E-2
5.235242817E1,-4.345235601E-2,1.184770316E-1,1.958223134E-1
5.237247017E1,-1.846207976E-1,-5.279458165E-1,2.851823866E-1
5.239251217E1,-2.303460687E-1,-1.051462889E0,2.857027054E-1
5.241255417E1,-5.981903672E-1,-1.196234226E0,3.443019390E-1
5.243259617E1,-8.337249756E-1,-7.110913992E-1,1.712895334E-1
5.245263717E1,-9.156548977E-1,-2.467675209E-1,7.449506968E-2
5.247267912E1,-3.967335820E-1,1.341401815E0,-1.620099097E-1
5.249272113E1,-5.402261615E-1,8.205885291E-1,-8.814200014E-2
5.251276312E1,-7.801674008E-1,-5.999612808E-1,3.823243082E-1
5.253280513E1,-1.067252994E0,-1.748802662E0,8.491811156E-1
5.255284712E1,-7.736940384E-1,-1.305806279E0,1.212030172E0
5.257288913E1,-1.278914928E0,4.610444903E-1,1.260739088E0
5.259293012E1,-2.066018820E0,1.811900258E0,9.877249002E-1
5.261297213E1,-1.830553293E0,1.461908340E0,7.843235135E-1
5.263301413E1,-9.194924235E-1,2.231189013E-1,6.288834214E-1
5.265305613E1,-3.813026547E-1,-1.547373980E-1,6.648192406E-1
5.267309813E1,-9.994199127E-2,-1.739535034E-1,7.265568972E-1
5.269314013E1,-2.507994175E-1,-2.020144314E-1,6.045354605E-1
5.271318213E1,-4.140637219E-1,3.559460640E-1,4.283037782E-1
5.273322413E1,-2.782269120E-1,6.871350408E-1,3.687543273E-1
5.275326513E1,-5.372353829E-3,7.529945970E-1,1.452015042E-1
5.277330713E1,1.510157138E-1,4.479320943E-1,-1.583872437E-1
5.279334913E1,2.175902128E-1,1.976711303E-1,-2.902475297E-1
5.281339113E1,3.146790266E-1,3.635779396E-2,-4.526526630E-1
5.283343313E1,4.790049195E-1,3.664427996E-2,-5.508449674E-1
5.285347513E1,6.780657768E-1,4.680217803E-2,-6.256420016E-1
5.287351713E1,8.059011102E-1,-1.515479758E-3,-6.827512980E-1
5.289355913E1,8.144136667E-1,8.704128116E-2,-7.724915147E-1
5.291360013E1,8.336673975E-1,3.895184398E-1,-9.364523292E-1
5.293364213E1,8.588593602E-1,6.429948211E-1,-1.124579906E0
5.295368413E1,7.301645279E-1,9.531934261E-1,-1.199930549E0
5.297372613E1,4.590458572E-1,1.464933515E0,-1.076573730E0
5.299376813E1,4.920261204E-1,1.948266983E0,-7.368317842E-1
5.301381013E1,7.559604049E-1,1.749605775E0,-2.859660685E-1
5.303385213E1,8.519405723E-1,5.262505412E-1,1.516487896E-1
5.305389313E1,8.144955039E-1,-9.417152405E-1,5.045105815E-1
5.307393513E1,7.535756230E-1,-1.621743441E0,7.678517699E-1
5.309397712E1,6.871567965E-1,-1.022294641E0,6.648398042E-1
5.311401913E1,3.896240592E-1,-1.044439897E-1,5.618557334E-1
5.313406112E1,3.807601929E-1,7.980462313E-1,3.734643161E-1
5.315410313E1,8.890165091E-1,1.243799448E0,3.961507678E-1
5.317414512E1,2.396800220E-1,-1.922810823E-2,3.097520471E-1
5.319418713E1,-5.705047250E-1,-1.210959196E0,1.789028645E-1
5.321422812E1,-2.757955790E-1,-1.374071836E0,1.812570691E-1
5.323427013E1,8.829509467E-2,-9.766796231E-1,1.103146374E-1
5.325431212E1,-2.538798153E-1,-7.849170566E-1,-6.584082544E-2
5.327435413E1,-1.486633122E-1,6.312975883E-1,3.453930616E-1
5.329439612E1,8.393595219E-1,5.912287235E-1,3.419806361E-1
5.331443813E1,8.618052602E-1,1.600733250E-1,5.044383556E-2
5.333448012E1,5.668610334E-1,5.379683524E-2,-2.149492353E-1
5.335452213E1,6.221975088E-1,3.682642877E-1,-3.899011612E-1
5.337456312E1,8.203499317E-1,2.652056217E-1,-4.797171950E-1
5.339460513E1,5.742833018E-1,-2.295046449E-1,-5.189921260E-1
5.341464712E1,2.246156335E-1,-5.733963251E-1,-4.459057152E-1
5.343468913E1,2.979713678E-1,-5.181506276E-1,-3.813768029E-1
5.345473112E1,4.430257678E-1,-3.116280735E-1,-2.669931054E-1
5.347477325E1,3.913857937E-1,-1.505833268E-1,-1.711213887E-1
5.349481525E1,2.592983842E-1,-1.652595550E-1,-1.789630502E-1
5.351485725E1,7.121837884E-2,-3.920384943E-1,-1.321946830E-1
5.353489825E1,6.767903268E-2,-4.518080652E-1,-8.742707968E-2
5.355494025E1,9.826750308E-2,-4.351603389E-1,-8.456863463E-2
5.357498225E1,8.767923713E-2,-3.005859554E-1,-6.053335220E-2
5.359502425E1,4.453897104E-2,-3.535668850E-1,-1.034650058E-1
5.361506625E1,-3.534642607E-2,-6.203688383E-1,-1.275845915E-1
5.363510825E1,-2.261016518E-1,-1.230413914E0,4.554909095E-2
5.365515025E1,-2.275348306E-1,-1.406847119E0,2.072147876E-1
5.367519225E1,-1.689918488E-1,-1.024524093E0,1.829646230E-1
5.369523325E1,-5.883349776E-1,-1.384207249E0,3.479543924E-1
5.371527525E1,-8.783293962E-1,-1.265339255E0,2.871136665E-1
5.373531725E1,-1.205505133E0,-5.353788137E-1,3.923719525E-1
5.375535925E1,-5.805991292E-1,9.912143350E-1,2.147543132E-1
5.377540125E1,-2.827945054E-1,8.394396305E-1,-3.479364514E-2
5.379544325E1,-3.580652773E-1,3.047881722E-1,-2.692024708E-1
5.381548525E1,-9.386184216E-1,-5.459255576E-1,9.754464775E-2
5.383552725E1,-1.892725110E0,-1.331051350E0,9.421813488E-1
5.385556925E1,-1.692929268E0,-5.115614533E-1,1.359601498E0
5.387561025E1,-1.683143854E0,7.853528261E-1,1.330805779E0
5.389565225E1,-2.355604649E0,1.809727907E0,1.148201704E0
5.391569425E1,-2.203755379E0,1.897956729E0,9.985439181E-1
5.393573625E1,-1.287608027E0,8.170517087E-1,1.055150390E0
5.395577825E1,-7.060068250E-1,4.988887906E-1,1.226590037E0
5.397582025E1,-5.283331275E-1,3.308506608E-1,9.112074375E-1
5.399586225E1,-1.802116036E-1,-2.309714556E-1,6.338634491E-1
5.401590425E1,-8.361235261E-2,5.054544657E-2,4.616832435E-1
5.403594525E1,-1.697055399E-1,6.104221940E-1,5.220398307E-1
5.405598725E1,-1.217459049E-2,6.979507804E-1,3.270238638E-1
5.407602925E1,1.003996134E-1,7.405917048E-1,1.128606149E-3
5.409607125E1,2.539509833E-1,8.757874966E-1,-2.739797831E-1
5.411611325E1,3.847591281E-1,1.000826240E0,-4.440922141E-1
5.413615525E1,5.461636186E-1,8.213866353E-1,-6.160920262E-1
5.415619725E1,8.241631985E-1,6.004574895E-1,-7.999577522E-1
5.417623925E1,1.115936399E0,1.992214173E-1,-9.042706490E-1
5.419628025E1,1.296841383E0,-2.732435465E-1,-9.940473437E-1
5.421632225E1,1.338546634E0,-2.183052003E-1,-1.097728610E0
5.423636425E1,1.086722255E0,3.026563227E-1,-1.189207435E0
5.425640625E1,7.855941653E-1,8.402147293E-1,-1.147568941E0
5.427644825E1,6.511666179E-1,1.053098321E0,-9.364764690E-1
5.429649025E1,7.346707582E-1,7.735077143E-1,-6.111956239E-1
5.431653225E1,8.299536109E-1,3.391343653E-1,-2.847177386E-1
5.433657425E1,7.479040623E-1,5.212702975E-2,-4.953100532E-2
5.435661625E1,4.728070796E-1,1.089670882E-1,7.325728238E-2
5.437665725E1,5.091643929E-1,2.223081440E-1,2.317584306E-1
5.439669925E1,5.878273845E-1,7.025407553E-1,4.313705266E-1
5.441674125E1,2.450850904E-1,1.597145319E0,5.942255855E-1
5.443678325E1,4.017644525E-1,1.370127559E0,5.858253837E-1
5.445682525E1,6.994199157E-1,5.270559788E-1,7.432488799E-1
5.447686788E1,-4.407225549E-1,-5.283903480E-1,5.661695600E-1
5.449690988E1,-6.260724068E-1,-1.137384653E0,2.316413969E-1
5.451695188E1,-3.504409790E-1,-4.164852500E-1,5.857458338E-2
5.453699388E1,-9.923246503E-1,-1.297219992E0,7.823315263E-2
5.455703488E1,-4.013558626E-1,-6.255952716E-1,3.820220828E-1
5.457707688E1,6.986824274E-1,2.862468734E-2,5.913202763E-1
5.459711888E1,8.098075390E-1,4.206812084E-1,2.830891907E-1
5.461716088E1,5.147334933E-1,1.541741099E-2,3.203097731E-5
5.463720288E1,3.516411483E-1,-7.246682048E-2,-2.914710641E-1
5.465724488E1,6.380137205E-1,1.990369111E-1,-3.619403541E-1
5.467728688E1,7.137607336E-1,-1.623623520E-1,-1.551114768E-1
5.469732888E1,3.856686950E-1,-7.165520787E-1,-5.162313953E-2
5.471737087E1,6.103851274E-2,-1.201826215E0,-1.209469438E-1
5.473741188E1,-1.968653351E-1,-1.221611977E0,-2.681895792E-1
5.475745387E1,-2.063237578E-1,-6.208884716E-1,-3.474261761E-1
5.477749588E1,-8.370336145E-2,-2.956045866E-1,-3.079601526E-1
5.479753787E1,7.538157701E-2,-2.385979593E-1,-2.281141430E-1
5.481757988E1,1.606617719E-1,-4.025817811E-1,-1.280288547E-1
5.483762187E1,1.298515946E-1,-9.157859087E-1,7.780787069E-3
5.485766388E1,1.515679508E-1,-1.317558289E0,1.077488214E-1
5.487770587E1,2.133552879E-1,-1.402842879E0,1.095995381E-1
5.489774788E1,2.609578967E-1,-1.302000046E0,1.570670158E-1
5.491778887E1,-2.657262981E-1,-1.362889409E0,2.367343158E-1
5.493783088E1,-9.093810916E-1,-7.299266458E-1,3.711498529E-2
5.495787287E1,-6.648855209E-1,4.087346792E-1,-1.695813686E-1
5.497791488E1,-3.303801715E-1,6.540077329E-1,-3.617083132E-1
5.499795687E1,-5.501363873E-1,4.518663883E-2,-2.213188708E-1
5.501799888E1,-1.208242178E0,-7.063736916E-1,1.851294786E-1
5.503804087E1,-1.859317899E0,-8.218120933E-1,7.229915857E-1
5.505808288E1,-1.623465657E0,1.306221634E-1,1.089588165E0
5.507812487E1,-1.447139263E0,5.808376670E-1,1.153418541E0
5.509816588E1,-1.733796835E0,9.295862913E-1,1.028395534E0
5.511820787E1,-1.739417553E0,1.328583121E0,7.736964226E-1
5.513824988E1,-1.245087028E0,1.079996824E0,6.466826797E-1
5.515829187E1,-6.467455029E-1,7.761354446E-1,7.123003006E-1
5.517833388E1,-2.383893430E-1,1.878001839E-1,5.829073191E-1
5.519837587E1,1.497532874E-1,-6.978925318E-2,3.124837875E-1
5.521841788E1,1.794058532E-1,1.623716801E-1,2.144826353E-1
5.523845987E1,5.954782292E-2,8.272624016E-1,1.307903379E-1
5.525850188E1,-9.983140230E-2,1.148142934E0,-4.630881175E-2
5.527854287E1,-3.808274120E-2,1.244923115E0,-2.798214257E-1
5.529858488E1,5.877209455E-2,1.291401625E0,-4.305856526E-1
5.531862687E1,1.999036670E-1,9.548024535E-1,-5.265712142E-1
5.533866888E1,4.362625182E-1,3.510719836E-1,-6.278313994E-1
5.535871087E1,7.224195600E-1,2.079064846E-1,-7.413429618E-1
5.537875288E1,1.000365853E0,8.688420057E-2,-8.086943030E-1
5.539879488E1,1.211934090E0,-1.573348790E-1,-8.721348047E-1
5.541883688E1,1.215915442E0,-2.232506871E-1,-9.581888318E-1
5.543887888E1,1.008954883E0,-5.387950316E-2,-1.002624154E0
5.545892088E1,7.738709450E-1,2.970422804E-1,-9.398993254E-1
5.547896388E1,6.683824062E-1,6.924925447E-1,-8.467413187E-1
5.549900588E1,7.641650438E-1,8.691284657E-1,-6.183875203E-1
5.551904788E1,7.817392349E-1,7.629668117E-1,-3.037082255E-1
5.553908988E1,5.909448266E-1,4.210949540E-1,-1.095889043E-2
5.555913188E1,5.688674450E-1,-1.453078911E-2,3.090799153E-1
5.557917388E1,5.833905339E-1,5.627701432E-2,6.528117657E-1
5.559921588E1,5.152323246E-1,4.039470255E-1,8.772756457E-1
5.561925787E1,3.395138681E-1,-7.408092171E-2,8.142372370E-1
5.563929988E1,5.869567990E-1,-5.462177396E-1,7.175573707E-1
5.565934187E1,8.292330801E-2,-5.016516447E-1,6.618337035E-1
5.567938288E1,-2.242478877E-1,-5.122498870E-1,4.020870626E-1
5.569942487E1,-3.290965855E-1,-1.107595444E0,5.459443480E-2
5.571946688E1,2.126215845E-1,-1.374419183E-1,1.818963438E-1
5.573950887E1,4.718286097E-1,7.352983952E-1,1.992696822E-1
5.575955088E1,2.236742340E-2,-5.109741688E-1,1.949575245E-1
5.577959287E1,9.925315529E-2,-5.563131571E-1,2.684274912E-1
5.579963488E1,5.421695113E-1,-4.292145073E-1,2.549771369E-1
5.581967687E1,7.773229480E-1,-3.498603106E-1,5.029150844E-2
5.583971888E1,6.238460541E-1,-1.306124479E-1,-6.455751136E-3
5.585975987E1,3.963117898E-1,2.728838027E-1,-1.527367681E-1
5.587980188E1,4.276849031E-1,7.557900250E-2,-2.314635664E-1
5.589984387E1,3.958275616E-1,-3.593779504E-1,-2.045557946E-1
5.591988588E1,2.204178721E-1,-4.689898789E-1,-1.846403480E-1
5.593992787E1,5.751249939E-2,-4.405749738E-1,-2.086645961E-1
5.595996988E1,-4.103285447E-2,-5.281278491E-1,-2.096223086E-1
5.598001187E1,2.001342364E-4,-4.391413331E-1,-1.581103504E-1
5.600005388E1,8.883673698E-2,-3.303889632E-1,-1.139743999E-1
5.602009587E1,1.718376279E-1,-1.852730513E-1,-1.229177117E-1
5.604013788E1,1.082452536E-1,-6.174238324E-1,-1.492130756E-1
5.606017887E1,2.890815400E-2,-1.466454029E0,-1.523477435E-1
5.608022088E1,1.395923086E-2,-1.753328562E0,-6.418861449E-2
5.610026287E1,8.861301839E-2,-1.063946724E0,-8.370725065E-2
5.612030488E1,2.312110513E-1,-7.210745662E-2,-1.111020893E-1
5.614034687E1,1.594219357E-1,-1.340298057E-1,-6.221539527E-2
5.616038888E1,2.886453643E-2,-7.748372555E-1,6.776074413E-3
5.618043087E1,1.252256930E-1,-1.016814709E0,7.240033150E-2
5.620047288E1,-6.251110137E-2,-1.386667967E0,1.654498428E-1
5.622051487E1,-1.926055253E-1,-9.956375957E-1,1.262191236E-1
5.624055688E1,-1.525785625E-1,-3.384007812E-1,1.647970676E-1
5.626059888E1,-3.210521936E-1,-3.331030309E-1,3.388463557E-1
5.628063988E1,-5.127645135E-1,-2.687264979E-1,3.215933144E-1
5.630068188E1,-5.425390005E-1,1.936605722E-1,1.513495296E-1
5.632072388E1,-5.710359812E-1,6.695318818E-1,-1.850109315E-3
5.634076588E1,-9.206680059E-1,1.038497210E0,-3.747509792E-2
5.636080788E1,-1.029143810E0,5.273315310E-1,1.059677526E-1
5.638084988E1,-7.412102222E-1,-4.397662282E-1,3.346056640E-1
5.640089188E1,-6.561218500E-1,-7.812753916E-1,5.642746687E-1
5.642093388E1,-6.945475936E-1,-4.293304086E-1,6.063495874E-1
5.644097588E1,-6.316658854E-1,-1.484033167E-1,6.344014406E-1
5.646101788E1,-5.677365661E-1,-5.629801005E-2,5.360728502E-1
5.648105637E1,-6.207146645E-1,5.548584461E-2,3.753351867E-1
5.650109838E1,-6.209383011E-1,4.048054516E-1,2.372036576E-1
5.652114037E1,-6.195702553E-1,6.227332354E-1,1.888287365E-1
5.654118238E1,-4.903159142E-1,6.836909652E-1,2.110681385E-1
5.656122438E1,-2.010565251E-1,6.481471658E-1,2.015593201E-1
5.658126638E1,-1.960763894E-2,2.890846133E-1,7.073312253E-2
5.660130838E1,1.320430487E-1,1.796420962E-1,-7.231625915E-2
5.662135038E1,4.501264393E-1,3.217279017E-1,-2.593407333E-1
5.664139238E1,6.332187057E-1,2.638186216E-1,-4.715738595E-1
5.666143438E1,7.334467769E-1,4.243499339E-1,-6.399774551E-1
5.668147638E1,8.184674382E-1,7.768397331E-1,-7.650766969E-1
5.670151738E1,7.620718479E-1,9.509828091E-1,-8.195991516E-1
5.672155938E1,7.201770544E-1,1.145771265E0,-7.806093097E-1
5.674160138E1,6.856146455E-1,1.256856918E0,-6.216214895E-1
5.676164338E1,6.768066883E-1,1.179667830E0,-4.821015596E-1
5.678168538E1,6.292583346E-1,8.738211393E-1,-3.886622787E-1
5.680172738E1,4.023206830E-1,3.704756200E-1,-3.103664219E-1
5.682176938E1,1.408061981E-1,-4.401631653E-2,-3.021165133E-1
5.684181138E1,2.653852701E-1,1.907880604E-1,-4.050168395E-1
5.686185337E1,4.280609488E-1,6.787421107E-1,-3.707962632E-1
5.688189538E1,2.785629034E-1,7.549547553E-1,-3.390212059E-1
5.690193638E1,2.954587042E-1,7.066208124E-1,-3.721244931E-1
5.692197838E1,3.218393624E-1,5.424637198E-1,-3.559472859E-1
5.694202037E1,3.213332891E-1,2.970565856E-2,-1.697308719E-1
5.696206238E1,2.899325192E-1,-7.945200801E-2,-9.165024757E-2
5.698210437E1,2.394592911E-1,3.437279463E-1,-5.403192341E-2
5.700214638E1,2.140801549E-1,4.279706478E-1,-5.813074764E-3
5.702218837E1,1.589033008E-1,1.688516289E-1,3.047634475E-2
5.704223038E1,9.452764690E-2,6.599673629E-2,1.277088001E-2
5.706227237E1,9.190403670E-2,1.234905273E-1,-3.064110130E-2
5.708231438E1,1.018227860E-1,2.267353386E-1,-4.266234860E-2
5.710235637E1,8.384749293E-2,1.896814853E-1,-4.417784512E-3
5.712239838E1,7.424733788E-2,7.370400429E-2,4.427741095E-2
5.714243937E1,7.678920776E-2,3.387201205E-2,7.030873746E-2
5.716248138E1,9.995757788E-2,2.035242170E-1,4.088648036E-2
5.718252337E1,9.944124520E-2,3.420982957E-1,-1.888925023E-2
5.720256538E1,7.536584884E-2,2.211131901E-1,-6.402596086E-2
5.722260737E1,9.025901556E-2,8.637642860E-2,-8.047968894E-2
5.724264938E1,1.216716990E-1,1.250417531E-2,-6.385788321E-2
5.726269137E1,1.090775579E-1,-3.957309201E-2,-6.925752759E-2
5.728273338E1,5.778936297E-2,-8.381836116E-2,-7.658106834E-2
5.730277537E1,4.774529487E-2,-9.534960985E-2,-8.560051769E-2
5.732281738E1,7.674525678E-2,-1.019609720E-2,-9.952671826E-2
5.734285937E1,1.057514027E-1,1.347253472E-1,-1.265392303E-1
5.736290038E1,1.014127880E-1,9.923318028E-2,-1.138216481E-1
5.738294237E1,9.340099990E-2,-3.176297992E-2,-9.345509857E-2
5.740298438E1,9.322256595E-2,-8.601529151E-2,-4.709544033E-2
5.742302637E1,9.552526474E-2,-5.013306439E-2,-1.575051062E-2
5.744306838E1,7.999272645E-2,2.810946852E-2,-2.454145998E-2
5.746311037E1,5.382721871E-2,7.525350153E-2,-3.490878269E-2
5.748315313E1,2.490856126E-2,8.122076094E-2,-5.001252145E-2
5.750319512E1,1.628005132E-2,7.325670868E-2,-4.869644716E-2
5.752323713E1,4.293582216E-2,6.782580912E-2,-3.841036931E-2
5.754327912E1,5.063788593E-2,2.383976988E-2,-3.654275462E-2
5.756332113E1,4.540876672E-2,-4.166520014E-2,-2.927057631E-2
5.758336312E1,5.043263733E-2,-5.560268089E-2,-2.504113503E-2
5.760340413E1,6.771361828E-2,-4.332762957E-2,-2.743528038E-2
5.762344612E1,6.651785225E-2,-3.645723686E-3,-3.809070587E-2
5.764348813E1,6.073126569E-2,1.493735984E-2,-4.326362535E-2
5.766353012E1,5.424939096E-2,5.165965296E-3,-3.715004399E-2
5.768357213E1,5.443138257E-2,3.440681100E-2,-4.146317765E-2
5.770361412E1,5.845107883E-2,2.638493478E-2,-3.241423890E-2
5.772365613E1,5.035746098E-2,6.323088892E-3,-3.257766366E-4
5.774369812E1,4.559062049E-2,2.635222487E-2,3.083215468E-2
5.776374013E1,5.872478709E-2,4.874489456E-2,2.750590630E-2
5.778378212E1,5.900513753E-2,6.629841775E-2,1.638484932E-2
5.780382413E1,4.570532963E-2,9.867815673E-2,-1.205701847E-3
5.782386612E1,2.703317069E-2,8.145677298E-2,-1.668019779E-2
5.784390713E1,1.541451085E-2,5.284227431E-2,-6.565444171E-3
5.786394912E1,1.558323950E-2,4.640737921E-2,3.231905401E-3
5.788399113E1,2.968701348E-2,3.517581895E-2,6.729101762E-3
5.790403312E1,2.392785810E-2,8.036417887E-3,-6.609483156E-3
5.792407513E1,-4.826284945E-3,-4.661139473E-2,-1.963291317E-2
5.794411713E1,-1.415022556E-2,-8.409756422E-2,-2.390878089E-2
5.796415913E1,-1.251471415E-2,-8.109144121E-2,-1.712526381E-2
5.798420113E1,-1.528026164E-2,-9.178046137E-2,-6.292719394E-3
5.800424313E1,-1.565323770E-2,-1.175663844E-1,-6.649905816E-3
5.802428513E1,-2.773996210E-3,-1.266242564E-1,-4.193282686E-3
5.804432713E1,-2.015062841E-3,-1.145107970E-1,-3.233774798E-3
5.806436913E1,-5.787305534E-3,-1.178963259E-1,-2.172263339E-3
5.808441113E1,2.379557583E-3,-1.191922426E-1,-6.502899341E-3
5.810445213E1,2.163435519E-2,-1.044355556E-1,-1.150163636E-2
5.812449413E1,2.341618761E-2,-9.675701708E-2,-3.158951178E-2
5.814453613E1,2.257537097E-2,-8.104298264E-2,-5.127874017E-2
5.816457813E1,2.413284406E-2,-4.058669135E-2,-5.157547072E-2
5.818462013E1,3.250304610E-2,2.698498592E-2,-5.016325042E-2
5.820466213E1,3.600009531E-2,8.213182539E-2,-4.190825671E-2
5.822470413E1,3.113803267E-2,1.184359640E-1,-2.485429496E-2
5.824474613E1,3.045307472E-2,1.333248913E-1,-8.793076500E-3
5.826478813E1,1.948044449E-2,1.323958635E-1,5.104611628E-3
5.828483012E1,1.156027615E-2,1.220200956E-1,1.180058811E-2
5.830487213E1,-9.989994578E-4,1.039114892E-1,2.041033097E-2
5.832491412E1,-1.771711744E-2,1.193523407E-1,2.366419882E-2
5.834495613E1,-1.574139297E-2,1.257685125E-1,1.794427261E-2
5.836499712E1,1.125267055E-2,8.093126863E-2,2.752887458E-2
5.838503913E1,1.367179211E-4,2.158343419E-2,2.251888812E-2
5.840508112E1,8.774872869E-3,4.142486304E-2,1.960034110E-2
5.842512313E1,2.834246308E-2,6.159108877E-2,1.965431869E-2
5.844516512E1,3.012751229E-2,6.873401999E-2,1.810166985E-2
5.846520713E1,3.757597134E-2,7.859318703E-2,1.083890721E-2
5.848524812E1,4.465217516E-2,1.169992611E-1,3.492997494E-4
5.850529013E1,3.419379890E-2,1.693385094E-1,-5.373856984E-3
5.852533212E1,3.249812499E-2,2.086220235E-1,-4.907032941E-3
5.854537413E1,3.482364491E-2,2.112915367E-1,4.823884927E-3
5.856541612E1,3.516799957E-2,2.013337016E-1,1.106161717E-2
5.858545813E1,4.363552853E-2,1.969655752E-1,1.331210136E-2
5.860550012E1,5.643951893E-2,2.069404125E-1,1.043070108E-2
5.862554113E1,5.662335455E-2,2.218710780E-1,2.032844909E-2
5.864558312E1,5.410660803E-2,2.716445327E-1,1.878880709E-2
5.866562513E1,3.648346663E-2,3.130217493E-1,1.470971107E-2
5.868566712E1,1.213824935E-2,3.375054598E-1,1.482410356E-2
5.870570913E1,-2.131918259E-2,3.147344887E-1,2.738047019E-2
5.872575112E1,-1.993812993E-2,3.021756113E-1,4.448337853E-2
5.874579313E1,-2.321156301E-2,3.485238254E-1,5.686172843E-2
5.876583512E1,-5.163000524E-2,3.796600103E-1,5.673919991E-2
5.878587713E1,-6.827044487E-2,3.919813335E-1,6.106359884E-2
5.880591912E1,-7.870636880E-2,4.125151634E-1,7.184427232E-2
5.882596113E1,-7.857114822E-2,3.945604861E-1,8.641482145E-2
5.884600312E1,-1.032127142E-1,3.847388625E-1,7.012218982E-2
5.886604513E1,-7.593728602E-2,4.882518351E-1,5.767641962E-2
5.888608712E1,-6.194502488E-2,5.574505925E-1,4.109443724E-2
5.890612813E1,-8.862771094E-2,5.563088655E-1,2.067722566E-2
5.892617012E1,-7.238416374E-2,5.671645403E-1,1.243244205E-2
5.894621213E1,-5.282683671E-2,5.554041266E-1,1.406793017E-4
5.896625412E1,-4.531891271E-2,4.866011739E-1,-5.093299784E-3
5.898629613E1,-3.605957702E-2,4.158095419E-1,-9.595868178E-4
5.900633813E1,-1.992028765E-2,3.991109431E-1,-4.525445402E-3
5.902638013E1,-3.581012134E-4,3.728272319E-1,-1.419742964E-2
5.904642213E1,9.722549468E-3,3.126456141E-1,-1.005504467E-2
5.906646413E1,7.865619846E-3,2.533544600E-1,-1.076875068E-2
5.908650613E1,1.645795815E-2,2.261559665E-1,-1.193713769E-2
5.910654813E1,2.383498847E-2,2.012404203E-1,-1.072381157E-2
5.912659013E1,7.378779352E-3,1.565533727E-1,-5.844214465E-3
5.914663213E1,9.787244489E-4,1.160376072E-1,6.076995283E-3
5.916667413E1,-3.131712088E-3,7.404843718E-2,1.871805266E-2
5.918671613E1,-8.528526872E-3,1.222544629E-2,1.862637326E-2
5.920675713E1,-8.174293675E-3,-1.831860840E-2,7.725758478E-3
5.922679913E1,-1.348315179E-2,-4.346248135E-2,2.802468138E-3
5.924684113E1,-9.196318686E-3,-5.722245574E-2,3.326350590E-3
5.926688313E1,-5.607251544E-3,-8.146752417E-2,2.219557995E-3
5.928692513E1,1.497464441E-2,-9.923578054E-2,2.627187409E-3
5.930696712E1,2.704826556E-2,-1.272031367E-1,1.507515670E-3
5.932700913E1,2.351740561E-2,-1.531047523E-1,-5.648947787E-3
5.934705112E1,5.074217916E-2,-1.555022150E-1,-4.965484142E-3
5.936709313E1,5.485303700E-2,-1.239520088E-1,-6.963920780E-3
5.938713512E1,4.464418441E-2,-1.040143445E-1,-9.879218414E-3
5.940717713E1,4.670168087E-2,-1.132400110E-1,-1.192991808E-2
5.942721912E1,8.285363019E-2,-1.597495228E-1,3.593524452E-3
5.944726113E1,7.423131168E-2,-9.182872623E-2,-1.633505151E-2
5.946730312E1,6.734804064E-2,-7.744999230E-2,-1.565544307E-2
5.948734562E1,5.147891864E-2,-7.763813436E-2,-1.631714404E-2
5.950738663E1,6.083855033E-2,-6.583177298E-2,-9.160157293E-3
5.952742862E1,4.528149590E-2,-7.751885056E-2,-1.295646466E-2
5.954747063E1,5.135357007E-2,-7.238700986E-2,-8.694579825E-3
5.956751262E1,4.573467374E-2,-5.570452660E-2,-1.486000605E-2
5.958755463E1,3.691889346E-2,-4.083645344E-2,-8.970318362E-3
5.960759662E1,3.028383665E-2,-5.271357298E-2,-4.143294413E-3
5.962763863E1,2.108859457E-2,-3.488142043E-2,1.197811565E-3
5.964768062E1,3.818257898E-2,-3.028876707E-2,3.052706132E-3
5.966772263E1,1.106560230E-2,-5.204505846E-2,2.037986182E-3
5.968776462E1,9.237950668E-3,-4.533211142E-2,7.858306170E-3
5.970780663E1,1.578725688E-2,6.273238920E-3,4.297467414E-3
5.972784862E1,2.749477886E-2,2.059811540E-2,2.538449597E-3
5.974789063E1,9.470298886E-3,2.125799470E-2,5.039495416E-3
5.976793262E1,1.609437540E-2,9.651679546E-3,8.501492441E-3
5.978797463E1,1.360959280E-2,2.416274697E-2,5.144196562E-3
5.980801663E1,1.437452435E-2,-1.088000089E-2,1.589844376E-2
5.982805763E1,-4.458504263E-4,-8.506421000E-3,4.098012112E-3
5.984809963E1,-2.155919326E-3,-5.535629112E-3,8.091039024E-3
5.986814163E1,-1.088889688E-2,-1.662188768E-2,1.298839971E-2
5.988818363E1,-1.573705673E-2,-2.034962922E-2,1.443874277E-2
5.990822563E1,-3.012339212E-2,-1.185526513E-2,1.239723153E-2
5.992826763E1,-2.284494787E-2,-1.047979668E-2,1.056256145E-2
5.994830963E1,-2.008040994E-2,-2.251077816E-2,1.587300748E-2
5.996835163E1,-2.300421894E-2,-1.231681183E-2,1.458642259E-2
5.998839363E1,-1.848344877E-2,8.503424469E-4,1.514431089E-2
6.000843563E1,-1.680936292E-2,-5.768192466E-3,1.887580380E-2
6.002847763E1,-2.153236978E-2,-6.019677967E-3,1.642390341E-2
6.004851963E1,-1.711963117E-2,6.360666826E-3,1.985711418E-2
6.006856163E1,-1.639061235E-2,1.065944601E-2,7.669860963E-3
6.008860363E1,-1.603339612E-2,1.518831588E-2,-2.752087079E-3
6.010864562E1,-6.897564046E-3,1.081076264E-2,4.294354469E-3
6.012868763E1,4.310022574E-3,-8.771140128E-3,8.376380429E-3
6.014872962E1,-3.715477185E-3,-3.218921367E-3,-6.290629040E-3
6.016877063E1,-6.177838892E-3,4.332755134E-2,-1.395398658E-2
6.018881262E1,2.147863060E-2,6.182045490E-2,6.828241982E-3
6.020885463E1,-4.752909765E-3,-1.148737408E-2,9.746183641E-3
6.022889662E1,-4.076537490E-2,-2.666698955E-2,-9.868053719E-3
6.024893863E1,8.086317219E-3,6.872878224E-2,1.763722859E-3
6.026898062E1,1.826346293E-2,5.495076254E-2,1.226937398E-2
6.028902263E1,-9.053034708E-3,-5.008999631E-2,7.149536163E-3
6.030906462E1,-1.417638035E-3,-2.787346207E-2,6.537456065E-4
6.032910663E1,-5.614880938E-4,1.406444609E-2,9.446030017E-4
6.034914862E1,1.319580153E-2,1.211428083E-2,5.406701937E-3
6.036919063E1,-1.659651287E-2,-3.567555174E-2,-5.652524065E-3
6.038923262E1,1.636257395E-2,2.599588828E-3,5.185612477E-3
6.040927463E1,1.733828150E-2,-1.828376949E-2,9.532975964E-3
6.042931662E1,-7.354739122E-3,-3.806262091E-2,-5.812710151E-3
6.044935863E1,2.097556368E-2,-1.584158838E-2,1.413346967E-3
6.046940062E1,2.100491151E-2,-7.507265080E-3,4.770641681E-3
6.048944250E1,3.223378444E-3,-2.218966186E-2,-9.854543954E-3
6.050948350E1,1.498024724E-2,-3.097283188E-3,-1.581067219E-3
6.052952550E1,2.723105066E-2,-3.967862111E-3,3.475897480E-3
6.054956750E1,-2.912316937E-3,-4.312077165E-2,-1.153009944E-4
6.056960950E1,1.487245969E-2,-1.545176469E-2,2.697706688E-3
6.058965150E1,-1.402690634E-2,-5.620549992E-2,-7.214031182E-3
6.060969350E1,-1.192100625E-2,-6.254849583E-2,6.264830008E-4
6.062973550E1,1.222708263E-2,-3.619321063E-2,7.786401547E-3
6.064977750E1,4.253105726E-3,-3.353143111E-2,4.627167247E-3
6.066981950E1,4.647523165E-3,-1.395640802E-2,3.857623786E-3
6.068986150E1,1.225063857E-2,-1.069088280E-2,3.116160631E-3
6.070990350E1,1.810740121E-2,-4.704217985E-2,7.630679756E-3
6.072994550E1,1.997221261E-2,-1.372396480E-2,7.576534525E-3
6.074998750E1,-5.598197225E-3,-5.436932668E-2,1.144706155E-3
6.077002950E1,-1.438103244E-2,-6.893575937E-2,-3.219038248E-3
6.079007150E1,8.005694486E-3,-3.886140510E-2,-2.392265946E-3
6.081011350E1,2.209932078E-3,-3.455915302E-2,9.294780903E-4
6.083015550E1,1.325865276E-2,-3.517813236E-2,7.752413861E-3
6.085019750E1,1.662922092E-2,-2.762495168E-2,5.342923105E-3
6.087023950E1,6.756537594E-3,-2.013977803E-2,8.272040635E-3
6.089028050E1,6.579856854E-3,-2.872226387E-2,9.239183273E-4
6.091032250E1,3.114195773E-3,-3.007449582E-2,-8.120865095E-4
6.093036450E1,1.107412949E-2,-4.819762893E-3,2.512405859E-3
6.095040650E1,3.674074309E-3,-2.382602170E-2,3.109890269E-3
6.097044850E1,4.043848719E-3,-3.795634210E-2,3.730241675E-3
6.099049050E1,4.740343429E-3,-4.171282798E-2,4.112494178E-3
6.101053250E1,1.892952132E-3,-3.384882957E-2,-9.714041371E-4
6.103057450E1,-3.998829983E-3,-2.048074827E-2,-5.446367431E-4
6.105061650E1,5.434089806E-3,-1.815688238E-2,2.711986657E-3
6.107065850E1,3.672476392E-3,-2.766843140E-2,7.326473482E-3
6.109070050E1,4.267224111E-3,-1.486374717E-2,7.743974682E-3
6.111074250E1,9.687673301E-3,-1.107230224E-2,7.323757745E-3
6.113078450E1,2.635384910E-3,-2.033484355E-2,5.142446142E-3
6.115082650E1,-4.419935867E-3,-2.584696561E-2,7.141650422E-4
6.117086850E1,-5.434220657E-3,-1.730443351E-2,-3.628730774E-3
6.119091050E1,-5.997240543E-3,-1.104869694E-2,-9.319069795E-4
6.121095250E1,2.287504962E-3,-3.067892976E-3,3.469580086E-3
6.123099450E1,-1.332259970E-3,-1.840718556E-3,4.042533692E-3
6.125103650E1,1.058065612E-2,7.925832644E-3,6.926923059E-3
6.127107850E1,1.198587473E-2,1.845636591E-2,8.825810626E-3
6.129112050E1,1.098072343E-2,2.215425298E-2,2.876863582E-3
6.131116250E1,4.031939432E-3,2.374315448E-2,1.206876826E-3
6.133120350E1,2.953966614E-3,1.353916526E-2,3.418608569E-3
6.135124550E1,-1.835544594E-3,2.186883986E-2,5.659996066E-3
6.137128750E1,-1.837509871E-2,1.616113633E-2,6.372343749E-3
6.139132950E1,-1.684651710E-2,1.688612439E-2,7.527753245E-3
6.141137150E1,-8.782191202E-3,2.935742401E-2,1.032082830E-2
6.143141350E1,-1.233359799E-2,2.305196039E-2,1.270921715E-2
6.145145550E1,-1.110992767E-2,4.275779054E-2,1.228299178E-2
6.147149750E1,-4.623930901E-3,6.095955893E-2,1.353020407E-2
6.149153925E1,-6.957722828E-3,6.169971079E-2,1.115687564E-2
6.151158125E1,-8.440532256E-4,5.147387832E-2,9.159279056E-3
6.153162325E1,1.143058878E-3,4.765558243E-2,1.141241193E-2
6.155166525E1,1.115968358E-2,5.252867937E-2,8.162862621E-3
6.157170725E1,1.487804204E-2,4.432743788E-2,3.130667144E-3
6.159174925E1,1.541188546E-2,3.513777256E-2,2.115861280E-3
6.161179125E1,1.317544468E-2,2.606374584E-2,5.762169603E-4
6.163183325E1,9.100734256E-3,2.493172325E-2,2.325937152E-3
6.165187525E1,1.069903187E-2,1.730509102E-2,1.517456141E-3
6.167191725E1,1.236582920E-2,3.780846950E-3,5.967618898E-3
6.169195925E1,1.363329496E-2,1.063761860E-2,2.897820435E-3
6.171200125E1,1.269360073E-2,1.263378747E-2,8.195443079E-4
6.173204325E1,1.215485390E-2,2.087038383E-2,-2.027316252E-3
6.175208525E1,1.676405035E-2,3.373578936E-2,1.787659712E-4
6.177212625E1,1.603969000E-2,2.212648652E-2,7.354648784E-3
6.179216825E1,-9.633929469E-3,1.907554083E-2,1.305448543E-2
6.181221025E1,-3.182201460E-2,1.618513605E-3,2.066452801E-2
6.183225225E1,-6.885505468E-2,-5.438997969E-2,2.085892297E-2
6.185229425E1,-1.849332452E-1,-1.049793437E-1,3.954555839E-2
6.187233625E1,-3.506647646E-1,-6.363050640E-2,3.571350873E-2
6.189237825E1,-6.055438519E-1,3.318190575E-1,1.402250081E-1
6.191242025E1,-9.705884457E-1,1.130449653E0,2.734408379E-1
6.193246225E1,-1.146617413E0,1.933439374E0,3.580228984E-1
6.195250425E1,-1.053612471E0,1.804321527E0,4.193786383E-1
6.197254625E1,-8.941166997E-1,1.515008569E0,7.648444176E-1
6.199258825E1,-7.165731192E-1,1.847441077E0,7.638157606E-1
6.201263025E1,-7.750012875E-1,1.826242566E0,5.412027836E-1
6.203267225E1,-1.222192883E0,1.353974342E0,3.449256420E-1
6.205271425E1,-1.118472338E0,2.063805103E0,8.624560386E-2
6.207275625E1,-1.182257295E0,3.158628941E0,-6.978790462E-2
6.209279825E1,-1.466477752E0,3.429680347E0,-1.216222420E-1
6.211284025E1,-7.173473835E-1,2.954213858E0,1.436987519E-1
6.213288225E1,-9.397233836E-3,3.318588257E0,3.215858936E-1
6.215292425E1,-1.905019999E0,2.948850155E0,-1.176098138E-1
6.217296625E1,-2.442692518E0,-2.480319142E-1,3.778519928E-1
6.219300825E1,-4.600926638E-1,4.847713113E-1,9.431895614E-1
6.221305025E1,8.013972640E-1,3.026043415E0,1.062705755E0
6.223309225E1,2.367495447E-1,2.710018396E0,7.878028750E-1
6.225313325E1,-7.881657481E-1,1.602672935E0,7.364561558E-1
6.227317525E1,-9.068492651E-1,2.901407003E0,7.139012814E-1
6.229321725E1,-1.971216798E-1,3.975235701E0,7.949280739E-1
6.231325925E1,2.855567038E-1,2.836248398E0,1.029922009E0
6.233330125E1,1.581106633E-1,1.206030965E0,5.338857174E-1
6.235334325E1,3.403639048E-2,1.534016013E0,8.939892054E-2
6.237338525E1,2.054313868E-1,2.929331541E0,9.367907792E-2
6.239342725E1,1.534166336E-1,2.927203655E0,1.031143293E-1
6.241346925E1,1.170482486E-1,2.163453341E0,3.535568714E-2
6.243351125E1,1.203195453E-1,2.003719568E0,2.244196646E-2
6.245355325E1,9.280902334E-3,2.088827610E0,-2.477582544E-2
6.247359542E1,-7.528848946E-2,1.925170183E0,-1.837446913E-2
6.249363742E1,-3.655595705E-2,1.763990760E0,-9.731431305E-2
6.251367942E1,-1.333307475E-2,1.689331412E0,-2.350462973E-1
6.253372142E1,2.339566313E-2,1.644780636E0,-3.740574419E-1
6.255376342E1,1.077044830E-1,1.610266209E0,-4.354610741E-1
6.257380542E1,1.707185209E-1,1.675356746E0,-4.862930179E-1
6.259384742E1,1.458156407E-1,1.527564764E0,-5.435327888E-1
6.261388942E1,-9.308367036E-3,1.537708879E0,-5.332788825E-1
6.263393142E1,-2.288014442E-1,2.007529497E0,-5.038763881E-1
6.265397342E1,-5.486698747E-1,2.428259134E0,-4.855255783E-1
6.267401542E1,-1.236006618E0,2.180696487E0,-5.641200542E-1
6.269405742E1,-1.921469331E0,1.493297577E0,-5.554199219E-1
6.271409942E1,-2.471533537E0,1.143626332E0,-4.745441377E-1
6.273414142E1,-2.640337229E0,1.473270774E0,-3.951595724E-1
6.275418342E1,-2.077081203E0,1.610223532E0,-2.733431160E-1
6.277422542E1,-1.558918238E0,1.373795152E0,1.111093313E-1
6.279426742E1,-1.630328894E0,1.149034142E0,6.600857377E-1
6.281430942E1,-1.919801831E0,1.337881446E0,1.067721486E0
6.283435142E1,-1.763743043E0,1.042249203E0,1.221236825E0
6.285439242E1,-1.168815732E0,1.574386656E-1,1.093355894E0
6.287443442E1,-3.306252658E-1,-8.087224960E-1,1.204872251E0
6.289447642E1,4.278244451E-3,-7.885670066E-1,1.673243284E0
6.291451842E1,-5.109868646E-1,2.692436278E-1,1.933103681E0
6.293456042E1,-1.231012344E0,2.006294966E0,2.042544603E0
6.295460242E1,-1.777743816E0,2.564531565E0,2.393900633E0
6.297464442E1,-1.739351273E0,2.343545437E0,2.543165207E0
6.299468642E1,-1.654045939E0,2.149924755E0,2.375335455E0
6.301472842E1,-2.084412575E0,2.549939871E0,2.362608910E0
6.303477042E1,-2.561285496E0,3.277428389E0,2.250320435E0
6.305481242E1,-2.613933325E0,3.458864689E0,1.959925771E0
6.307485442E1,-2.375239134E0,3.175875187E0,1.759750605E0
6.309489642E1,-1.944431424E0,2.716574907E0,1.564790845E0
6.311493842E1,-1.464971185E0,2.077016830E0,1.407771587E0
6.313498042E1,-1.051721215E0,1.735341311E0,1.258813500E0
6.315502242E1,-6.250376105E-1,1.543960214E0,1.110044003E0
6.317506442E1,-1.660616547E-1,1.225042462E0,1.046523213E0
6.319510642E1,2.235828191E-1,1.211431980E0,9.954136610E-1
6.321514842E1,4.161198437E-1,1.321941614E0,8.742058277E-1
6.323519042E1,5.875627398E-1,1.325395703E0,7.668393850E-1
6.325523242E1,7.700330019E-1,1.248212695E0,6.033040285E-1
6.327527442E1,8.393737674E-1,1.022761583E0,3.812960982E-1
6.329531642E1,8.731054664E-1,6.067723632E-1,1.737640053E-1
6.331535842E1,1.536246657E0,7.868377566E-1,8.797203004E-2
6.333540042E1,2.206649303E0,5.110552907E-1,1.220931411E-1
6.335544242E1,2.987970114E0,-1.283731461E0,8.695014715E-1
6.337548442E1,2.661924601E0,-1.663952589E0,8.369814157E-1
6.339552642E1,1.430429220E0,-7.063625753E-2,5.721574426E-1
6.341556842E1,1.524635553E0,6.970918775E-1,2.074928395E-2
6.343561042E1,1.898889303E0,1.138532460E-1,-3.971759677E-1
6.345565242E1,1.291222692E0,-4.960947931E-1,-9.117491245E-1
6.347569754E1,1.258899570E0,-1.125437915E-1,-9.927242398E-1
6.349573954E1,1.526610255E0,2.838610411E-1,-7.344852686E-1
6.351578154E1,1.487762094E0,1.216164157E-1,-6.528706551E-1
6.353582354E1,1.452626109E0,-3.234565258E-1,-6.616225243E-1
6.355586454E1,1.395701170E0,-9.063702077E-2,-6.145914197E-1
6.357590654E1,1.141889811E0,4.865521491E-1,-5.039575100E-1
6.359594854E1,7.396907210E-1,1.031364083E0,-3.373702466E-1
6.361599054E1,4.934546053E-1,1.312543273E0,-1.146717146E-1
6.363603254E1,5.690014362E-1,1.277185798E0,8.248560131E-2
6.365607454E1,6.577662230E-1,1.006523728E0,1.952101141E-1
6.367611654E1,7.060645819E-1,6.506243944E-1,3.177167177E-1
6.369615854E1,7.163113356E-1,1.382354498E-1,3.054872751E-1
6.371620054E1,5.523401499E-1,-2.250122279E-1,2.743183970E-1
6.373624254E1,5.975698829E-1,-1.324286163E-1,1.218684241E-1
6.375628454E1,6.679940820E-1,-1.521508582E-2,-7.618559897E-2
6.377632654E1,6.636871099E-1,-1.023163833E-2,-1.293034554E-1
6.379636854E1,6.016883254E-1,2.690792084E-1,-1.057028025E-1
6.381641054E1,4.383643568E-1,3.490946889E-1,-1.972454488E-1
6.383645254E1,3.154244125E-1,2.467091531E-1,-2.580524981E-1
6.385649454E1,3.786475062E-1,2.994148433E-2,-2.636522651E-1
6.387653654E1,4.243444502E-1,4.034764599E-3,-2.636272907E-1
6.389657854E1,4.624025226E-1,2.595583349E-2,-2.576537430E-1
6.391662054E1,5.177779198E-1,1.053587720E-2,-2.394679189E-1
6.393666254E1,4.170743227E-1,-6.930580735E-2,-2.957878113E-1
6.395670454E1,-8.147374541E-2,1.428807825E-1,-4.054133594E-1
6.397674654E1,-6.605395079E-1,5.641680956E-1,-5.328553319E-1
6.399678854E1,-1.185911775E0,8.012474775E-1,-6.004056334E-1
6.401683054E1,-1.855581999E0,4.299108386E-1,-4.966359138E-1
6.403687254E1,-2.543724775E0,-7.583596110E-1,-2.623661458E-1
6.405691454E1,-2.974900961E0,-1.679553270E0,1.490689814E-2
6.407695654E1,-2.284112692E0,-1.373199105E0,5.054019690E-1
6.409699854E1,-1.305531979E0,-2.551015854E0,1.156773925E0
6.411704054E1,-2.310060412E-1,-2.622054100E0,1.573194623E0
6.413708254E1,-4.267989099E-1,-2.490752637E-1,1.899944305E0
6.415712454E1,-1.735940695E0,4.591265321E-1,2.021733999E0
6.417716654E1,-3.602932215E0,3.465782106E-1,1.879994154E0
6.419720854E1,-3.390875816E0,3.784114838E0,1.455257535E0
6.421725054E1,-2.918338060E0,3.692947865E0,1.136626482E0
6.423729254E1,-2.814514160E0,1.528540134E0,1.274264812E0
6.425733454E1,-2.417423487E0,1.176338077E0,1.089011431E0
6.427737654E1,-2.131389380E0,1.150338650E0,1.059574366E0
6.429741854E1,-2.157105923E0,1.059286118E0,1.028134704E0
6.431746054E1,-2.179460049E0,1.449861646E0,7.408524156E-1
6.433750254E1,-1.928649068E0,1.414105773E0,4.562057257E-1
6.435754454E1,-1.439296007E0,1.126677394E0,2.886500657E-1
6.437758654E1,-7.973250151E-1,6.613622904E-1,1.863734275E-1
6.439762854E1,-2.660144866E-1,2.916172147E-1,1.118232682E-1
6.441767054E1,3.974516317E-2,2.389254868E-1,4.844641685E-2
6.443771254E1,1.633013189E-1,3.875867426E-1,-1.572137512E-2
6.445775454E1,4.666727185E-1,2.994554937E-1,-8.054748178E-2
6.447779412E1,9.092912674E-1,2.188135386E-1,-1.717451811E-1
6.449783613E1,1.082422733E0,-1.233469844E-1,-3.433708847E-1
6.451787812E1,1.167739153E0,-5.613086820E-1,-5.472857356E-1
6.453792013E1,1.699826956E0,1.331270933E-1,-3.548590243E-1
6.455796212E1,1.677914143E0,-3.852719665E-1,-3.603344411E-2
6.457800413E1,1.648106813E0,-1.109721303E0,3.371534348E-1
6.459804613E1,1.741279483E0,-6.983902454E-1,1.219642013E-1
6.461808813E1,2.710150242E0,-1.137481332E0,-3.483029082E-2
6.463813013E1,2.372042656E0,-1.350850463E0,-3.633104563E-1
6.465817213E1,2.073625803E0,-1.191016078E0,-4.930677414E-1
6.467821413E1,2.147770643E0,-9.956991673E-1,-3.776631653E-1
6.469825613E1,1.954093337E0,-9.357349873E-1,-2.307427824E-1
6.471829813E1,1.751358867E0,-5.010762811E-1,-3.374508321E-1
6.473834013E1,1.776805043E0,-5.410683155E-1,-5.302560329E-1
6.475838213E1,1.742009997E0,-8.397791386E-1,-6.781829596E-1
6.477842413E1,1.564229369E0,-8.706067204E-1,-7.275601029E-1
6.479846613E1,1.231032372E0,-4.776564538E-1,-6.915959120E-1
6.481850813E1,1.001154900E0,2.130277604E-1,-7.111046314E-1
6.483855013E1,9.427567124E-1,9.334616065E-1,-6.564357877E-1
6.485859212E1,8.744615316E-1,1.122435093E0,-5.122006536E-1
6.487863413E1,7.780031562E-1,7.934428453E-1,-3.307242393E-1
6.489867612E1,8.662653565E-1,3.857338428E-1,-1.962583959E-1
6.491871813E1,9.398940206E-1,1.159757152E-1,-7.484590262E-2
6.493876012E1,8.652734756E-1,-2.189280093E-2,-2.701884508E-2
6.495880213E1,9.418666959E-1,-1.859240383E-1,5.600105971E-3
6.497884412E1,8.574917912E-1,-4.080563486E-1,-2.358112112E-2
6.499888613E1,6.882731915E-1,-2.625143528E-1,-1.608268619E-1
6.501892812E1,4.629673958E-1,7.556544244E-2,-2.373234928E-1
6.503897013E1,4.168528914E-1,5.391101167E-2,-2.255046517E-1
6.505901212E1,4.390942752E-1,-3.746179342E-1,-1.901104897E-1
6.507905413E1,4.467020631E-1,-5.492421389E-1,-1.918798834E-1
6.509909612E1,3.369196355E-1,-1.467479914E-1,-2.749252319E-1
6.511913813E1,2.199533582E-1,6.246887147E-2,-2.859434485E-1
6.513918012E1,2.545140386E-1,-2.646366060E-1,-3.136169314E-1
6.515922213E1,4.844823480E-1,-8.323835135E-1,-4.065553844E-1
6.517926412E1,7.088463902E-1,-7.198725939E-1,-4.508281946E-1
6.519930613E1,8.285158873E-1,-2.084067017E-1,-4.855196178E-1
6.521934812E1,7.354127169E-1,1.557383984E-1,-4.881846011E-1
6.523939013E1,3.665003181E-1,2.686839402E-1,-5.835245848E-1
6.525943212E1,-1.093375757E-1,5.546655655E-1,-5.094018579E-1
6.527947413E1,-5.423128605E-1,6.208617687E-1,-2.753590047E-1
6.529951613E1,-1.067726612E0,8.879053593E-1,2.449361235E-2
6.531955813E1,-1.698637962E0,9.116374850E-1,1.837527603E-1
6.533960013E1,-2.316410065E0,-4.586370289E-2,2.215110511E-1
6.535964213E1,-2.885100603E0,-1.881428719E0,2.971084118E-1
6.537968413E1,-2.827579975E0,-3.627148390E0,5.763280392E-1
6.539972613E1,-1.311378598E0,-3.649981976E0,1.063500285E0
6.541976813E1,-3.170503676E-1,-1.985072494E0,1.235675812E0
6.543981013E1,-6.515126824E-1,4.246930182E-1,1.314890504E0
6.545985213E1,-1.706580997E0,1.096323848E0,1.423576713E0
6.547989337E1,-3.181636572E0,2.668100595E-1,1.632833838E0
6.549993538E1,-3.121598721E0,1.195058703E0,1.871040106E0
6.551997737E1,-2.258895159E0,1.688101768E0,1.659472227E0
6.554001938E1,-2.217873096E0,1.219213843E0,1.742900133E0
6.556006137E1,-2.546644449E0,1.360893846E0,1.658726335E0
6.558010338E1,-2.580145836E0,1.765815496E0,1.313908458E0
6.560014537E1,-2.425522804E0,1.691847205E0,1.109629631E0
6.562018738E1,-2.168333530E0,1.455736279E0,1.026385427E0
6.564022937E1,-1.854954004E0,1.234778285E0,8.882619143E-1
6.566027138E1,-1.416044354E0,1.098250866E0,7.927165031E-1
6.568031337E1,-9.221142530E-1,9.763488173E-1,6.722502708E-1
6.570035538E1,-4.740862548E-1,7.771783471E-1,4.953934550E-1
6.572039738E1,-9.097855538E-2,7.160630822E-1,3.222081065E-1
6.574043938E1,1.390648335E-1,8.325983882E-1,1.859221905E-1
6.576048138E1,3.064460456E-1,7.607247829E-1,1.005297601E-1
6.578052338E1,6.267375946E-1,6.207655072E-1,-2.577065025E-4
6.580056538E1,9.744538665E-1,3.302469850E-1,-1.379672438E-1
6.582060738E1,1.113366246E0,-7.444832474E-2,-3.955531120E-1
6.584064938E1,1.246585488E0,-3.982574940E-1,-7.195003629E-1
6.586069138E1,1.705288529E0,-1.712232530E-1,-5.547407866E-1
6.588073338E1,1.813963652E0,6.183484197E-2,-2.128745764E-1
6.590077538E1,2.096825123E0,-1.125541925E0,2.368140966E-1
6.592081738E1,1.696410656E0,-1.015179992E0,4.463189095E-2
6.594085938E1,2.316226721E0,-7.648194432E-1,-2.723761201E-1
6.596090138E1,2.563388824E0,-1.773858428E0,-5.050109625E-1
6.598094337E1,2.381071568E0,-1.933371663E0,-5.804932117E-1
6.600098538E1,2.208384514E0,-1.446127534E0,-6.276962757E-1
6.602102737E1,1.921023607E0,-1.361768484E0,-6.679183841E-1
6.604106938E1,1.516017318E0,-1.296916246E0,-7.814145088E-1
6.606111137E1,1.334904552E0,-8.526074886E-1,-9.674623013E-1
6.608115338E1,1.376016259E0,-6.760330200E-1,-9.598681331E-1
6.610119537E1,1.541106224E0,-6.259452105E-1,-9.545042515E-1
6.612123738E1,1.469037175E0,-5.979495049E-1,-8.743426204E-1
6.614127937E1,1.186549783E0,-2.431999594E-1,-7.184389830E-1
6.616132138E1,7.327451706E-1,1.868013293E-1,-5.613936186E-1
6.618136337E1,2.813613117E-1,2.760376036E-1,-5.035042763E-1
6.620140538E1,4.440451264E-1,1.857212037E-1,-3.818697333E-1
6.622144737E1,9.028905034E-1,-7.091623545E-2,-2.235480696E-1
6.624148938E1,8.976793289E-1,-4.360839128E-1,-1.132537350E-1
6.626153137E1,7.886487246E-1,-4.564240575E-1,-9.617368132E-2
6.628157338E1,7.098347545E-1,-3.780343533E-1,-1.410868615E-1
6.630161537E1,6.048888564E-1,-3.334214985E-1,-2.394600958E-1
6.632165738E1,5.646623373E-1,-2.907058001E-1,-2.387173623E-1
6.634169937E1,4.770565927E-1,-3.715561628E-1,-2.085714489E-1
6.636174138E1,3.665374517E-1,-3.571851254E-1,-2.293501794E-1
6.638178337E1,3.853737414E-1,-1.397516131E-1,-2.222807258E-1
6.640182538E1,4.561589062E-1,-1.257278770E-1,-2.801517844E-1
6.642186738E1,4.588118792E-1,-1.701044142E-1,-3.738795519E-1
6.644190938E1,4.612470865E-1,-1.836443692E-1,-4.459231794E-1
6.646195138E1,5.444097519E-1,-1.615519822E-1,-4.622059762E-1
6.648199400E1,5.873282552E-1,-2.485698164E-1,-4.987013042E-1
6.650203600E1,4.754716158E-1,-1.645930409E-1,-4.821600616E-1
6.652207800E1,1.349810064E-1,7.970955968E-2,-3.987454772E-1
6.654212000E1,-2.262922376E-1,2.567349076E-1,-1.514042914E-1
6.656216200E1,-7.147077918E-1,1.352298707E-1,5.883200467E-2
6.658220400E1,-1.318931818E0,1.590658724E-2,2.099548131E-1
6.660224600E1,-2.079481602E0,-3.456943035E-1,3.434439898E-1
6.662228800E1,-2.338205338E0,-1.350682020E0,5.400433540E-1
6.664233000E1,-1.586082697E0,-2.493733406E0,9.061883092E-1
6.666237200E1,-4.514373243E-1,-2.167189837E0,1.231318831E0
6.668241400E1,-1.923684925E-1,-1.345283866E0,1.247745633E0
6.670245600E1,-8.039634228E-1,-7.321701050E-1,1.182251215E0
6.672249800E1,-1.708652735E0,-3.787594140E-1,1.298932910E0
6.674254000E1,-2.940573692E0,-2.740162611E-1,1.636077404E0
6.676258200E1,-2.518796921E0,1.422995329E0,1.751022935E0
6.678262400E1,-1.856994629E0,1.742755413E0,1.570213079E0
6.680266600E1,-1.863323569E0,1.099261761E0,1.574172139E0
6.682270800E1,-2.155359268E0,1.079006195E0,1.604622245E0
6.684275000E1,-2.503444433E0,1.832562447E0,1.329072952E0
6.686279200E1,-2.502967834E0,2.053943157E0,1.009818554E0
6.688283400E1,-2.222380400E0,1.554824591E0,8.036482930E-1
6.690287600E1,-1.880464077E0,1.258358717E0,6.368726492E-1
6.692291800E1,-1.624003887E0,1.159335136E0,4.863245785E-1
6.694296000E1,-1.319236636E0,1.041599512E0,3.854496181E-1
6.696300200E1,-9.322187901E-1,1.073065162E0,3.409574628E-1
6.698304400E1,-5.318965316E-1,1.004700065E0,1.702176481E-1
6.700308600E1,-1.779735535E-1,9.331875443E-1,6.643214077E-2
6.702312800E1,1.912677437E-1,7.397443652E-1,6.524521112E-2
6.704317000E1,6.595947146E-1,6.089509726E-1,-1.115705539E-2
6.706321200E1,1.158597589E0,4.178742766E-1,-1.732484996E-1
6.708325400E1,1.448277235E0,-4.095818102E-2,-4.010663629E-1
6.710329600E1,1.359149456E0,-6.968812346E-1,-6.515311003E-1
6.712333800E1,1.614016175E0,-2.858574092E-1,-5.295436382E-1
6.714338000E1,1.708179116E0,-2.889067829E-1,-4.536481202E-1
6.716342200E1,2.127906322E0,-9.363381863E-1,-2.075656690E-2
6.718346400E1,1.710649610E0,-1.382758737E0,-9.867022187E-2
6.720350700E1,2.444791317E0,-6.401370764E-1,-3.274300694E-1
6.722354900E1,2.177462578E0,-1.305128455E0,-5.553675890E-1
6.724359100E1,2.092926502E0,-1.385860205E0,-5.861684680E-1
6.726363300E1,1.951948047E0,-1.211215258E0,-5.121534467E-1
6.728367500E1,1.601139307E0,-7.754349709E-1,-4.637436867E-1
6.730371700E1,1.305217862E0,-4.123600125E-1,-6.589186192E-1
6.732375900E1,1.341297626E0,-2.158384621E-1,-8.180863857E-1
6.734380100E1,1.340196371E0,-3.563116789E-1,-8.267861009E-1
6.736384300E1,1.297707558E0,-4.847896695E-1,-8.202590346E-1
6.738388500E1,1.199949741E0,-2.111342698E-1,-7.742080092E-1
6.740392700E1,9.880581498E-1,1.899331212E-1,-6.786184311E-1
6.742396900E1,7.550547123E-1,7.103531957E-1,-5.740538239E-1
6.744401100E1,7.921979427E-1,7.848824263E-1,-4.125024676E-1
6.746405300E1,8.480993509E-1,3.748570383E-1,-1.960227937E-1
6.748409417E1,8.177503347E-1,-1.553533673E-1,-4.137505218E-2
6.750413617E1,6.896750927E-1,-2.239056975E-1,2.940347046E-2
6.752417817E1,6.580600739E-1,-1.857752502E-1,-1.898290217E-2
6.754422017E1,6.138309240E-1,-2.597321942E-2,-2.227375805E-1
6.756426217E1,5.792964697E-1,-2.133844495E-1,-2.932075560E-1
6.758430417E1,5.809214115E-1,-3.470822573E-1,-3.151208758E-1
6.760434617E1,5.690971613E-1,-2.723526955E-2,-3.223874867E-1
6.762438817E1,5.207858086E-1,1.582428515E-1,-3.386204541E-1
6.764443017E1,4.413861334E-1,-2.118480206E-2,-3.174232543E-1
6.766447217E1,4.185962379E-1,-2.074770331E-1,-3.596203923E-1
6.768451417E1,4.649032354E-1,-2.218263298E-1,-4.868260622E-1
6.770455617E1,5.402832627E-1,-2.517022789E-1,-5.743966103E-1
6.772459817E1,6.095938683E-1,-4.090756476E-1,-6.440357566E-1
6.774464017E1,5.355470777E-1,-3.673699796E-1,-7.317591906E-1
6.776468217E1,2.224799097E-1,-3.577684462E-1,-7.028874755E-1
6.778472417E1,-2.488752306E-1,-5.702890754E-1,-6.964754462E-1
6.780476617E1,-6.260970831E-1,-6.818137169E-1,-5.147493482E-1
6.782480817E1,-1.112211943E0,-6.517287493E-1,-1.739405543E-1
6.784485017E1,-1.593231678E0,-9.267458320E-1,2.736824453E-1
6.786489217E1,-1.976200461E0,-1.339621425E0,6.994411945E-1
6.788493417E1,-2.309896231E0,-1.328083158E0,1.144117951E0
6.790497717E1,-2.277991533E0,-1.194328904E0,1.579472184E0
6.792501917E1,-1.435474396E0,-1.985917807E0,1.815051675E0
6.794506117E1,-6.390264630E-1,-2.081866026E0,1.383486748E0
6.796510317E1,-6.926891208E-1,-4.247751236E-1,9.626259208E-1
6.798514517E1,-1.461893082E0,6.577308178E-1,9.330874681E-1
6.800518717E1,-2.690587997E0,4.073337018E-1,1.304981828E0
6.802522917E1,-2.755199432E0,1.412168026E0,1.408344865E0
6.804527117E1,-2.205285072E0,1.204322696E0,1.454458952E0
6.806531317E1,-1.884559751E0,3.120637834E-1,1.549861193E0
6.808535517E1,-1.948741913E0,3.682022095E-1,1.527540803E0
6.810539717E1,-2.134703875E0,1.152539492E0,1.384165287E0
6.812543917E1,-2.246432543E0,1.448942184E0,1.116080403E0
6.814548117E1,-2.147756100E0,1.454966068E0,8.359596729E-1
6.816552317E1,-1.905225992E0,1.399634957E0,6.222674251E-1
6.818556517E1,-1.535917401E0,1.282740116E0,4.438289106E-1
6.820560717E1,-9.818655849E-1,1.018496037E0,2.863961160E-1
6.822564917E1,-4.360110760E-1,8.064349294E-1,1.935472786E-1
6.824569117E1,4.009440914E-2,8.946136236E-1,8.249220252E-2
6.826573317E1,4.597938955E-1,7.513247132E-1,8.885158226E-3
6.828577517E1,8.369845152E-1,3.693322241E-1,-9.383123368E-2
6.830581717E1,1.205032110E0,2.288961969E-2,-2.619077861E-1
6.832585917E1,1.265459180E0,-3.497047722E-1,-4.497698843E-1
6.834590117E1,1.870769501E0,-4.524037540E-1,-4.166010022E-1
6.836594317E1,2.362088919E0,-4.457653761E-1,-2.568454146E-1
6.838598517E1,2.320727587E0,-1.129206419E0,2.344515920E-1
6.840602717E1,1.311036348E0,-1.001346350E0,7.941533625E-2
6.842606917E1,1.904882193E0,1.145138368E-1,-1.365698427E-1
6.844611117E1,2.212471962E0,-7.313693762E-1,-4.491812289E-1
6.846615317E1,1.943074107E0,-1.193238735E0,-6.037178040E-1
6.848619679E1,1.754343987E0,-1.015581608E0,-7.044979930E-1
6.850623879E1,1.592734694E0,-5.358300805E-1,-7.348114252E-1
6.852628079E1,1.288536549E0,-3.251971006E-1,-7.519029975E-1
6.854632279E1,1.280032158E0,-2.109980583E-1,-7.646486163E-1
6.856636479E1,1.465547800E0,-3.991559744E-1,-6.981227398E-1
6.858640679E1,1.484327435E0,-5.822899342E-1,-6.778710485E-1
6.860644879E1,1.167803764E0,-5.743672848E-1,-6.704189181E-1
6.862649079E1,8.638482094E-1,-1.230947077E-1,-6.858991385E-1
6.864653279E1,7.572507858E-1,4.368284047E-1,-6.705809236E-1
6.866657479E1,6.770413518E-1,7.718945146E-1,-5.375733972E-1
6.868661679E1,8.184685707E-1,4.544803500E-1,-3.661253154E-1
6.870665879E1,9.524099231E-1,-2.042699307E-1,-1.703467369E-1
6.872670079E1,8.499937057E-1,-3.874835670E-1,-2.460166439E-2
6.874674279E1,7.582589984E-1,-2.338673323E-1,-1.928156242E-2
6.876678479E1,7.130678892E-1,-1.502217948E-1,-1.055457518E-1
6.878682679E1,6.121295691E-1,-1.724280715E-1,-1.747868657E-1
6.880686879E1,4.837518036E-1,-1.832287461E-1,-1.907084137E-1
6.882691079E1,3.711944520E-1,-2.199503481E-1,-1.939958036E-1
6.884695279E1,2.832838297E-1,-2.147231698E-1,-2.295063734E-1
6.886699479E1,3.850765228E-1,-2.540912926E-1,-2.507451773E-1
6.888703679E1,4.337766171E-1,-2.038307339E-1,-2.759585083E-1
6.890707879E1,4.011646211E-1,-3.567155823E-2,-2.952754796E-1
6.892712079E1,4.336341918E-1,9.421865642E-2,-3.557163179E-1
6.894716279E1,4.292303324E-1,-6.634426117E-2,-4.384498596E-1
6.896720479E1,3.347140551E-1,-1.786661595E-1,-4.667501450E-1
6.898724779E1,1.000463665E-1,4.053924978E-2,-4.754995406E-1
6.900728979E1,-1.996974647E-1,2.740683854E-1,-5.054140091E-1
6.902733179E1,-4.414947033E-1,1.140068769E-1,-2.821639180E-1
6.904737379E1,-9.162297249E-1,1.225312799E-1,-3.283200040E-2
6.906741579E1,-1.271314144E0,4.528832436E-2,2.933356762E-1
6.908745779E1,-1.813522100E0,-3.724892139E-1,5.040501356E-1
6.910749979E1,-2.262740850E0,-9.412354827E-1,6.445516944E-1
6.912754179E1,-2.111181974E0,-1.166546345E0,7.216402888E-1
6.914758379E1,-1.588505507E0,-1.055618525E0,8.668201566E-1
6.916762579E1,-1.147603750E0,-9.896892905E-1,9.695432186E-1
6.918766779E1,-1.016675353E0,-5.766708255E-1,1.055002928E0
6.920770979E1,-1.412510037E0,-2.689257860E-1,1.212242603E0
6.922775179E1,-2.052010536E0,2.126740664E-1,1.549351811E0
6.924779379E1,-2.489345312E0,7.489147782E-1,1.865587473E0
6.926783579E1,-2.284787893E0,1.025852323E0,1.792669535E0
6.928787779E1,-1.986752510E0,1.182422638E0,1.599207878E0
6.930791979E1,-1.994745970E0,1.246727824E0,1.540089488E0
6.932796179E1,-2.162223101E0,1.485272765E0,1.414413929E0
6.934800379E1,-2.260249376E0,1.885777593E0,1.158686519E0
6.936804579E1,-2.141845226E0,1.666313529E0,8.746127486E-1
6.938808779E1,-1.867533684E0,1.248634696E0,6.745920777E-1
6.940813079E1,-1.487113476E0,9.317386746E-1,5.854707956E-1
6.942817279E1,-1.127512932E0,8.878771663E-1,5.032675266E-1
6.944821479E1,-8.306246996E-1,8.575050235E-1,4.089457095E-1
6.946825679E1,-4.737266004E-1,7.563948035E-1,2.752887905E-1
6.948829854E1,-1.147379577E-1,6.623715162E-1,9.953841567E-2
6.950834054E1,1.981171519E-1,4.995138645E-1,-3.897078801E-3
6.952838254E1,5.249804258E-1,4.698455036E-1,-2.872876823E-2
6.954842454E1,8.813657165E-1,4.407624900E-1,-1.468522102E-1
6.956846654E1,1.086186290E0,-3.985818941E-3,-3.999781013E-1
6.958850854E1,1.398878098E0,-4.636624455E-1,-6.824049354E-1
6.960855054E1,2.236904621E0,-2.315905243E-1,-6.583338976E-1
6.962859254E1,2.177897692E0,-9.716841578E-1,-2.699120939E-1
6.964863454E1,2.236999035E0,-1.231232643E0,4.369785264E-2
6.966867654E1,1.506255746E0,-7.476828694E-1,-5.862133577E-3
6.968871854E1,2.268402100E0,-7.278215885E-1,-1.624691039E-1
6.970876054E1,2.007131338E0,-1.061566710E0,-7.675281167E-1
6.972880254E1,1.868666053E0,-9.450408816E-1,-1.029570460E0
6.974884454E1,1.910909534E0,-6.940250397E-1,-9.560337067E-1
6.976888754E1,1.511632204E0,-4.843769968E-1,-7.676020861E-1
6.978892954E1,1.186334014E0,-1.615624130E-1,-8.244371414E-1
6.980897154E1,1.330978155E0,-2.572844923E-1,-7.405128479E-1
6.982901354E1,1.431459546E0,-6.052076817E-1,-5.462760329E-1
6.984905554E1,1.282513022E0,-7.993162870E-1,-5.347158313E-1
6.986909754E1,1.024537683E0,-6.700041294E-1,-6.689774394E-1
6.988913954E1,9.431986809E-1,-1.473351419E-1,-7.493178248E-1
6.990918154E1,8.683741093E-1,3.189618587E-1,-6.700558662E-1
6.992922354E1,7.176352143E-1,5.078343153E-1,-5.007265210E-1
6.994926554E1,6.596586108E-1,3.573991358E-1,-2.989818156E-1
6.996930754E1,8.001348376E-1,-2.283904701E-1,-1.423630714E-1
6.998934954E1,8.859196901E-1,-4.177620709E-1,6.296002865E-2
7.000939154E1,8.535303473E-1,-3.350563049E-1,9.474710375E-2
7.002943354E1,7.649683356E-1,-3.203696012E-1,-1.285523921E-2
7.004947554E1,6.459530592E-1,-1.473427564E-1,-1.627634019E-1
7.006951754E1,5.028022528E-1,1.344643813E-2,-2.405803651E-1
7.008955954E1,3.936883807E-1,-1.547687054E-1,-1.831034571E-1
7.010960154E1,2.719306350E-1,-2.607707381E-1,-1.532216966E-1
7.012964454E1,1.201049909E-1,-3.107652664E-1,-1.889685392E-1
7.014968654E1,9.530456364E-2,-3.016950786E-1,-2.273072302E-1
7.016972854E1,2.869253755E-1,-3.056980073E-1,-3.086112440E-1
7.018977054E1,3.911935389E-1,-2.015954554E-1,-4.224206209E-1
7.020981254E1,4.006586075E-1,-1.002972052E-1,-4.682765305E-1
7.022985454E1,3.268078268E-1,-1.920351237E-1,-4.773751497E-1
7.024989654E1,2.434743196E-1,-3.712893128E-1,-4.557055235E-1
7.026993854E1,1.109948233E-1,-3.566359878E-1,-4.253526032E-1
7.028998054E1,-1.795477122E-1,-9.839761257E-2,-4.826404452E-1
7.031002254E1,-5.905421972E-1,1.320843101E-1,-4.139467776E-1
7.033006454E1,-9.445750117E-1,1.814647913E-1,-8.519737422E-2
7.035010654E1,-1.285649538E0,-1.126675233E-1,3.020990491E-1
7.037014854E1,-1.744971871E0,-6.300644875E-1,6.066750884E-1
7.039019054E1,-2.286213636E0,-1.166480541E0,7.827802896E-1
7.041023254E1,-2.208311796E0,-1.943296313E0,8.131207824E-1
7.043027454E1,-1.436846733E0,-1.938633800E0,9.675843716E-1
7.045031754E1,-7.338601351E-1,-8.413469195E-1,1.115206599E0
7.047035954E1,-6.441667676E-1,-1.104287580E-1,9.923356175E-1
7.049040100E1,-1.048767924E0,-2.812437415E-1,1.147182226E0
7.051044300E1,-2.114464045E0,-6.979622841E-1,1.585923433E0
7.053048500E1,-2.524696827E0,-7.885932922E-2,1.804380059E0
7.055052700E1,-1.801875710E0,1.096483111E0,1.581076264E0
7.057056900E1,-1.562365055E0,1.548203349E0,1.469948530E0
7.059061100E1,-1.678371191E0,9.089005589E-1,1.574477196E0
7.061065300E1,-1.876445174E0,7.765167952E-1,1.439627051E0
7.063069500E1,-1.979683280E0,1.036165237E0,1.147852898E0
7.065073700E1,-1.850770235E0,1.379903913E0,1.111861348E0
7.067077900E1,-1.586936951E0,1.395366907E0,1.016529679E0
7.069082100E1,-1.462098479E0,1.088344574E0,7.065666318E-1
7.071086300E1,-1.315989494E0,9.042128325E-1,4.648228288E-1
7.073090500E1,-1.030322313E0,9.006508589E-1,3.845998049E-1
7.075094800E1,-6.828703880E-1,8.394761682E-1,3.286647201E-1
7.077099000E1,-3.223137259E-1,7.566621900E-1,2.147103846E-1
7.079103200E1,3.029606305E-2,6.352536678E-1,7.786006480E-2
7.081107400E1,3.110895157E-1,5.256938338E-1,2.062096074E-2
7.083111600E1,5.071755648E-1,6.451554894E-1,7.606573403E-3
7.085115800E1,8.193117976E-1,8.815678954E-1,-7.036457956E-2
7.087120000E1,1.150151730E0,8.933713436E-1,-2.920805514E-1
7.089124200E1,1.129966736E0,3.933549225E-1,-5.663223267E-1
7.091128400E1,8.549838066E-1,4.109801725E-3,-4.337580800E-1
7.093132600E1,1.099614501E0,2.578239143E-1,-1.899471134E-1
7.095136800E1,1.514458776E0,-1.832642257E-1,-2.677904069E-1
7.097141000E1,2.027798891E0,-1.043070555E0,-2.368338779E-2
7.099145200E1,1.982428551E0,-1.005196571E0,9.226991236E-2
7.101149400E1,2.091034174E0,-5.727050304E-1,-1.659612209E-1
7.103153600E1,2.090478420E0,-7.791603208E-1,-3.647039831E-1
7.105157900E1,1.989199400E0,-1.033563256E0,-4.033948183E-1
7.107162100E1,1.714902997E0,-9.343734980E-1,-5.328491330E-1
7.109166300E1,1.394833803E0,-5.957606435E-1,-6.868780851E-1
7.111170500E1,1.247607231E0,-1.223091260E-1,-7.893097997E-1
7.113174700E1,1.214791656E0,4.680538923E-2,-7.589326501E-1
7.115178900E1,1.309058666E0,-3.354372978E-1,-7.132496834E-1
7.117183100E1,1.338308215E0,-6.662218571E-1,-6.261061430E-1
7.119187300E1,1.223572135E0,-5.757840872E-1,-5.883527398E-1
7.121191500E1,1.053777099E0,-1.673564874E-2,-5.895766020E-1
7.123195700E1,8.876494169E-1,2.515616715E-1,-5.828810334E-1
7.125199900E1,6.693912148E-1,2.156021893E-1,-4.623082280E-1
7.127204100E1,6.737000942E-1,1.208224241E-2,-3.015486896E-1
7.129208300E1,8.539297581E-1,-1.496440768E-1,-8.112524450E-2
7.131212500E1,1.025900006E0,-1.368912607E-1,7.489311695E-2
7.133216700E1,7.817102075E-1,-1.967887133E-1,1.396182328E-1
7.135221000E1,6.657137871E-1,-3.117716610E-1,8.239391446E-2
7.137225200E1,5.670150518E-1,-1.998203546E-1,3.931368235E-3
7.139229400E1,4.569474161E-1,-3.742179871E-1,-3.403341025E-2
7.141233600E1,4.162173867E-1,-3.664696515E-1,-5.379663408E-2
7.143237800E1,4.591937661E-1,-3.628449142E-1,-1.397701353E-1
7.145242000E1,5.017812252E-1,-3.344945610E-1,-1.817015707E-1
7.147246200E1,4.798419774E-1,-1.604190171E-1,-2.383721769E-1
7.149250462E1,3.946225047E-1,8.524512500E-2,-2.819538414E-1
7.151254663E1,3.207730055E-1,6.818640232E-2,-3.124338090E-1
7.153258862E1,3.354917467E-1,-1.675090045E-1,-3.569685519E-1
7.155263063E1,4.159822464E-1,-3.231674135E-1,-4.165809155E-1
7.157267262E1,4.590902328E-1,-2.725742161E-1,-4.684382081E-1
7.159271463E1,4.226508439E-1,-2.394965291E-1,-4.789195359E-1
7.161275662E1,3.443529606E-1,-3.599618077E-1,-4.567125142E-1
7.163279963E1,3.322870135E-1,-7.077167034E-1,-4.348613322E-1
7.165284163E1,4.526816607E-1,-7.747415304E-1,-4.532683492E-1
7.167288363E1,5.280773044E-1,-4.355748892E-1,-4.078234136E-1
7.169292563E1,4.246843457E-1,-3.111714497E-2,-3.559775949E-1
7.171296763E1,1.551760286E-1,1.106307954E-1,-4.153511226E-1
7.173300963E1,2.867481299E-2,-2.320772503E-3,-4.826764464E-1
7.175305163E1,-8.794414997E-2,-1.986061633E-1,-4.146765172E-1
7.177309363E1,-2.349224538E-1,-5.148717165E-1,-4.209639430E-1
7.179313563E1,-2.616703212E-1,-6.200715303E-1,-4.720983505E-1
7.181317763E1,-2.996411175E-2,-6.425196528E-1,-4.984958172E-1
7.183321963E1,4.604035988E-2,-2.976982594E-1,-5.255995989E-1
7.185326163E1,-4.055619985E-2,6.352938712E-2,-5.722336769E-1
7.187330362E1,-2.811439633E-1,3.442478180E-1,-5.587880015E-1
7.189334563E1,-5.822289586E-1,7.384157181E-1,-3.830264807E-1
7.191338862E1,-8.559730649E-1,1.023664474E0,-1.765643507E-1
7.193343063E1,-1.234975576E0,9.251416922E-1,9.667490423E-2
7.195347262E1,-1.352989316E0,-2.798249424E-1,4.840912521E-1
7.197351463E1,-9.799368382E-1,-1.939254761E0,9.500516653E-1
7.199355662E1,-5.981568694E-1,-2.208858013E0,1.241035581E0
7.201359863E1,-6.098508835E-1,-1.366487741E0,1.079958081E0
7.203364062E1,-1.109869480E0,-4.304253161E-1,7.263005972E-1
7.205368263E1,-1.769754529E0,4.270401597E-1,2.967517078E-1
7.207372462E1,-2.096384525E0,8.638984561E-1,1.155118272E-2
7.209376663E1,-1.987853289E0,6.264721155E-1,8.650439978E-2
7.211380862E1,-1.371928930E0,7.942558825E-2,4.309413731E-1
7.213385063E1,-9.034517407E-1,-3.593457937E-1,5.417299271E-1
7.215389262E1,-9.276332855E-1,-5.682219863E-1,5.330073833E-1
7.217393563E1,-9.929873943E-1,-7.487538457E-1,5.802373886E-1
7.219397763E1,-7.574837208E-1,-5.486142039E-1,6.294327974E-1
7.221401963E1,-4.493867159E-1,-1.814368218E-1,6.832466722E-1
7.223406163E1,-3.151713312E-1,3.393747285E-2,6.554905176E-1
7.225410363E1,-2.861924469E-1,3.038433753E-2,5.460993648E-1
7.227414563E1,-1.061660871E-1,-1.588552259E-4,4.488564134E-1
7.229418763E1,1.594543159E-1,3.125552237E-1,3.084186018E-1
7.231422963E1,4.623382390E-1,5.845971704E-1,1.748430431E-1
7.233427163E1,7.634626627E-1,8.132244945E-1,5.227851123E-2
7.235431363E1,1.083517194E0,1.092788458E0,-4.260605946E-2
7.237435563E1,1.397759676E0,1.354688168E0,-1.866588145E-1
7.239439763E1,1.625784993E0,1.692230344E0,-3.077790141E-1
7.241443963E1,1.537164092E0,1.912761807E0,-3.773483932E-1
7.243448263E1,1.250470519E0,1.802315235E0,-3.935510516E-1
7.245452462E1,7.355409265E-1,1.012582421E0,-3.965255916E-1
7.247456663E1,-3.118057847E-1,1.397879124E-1,-3.343874812E-1
7.249460854E1,-9.010854959E-1,-6.664187908E-1,-3.249109685E-1
7.251465054E1,2.582097426E-2,-1.412840128E0,-2.090602815E-1
7.253469254E1,7.664886713E-1,-9.241708517E-1,-7.618542761E-2
7.255473454E1,4.509472549E-1,2.704169750E-1,-4.116112739E-2
7.257477654E1,1.782087088E-1,7.549274564E-1,-1.402462274E-1
7.259481854E1,4.432221055E-1,4.404458702E-1,4.657395184E-2
7.261486054E1,3.556780517E-1,-7.461634278E-2,2.062457651E-1
7.263490254E1,1.718393713E-1,-7.561254501E-2,1.089191586E-1
7.265494454E1,2.864155173E-1,5.385539532E-1,5.935138091E-2
7.267498654E1,4.678397179E-1,1.091719270E0,4.628432915E-2
7.269502954E1,3.518252373E-1,1.129801393E0,6.815474480E-3
7.271507154E1,1.978298277E-1,7.060277462E-1,-1.386792362E-1
7.273511354E1,2.440202832E-1,1.315908134E-1,-1.780014783E-1
7.275515554E1,2.932683527E-1,-1.430879682E-1,-1.767723262E-1
7.277519754E1,2.845213711E-1,-1.496184319E-1,-2.003842741E-1
7.279523954E1,2.438806742E-1,-1.123275012E-1,-2.067322135E-1
7.281528154E1,2.314016819E-1,-1.140122563E-1,-1.743805408E-1
7.283532354E1,2.099308819E-1,3.584791720E-2,-1.468585283E-1
7.285536554E1,1.888824552E-1,2.758787870E-1,-1.443150640E-1
7.287540754E1,2.046028525E-1,3.965204060E-1,-1.234109476E-1
7.289544954E1,2.706306875E-1,3.407028913E-1,-9.911251068E-2
7.291549154E1,3.077508807E-1,2.186755538E-1,-9.892351925E-2
7.293553454E1,2.616078556E-1,1.508022696E-1,-1.051252037E-1
7.295557654E1,1.995489746E-1,1.764679253E-1,-8.022771031E-2
7.297561854E1,1.907215565E-1,1.493355632E-1,-5.740921199E-2
7.299566054E1,2.190749198E-1,5.334664136E-2,-3.396559507E-2
7.301570254E1,2.132752240E-1,-1.842565462E-2,-1.764294319E-2
7.303574454E1,1.689121574E-1,3.603828326E-2,-9.796334431E-3
7.305578654E1,1.429926157E-1,1.078736037E-1,-1.226218604E-2
7.307582854E1,1.127340347E-1,1.170404926E-1,-7.703204639E-3
7.309587054E1,8.627898246E-2,1.087495536E-1,-5.763710476E-3
7.311591254E1,6.477375329E-2,1.224378869E-1,-6.225035526E-3
7.313595454E1,6.220028922E-2,1.201028451E-1,1.681367494E-2
7.315599654E1,6.133770198E-2,1.195954680E-1,3.810235485E-2
7.317603954E1,6.186939776E-2,1.119920462E-1,4.740624875E-2
7.319608154E1,4.037263617E-2,1.139174700E-1,3.880866617E-2
7.321612354E1,2.794146352E-2,1.058620065E-1,2.445526980E-2
7.323616554E1,1.964782551E-2,1.000694633E-1,1.497186255E-2
7.325620754E1,2.126544341E-2,1.013956591E-1,1.060560066E-2
7.327624954E1,2.146266587E-2,8.224573731E-2,1.913599670E-2
7.329629154E1,2.064864151E-2,2.834254503E-2,1.527093537E-2
7.331633354E1,1.794781722E-2,9.533486329E-3,-2.090360969E-3
7.333637554E1,1.420101058E-2,3.505857289E-2,6.275773048E-4
7.335641754E1,1.317873970E-2,4.182293639E-2,7.618076168E-3
7.337645954E1,5.674367771E-3,7.703292370E-2,4.044679459E-3
7.339650154E1,3.785951994E-4,1.045597270E-1,3.650073893E-3
7.341654454E1,-3.882114775E-3,7.774290442E-2,1.566120610E-2
7.343658654E1,-5.270763766E-3,6.478912383E-2,1.673293859E-2
7.345662854E1,-1.173910312E-2,7.553605735E-2,4.415250383E-3
7.347667054E1,-1.667827368E-2,8.972574025E-2,-7.695845328E-3
7.349671279E1,-2.258310094E-2,8.910343051E-2,-2.593718842E-2
7.351675479E1,-1.372309495E-2,5.651465058E-2,-2.477359027E-2
7.353679679E1,2.228833269E-3,3.659356385E-2,-1.792380027E-2
7.355683879E1,-5.836728960E-4,6.048501655E-2,-1.308498532E-2
7.357688079E1,-6.008319557E-3,6.063177064E-2,-1.001678966E-2
7.359692279E1,-2.124192938E-2,4.812908173E-2,-2.294359263E-3
7.361696479E1,-3.197533265E-2,3.487378359E-2,8.815224282E-4
7.363700779E1,-3.731455654E-2,1.996149495E-2,7.382502779E-3
7.365704979E1,-5.510435253E-2,2.239406109E-3,1.169635355E-2
7.367709179E1,-9.061827511E-2,9.851662442E-3,1.524364203E-2
7.369713379E1,-1.071867943E-1,2.875206433E-2,2.704990655E-2
7.371717579E1,-9.041150659E-2,-1.482716762E-4,3.927900270E-2
7.373721779E1,-7.620198280E-2,-5.867127702E-2,4.417597875E-2
7.375725979E1,-7.596583664E-2,-7.915167511E-2,4.151609167E-2
7.377730179E1,-6.736215204E-2,-7.985754311E-2,2.768496983E-2
7.379734379E1,-4.869904369E-2,-9.633633494E-2,-2.737856470E-3
7.381738579E1,-1.229869667E-2,-1.054749489E-1,-2.620944381E-2
7.383742779E1,2.325749956E-2,-9.653771669E-2,-3.076156043E-2
7.385746979E1,4.082691669E-2,-4.858541489E-2,-3.686003760E-2
7.387751279E1,4.024007171E-2,7.987255231E-3,-3.002026305E-2
7.389755479E1,2.686515823E-2,7.364547811E-3,-1.476196758E-2
7.391759679E1,1.962872781E-2,-9.166322649E-3,-1.431445871E-2
7.393763879E1,1.644332428E-3,5.819622427E-3,-2.747049741E-2
7.395768079E1,-2.368711494E-2,2.561459318E-2,-2.623834834E-2
7.397772279E1,-4.117456824E-2,4.024105147E-2,3.594723064E-3
7.399776479E1,-6.181353331E-2,5.960567296E-2,3.898555785E-2
7.401780679E1,-7.054795325E-2,6.684762239E-2,6.520088017E-2
7.403784879E1,-9.354864061E-2,7.662100345E-2,7.479280978E-2
7.405789079E1,-1.055274606E-1,7.962279767E-2,6.674661487E-2
7.407793279E1,-8.517736942E-2,7.233842462E-2,6.467451155E-2
7.409797579E1,-8.342732489E-2,7.214201987E-2,5.522908270E-2
7.411801779E1,-9.253787994E-2,5.876434222E-2,4.852277040E-2
7.413805979E1,-6.991604716E-2,7.561078668E-2,3.983707726E-2
7.415810179E1,-6.859333068E-2,5.016810074E-2,4.952954501E-2
7.417814379E1,-6.663051248E-2,-1.902964339E-2,4.837625101E-2
7.419818579E1,-5.314273015E-2,-2.876612917E-2,2.293495461E-2
7.421822779E1,-4.448831454E-2,-7.199266553E-2,2.557455562E-2
7.423826979E1,-2.072654106E-2,-1.195372194E-1,1.171655208E-2
7.425831179E1,-1.576486416E-2,-1.008005142E-1,-8.887914941E-3
7.427835379E1,-2.724721842E-2,-1.333623081E-1,-2.473456226E-2
7.429839579E1,-2.949780039E-2,-1.189530194E-1,-1.015345193E-2
7.431843779E1,-1.996188797E-2,-8.607010543E-2,-2.652680036E-3
7.433848079E1,-2.555991337E-2,-7.661345601E-2,3.537451848E-3
7.435852279E1,-3.372229263E-2,-6.665959209E-2,1.939965296E-3
7.437856479E1,-1.422356255E-2,-2.219211683E-2,-3.662833711E-3
7.439860679E1,2.506082179E-3,5.862759892E-3,-8.565201424E-3
7.441864879E1,1.096026879E-2,1.573283458E-3,-3.275966272E-3
7.443869079E1,-3.691343591E-4,3.327794373E-2,1.657854533E-3
7.445873279E1,-2.093485743E-2,4.575376958E-2,-1.758899074E-3
7.447877479E1,-3.084641322E-2,5.381096900E-2,-6.088420749E-3
7.449881675E1,-1.794840768E-2,4.605292156E-2,-6.872234866E-3
7.451885875E1,-1.174491737E-2,1.590231620E-2,-1.026183367E-2
7.453890075E1,-1.048022322E-2,-5.274384748E-3,3.043804783E-3
7.455894375E1,-1.082664635E-2,4.075567797E-2,5.296876654E-3
7.457898575E1,-9.636609815E-3,2.817369625E-2,4.875161685E-4
7.459902775E1,6.644629873E-3,-6.880179513E-3,-8.464615792E-3
7.461906975E1,1.057397947E-2,-5.856662989E-2,-2.044798620E-2
7.463911175E1,9.207268246E-3,-2.901948616E-2,-2.369103581E-2
7.465915375E1,5.919847637E-3,9.665117599E-3,-2.619358711E-2
7.467919575E1,1.605848782E-2,-2.325175330E-3,-2.465400100E-2
7.469923775E1,2.246973291E-2,-2.176572382E-2,-2.472106367E-2
7.471927975E1,8.126756176E-3,-3.056271747E-2,-1.650904305E-2
7.473932175E1,3.710038960E-3,-2.868133783E-2,-8.752012625E-3
7.475936375E1,6.554732099E-3,2.053646371E-2,-1.929412410E-2
7.477940675E1,-5.724155344E-3,6.533463299E-2,-2.321826294E-2
7.479944875E1,-1.446878910E-2,6.312092394E-2,-2.188662626E-2
7.481949075E1,-1.293147728E-2,3.878001869E-2,-1.220453065E-3
7.483953275E1,-8.802111261E-3,2.484382316E-2,1.317048795E-3
7.485957475E1,-5.005440675E-3,4.284831882E-2,9.760842659E-5
7.487961675E1,3.449305892E-3,2.149052732E-2,6.650216412E-3
7.489965875E1,4.738869611E-4,2.024004981E-2,6.987597328E-3
7.491970075E1,-1.625948586E-2,4.648622870E-2,8.342900313E-3
7.493974275E1,-2.052415907E-2,3.894783556E-2,5.155515857E-3
7.495978475E1,-2.415044047E-2,1.317465119E-2,8.901465684E-3
7.497982675E1,-9.944719262E-3,2.436030190E-3,1.986926608E-2
7.499986975E1,-3.802476916E-3,-1.722732745E-2,2.315843478E-2
7.501991175E1,-3.591099288E-3,-8.213748224E-3,2.165249735E-2
7.503995375E1,-1.088570058E-2,5.078036804E-3,1.871390268E-2
7.505999575E1,-1.060181204E-2,4.512933083E-3,1.281651482E-2
7.508003775E1,-7.636449765E-3,-1.803145185E-2,1.779287681E-2
7.510007975E1,-4.519287497E-3,-3.013571352E-2,2.010581084E-2
7.512012175E1,-6.184955128E-3,-1.334411278E-2,1.515645254E-2
7.514016375E1,-6.815736182E-3,5.399394315E-3,9.364663623E-3
7.516020575E1,-8.887263946E-3,-1.877962612E-2,9.367805906E-3
7.518024775E1,-6.518702954E-3,-4.733588919E-2,2.172137424E-2
7.520028975E1,-5.313320085E-3,-5.104108527E-2,2.923757397E-2
7.522033275E1,-1.274864003E-2,-2.005418018E-2,2.279454283E-2
7.524037475E1,-1.622780412E-2,-1.159248129E-2,1.370021515E-2
7.526041675E1,-8.192223497E-3,-5.959046260E-2,2.705052122E-2
7.528045875E1,-4.088194109E-3,-9.535750747E-2,3.887379915E-2
7.530050075E1,-1.550200954E-2,-1.073391065E-1,2.778647467E-2
7.532054275E1,-1.671062782E-2,-1.351341456E-1,1.140065957E-2
7.534058475E1,-6.061108783E-3,-1.161200702E-1,2.207264770E-3
7.536062675E1,-1.927598380E-2,-8.316183090E-2,2.478943206E-4
7.538066875E1,-2.985475026E-2,-4.741185158E-2,-1.748709753E-2
7.540071075E1,-2.685219422E-2,-8.313164115E-3,-3.998763487E-2
7.542075275E1,-5.441812798E-2,7.553834468E-3,-6.869526207E-2
7.544079575E1,-7.216856629E-2,9.429027885E-2,-7.821692526E-2
7.546083775E1,-7.669075578E-2,2.864313722E-1,-7.812491059E-2
7.548087975E1,-8.362516016E-2,5.248048902E-1,-7.558640838E-2
7.550092150E1,-9.938413650E-2,7.219709158E-1,-5.975605547E-2
7.552096350E1,-9.918246418E-2,7.244803309E-1,-4.358691722E-2
7.554100550E1,-5.625312030E-2,6.583399177E-1,1.320509054E-2
7.556104750E1,-1.211140864E-2,7.271341085E-1,4.355021566E-2
7.558108950E1,-5.504056811E-3,7.987022996E-1,4.890259355E-2
7.560113150E1,-6.052251905E-3,7.959268093E-1,4.019355029E-2
7.562117350E1,-2.084885165E-2,7.488246560E-1,9.280720726E-3
7.564121550E1,-3.094036877E-2,7.328581810E-1,-6.169076078E-3
7.566125750E1,-3.554091975E-2,7.134074569E-1,1.510410663E-2
7.568130050E1,-3.888129443E-2,7.200868130E-1,4.140145332E-2
7.570134250E1,-4.370614514E-2,7.202301025E-1,6.936731189E-2
7.572138450E1,-3.471913934E-2,6.803856492E-1,7.378603518E-2
7.574142650E1,-8.493242785E-3,6.381500959E-1,8.830215782E-2
7.576146850E1,1.966028661E-2,5.716308951E-1,8.311466873E-2
7.578151050E1,1.550142746E-2,5.910139680E-1,4.863470048E-2
7.580155250E1,2.348725125E-2,6.175834537E-1,-9.991445113E-4
7.582159450E1,1.293255202E-2,5.560247898E-1,-2.938403189E-2
7.584163650E1,2.710218541E-4,4.770937860E-1,-2.240595780E-2
7.586167850E1,7.380679017E-4,4.420858324E-1,-1.035524532E-3
7.588172050E1,7.911562920E-3,4.347245991E-1,1.752253063E-2
7.590176350E1,2.011149004E-2,3.774555027E-1,2.707343921E-2
7.592180550E1,2.157637291E-2,2.898477018E-1,1.847669855E-2
7.594184750E1,1.379361004E-2,2.212936431E-1,1.881770231E-2
7.596188950E1,2.052343264E-2,2.144782841E-1,1.028784830E-2
7.598193150E1,1.861839741E-2,2.499003112E-1,-3.740375396E-4
7.600197350E1,3.408244252E-2,1.875486374E-1,-1.852290519E-2
7.602201550E1,3.289888054E-2,4.113071412E-2,-1.246425323E-2
7.604205750E1,4.706340656E-2,-2.674036101E-2,-2.044598386E-2
7.606209950E1,3.498114273E-2,1.614179462E-2,-4.014455527E-2
7.608214150E1,4.059552774E-2,8.187384158E-2,-5.122986808E-2
7.610218450E1,6.575036049E-2,8.301579207E-2,-3.749270365E-2
7.612222650E1,6.653846055E-2,-7.094461005E-3,-1.337190066E-2
7.614226850E1,5.745835230E-2,-4.005408846E-3,2.332023345E-3
7.616231050E1,8.129503578E-2,2.923455834E-2,1.099719107E-2
7.618235250E1,7.696445286E-2,1.885599084E-2,2.299349569E-2
7.620239450E1,3.763815388E-2,6.560904533E-2,3.710773960E-2
7.622243650E1,4.470285028E-3,7.158443332E-2,4.861691967E-2
7.624247850E1,-1.893534698E-2,-1.882766187E-2,5.608725175E-2
7.626252050E1,-4.717746004E-2,1.561303996E-2,5.662318319E-2
7.628256250E1,-8.675402403E-2,7.543972880E-2,4.610808194E-2
7.630260450E1,-8.529176563E-2,3.113788553E-2,5.935179442E-2
7.632264650E1,-9.784470499E-2,-8.604874834E-3,5.918378755E-2
7.634268950E1,-9.386811405E-2,1.864777692E-2,5.827223510E-2
7.636273150E1,-9.776461124E-2,6.010604091E-3,4.933841154E-2
7.638277350E1,-1.187473089E-1,1.395709999E-2,2.510143630E-2
7.640281550E1,-7.676751912E-2,5.070064217E-4,2.689025551E-2
7.642285750E1,-4.202817380E-2,-1.251263022E-1,2.891966887E-2
7.644289950E1,-7.593019307E-2,-1.219558716E-1,1.218194980E-2
7.646294150E1,-2.653334662E-2,-9.610886872E-2,-1.869564317E-2
7.648298350E1,3.128678724E-2,-2.855182812E-2,-3.319163620E-2
7.650302567E1,4.120208323E-2,2.347662114E-2,-4.987687245E-2
7.652306767E1,5.927900225E-2,1.136471406E-1,-5.597666278E-2
7.654310967E1,7.535371929E-2,1.139668301E-1,-5.383349210E-2
7.656315267E1,1.016437113E-1,1.609257460E-1,-3.989448771E-2
7.658319467E1,1.413825303E-1,1.754413843E-1,-7.496704347E-3
7.660323667E1,9.501235187E-2,9.711071104E-2,5.571083166E-3
7.662327867E1,6.077079102E-2,4.517360777E-2,-8.619872387E-4
7.664332067E1,3.566318005E-2,-2.249428257E-2,-7.520833053E-3
7.666336267E1,-1.249909401E-3,-6.227513403E-2,-5.616856739E-3
7.668340467E1,-2.838613838E-2,-4.234084114E-2,1.338471659E-3
7.670344667E1,-2.926530875E-2,-4.092879966E-2,-9.479697328E-4
7.672348867E1,-2.170285024E-2,-3.791508079E-2,8.011361351E-4
7.674353067E1,-1.637028158E-2,-4.649187624E-2,1.807498932E-2
7.676357267E1,7.180799730E-5,-8.857434243E-2,1.627176255E-2
7.678361567E1,-3.564070212E-3,-6.006002054E-2,2.858413011E-2
7.680365767E1,-8.478667587E-3,-8.828873932E-2,2.136989310E-2
7.682369967E1,2.378769219E-3,-6.660791487E-2,1.687679067E-2
7.684374167E1,7.893390954E-3,-9.666947275E-2,1.277817041E-2
7.686378367E1,-1.704446226E-2,-9.388188273E-2,4.125310108E-3
7.688382567E1,1.231694128E-2,-8.648789674E-2,1.264399383E-2
7.690386767E1,2.625414729E-2,-1.234497875E-1,1.684123091E-2
7.692390967E1,1.452165004E-2,-9.584083408E-2,1.010301989E-2
7.694395167E1,2.306415513E-2,-4.492565617E-2,2.063495107E-3
7.696399367E1,3.022394329E-2,-5.867467821E-2,2.881679684E-4
7.698403567E1,1.138351299E-2,-5.856096372E-2,7.082154043E-3
7.700407867E1,1.254000142E-2,-2.868766896E-2,1.133197080E-2
7.702412067E1,2.136511728E-2,-2.491043694E-2,1.034311857E-2
7.704416267E1,9.762847796E-3,4.524917342E-3,8.874770254E-3
7.706420467E1,1.358177140E-2,-3.062721714E-2,2.827310236E-3
7.708424667E1,1.813943312E-2,-4.715337232E-2,8.149268106E-3
7.710428867E1,3.086742572E-2,-2.300701104E-2,1.179642603E-2
7.712433067E1,1.847659051E-2,5.411599204E-2,9.728789330E-3
7.714437267E1,5.850664340E-3,8.320774138E-2,2.770538907E-3
7.716441467E1,1.033099648E-2,4.033119231E-2,9.808989242E-3
7.718445667E1,-1.176600112E-3,2.806957997E-2,1.959459111E-2
7.720449867E1,-5.070304498E-3,2.374699339E-2,2.174295112E-2
7.722454167E1,-1.851205900E-2,3.183627129E-2,6.984318607E-3
7.724458367E1,-2.126543783E-2,5.190553516E-2,9.172852151E-5
7.726462567E1,-3.044875339E-2,1.679676399E-2,7.023341022E-3
7.728466767E1,-1.606361568E-2,2.971404698E-3,6.144602783E-3
7.730470967E1,-1.148839202E-2,4.736351594E-2,4.394818097E-4
7.732475167E1,-4.014478531E-3,4.308986664E-2,2.140252851E-3
7.734479367E1,-2.005476132E-2,8.017952554E-3,8.746553212E-3
7.736483567E1,-9.566884488E-3,-1.086745318E-2,1.872302033E-2
7.738487767E1,-3.183572087E-3,-1.376941986E-2,1.860764250E-2
7.740491967E1,-1.788235269E-2,-1.347923651E-3,5.437329877E-3
7.742496167E1,-2.070664428E-2,2.112626098E-3,-9.931141511E-3
7.744500367E1,-2.472049370E-2,1.159074530E-2,-1.114312559E-2
7.746504667E1,-1.760731637E-2,-1.523277536E-2,-5.921072327E-3
7.748508867E1,-1.764000952E-2,-4.014243931E-2,8.237293921E-3
7.750513042E1,-2.901536599E-2,-1.843535155E-2,4.067603499E-3
7.752517242E1,-3.547580540E-2,9.434260428E-3,-2.449012129E-3
7.754521442E1,-2.362160012E-2,-1.984609850E-2,3.817820223E-3
7.756525642E1,-2.591265924E-2,-3.216484934E-2,4.813428037E-3
7.758529842E1,-3.420049325E-2,-8.468465880E-3,4.109627567E-3
7.760534042E1,-3.874728456E-2,2.376363846E-3,-2.307101153E-3
7.762538242E1,-3.695964813E-2,2.110309526E-2,-1.963496441E-3
7.764542442E1,-3.245810419E-2,2.485094219E-2,4.803047050E-4
7.766546642E1,-2.664330043E-2,-8.662309498E-3,1.653278712E-3
7.768550942E1,-1.459028013E-2,-5.385438446E-3,-3.161892993E-3
7.770555142E1,-2.390182205E-2,1.755297184E-2,-3.726503812E-3
7.772559342E1,-1.493543759E-2,2.402657084E-2,6.031621713E-3
7.774563542E1,8.478811942E-3,1.300559193E-2,2.104128152E-2
7.776567742E1,1.097952947E-2,-1.679388806E-2,2.039669640E-2
7.778571942E1,1.901108772E-4,-1.884456910E-2,1.069415640E-2
7.780576142E1,-5.745816976E-3,-4.075972829E-3,2.193706110E-3
7.782580342E1,6.882261019E-3,3.454704210E-2,7.534242235E-3
7.784584542E1,-4.379793536E-4,2.937868610E-2,2.002350427E-2
7.786588742E1,-4.179052543E-3,-7.470284589E-3,2.679543197E-2
7.788592942E1,5.379411392E-3,-4.047382250E-2,2.584989741E-2
7.790597242E1,2.149688080E-3,-3.933049738E-2,1.243708096E-2
7.792601442E1,-5.262394901E-3,-1.494606491E-3,6.772324443E-3
7.794605642E1,1.099648699E-2,1.020405628E-2,1.140763890E-2
7.796609842E1,1.081672963E-4,-2.267805114E-2,2.729338035E-2
7.798614042E1,-3.747297451E-2,-2.974398248E-2,5.342656747E-2
7.800618242E1,-9.305328131E-2,-4.165189713E-2,1.040883735E-1
7.802622442E1,-2.261751145E-1,1.256530359E-2,2.229450792E-1
7.804626642E1,-5.337770581E-1,3.329900503E-1,4.418605566E-1
7.806630842E1,-8.839167953E-1,9.035966396E-1,6.092674732E-1
7.808635042E1,-1.050624013E0,1.090812087E0,6.431955695E-1
7.810639242E1,-8.299518228E-1,9.779328704E-1,7.960740924E-1
7.812643442E1,-4.444575608E-1,1.179841161E0,1.032085419E0
7.814647742E1,5.437384546E-2,2.308296204E0,9.296832681E-1
7.816651942E1,5.325952172E-1,3.403784037E0,5.124125481E-1
7.818656142E1,-2.352049649E-1,2.642425537E0,-2.560102940E-1
7.820660342E1,-1.324216485E0,2.374942780E0,-8.147643209E-1
7.822664542E1,-1.629048109E0,2.841248274E0,-6.155133843E-1
7.824668742E1,-1.576362729E0,2.870467901E0,-1.374280006E-1
7.826672942E1,-7.332167625E-1,2.875131369E0,2.865315042E-2
7.828677142E1,-2.493064851E-1,3.675931215E0,1.004003584E-1
7.830681342E1,-1.401762486E0,2.971581936E0,1.679710597E-1
7.832685542E1,-1.681661487E0,1.071542859E0,8.116924763E-1
7.834689742E1,-4.418005347E-1,1.043681145E0,7.982742786E-1
7.836693942E1,1.473611295E-1,2.060065985E0,4.614134431E-1
7.838698242E1,-1.901864856E-1,2.058743715E0,3.582225740E-1
7.840702442E1,-5.455642939E-1,2.267583370E0,4.637449086E-1
7.842706642E1,-4.504176080E-1,2.972280502E0,4.675193727E-1
7.844710842E1,-2.629318237E-1,3.328217268E0,3.416979909E-1
7.846715042E1,-2.865944207E-1,3.092445850E0,2.518953979E-1
7.848719242E1,-4.183047414E-1,2.708370209E0,6.193839014E-2
7.850723437E1,-5.205183625E-1,2.578474045E0,-3.202537820E-2
7.852727638E1,-6.475330591E-1,2.755114317E0,-1.906963065E-2
7.854731838E1,-6.855038404E-1,2.704205036E0,-8.432496339E-3
7.856736038E1,-4.320372641E-1,2.332333088E0,7.319603860E-2
7.858740238E1,-4.712736309E-1,2.052069187E0,-2.010560036E-2
7.860744438E1,-8.031598926E-1,1.900522947E0,-9.781404585E-2
7.862748738E1,-1.073187470E0,2.083533525E0,-2.406658679E-1
7.864752938E1,-1.077219725E0,2.395269156E0,-3.955935538E-1
7.866757138E1,-7.753052115E-1,2.501002312E0,-4.377146959E-1
7.868761338E1,-5.492618680E-1,2.184082270E0,-5.897580981E-1
7.870765538E1,-9.378975034E-1,1.933617473E0,-7.846549153E-1
7.872769738E1,-1.343505859E0,2.467271328E0,-5.125153661E-1
7.874773938E1,-1.020296335E0,2.196002483E0,-1.488590091E-1
7.876778137E1,-8.801635504E-1,1.162466764E0,-2.660568655E-1
7.878782338E1,-1.096139312E0,1.067447543E0,-4.376643598E-1
7.880786537E1,-1.496798277E0,1.281730056E0,-4.314396679E-1
7.882790738E1,-1.882716179E0,1.549940467E0,-2.201758921E-1
7.884794937E1,-2.226042032E0,1.399475574E0,6.753136218E-2
7.886799138E1,-2.249987364E0,1.359738231E0,4.675133228E-1
7.888803437E1,-2.155381203E0,1.964289546E0,1.030507565E0
7.890807638E1,-2.124292612E0,2.503693104E0,1.600152254E0
7.892811837E1,-1.931048989E0,1.731814265E0,1.631340861E0
7.894816038E1,-1.522373199E0,4.424301386E-1,1.608328342E0
7.896820237E1,-9.682158828E-1,1.205368996E0,2.258179188E0
7.898824438E1,-2.194181979E-1,2.040967226E0,2.790979147E0
7.900828637E1,1.337098181E-1,6.709426641E-1,2.650490761E0
7.902832838E1,2.096973956E-1,-5.467306376E-1,2.385845661E0
7.904837037E1,3.260496855E-1,-2.661981881E-1,2.328796864E0
7.906841238E1,-3.062263876E-2,1.051844358E0,2.320120573E0
7.908845437E1,-4.523563981E-1,2.168327093E0,2.230124712E0
7.910849638E1,-6.321274638E-1,2.109609127E0,2.161890507E0
7.912853938E1,-5.682799220E-1,1.932740569E0,2.081298113E0
7.914858138E1,-8.151837587E-1,1.681554437E0,1.829820752E0
7.916862338E1,-1.146888852E0,1.662551522E0,1.577873707E0
7.918866538E1,-9.707647562E-1,2.009357691E0,1.383732677E0
7.920870738E1,-6.505364180E-1,2.065969706E0,1.190714836E0
7.922874938E1,-4.582103491E-1,1.987246871E0,1.012054324E0
7.924879138E1,-1.447080821E-1,1.678630948E0,8.322358727E-1
7.926883338E1,2.340368330E-1,1.090894818E0,6.826625466E-1
7.928887538E1,6.307277679E-1,6.187964082E-1,5.648202300E-1
7.930891738E1,1.102268457E0,1.897704154E-1,3.590333164E-1
7.932895938E1,1.439196229E0,-1.316170692E-1,1.776105314E-1
7.934900137E1,1.681920171E0,-3.696417511E-1,-1.609295839E-3
7.936904438E1,1.763211012E0,-6.069920063E-1,-1.320796013E-1
7.938908637E1,1.758798361E0,-6.661882997E-1,-2.239302844E-1
7.940912838E1,1.871551871E0,-3.405499160E-1,-2.531280816E-1
7.942917037E1,1.984415770E0,5.828682706E-2,-2.887199521E-1
7.944921238E1,2.110923052E0,8.109447360E-2,-4.900562465E-1
7.946925437E1,2.277043104E0,-3.920209110E-1,-6.692389846E-1
7.948929638E1,2.114315987E0,-1.039119720E0,-6.457870007E-1
7.950933837E1,1.470886469E0,-1.045527577E0,-5.426879525E-1
7.952938038E1,7.663064599E-1,-1.696450710E-1,-3.190962076E-1
7.954942237E1,4.844839573E-1,8.804957271E-1,-8.131819218E-2
7.956946438E1,3.772714734E-1,8.599518538E-1,2.336008698E-1
7.958950637E1,1.743067056E-1,1.098565087E-1,3.414775431E-1
7.960954838E1,-3.561710119E-1,-1.079349041E0,4.325430989E-1
7.962959138E1,-1.771619558E0,-1.103156805E0,2.111003995E-1
7.964963338E1,-1.797254443E0,9.455824643E-2,-7.607594877E-2
7.966967538E1,8.736634254E-2,5.941290855E-1,2.483905405E-1
7.968971738E1,1.709312946E-1,3.504559100E-1,4.619868100E-1
7.970975938E1,-2.666370571E-1,-4.013948441E-1,5.215903521E-1
7.972980138E1,1.290891916E-1,3.603967726E-1,5.658913255E-1
7.974984338E1,5.931071639E-1,1.002972126E0,3.278166652E-1
7.976988538E1,8.079474568E-1,1.177120805E0,2.392351441E-2
7.978992738E1,6.719421744E-1,1.049370646E0,-1.456774324E-1
7.980996938E1,6.099162102E-1,7.288106084E-1,-1.991941035E-1
7.983001138E1,7.887305021E-1,4.688990116E-1,-3.083833456E-1
7.985005338E1,8.652862906E-1,3.529785573E-1,-4.884771109E-1
7.987009538E1,6.361818314E-1,1.746978760E-1,-5.056061745E-1
7.989013837E1,4.653554559E-1,1.531295627E-1,-4.956118762E-1
7.991018038E1,4.532214403E-1,1.329767555E-1,-4.046020508E-1
7.993022237E1,3.367888927E-1,-1.083198562E-1,-2.606902122E-1
7.995026438E1,4.943474755E-2,-3.367004097E-1,-2.021007985E-1
7.997030637E1,-2.768915296E-1,-4.585620165E-1,-2.476713955E-1
7.999034838E1,-3.321833909E-1,-5.820418000E-1,-2.299784720E-1
8.001039037E1,-2.804220915E-1,-7.620537877E-1,-1.406755745E-1
8.003043238E1,-1.783846170E-1,-9.212967753E-1,-3.881869465E-2
8.005047437E1,-1.139599606E-1,-7.661714554E-1,7.484124601E-2
8.007051638E1,-2.887387574E-1,-9.516083598E-1,1.757571995E-1
8.009055837E1,-4.899715185E-1,-1.276031375E0,1.724723279E-1
8.011060038E1,-5.185783505E-1,-9.447214007E-1,6.770999730E-2
8.013064337E1,-5.573151112E-1,-2.832084298E-1,8.530070633E-2
8.015068538E1,-7.355993390E-1,-3.181534111E-1,1.066438407E-1
8.017072737E1,-7.325701118E-1,3.544428945E-2,-8.049780130E-2
8.019076938E1,-9.083123207E-1,6.179218888E-1,-9.752298892E-2
8.021081138E1,-1.388190627E0,2.446534783E-1,4.695295393E-1
8.023085338E1,-1.740758181E0,-5.903648213E-2,1.122493982E0
8.025089538E1,-1.476451874E0,5.048946142E-1,1.336191177E0
8.027093738E1,-1.316624284E0,7.382580042E-1,1.172560692E0
8.029097938E1,-1.671978116E0,1.011358261E0,8.422494531E-1
8.031102138E1,-1.540140867E0,7.055637240E-1,7.235880494E-1
8.033106338E1,-8.343283534E-1,4.185468554E-1,6.296803951E-1
8.035110538E1,-3.450904489E-1,-4.562135041E-1,4.947784841E-1
8.037114738E1,1.208293065E-1,-1.282488585E0,5.478677750E-1
8.039119038E1,3.094039559E-1,-6.413114667E-1,6.860997081E-1
8.041123238E1,-1.635732949E-1,6.600079536E-1,6.496679187E-1
8.043127437E1,-8.784788847E-1,9.887353182E-1,3.409680128E-1
8.045131638E1,-1.034836650E0,6.443257928E-1,-3.826372698E-2
8.047135837E1,-6.448789835E-1,7.507808208E-1,-2.600734532E-1
8.049140092E1,-2.138998806E-1,8.367356658E-1,-2.272563875E-1
8.051144292E1,-2.040362684E-3,6.167581081E-1,-1.409640014E-1
8.053148492E1,2.265947610E-1,3.939680457E-1,-1.724171638E-1
8.055152692E1,4.235835969E-1,2.790248394E-1,-2.746107578E-1
8.057156892E1,6.880763769E-1,2.234466225E-1,-4.022986591E-1
8.059161092E1,1.019131303E0,8.342132717E-2,-5.729771852E-1
8.061165292E1,1.301092982E0,-7.081993669E-2,-6.864799261E-1
8.063169492E1,1.508069873E0,7.248891145E-2,-7.822611332E-1
8.065173692E1,1.669791222E0,4.736318886E-1,-8.987633586E-1
8.067177992E1,1.713029504E0,6.174675226E-1,-9.597142339E-1
8.069182192E1,1.534255266E0,5.513864756E-1,-9.713751674E-1
8.071186392E1,1.113515258E0,5.612516403E-1,-8.176850080E-1
8.073190592E1,7.641985416E-1,6.443499923E-1,-5.708165169E-1
8.075194792E1,8.366415501E-1,6.924975514E-1,-3.424461484E-1
8.077198992E1,8.163205385E-1,3.028646111E-1,-1.342658848E-1
8.079203192E1,4.455448091E-1,-7.184206247E-1,1.053678021E-1
8.081207392E1,3.481691480E-1,-1.227699757E0,2.998838425E-1
8.083211592E1,3.586091697E-1,-1.082325459E0,3.899398148E-1
8.085215792E1,2.631394863E-1,-5.395469069E-1,4.051072001E-1
8.087219992E1,1.591327637E-1,5.529398918E-1,3.754822016E-1
8.089224192E1,3.212369978E-1,1.478103399E0,3.022143245E-1
8.091228392E1,7.944826484E-1,8.025715947E-1,3.949995339E-1
8.093232692E1,3.967760503E-2,-7.111032605E-1,5.182713866E-1
8.095236892E1,-2.815698087E-1,-1.090918779E0,3.359444439E-1
8.097241092E1,2.895111777E-2,-1.080048919E0,3.137032688E-1
8.099245292E1,8.911905289E-1,-8.666602373E-1,3.011908531E-1
8.101249492E1,4.202912450E-1,-7.899854183E-1,5.842093751E-2
8.103253692E1,-3.046579361E-1,-7.801760435E-1,-1.961028874E-1
8.105257892E1,-4.118841887E-2,-4.696919620E-1,5.703946576E-3
8.107262092E1,4.812081754E-1,-2.587767243E-1,5.489635468E-2
8.109266292E1,5.407246947E-1,-1.930856109E-1,-6.059679762E-2
8.111270492E1,2.524967790E-1,1.952455193E-2,-1.841947734E-1
8.113274692E1,1.466659606E-1,3.061424792E-1,-2.868526876E-1
8.115278892E1,2.710566819E-1,2.634125054E-1,-3.188611269E-1
8.117283092E1,2.280096710E-1,1.387765259E-1,-2.721608877E-1
8.119287292E1,-5.415836349E-2,1.454331279E-1,-1.659616679E-1
8.121291492E1,-6.875840575E-2,2.112963200E-1,-6.355807930E-2
8.123295792E1,-1.541274507E-2,2.313353568E-1,-3.367160261E-2
8.125299992E1,-5.848892406E-2,2.072703540E-1,-6.303909421E-2
8.127304192E1,-9.143121541E-2,3.374768496E-1,-1.122346297E-1
8.129308392E1,-8.912502229E-2,3.223237097E-1,-1.528679281E-1
8.131312592E1,-9.186477400E-3,1.922169328E-1,-1.774461418E-1
8.133316792E1,1.752701402E-2,2.248346619E-2,-1.887842417E-1
8.135320992E1,7.021154463E-2,-1.555901617E-1,-1.284030080E-1
8.137325192E1,4.306765646E-2,-4.291653037E-1,-8.151475340E-3
8.139329392E1,-6.276382506E-2,-8.753232956E-1,5.196294561E-2
8.141333592E1,5.029647425E-2,-9.605175853E-1,4.444735497E-2
8.143337792E1,-7.687505335E-2,-1.108870268E0,4.784066230E-2
8.145341992E1,-1.493463516E-1,-8.995572329E-1,4.837293923E-2
8.147346192E1,-6.607812047E-1,-9.715613723E-1,1.507685333E-1
8.149350417E1,-7.701184154E-1,-7.670544386E-1,1.011505276E-1
8.151354617E1,-6.881812215E-1,-6.287869066E-2,1.785784401E-2
8.153358817E1,-4.681656659E-1,6.985108852E-1,-1.084261090E-1
8.155363017E1,-9.700345397E-1,4.083083272E-1,1.352982596E-2
8.157367217E1,-1.827374816E0,-3.822547793E-1,4.708502591E-1
8.159371417E1,-1.934361219E0,-4.003137648E-1,8.471226692E-1
8.161375617E1,-1.446302891E0,1.052835882E-1,1.076250434E0
8.163379817E1,-1.632325768E0,5.005347133E-1,8.468536735E-1
8.165384017E1,-1.943582654E0,1.031921148E0,6.721400619E-1
8.167388217E1,-1.620435715E0,1.259640336E0,8.277909756E-1
8.169392417E1,-9.794795513E-1,8.869264722E-1,1.040661812E0
8.171396617E1,-4.418279231E-1,4.362767339E-1,1.045131207E0
8.173400817E1,-1.295566410E-1,-8.452530950E-2,7.897341847E-1
8.175405017E1,-1.036990806E-1,-2.795133293E-1,5.025275946E-1
8.177409217E1,-4.182564914E-1,4.536865950E-1,2.106168419E-1
8.179413517E1,-4.967598617E-1,9.069486260E-1,2.008402646E-1
8.181417717E1,-1.164970994E-1,6.016661525E-1,6.641130894E-2
8.183421917E1,1.241402775E-1,4.144147635E-1,-2.039100230E-1
8.185426117E1,2.480389774E-1,4.301399887E-1,-3.726399541E-1
8.187430317E1,3.409769833E-1,5.345004797E-1,-4.973448217E-1
8.189434517E1,5.791750550E-1,4.294881225E-1,-5.492707491E-1
8.191438717E1,8.548179269E-1,1.654965580E-1,-6.044278145E-1
8.193442917E1,1.043460011E0,-3.180404659E-3,-6.690968275E-1
8.195447117E1,1.188064337E0,-5.660096556E-2,-7.307050228E-1
8.197451317E1,1.414541602E0,-1.157208681E-1,-8.245543242E-1
8.199455517E1,1.476087570E0,-1.131380722E-2,-8.865139484E-1
8.201459717E1,1.194228888E0,4.975546598E-1,-8.573130369E-1
8.203463917E1,8.570476770E-1,1.079462409E0,-7.690665126E-1
8.205468117E1,7.275894880E-1,9.983987808E-1,-7.184795737E-1
8.207472417E1,7.732716203E-1,3.657255769E-1,-5.289119482E-1
8.209476617E1,7.723259330E-1,-3.453267515E-1,-1.555788219E-1
8.211480817E1,6.389752030E-1,-7.787358165E-1,8.624300361E-2
8.213485017E1,7.528798580E-1,-4.708626568E-1,2.193658799E-1
8.215489217E1,8.428784013E-1,2.165213823E-1,2.109469771E-1
8.217493417E1,4.842615724E-1,1.053518772E0,1.524160057E-1
8.219497617E1,-1.325464994E-1,1.745170832E0,1.464721859E-1
8.221501817E1,1.081694216E-1,1.792798638E0,2.099409103E-1
8.223506017E1,9.509983063E-1,4.950190485E-1,4.949592352E-1
8.225510217E1,4.477201402E-1,-8.197563291E-1,5.542715788E-1
8.227514417E1,8.520511538E-2,-5.243920684E-1,4.746154845E-1
8.229518617E1,-1.192934588E-1,-7.189331651E-1,1.691080779E-1
8.231522817E1,1.617739201E-1,-5.284970999E-1,1.790905297E-1
8.233527017E1,2.622838914E-1,2.535703778E-1,5.551742390E-2
8.235531217E1,-3.213788942E-2,-8.946363330E-1,2.243995201E-3
8.237535517E1,8.224968612E-2,-1.782592535E0,1.570468843E-1
8.239539717E1,5.552982688E-1,-1.011053920E0,2.578265965E-1
8.241543917E1,8.801314831E-1,-3.018448874E-2,4.966428503E-2
8.243548117E1,4.922283292E-1,-3.166953847E-2,-7.755009830E-2
8.245552317E1,1.861180961E-1,-1.296875533E-3,-2.530328631E-1
8.247556517E1,1.860498637E-1,-1.510666311E-1,-2.893621922E-1
8.249560817E1,1.567299813E-1,-6.156941652E-1,-3.062137365E-1
8.251565017E1,5.877864361E-2,-6.594067216E-1,-2.745268941E-1
8.253569217E1,9.800574183E-2,-2.159172297E-1,-1.686939299E-1
8.255573417E1,1.388995349E-1,1.978565454E-1,-5.176478997E-2
8.257577617E1,-3.799356148E-2,2.470106184E-1,7.380629890E-3
8.259581817E1,-2.486859113E-1,1.255652905E-1,-2.841221169E-3
8.261586017E1,-3.066129982E-1,-5.894645583E-3,-4.782871157E-2
8.263590217E1,-2.793050408E-1,-1.975409091E-1,-6.085241213E-2
8.265594417E1,-1.008265764E-1,-1.116804630E-1,-2.778517641E-2
8.267598717E1,-6.931482255E-2,1.460748464E-1,6.045057625E-2
8.269602917E1,-1.620181799E-1,-2.993173003E-1,1.599105597E-1
8.271607117E1,-4.038222134E-1,-1.593440175E0,2.468285263E-1
8.273611317E1,-7.347958088E-1,-2.234766245E0,7.890630513E-2
8.275615517E1,-5.016077757E-1,-1.449824452E0,-3.671863303E-2
8.277619717E1,-3.190791011E-1,-2.809484601E-1,8.755196631E-2
8.279623917E1,-6.287816763E-1,5.803556181E-3,9.428714216E-2
8.281628117E1,-7.908990383E-1,-2.636840343E-1,1.250019968E-1
8.283632317E1,-7.427249551E-1,-2.681933939E-1,1.747836322E-1
8.285636517E1,-1.109726548E0,-3.795247078E-1,3.527847528E-1
8.287640717E1,-1.557618499E0,-6.565309763E-1,8.409970999E-1
8.289644917E1,-1.662355900E0,-4.615776837E-1,1.055427909E0
8.291649117E1,-1.261156082E0,9.026651084E-2,1.054291129E0
8.293653317E1,-1.469837070E0,7.085732818E-1,1.024003625E0
8.295657517E1,-2.109938860E0,1.660678267E0,8.429720402E-1
8.297661817E1,-1.442214489E0,6.109315753E-1,7.934079766E-1
8.299666017E1,-6.685745120E-1,3.976526856E-1,8.584690094E-1
8.301670217E1,-4.115945399E-1,6.122711301E-1,1.113374352E0
8.303674417E1,-2.919017971E-1,2.424769402E-1,9.872738719E-1
8.305678617E1,-2.929762751E-2,2.739606202E-1,5.825250149E-1
8.307682817E1,-7.819154859E-2,8.786597848E-1,3.723153770E-1
8.309687017E1,-2.376370132E-1,1.219392657E0,4.630419314E-1
8.311691217E1,-5.640181899E-2,1.000593901E0,1.943466365E-1
8.313695417E1,9.923504293E-2,7.924889922E-1,-1.439094841E-1
8.315699617E1,2.139372677E-1,8.980796933E-1,-2.757792473E-1
8.317703817E1,4.163900316E-1,1.067829013E0,-3.861367106E-1
8.319708017E1,6.195001006E-1,8.498002291E-1,-5.075851083E-1
8.321712217E1,7.949717045E-1,5.388863683E-1,-5.856381059E-1
8.323716417E1,9.599484205E-1,4.550636411E-1,-6.620966196E-1
8.325720617E1,1.083326101E0,4.154301286E-1,-7.192727327E-1
8.327724817E1,1.171539307E0,3.332394063E-1,-8.229036927E-1
8.329729117E1,1.206599116E0,3.624288142E-1,-9.780640006E-1
8.331733317E1,1.227787614E0,6.164806485E-1,-1.052740812E0
8.333737517E1,1.217914462E0,7.931835651E-1,-1.081632733E0
8.335741717E1,1.117726684E0,7.295174003E-1,-9.988424182E-1
8.337745917E1,1.178652406E0,6.269373894E-1,-6.925860643E-1
8.339750117E1,1.261229157E0,5.903500915E-1,-3.096077740E-1
8.341754317E1,9.531863928E-1,1.182479858E-1,-1.490018368E-1
8.343758517E1,5.264557004E-1,-2.676547766E-1,1.815170050E-2
8.345762717E1,3.165671229E-1,-3.764496446E-1,1.474000365E-1
8.347766917E1,3.755221069E-1,-7.034880519E-1,2.543559670E-1
8.349771092E1,3.331376314E-1,-7.129566073E-1,4.125540257E-1
8.351775292E1,1.530939639E-1,-1.467029452E-1,4.771234095E-1
8.353779492E1,1.525347703E-3,5.515068769E-1,3.785333037E-1
8.355783692E1,3.118968606E-1,4.882971942E-1,3.535143733E-1
8.357787892E1,2.621636391E-1,-5.298356414E-1,4.032512009E-1
8.359792092E1,-7.078742385E-1,-7.725852728E-1,3.596514165E-1
8.361796392E1,-6.461775303E-1,-8.671009541E-1,2.431394756E-1
8.363800592E1,2.294718772E-1,-9.206463695E-1,1.665296108E-1
8.365804792E1,4.395633340E-1,1.956212148E-2,-1.083798427E-2
8.367808992E1,-1.989025027E-1,-4.737230241E-1,-1.811880171E-1
8.369813192E1,-8.575876802E-2,-1.419753581E-1,1.603464484E-1
8.371817392E1,4.174120426E-1,2.008354515E-1,1.922277212E-1
8.373821592E1,5.507176518E-1,1.246298626E-1,2.034161612E-2
8.375825792E1,3.433634937E-1,8.406262100E-2,5.547550321E-2
8.377829992E1,1.455809921E-1,2.746135592E-1,-2.224324457E-2
8.379834192E1,6.430648267E-2,2.404196113E-1,-1.193438247E-1
8.381838392E1,6.290421635E-2,-1.544131637E-1,-6.853608042E-2
8.383842592E1,-2.181941718E-1,-5.938737392E-1,-3.919367865E-2
8.385846792E1,-7.176787853E-1,-6.910279393E-1,-7.272028178E-2
8.387850992E1,-7.708687782E-1,-7.366785407E-1,-1.649751067E-1
8.389855192E1,-1.615234911E-1,-5.258693099E-1,-1.777153611E-1
8.391859392E1,4.142106511E-3,-1.948101372E-1,-1.103087366E-1
8.393863692E1,-8.361487836E-2,-3.539136946E-1,-5.037312582E-2
8.395867892E1,-1.008857936E-1,-6.736804843E-1,-1.242939942E-2
8.397872092E1,-2.825872898E-1,-1.027153492E0,-2.576868609E-2
8.399876292E1,-1.595411748E-1,-7.857854366E-1,-7.559072971E-2
8.401880492E1,-1.077998951E-1,-3.674646318E-1,3.024833975E-3
8.403884692E1,-4.242593944E-1,-5.004958510E-1,3.745371476E-2
8.405888892E1,-7.106170058E-1,-5.355309844E-1,-7.353483234E-4
8.407893092E1,-1.116692662E0,-5.670939684E-1,-1.259797998E-2
8.409897292E1,-1.387801409E0,-4.533879459E-1,1.763064712E-1
8.411901492E1,-1.902225852E0,-2.753410935E-1,5.684317946E-1
8.413905692E1,-2.003721714E0,-4.617199004E-1,9.551532269E-1
8.415909892E1,-1.187227130E0,-5.867336988E-1,1.068056345E0
8.417914092E1,-1.356048465E0,8.239530325E-1,8.908357024E-1
8.419918292E1,-1.629854083E0,1.171619296E0,8.745639920E-1
8.421922492E1,-8.808172345E-1,4.154393375E-1,8.128861785E-1
8.423926692E1,-2.476704419E-1,5.083704591E-1,8.614591360E-1
8.425930992E1,-1.340139955E-1,7.274243832E-1,7.579324841E-1
8.427935192E1,-1.056690961E-1,1.617129296E-1,5.443653464E-1
8.429939392E1,-4.739199579E-2,1.490807533E-1,2.710177302E-1
8.431943592E1,7.023096085E-3,3.567524254E-1,9.078034759E-2
8.433947792E1,1.496323198E-1,3.600447178E-1,5.833820254E-2
8.435951992E1,4.555622339E-1,3.728123307E-1,-1.176319364E-2
8.437956192E1,6.473389864E-1,3.415750265E-1,-2.398513407E-1
8.439960392E1,6.208426952E-1,3.171907365E-1,-4.176802933E-1
8.441964592E1,6.146995425E-1,3.845195174E-1,-5.669772029E-1
8.443968792E1,7.795003057E-1,1.962890774E-1,-6.397805214E-1
8.445972992E1,9.018177390E-1,-8.350797743E-2,-6.735356450E-1
8.447977192E1,1.033794165E0,-2.335284054E-1,-7.089507580E-1
8.449981354E1,1.189177394E0,-9.351623058E-2,-7.110773325E-1
8.451985554E1,1.277334452E0,2.513173819E-1,-6.854832768E-1
8.453989754E1,1.175215721E0,4.551594555E-1,-6.864326596E-1
8.455994054E1,1.004701138E0,4.304433763E-1,-7.197695374E-1
8.457998254E1,8.771055341E-1,3.647365868E-1,-7.068681121E-1
8.460002454E1,8.502088785E-1,4.203849435E-1,-6.319416761E-1
8.462006654E1,8.309640884E-1,3.565254509E-1,-4.461183548E-1
8.464010854E1,6.986969709E-1,2.103099674E-1,-2.320958674E-1
8.466015054E1,5.667378902E-1,4.276998043E-1,2.917440608E-3
8.468019254E1,5.695989728E-1,4.809772074E-1,1.379083842E-1
8.470023454E1,6.143888235E-1,5.129860044E-1,2.979754806E-1
8.472027654E1,5.168745518E-1,7.605359554E-1,4.413201511E-1
8.474031854E1,-5.968295410E-2,3.795216084E-1,4.594720006E-1
8.476036054E1,4.276123345E-1,-5.903003216E-1,4.231865108E-1
8.478040254E1,4.184893966E-1,-1.452281475E0,5.359687209E-1
8.480044454E1,-8.430460840E-2,-9.148122668E-1,2.478812188E-1
8.482048654E1,-2.330512702E-1,-5.660449266E-1,9.096749127E-3
8.484052854E1,-8.838165551E-2,-7.521340996E-2,3.729627654E-2
8.486057054E1,-8.002357185E-2,4.306923151E-1,3.468966112E-2
8.488061354E1,-7.806722820E-2,-9.708710313E-1,2.437985502E-3
8.490065554E1,2.942554653E-1,-8.292517662E-1,1.883265376E-1
8.492069754E1,9.679155350E-1,-2.521191537E-1,2.319688797E-1
8.494073954E1,1.141104341E0,1.616614461E-1,-1.131733209E-1
8.496078154E1,7.126113772E-1,5.287119150E-1,-1.946003586E-1
8.498082354E1,5.019170046E-1,6.461072564E-1,-3.370783925E-1
8.500086554E1,5.249564052E-1,1.197261661E-1,-2.789851427E-1
8.502090754E1,3.621499538E-1,-2.909858227E-1,-2.646775544E-1
8.504094954E1,-1.844904572E-2,-3.659407198E-1,-2.430531383E-1
8.506099154E1,-1.434297115E-1,-2.358380519E-2,-1.783660650E-1
8.508103354E1,-2.124784440E-1,-1.165373717E-3,-1.150804386E-1
8.510107554E1,-2.862171829E-1,-2.677496374E-1,-1.263656020E-1
8.512111754E1,-2.125899047E-1,-3.407779634E-1,-1.061139777E-1
8.514115954E1,-1.404686272E-1,-1.753002703E-1,-7.206209749E-2
8.516120254E1,-4.770752788E-2,-6.427974999E-2,-3.038256988E-2
8.518124454E1,-6.877290457E-2,2.015145868E-2,7.088161074E-3
8.520128654E1,-2.332857698E-1,-3.381668590E-3,1.091685444E-1
8.522132854E1,-4.035605788E-1,-4.851390123E-1,2.230232805E-1
8.524137054E1,-4.219093919E-1,-9.552903175E-1,1.686371118E-1
8.526141254E1,-5.688869357E-1,-1.034138203E0,1.114391536E-1
8.528145454E1,-3.142820895E-1,-2.316018343E-1,1.421517879E-1
8.530149654E1,-5.550054908E-1,-1.560457945E-1,2.696315050E-1
8.532153854E1,-9.851289392E-1,-6.953337193E-1,3.005479574E-1
8.534158054E1,-7.011881471E-1,-3.116812706E-1,2.531538904E-1
8.536162254E1,-5.251767635E-1,2.721090615E-1,2.527639270E-1
8.538166454E1,-7.993766069E-1,2.985531092E-1,2.486903071E-1
8.540170654E1,-1.182861328E0,-1.174101084E-1,5.305241346E-1
8.542174854E1,-1.633070350E0,1.400317401E-1,6.760724187E-1
8.544179054E1,-1.754222751E0,8.615677357E-1,7.652298212E-1
8.546183354E1,-1.691949129E0,1.350206733E0,7.290289402E-1
8.548187554E1,-2.109919071E0,2.210840225E0,4.671280086E-1
8.550191767E1,-1.746137619E0,1.736628175E0,5.612596273E-1
8.552195967E1,-6.974411607E-1,7.752754092E-1,8.312612176E-1
8.554200167E1,-1.221892238E-1,2.922224700E-1,9.659732580E-1
8.556204367E1,9.107881039E-2,1.384653449E-1,8.637937307E-1
8.558208567E1,5.744132772E-2,1.056325212E-1,4.976423979E-1
8.560212767E1,-3.490493298E-1,6.845764518E-1,4.783507064E-2
8.562216967E1,-5.423038006E-1,6.426694989E-1,-6.790522486E-2
8.564221167E1,-1.741995364E-1,3.046698272E-1,-1.415065303E-2
8.566225367E1,2.769391239E-1,6.148719788E-1,-2.522119582E-1
8.568229567E1,4.372451305E-1,6.989077330E-1,-4.764243960E-1
8.570233767E1,4.427327216E-1,5.412889123E-1,-6.294220686E-1
8.572238067E1,6.016656756E-1,2.962304652E-1,-7.051833868E-1
8.574242267E1,7.765495777E-1,-1.430313438E-1,-7.801260352E-1
8.576246467E1,9.489828944E-1,-6.848437190E-1,-8.029609919E-1
8.578250667E1,1.138970733E0,-8.314031363E-1,-7.935258150E-1
8.580254867E1,1.181190848E0,-2.502819300E-1,-8.675514460E-1
8.582259067E1,9.713574648E-1,2.357500345E-1,-8.913528919E-1
8.584263267E1,7.263422608E-1,4.542859495E-1,-8.126475811E-1
8.586267467E1,6.481273174E-1,1.771177649E-1,-6.313244700E-1
8.588271667E1,8.610772491E-1,-2.251557261E-1,-4.422890544E-1
8.590275867E1,1.019415617E0,-3.475236297E-1,-2.066093087E-1
8.592280067E1,7.458376288E-1,-5.335696340E-1,1.842460781E-2
8.594284267E1,4.445379972E-1,-6.368893385E-1,2.555683553E-1
8.596288467E1,3.762041032E-1,-6.338387132E-1,3.806266189E-1
8.598292667E1,3.368382454E-1,-2.380007803E-1,3.604546487E-1
8.600296967E1,2.435002774E-1,3.333518505E-1,3.403618336E-1
8.602301167E1,2.142541856E-1,5.916151404E-1,3.838182986E-1
8.604305367E1,7.029787451E-2,8.710805178E-1,4.767137170E-1
8.606309567E1,5.092136860E-1,8.889841437E-1,5.883058906E-1
8.608313767E1,1.540563107E0,-4.638751745E-1,6.779731512E-1
8.610317967E1,3.376936316E-1,-1.626420975E0,5.148552060E-1
8.612322167E1,-2.357987314E-1,-4.335794151E-1,2.363604009E-1
8.614326367E1,-2.570442855E-1,3.770774305E-1,-2.406175807E-2
8.616330567E1,-3.122951090E-1,3.432004750E-1,-2.124865502E-1
8.618334767E1,-4.011192620E-1,-1.230804682E0,-1.344871819E-1
8.620338967E1,2.078298628E-1,-1.447753549E0,3.193810582E-1
8.622343167E1,8.304061890E-1,-6.076993942E-1,5.235142708E-1
8.624347367E1,1.065829635E0,4.392466322E-2,7.975023240E-2
8.626351667E1,9.944527745E-1,5.216432810E-1,-1.702107489E-1
8.628355867E1,6.884807944E-1,1.024361253E0,-3.849447370E-1
8.630360067E1,4.218176305E-1,7.961076498E-1,-4.352121651E-1
8.632364267E1,8.546241373E-2,-3.773409724E-1,-3.375205696E-1
8.634368467E1,-2.872206271E-1,-1.093269229E0,-3.272495270E-1
8.636372667E1,-4.250136614E-1,-8.442289233E-1,-2.046969831E-1
8.638376867E1,-2.386634201E-1,-2.497403920E-1,-2.006065100E-1
8.640381067E1,-1.064005122E-1,-2.527175248E-1,-1.442367584E-1
8.642385267E1,-2.251938544E-2,-1.613786519E-1,-9.542782605E-2
8.644389467E1,1.396596618E-2,-1.283908486E-1,3.017150238E-2
8.646393667E1,-1.056256518E-1,-3.710909486E-1,1.289970428E-1
8.648397867E1,-1.140398681E-1,-7.101626992E-1,1.682564318E-1
8.650402142E1,1.556599289E-1,-6.027559638E-1,2.173689604E-1
8.652406342E1,3.158667088E-1,-4.661375657E-2,3.103277683E-1
8.654410542E1,2.935563624E-1,-2.202191949E-2,3.305107951E-1
8.656414742E1,-4.911584556E-1,-1.332769513E0,4.111777246E-1
8.658418942E1,-6.045239568E-1,-1.560909748E0,2.718807459E-1
8.660423142E1,-2.533751130E-1,-8.939264417E-1,1.950749755E-1
8.662427342E1,-1.790640652E-1,-4.132387638E-1,2.616460621E-1
8.664431542E1,-3.238591850E-1,3.282883018E-2,1.786516756E-1
8.666435742E1,-8.644356132E-1,-1.775587648E-1,1.359771937E-1
8.668439942E1,-1.373209715E0,-2.614039779E-1,1.270248741E-1
8.670444142E1,-1.899645209E0,-7.019628286E-1,5.234010220E-1
8.672448342E1,-1.942264795E0,-1.920778453E-1,7.834237814E-1
8.674452542E1,-1.661861539E0,9.838507175E-1,7.987154722E-1
8.676456842E1,-1.805717587E0,1.950221181E0,7.686133385E-1
8.678461042E1,-1.858571053E0,1.874479532E0,6.718452573E-1
8.680465242E1,-1.460353374E0,1.219017625E0,6.656343937E-1
8.682469442E1,-1.032638907E0,1.034515858E0,8.294532299E-1
8.684473642E1,-5.064396262E-1,9.057415277E-2,7.710720897E-1
8.686477842E1,-4.739558697E-2,-3.760806620E-1,4.897347689E-1
8.688482042E1,-8.685465157E-2,-8.509747684E-2,2.874647081E-1
8.690486242E1,-3.374686837E-1,7.515634894E-1,8.418023586E-2
8.692490442E1,-2.812392414E-1,8.804080486E-1,-1.158359461E-3
8.694494642E1,-6.159406155E-2,1.039149523E0,-2.811190784E-1
8.696498842E1,8.027317375E-2,1.133785963E0,-5.556433201E-1
8.698503042E1,2.346001118E-1,9.589071274E-1,-7.529027462E-1
8.700507342E1,5.836255550E-1,5.520074368E-1,-8.177998066E-1
8.702511542E1,9.521341324E-1,4.566371907E-3,-8.730772734E-1
8.704515742E1,1.243949890E0,-2.054543048E-1,-9.557524323E-1
8.706519942E1,1.418766737E0,-1.945617497E-1,-1.001218557E0
8.708524142E1,1.469744802E0,6.121743470E-2,-1.068873286E0
8.710528342E1,1.328190804E0,5.645430088E-1,-1.206356168E0
8.712532542E1,1.056508303E0,1.127303243E0,-1.175061345E0
8.714536742E1,1.007266641E0,1.457950950E0,-7.956272960E-1
8.716540942E1,1.245301247E0,1.601755023E0,-2.089488357E-1
8.718545142E1,1.100026011E0,1.326267242E0,1.222072616E-1
8.720549342E1,3.992460370E-1,7.029575855E-2,2.208242565E-1
8.722553542E1,2.117437124E-1,-9.396848083E-1,5.472633839E-1
8.724557842E1,2.740343213E-1,-9.315001369E-1,7.627220750E-1
8.726562042E1,2.630256712E-1,-2.126465142E-1,7.067368627E-1
8.728566242E1,4.005556554E-2,7.418410182E-1,6.693092585E-1
8.730570442E1,2.272020280E-1,6.662271619E-1,6.289692521E-1
8.732574642E1,4.292398691E-1,-5.881705284E-1,6.096259356E-1
8.734578842E1,-2.849065363E-1,-1.534203887E0,6.070598960E-1
8.736583042E1,-1.276697069E-1,-9.296839237E-1,4.466780722E-1
8.738587242E1,1.437532157E-1,-2.039216012E-1,1.330440491E-1
8.740591442E1,1.489581615E-1,6.680436134E-1,-8.556061238E-2
8.742595642E1,-1.227528304E-1,-1.850570887E-1,-6.338515878E-2
8.744599842E1,-1.333421618E-1,-9.066972136E-1,1.105474681E-1
8.746604142E1,3.534090817E-1,-6.465089917E-1,3.537659943E-1
8.748608342E1,8.217934370E-1,-4.050806761E-1,1.647278517E-1
8.750612513E1,6.860839725E-1,-2.834764421E-1,8.748918027E-2
8.752616713E1,4.775139391E-1,3.066158593E-1,-3.961018473E-2
8.754620913E1,4.125863314E-1,5.332261324E-1,-1.995901614E-1
8.756625113E1,5.016782880E-1,-1.285524666E-1,-2.432485223E-1
8.758629313E1,3.311360776E-1,-7.792380452E-1,-1.743073761E-1
8.760633512E1,1.046964973E-1,-5.819870234E-1,-2.592416704E-1
8.762637713E1,2.018645108E-1,-1.400151253E-1,-2.440377027E-1
8.764641912E1,2.105378211E-1,-3.362436965E-2,-1.896741688E-1
8.766646113E1,1.348007321E-1,-2.724004537E-2,-1.148256809E-1
8.768650412E1,9.201371670E-2,-1.728527397E-1,-6.003819034E-2
8.770654613E1,1.862048656E-1,-3.929600418E-1,-9.685171396E-2
8.772658812E1,2.222785205E-1,-7.027193308E-1,-1.710868776E-1
8.774663013E1,4.499628022E-2,-9.918279052E-1,-2.500932217E-1
8.776667212E1,-2.530367970E-1,-1.092792273E0,-2.764339447E-1
8.778671413E1,-4.140414000E-1,-9.895322919E-1,-1.900204420E-1
8.780675612E1,-4.133388996E-1,-1.103452206E0,-9.092732519E-2
8.782679813E1,-3.278589845E-1,-1.320796013E0,-6.382505596E-2
8.784684012E1,-3.907380402E-1,-1.225083828E0,-7.541340590E-2
8.786688213E1,-6.323314905E-1,-1.051345587E0,-1.162161380E-1
8.788692412E1,-5.161334276E-1,-7.839249969E-1,-8.762008697E-2
8.790696713E1,-5.987314582E-1,-7.564551830E-1,4.913124070E-2
8.792700913E1,-7.534828782E-1,-8.688236475E-1,3.110003173E-1
8.794705113E1,-6.722109914E-1,-7.672638893E-1,5.840488672E-1
8.796709313E1,-5.294910669E-1,-5.276299119E-1,7.164339423E-1
8.798713513E1,-5.945767164E-1,-1.877461225E-1,6.985163093E-1
8.800717713E1,-1.212766171E0,5.013198853E-1,6.820309758E-1
8.802721913E1,-1.568793297E0,6.373294592E-1,6.092873812E-1
8.804726113E1,-1.046802640E0,1.943704933E-1,4.723137617E-1
8.806730313E1,-5.561280847E-1,-2.873816714E-2,4.243854582E-1
8.808734513E1,-3.192067146E-1,-3.012933023E-2,2.901248336E-1
8.810738813E1,-3.264919817E-1,2.963952124E-1,2.257151604E-1
8.812743013E1,-3.463146985E-1,7.655149698E-1,2.367046922E-1
8.814747212E1,-3.661022186E-1,9.969444275E-1,2.117969841E-1
8.816751413E1,-3.256657720E-1,1.071962118E0,8.786665648E-2
8.818755612E1,-2.896126509E-1,9.710123539E-1,-1.039539725E-1
8.820759813E1,-5.570694804E-2,8.535352349E-1,-1.802601218E-1
8.822764012E1,2.239724547E-1,8.480508924E-1,-2.447280586E-1
8.824768213E1,4.710807502E-1,7.596042156E-1,-2.365613282E-1
8.826772412E1,6.915289164E-1,6.745573282E-1,-1.997902989E-1
8.828776613E1,8.597429991E-1,5.527442098E-1,-1.774833053E-1
8.830780812E1,9.580341578E-1,4.931040406E-1,-1.101215705E-1
8.832785113E1,9.828411341E-1,6.166333556E-1,-1.858360507E-2
8.834789312E1,9.265833497E-1,8.378012180E-1,-3.362591937E-2
8.836793513E1,7.922832966E-1,1.002026558E0,-8.127123117E-2
8.838797712E1,6.219427586E-1,1.103153467E0,-1.431528181E-1
8.840801913E1,4.486903846E-1,1.078762174E0,-1.844808608E-1
8.842806112E1,3.323468268E-1,8.247650862E-1,-2.291614115E-1
8.844810313E1,3.022303581E-1,6.224715114E-1,-2.541407645E-1
8.846814512E1,2.006263286E-1,4.386289120E-1,-3.735770583E-1
8.848818713E1,1.567109823E-1,3.740169108E-1,-4.893918037E-1
8.850823054E1,4.755842984E-1,4.665910304E-1,-5.519006252E-1
8.852827254E1,6.129025221E-1,2.519086003E-1,-5.208124518E-1
8.854831454E1,4.786746800E-1,1.753200144E-1,-4.263882041E-1
8.856835654E1,5.143675804E-1,3.467135131E-1,-3.941574097E-1
8.858839854E1,6.230055690E-1,4.377039373E-1,-2.692484558E-1
8.860844054E1,6.585661769E-1,1.705668122E-1,-1.022956222E-1
8.862848254E1,6.264858246E-1,-5.322776735E-2,-4.359333217E-2
8.864852454E1,5.768546462E-1,-2.074596938E-3,-4.048876092E-2
8.866856654E1,4.685078561E-1,9.527064860E-2,-1.078445688E-1
8.868860854E1,3.133366704E-1,6.559080631E-2,-1.745379269E-1
8.870865154E1,2.164539248E-1,-9.498785436E-2,-1.840351671E-1
8.872869354E1,1.568424702E-1,-2.480870783E-1,-1.705190390E-1
8.874873554E1,8.329613507E-2,-2.583378553E-1,-1.682142913E-1
8.876877754E1,6.282652915E-2,-1.061469316E-1,-1.552737057E-1
8.878881954E1,7.174295187E-2,-3.800884634E-2,-9.919009358E-2
8.880886154E1,5.878832191E-2,-1.368061453E-2,-8.653817326E-2
8.882890354E1,8.804827929E-2,3.027372248E-2,-7.457416505E-2
8.884894554E1,1.606796533E-1,6.661465019E-2,-3.892151266E-2
8.886898754E1,1.653597951E-1,5.305625871E-2,-1.817556657E-2
8.888902954E1,1.777533442E-1,1.425608993E-2,4.311325029E-2
8.890907254E1,1.912007928E-1,4.781366885E-2,7.239781320E-2
8.892911454E1,1.691403538E-1,1.030941606E-1,6.138357893E-2
8.894915654E1,1.330418736E-1,1.343036294E-1,2.247947082E-2
8.896919854E1,1.329954565E-1,1.546017379E-1,-1.695594750E-2
8.898924054E1,1.134077758E-1,1.341975927E-1,-3.096304089E-2
8.900928254E1,8.126861602E-2,1.025108919E-1,-2.006987296E-2
8.902932454E1,8.876474947E-2,6.641586125E-2,-7.981745526E-3
8.904936654E1,1.046788692E-1,7.051192969E-2,-2.350452123E-3
8.906940854E1,1.086361930E-1,6.885478646E-2,2.552028745E-2
8.908945154E1,1.081220135E-1,9.800006449E-2,9.790426120E-3
8.910949354E1,1.223817617E-1,1.074222177E-1,5.142292008E-3
8.912953554E1,9.225341678E-2,1.056435183E-1,-4.646503832E-3
8.914957754E1,8.015173674E-2,1.103499010E-1,4.572663456E-3
8.916961954E1,7.367563248E-2,6.005183980E-2,2.158598788E-2
8.918966154E1,5.808758363E-2,-6.605893839E-3,2.670570463E-2
8.920970354E1,3.808254004E-2,-7.720848080E-3,1.204800699E-2
8.922974554E1,3.597261384E-3,-5.398815963E-3,-1.042409148E-2
8.924978754E1,-7.227296010E-4,-3.023001738E-2,-1.647683978E-2
8.926982954E1,8.448010311E-3,-2.893776819E-2,-9.334305301E-3
8.928987254E1,2.208432369E-2,-1.630731858E-2,4.682137631E-3
8.930991454E1,2.384502813E-2,3.159027174E-2,8.815428242E-3
8.932995654E1,3.378727287E-2,5.753333494E-2,8.816455491E-3
8.934999854E1,3.256260604E-2,4.971368238E-2,-1.665940741E-3
8.937004054E1,3.155537695E-2,5.513675883E-2,-1.556006959E-3
8.939008254E1,3.778700531E-2,3.584968299E-2,9.398710681E-4
8.941012454E1,3.937894851E-2,2.256841213E-2,-3.211346222E-3
8.943016654E1,4.083045572E-2,2.014133707E-2,-1.082213502E-2
8.945020854E1,4.206282645E-2,8.224123158E-3,-2.334683388E-2
8.947025154E1,4.965876415E-2,8.873596787E-3,-3.039673157E-2
8.949029354E1,5.313543603E-2,-1.542495191E-2,-2.462246642E-2
8.951033563E1,4.779241234E-2,-4.739928991E-3,-3.121520206E-2
8.953037763E1,3.865306452E-2,2.555363625E-2,-3.652042150E-2
8.955041963E1,4.141635075E-2,2.439866588E-2,-2.803893760E-2
8.957046163E1,5.142490566E-2,8.473906666E-3,-1.611600444E-2
8.959050363E1,6.169558689E-2,1.373425405E-2,-1.676104404E-2
8.961054563E1,6.306810677E-2,1.859088801E-2,-2.326644585E-2
8.963058863E1,8.484379202E-2,1.645702682E-2,-3.101492301E-2
8.965063063E1,8.686066419E-2,2.224724367E-2,-3.831558675E-2
8.967067263E1,8.303302526E-2,5.112088844E-2,-3.965109214E-2
8.969071463E1,7.657267153E-2,6.831026822E-2,-3.411069885E-2
8.971075662E1,6.518714130E-2,2.189743146E-2,-2.799425088E-2
8.973079863E1,4.508105665E-2,-2.331416681E-2,-3.043188713E-2
8.975084062E1,2.613671683E-2,1.109331101E-2,-4.349989071E-2
8.977088263E1,2.431758307E-2,1.109455060E-2,-4.933211207E-2
8.979092462E1,3.689784557E-2,-9.458482265E-3,-3.276187927E-2
8.981096763E1,4.210870713E-2,-5.542181060E-2,-1.046254952E-2
8.983100962E1,2.903549559E-2,-4.638800025E-2,-3.727282165E-3
8.985105163E1,1.665281877E-2,-1.441758126E-2,-1.383013744E-2
8.987109362E1,1.214615442E-2,-2.956772223E-2,-1.035598386E-2
8.989113563E1,9.049613960E-3,-4.929335415E-2,7.094601169E-4
8.991117762E1,1.762079820E-2,-4.912564531E-2,1.824213564E-2
8.993121963E1,2.132787555E-2,-6.468892843E-2,2.776170708E-2
8.995126162E1,1.463737711E-2,-7.542176545E-2,3.014990687E-2
8.997130363E1,1.793906279E-2,-6.541121006E-2,2.251381427E-2
8.999134662E1,6.350591779E-3,-5.461186916E-2,8.834375069E-3
9.001138863E1,-4.903476220E-3,-2.963900007E-2,-1.919720322E-3
9.003143063E1,-2.661617706E-3,2.762037562E-3,-3.779782914E-3
9.005147263E1,8.717933670E-3,6.968112197E-3,8.452342823E-3
9.007151463E1,5.898125935E-3,-1.350659877E-4,1.569235697E-2
9.009155663E1,1.159366407E-2,-4.003032111E-3,1.830920763E-2
9.011159863E1,9.093231522E-3,2.330924012E-2,2.066892572E-2
9.013164063E1,2.786270343E-3,1.041959040E-2,2.543870732E-2
9.015168363E1,2.740193158E-3,2.069541812E-2,3.040462360E-2
9.017172563E1,9.719011374E-3,1.954278164E-2,3.220579773E-2
9.019176763E1,5.785251502E-3,1.140817814E-2,1.998633891E-2
9.021180962E1,-9.416846558E-3,-1.824782975E-2,7.429917809E-3
9.023185163E1,6.949577946E-4,-2.196132392E-2,-3.607040737E-3
9.025189362E1,-3.406614531E-3,-2.947081812E-4,-4.774136469E-3
9.027193563E1,7.297543809E-3,1.748317108E-2,-3.857737407E-3
9.029197762E1,8.015247062E-3,1.849605888E-2,-4.361650907E-3
9.031202063E1,1.554341242E-2,4.366952460E-3,3.099864116E-3
9.033206262E1,1.824173704E-2,-2.368922904E-2,3.750096075E-3
9.035210463E1,1.121473033E-2,-1.430509239E-2,-4.435777664E-3
9.037214662E1,1.116664708E-2,-3.150359541E-2,-5.978735629E-3
9.039218863E1,9.150741622E-3,-2.287683263E-2,-6.705413572E-3
9.041223062E1,5.373996217E-3,-3.339333087E-2,-2.972980496E-3
9.043227263E1,-3.961700015E-3,-3.394201025E-2,9.921743535E-3
9.045231462E1,-2.252280014E-3,-3.020101786E-2,1.834404841E-2
9.047235763E1,-5.783834495E-3,-2.947429195E-2,2.037331834E-2
9.049239962E1,-1.429356541E-2,-3.432181198E-3,1.900289394E-2
9.051244150E1,-9.649355896E-3,-2.160068229E-2,1.983123086E-2
9.053248350E1,-1.300252695E-2,-3.970518336E-2,2.238516510E-2
9.055252550E1,-1.401632931E-2,-2.532869205E-2,1.612268575E-2
9.057256750E1,-9.675129317E-3,-5.881036632E-4,5.273458548E-3
9.059260950E1,-8.888044395E-4,-9.346552193E-3,8.009440266E-3
9.061265150E1,8.875341155E-4,6.142877974E-3,3.719234839E-3
9.063269450E1,7.237768732E-3,2.960782126E-2,-1.822628547E-3
9.065273650E1,7.567734458E-3,2.565329336E-2,-3.307074774E-3
9.067277850E1,1.447009575E-2,2.265785821E-2,5.748435855E-3
9.069282050E1,1.126839500E-2,7.830957882E-3,1.160927210E-2
9.071286250E1,1.851739548E-2,2.147602849E-2,1.232577302E-2
9.073290450E1,1.224023104E-2,1.848868094E-2,9.675533511E-3
9.075294650E1,-5.486839451E-3,4.539595172E-2,-2.152441302E-3
9.077298850E1,-2.087619156E-3,3.715340421E-2,-1.033212524E-3
9.079303150E1,-2.463391051E-3,3.466840833E-2,8.614088409E-3
9.081307350E1,2.212529536E-3,3.267798573E-2,1.457623485E-2
9.083311550E1,2.448765794E-3,3.884524480E-2,1.296793018E-2
9.085315750E1,-4.236659035E-3,4.248652980E-2,8.505661041E-3
9.087319950E1,-1.048517600E-2,5.614985153E-2,3.237798344E-3
9.089324150E1,-1.572248526E-2,3.341652453E-2,8.482304402E-3
9.091328350E1,-1.779576577E-2,6.560720503E-3,1.323509496E-2
9.093332550E1,-1.657130383E-2,1.082625706E-3,1.277929638E-2
9.095336850E1,-1.430700533E-2,1.480916748E-3,7.283499464E-3
9.097341050E1,-2.011042461E-2,8.052896708E-3,5.217529368E-3
9.099345250E1,-1.026608050E-2,7.016797550E-3,7.944686338E-3
9.101349450E1,-4.770895466E-4,1.257135067E-3,1.354360394E-2
9.103353650E1,-4.344773479E-3,2.475755103E-2,1.620820165E-2
9.105357850E1,9.729809128E-3,5.429710820E-2,9.129700251E-3
9.107362050E1,1.243265625E-2,3.368928283E-2,4.496141803E-3
9.109366250E1,2.230503969E-2,2.088963613E-2,9.170955047E-3
9.111370550E1,2.838224545E-2,1.945722289E-2,5.442647263E-3
9.113374750E1,3.157025203E-2,-2.495696768E-3,-5.149218719E-3
9.115378950E1,2.276172116E-2,-1.617998444E-2,-1.658498310E-2
9.117383150E1,2.144591697E-2,-4.450088739E-2,-1.502442919E-2
9.119387350E1,9.718289599E-3,-6.054045260E-2,-1.498470828E-2
9.121391550E1,9.607125074E-3,-3.914884850E-2,-1.097498648E-2
9.123395750E1,8.728767280E-4,-7.677965611E-2,-3.688761266E-3
9.125400050E1,-1.165607944E-2,-3.114767000E-2,-8.205254562E-5
9.127404250E1,-1.890707389E-2,-1.675139740E-2,1.486210735E-3
9.129408450E1,-1.898083836E-2,-5.275949091E-2,1.629745215E-2
9.131412650E1,-2.440610901E-2,-5.626508221E-2,2.859335393E-2
9.133416850E1,-3.196202219E-2,-5.772693828E-2,2.510555647E-2
9.135421050E1,-3.783410788E-2,-2.134268917E-2,1.502338983E-2
9.137425250E1,-3.211635351E-2,-2.605648339E-2,1.248826087E-2
9.139429450E1,-2.390337363E-2,-1.751361787E-2,1.730632409E-2
9.141433750E1,-7.270537317E-3,-5.396435410E-2,1.787458733E-2
9.143437950E1,-9.241088293E-3,-1.065644342E-2,-1.723251771E-3
9.145442150E1,-5.500135943E-3,2.760354802E-2,-1.960223168E-2
9.147446350E1,6.819386035E-3,4.241549224E-2,-2.081283182E-2
9.149450550E1,3.881866811E-3,-1.538388710E-2,-4.906102549E-3
9.151454754E1,7.574987598E-3,-2.290630341E-2,7.364422083E-3
9.153458954E1,1.374653913E-2,-5.109743401E-2,-1.304777898E-2
9.155463254E1,-4.992730450E-3,2.998485230E-2,-2.049376443E-2
9.157467454E1,1.684283954E-3,-2.656146698E-2,-2.035709098E-2
9.159471654E1,-5.523844156E-4,-3.569139633E-3,-1.401096303E-2
9.161475854E1,6.268189289E-3,-5.572657567E-3,-4.807601683E-3
9.163480054E1,-2.196416492E-3,1.286118291E-3,-5.680539645E-3
9.165484254E1,1.427138224E-3,-9.818224236E-3,-5.574677140E-3
9.167488454E1,-3.980468027E-4,1.796820760E-2,5.707542878E-4
9.169492754E1,1.832960988E-3,6.347385235E-3,-7.462811191E-4
9.171496954E1,6.513792323E-4,4.165020213E-2,-1.652342733E-3
9.173501154E1,-8.825197816E-3,7.260994054E-3,-4.111291375E-3
9.175505354E1,-1.306714863E-2,1.071785018E-2,1.705833711E-3
9.177509554E1,9.010335198E-4,7.546462584E-4,8.042102680E-3
9.179513754E1,6.405222230E-3,4.456346389E-3,3.349305363E-3
9.181517954E1,5.828685826E-4,2.309443057E-2,-3.923770972E-3
9.183522254E1,-2.658799291E-3,1.872106083E-2,-9.913505055E-3
9.185526454E1,9.780230932E-3,5.076403264E-3,-7.271861192E-3
9.187530654E1,1.175495982E-2,-1.777484082E-3,-3.443639493E-3
9.189534854E1,8.809769526E-3,5.845015403E-3,-7.783793844E-3
9.191539054E1,8.273748681E-3,1.850159280E-2,-9.902779013E-3
9.193543254E1,1.172598917E-2,3.578639589E-3,-7.718193810E-4
9.195547454E1,1.183718815E-2,1.272773743E-2,-1.452872064E-3
9.197551754E1,1.217632461E-2,5.282819271E-3,-1.664586365E-3
9.199555954E1,5.176733248E-3,-1.499260310E-2,-3.346714657E-3
9.201560154E1,-2.596533857E-3,-8.489121683E-4,2.966805128E-3
9.203564354E1,1.319300383E-2,-1.471187547E-2,-1.173772616E-3
9.205568554E1,4.843994044E-3,-1.841233857E-2,-2.265136223E-3
9.207572754E1,5.456181709E-3,-5.854905117E-3,-5.474602804E-3
9.209576954E1,3.308026353E-4,3.369849874E-3,-8.178135380E-3
9.211581254E1,-5.060041323E-3,2.988464385E-2,-1.126882341E-2
9.213585454E1,3.279005177E-3,-3.700722475E-3,-8.739031851E-3
9.215589654E1,6.279312074E-3,2.188907238E-3,-3.644012846E-3
9.217593854E1,9.419117123E-3,-7.014662493E-3,8.144384483E-4
9.219598054E1,1.154973637E-2,7.373304106E-4,-6.420670077E-3
9.221602254E1,7.936252281E-3,-9.345921688E-3,-2.597287064E-3
9.223606454E1,1.270678453E-2,-1.536444668E-2,8.761527715E-4
9.225610754E1,8.214108646E-3,5.064272787E-3,-5.842843559E-3
9.227614954E1,7.144166157E-3,6.557992660E-3,-1.269620564E-2
9.229619154E1,3.505348228E-3,2.547352947E-2,-1.472324785E-2
9.231623354E1,1.327263750E-2,1.301959530E-2,-6.777257659E-3
9.233627554E1,4.502702039E-3,7.994936779E-3,4.019281361E-3
9.235631754E1,4.766845144E-3,-4.647137597E-3,6.344828755E-3
9.237636054E1,3.870555898E-3,-4.413276911E-4,6.120822392E-3
9.239640254E1,7.749570534E-3,-9.552340955E-3,4.149638116E-3
9.241644454E1,4.070225172E-3,1.378483139E-3,4.521576222E-3
9.243648654E1,4.285539500E-3,-4.254756030E-3,3.359337570E-3
9.245652854E1,3.928544931E-3,-1.480952837E-3,5.301616155E-3
9.247657054E1,5.514974706E-3,3.816946177E-3,3.484325949E-3
9.249661254E1,1.301011816E-2,-5.177589133E-3,3.469805233E-3
9.251665567E1,1.490142196E-2,-1.638673805E-2,9.677010588E-3
9.253669767E1,1.861480251E-2,-4.812518600E-3,6.523065269E-3
9.255673967E1,8.542262018E-3,-2.070580423E-2,2.542456612E-3
9.257678167E1,2.392109716E-3,-1.865379140E-2,5.306798499E-3
9.259682367E1,4.587699659E-4,-1.385562122E-2,9.278655984E-3
9.261686567E1,8.882697672E-3,-1.909953170E-2,8.702578023E-3
9.263690767E1,7.998299785E-3,-2.181109041E-2,1.104281750E-2
9.265695067E1,1.266936399E-2,-2.711123973E-2,1.376102213E-2
9.267699267E1,8.502116427E-3,1.415936975E-3,8.078654297E-3
9.269703467E1,2.649961272E-3,9.959188290E-3,7.842537947E-3
9.271707667E1,-6.834766828E-3,3.139451146E-4,-1.731971279E-3
9.273711867E1,-8.899636567E-3,-8.931411430E-3,-6.825067103E-4
9.275716067E1,-1.129527949E-2,-2.081831172E-2,-4.247112665E-3
9.277720367E1,-4.541184288E-3,-2.437496185E-2,-4.365553148E-3
9.279724567E1,-2.453187946E-3,-8.036324754E-3,-3.297464689E-3
9.281728767E1,-5.944978911E-3,3.369911574E-4,-2.357993741E-3
9.283732967E1,5.808063317E-3,1.324057812E-3,-3.258955432E-3
9.285737167E1,-4.669470713E-3,-1.107845269E-2,4.967409186E-4
9.287741367E1,-1.011530124E-2,-3.985196352E-3,4.943971522E-3
9.289745567E1,-6.807513535E-3,-6.717770360E-3,2.632718300E-3
9.291749867E1,-2.082620561E-2,2.338964259E-3,-3.073024563E-4
9.293754067E1,-1.511086337E-2,1.967381872E-2,-5.212596618E-3
9.295758267E1,-8.220994845E-3,1.446118858E-2,-4.476960748E-3
9.297762467E1,-1.205061935E-2,-3.461527824E-2,6.334407721E-3
9.299766667E1,-2.464016527E-2,8.689510636E-3,-4.555316642E-3
9.301770867E1,-1.581138233E-3,4.825425893E-2,-1.675285399E-2
9.303775167E1,-1.056896802E-2,1.100718975E-2,-1.607286185E-2
9.305779367E1,-1.390320808E-2,6.074419245E-2,-8.010823280E-3
9.307783567E1,2.490674518E-2,-6.970821321E-2,-7.060852833E-3
9.309787767E1,-5.987651646E-3,-4.271349311E-2,-2.564337803E-3
9.311791967E1,-5.868159700E-3,-1.503724232E-2,-1.050104946E-2
9.313796167E1,-2.627174370E-2,1.977820694E-2,-2.142420970E-2
9.315800467E1,-1.891531423E-2,3.161180019E-2,-5.687370431E-4
9.317804667E1,-1.734702103E-2,-2.109913714E-2,1.084456313E-2
9.319808867E1,5.949147977E-3,-6.422640383E-2,1.926664636E-2
9.321813067E1,-1.548228506E-2,-6.160709634E-2,2.006455883E-2
9.323817267E1,-1.026536711E-2,-3.839134239E-3,-4.227960017E-4
9.325821467E1,-1.120551582E-2,3.630496562E-3,-8.389718831E-3
9.327825667E1,-2.786083147E-3,-3.015813790E-2,-9.334851056E-3
9.329829967E1,-1.399272215E-2,4.012190923E-2,-7.294481155E-3
9.331834167E1,4.133623559E-3,-3.593181726E-3,-7.085070014E-3
9.333838367E1,-8.769605309E-3,2.595725656E-2,1.444373280E-2
9.335842567E1,7.015430368E-3,1.275010593E-2,3.090069164E-3
9.337846767E1,4.054193851E-3,-4.350244999E-3,2.226388780E-3
9.339850967E1,3.753502388E-3,-4.153293371E-2,-2.128159162E-3
9.341855267E1,-1.354018226E-2,-2.601927612E-3,-1.026442088E-2
9.343859467E1,-1.227735914E-2,1.344758086E-2,-1.051983051E-2
9.345863667E1,-5.751528312E-3,-9.821634740E-3,-3.743823618E-5
9.347867867E1,3.972836770E-3,8.804559708E-3,5.204902031E-3
9.349872067E1,4.606653936E-3,-1.067372505E-2,-1.297679031E-3
9.351876275E1,-9.394318331E-4,-2.856551204E-3,-4.002993926E-3
9.353880575E1,8.063102141E-3,-3.793456778E-2,-1.945910277E-3
9.355884775E1,1.254329225E-3,-3.995229676E-2,-1.556325238E-3
9.357888975E1,2.238513203E-3,-4.018472508E-2,1.884920057E-3
9.359893175E1,-1.246440783E-2,-1.774688810E-2,-1.339773368E-2
9.361897375E1,-3.066701815E-3,2.608077601E-2,-1.368869655E-2
9.363901575E1,-5.576944910E-3,-8.323106170E-2,-4.110828973E-3
9.365905875E1,-5.982466042E-3,-1.474187430E-2,-1.108442619E-2
9.367910075E1,-2.108758688E-2,-3.941318020E-2,-1.978076436E-2
9.369914275E1,-3.780816868E-2,4.696638789E-4,-4.167259112E-2
9.371918475E1,-3.794959560E-2,-3.649014235E-2,-3.941576928E-2
9.373922675E1,-1.034850478E-1,-1.010434702E-1,1.728276722E-2
9.375926875E1,-2.706683874E-1,5.556869879E-2,1.543895155E-1
9.377931175E1,-3.393028378E-1,6.109477878E-1,2.689471841E-1
9.379935375E1,-1.183842942E-1,1.510262847E0,2.156580538E-1
9.381939575E1,-8.917011321E-2,2.153989315E0,2.708207965E-1
9.383943775E1,-8.522720635E-2,1.979909778E0,4.822347462E-1
9.385947975E1,7.340595871E-2,1.507125616E0,6.284128428E-1
9.387952175E1,-6.174592301E-2,1.286137938E0,5.221178532E-1
9.389956475E1,-2.869323492E-1,2.108098269E0,1.754065603E-1
9.391960675E1,-5.979005098E-1,3.135473490E0,-1.287704706E-1
9.393964875E1,-6.406760812E-1,3.651761770E0,-2.126478553E-1
9.395969075E1,-5.448461175E-1,3.213452339E0,-1.848653257E-1
9.397973275E1,-5.048686266E-1,2.687555790E0,-1.295832098E-1
9.399977475E1,-5.429074764E-1,2.470740795E0,-1.466006413E-2
9.401981775E1,-4.948762357E-1,2.278103352E0,1.784467548E-1
9.403985975E1,-3.494910598E-1,1.882255673E0,3.072335124E-1
9.405990175E1,-6.285310388E-1,1.293169856E0,2.511144280E-1
9.407994375E1,-1.324443460E0,6.072406769E-1,1.881541684E-2
9.409998575E1,-2.493107557E0,-1.962475330E-1,1.025424823E-1
9.412002775E1,-4.845473766E-1,1.154578686E0,2.828255892E-1
9.414007075E1,4.485500157E-1,2.160179853E0,5.639635324E-1
9.416011275E1,-2.610585093E-1,2.341811180E0,4.870716333E-1
9.418015475E1,-7.657289505E-1,1.906755447E0,4.457556009E-1
9.420019675E1,-5.509142876E-1,2.003391743E0,5.968101025E-1
9.422023875E1,-1.797025055E-1,2.808151484E0,6.002485156E-1
9.424028075E1,-2.684204653E-2,2.761941195E0,5.210578442E-1
9.426032375E1,4.862952977E-2,1.919151664E0,5.117164254E-1
9.428036575E1,1.100699231E-2,1.365059257E0,3.869875968E-1
9.430040775E1,-2.669042647E-1,1.904303789E0,1.811377704E-1
9.432044975E1,-2.253110260E-1,2.690732241E0,1.798447967E-1
9.434049175E1,-2.920902334E-4,2.694244385E0,3.035725951E-1
9.436053375E1,1.578251868E-1,2.271629810E0,3.433003724E-1
9.438057675E1,7.045607269E-2,2.312143564E0,2.127822787E-1
9.440061875E1,-4.423249513E-2,2.468497753E0,5.701929703E-2
9.442066075E1,-1.300195791E-2,2.468340874E0,-1.520911139E-2
9.444070275E1,6.206671521E-2,2.386226416E0,-1.349554807E-1
9.446074475E1,5.762029067E-2,2.291371584E0,-1.448729634E-1
9.448078775E1,-1.148246787E-2,2.192745924E0,-1.290733218E-1
9.450082975E1,-8.296988904E-3,1.946306705E0,-1.693721861E-1
9.452087317E1,-1.977750473E-2,1.819062829E0,-2.417189330E-1
9.454091517E1,-4.182926938E-2,1.783003569E0,-2.792342007E-1
9.456095717E1,-1.119758636E-1,1.679121852E0,-2.925563455E-1
9.458099917E1,-2.751162648E-1,1.806449056E0,-3.277063966E-1
9.460104217E1,-3.633634150E-1,1.966703534E0,-3.018684983E-1
9.462108417E1,-2.752978504E-1,1.901559472E0,-2.649115324E-1
9.464112617E1,-1.991093606E-1,1.735651135E0,-2.432162017E-1
9.466116817E1,-2.449610680E-1,1.885758758E0,-2.516979873E-1
9.468121017E1,-4.586590528E-1,2.247010708E0,-2.600512803E-1
9.470125217E1,-7.496681213E-1,2.589131594E0,-2.056513280E-1
9.472129517E1,-1.181311846E0,2.779858112E0,-3.168513179E-1
9.474133717E1,-2.144916534E0,2.987130165E0,-6.142595410E-1
9.476137917E1,-3.217741013E0,2.560005665E0,-7.436742783E-1
9.478142117E1,-3.508339882E0,1.926262379E0,-7.004486918E-1
9.480146317E1,-2.654163599E0,1.291852236E0,-4.721735418E-1
9.482150617E1,-1.514111876E0,6.078525782E-1,2.950014770E-1
9.484154817E1,-1.171944499E0,9.609914422E-1,1.178512931E0
9.486159017E1,-1.463465571E0,2.009561539E0,1.204631805E0
9.488163217E1,-1.536589146E0,1.903678536E0,1.053043842E0
9.490167417E1,-1.217792392E0,5.069267750E-1,1.604455352E0
9.492171617E1,-6.291591525E-1,2.724316902E-3,2.078872681E0
9.494175917E1,-9.849014282E-1,8.821260929E-1,2.386592388E0
9.496180117E1,-1.837804317E0,2.359807253E0,2.233611345E0
9.498184317E1,-2.186165333E0,3.179379702E0,2.149662971E0
9.500188517E1,-2.047128677E0,2.564337730E0,2.080727339E0
9.502192717E1,-1.826707721E0,2.391123295E0,1.965000153E0
9.504197017E1,-1.893828154E0,2.497115850E0,1.925148726E0
9.506201217E1,-1.769537926E0,2.252880335E0,1.895407915E0
9.508205417E1,-1.514984488E0,2.176573277E0,1.789378285E0
9.510209617E1,-1.357693911E0,2.034212351E0,1.643363476E0
9.512213817E1,-1.084552169E0,1.605774641E0,1.447556257E0
9.514218017E1,-6.648792624E-1,1.466881990E0,1.312990546E0
9.516222317E1,-2.950195372E-1,1.552177668E0,1.131067514E0
9.518226517E1,3.663026169E-2,1.579494715E0,8.801679611E-1
9.520230717E1,3.668874800E-1,1.429979205E0,6.329262853E-1
9.522234917E1,7.234165668E-1,1.144349098E0,4.502539635E-1
9.524239117E1,8.365285993E-1,8.830278516E-1,4.330556989E-1
9.526243417E1,9.466069341E-1,8.603275418E-1,4.802070260E-1
9.528247617E1,1.258087993E0,4.672819674E-1,3.374483287E-1
9.530251817E1,1.367719293E0,6.045984104E-2,-5.176525190E-2
9.532256017E1,1.486517549E0,3.867130876E-1,-2.048373073E-1
9.534260217E1,2.356153250E0,-9.638864994E-1,4.845335484E-1
9.536264517E1,2.573273897E0,-2.003484488E0,5.750291348E-1
9.538268717E1,9.556736946E-1,-2.420429438E-1,6.302372366E-2
9.540272917E1,1.120309591E0,7.675769925E-1,-4.726443589E-1
9.542277117E1,1.367172956E0,-7.666606456E-2,-7.477579713E-1
9.544281317E1,1.383115888E0,-1.546315998E-1,-5.919255018E-1
9.546285517E1,1.485338211E0,1.050385311E-1,-3.902665675E-1
9.548289817E1,1.400753260E0,-2.154973447E-1,-3.804464936E-1
9.550294017E1,1.283002853E0,-4.684976935E-1,-3.736904263E-1
9.552298062E1,1.246958971E0,-3.473416269E-1,-2.706716955E-1
9.554302263E1,1.050308108E0,8.081387728E-2,-3.007509112E-1
9.556306462E1,7.549746037E-1,6.995586753E-1,-3.738142848E-1
9.558310763E1,6.143751144E-1,8.859094381E-1,-3.115825653E-1
9.560314962E1,6.947509646E-1,6.422322392E-1,-1.739441752E-1
9.562319163E1,9.115087390E-1,2.249486297E-1,-4.020724073E-2
9.564323362E1,1.071225882E0,-8.247707039E-2,1.533130705E-1
9.566327563E1,1.015706062E0,-7.056362182E-2,2.272964567E-1
9.568331863E1,7.454289794E-1,6.475763768E-2,1.788666099E-1
9.570336063E1,5.440285802E-1,-6.491155829E-3,1.707037538E-1
9.572340263E1,5.337603092E-1,-2.828953564E-1,1.395134479E-1
9.574344463E1,6.628617048E-1,-3.700597882E-1,3.661829233E-2
9.576348663E1,7.075469494E-1,-1.080635861E-1,-3.128928691E-2
9.578352962E1,6.440458298E-1,1.126394346E-1,-7.574585825E-2
9.580357163E1,5.323008895E-1,1.046593189E-1,-1.391420811E-1
9.582361362E1,3.539927304E-1,7.008413970E-2,-2.119785547E-1
9.584365563E1,1.190752238E-1,4.510863870E-2,-3.009592295E-1
9.586369762E1,1.820145994E-1,-1.844381988E-1,-3.008574843E-1
9.588374063E1,5.270543098E-1,-4.534758031E-1,-2.790870368E-1
9.590378262E1,7.170094252E-1,-4.238790870E-1,-2.668261230E-1
9.592382463E1,6.854326725E-1,-1.074177250E-1,-3.565022051E-1
9.594386662E1,6.274808049E-1,1.379139423E-1,-4.396046996E-1
9.596390863E1,4.924225807E-1,1.828721911E-1,-4.718110561E-1
9.598395162E1,1.572522372E-1,-1.966830157E-2,-4.155443609E-1
9.600399363E1,-3.445609510E-1,1.053342298E-1,-2.143577635E-1
9.602403562E1,-9.429816604E-1,3.564603329E-1,-6.890562177E-2
9.604407763E1,-1.553131342E0,3.545625806E-1,2.490283176E-2
9.606411962E1,-2.030774355E0,9.671501815E-2,8.028417081E-2
9.608416263E1,-2.303506136E0,-3.430604339E-1,1.562452316E-1
9.610420463E1,-2.248809099E0,-1.044405580E0,2.473030239E-1
9.612424663E1,-1.520348907E0,-2.282691479E0,5.527212620E-1
9.614428863E1,-3.445681036E-1,-2.213663101E0,9.497306347E-1
9.616433063E1,-6.947629154E-2,-7.876872420E-1,1.294882655E0
9.618437363E1,-1.205754161E0,1.831915826E-1,1.441706419E0
9.620441563E1,-2.646723747E0,4.846727252E-1,1.512375832E0
9.622445763E1,-3.526038885E0,9.408496618E-1,1.496718526E0
9.624449962E1,-2.701479197E0,2.095633268E0,1.332312942E0
9.626454163E1,-2.066069603E0,1.808349967E0,1.076867104E0
9.628458462E1,-2.122250319E0,8.398761153E-1,1.099097967E0
9.630462663E1,-2.199345350E0,1.196242690E0,1.087847590E0
9.632466862E1,-2.176748514E0,1.583482385E0,9.750136137E-1
9.634471063E1,-2.097768068E0,1.415639043E0,7.867206335E-1
9.636475262E1,-2.008360147E0,1.262284636E0,6.730127931E-1
9.638479563E1,-1.852273822E0,1.165643692E0,6.491132379E-1
9.640483762E1,-1.481522918E0,1.075336099E0,5.490971804E-1
9.642487963E1,-1.022154093E0,9.744668603E-1,3.935589790E-1
9.644492162E1,-7.479047179E-1,9.208103418E-1,2.366535813E-1
9.646496363E1,-4.869126976E-1,8.557354212E-1,1.999255717E-1
9.648500663E1,-1.514245123E-1,8.202983737E-1,1.942099482E-1
9.650504800E1,2.308118045E-1,7.233303189E-1,1.574438810E-1
9.652509000E1,6.082571745E-1,4.563797414E-1,1.092537269E-1
9.654513200E1,9.290081263E-1,1.294430196E-1,2.302353270E-2
9.656517400E1,1.202946663E0,-1.292419434E-1,-1.285189837E-1
9.658521700E1,1.336918950E0,-5.357815623E-1,-3.442336619E-1
9.660525900E1,1.617439985E0,-1.604741663E-1,-3.482421339E-1
9.662530100E1,1.984952092E0,1.000597179E-1,-3.098542988E-1
9.664534300E1,1.963148594E0,-1.444823980E0,1.782508343E-1
9.666538500E1,1.743371725E0,-1.394555688E0,1.513793766E-1
9.668542800E1,2.022569180E0,-5.563098192E-1,8.627548814E-2
9.670547000E1,2.265327930E0,-1.041491866E0,-8.367863297E-2
9.672551200E1,2.287680626E0,-1.420227289E0,-2.829182148E-1
9.674555400E1,1.900862813E0,-1.377416849E0,-4.904898405E-1
9.676559700E1,1.895225167E0,-1.090347648E0,-6.075776815E-1
9.678563900E1,1.745573282E0,-9.025008082E-1,-5.194817185E-1
9.680568100E1,1.446322560E0,-6.552186608E-1,-4.774181545E-1
9.682572300E1,1.287631989E0,-4.809533060E-1,-5.292275548E-1
9.684576500E1,1.251191020E0,-4.522359073E-1,-5.984290838E-1
9.686580800E1,1.139590502E0,-4.430453777E-1,-6.736830473E-1
9.688585000E1,9.628019929E-1,-1.693370044E-1,-6.779661179E-1
9.690589200E1,8.609865904E-1,2.877432704E-1,-5.943614841E-1
9.692593400E1,8.443139195E-1,7.839990258E-1,-5.029588342E-1
9.694597600E1,8.798577189E-1,6.472556591E-1,-2.593401074E-1
9.696601900E1,8.280875087E-1,2.418703437E-1,-1.390755549E-2
9.698606100E1,7.674469352E-1,-2.448203415E-1,7.150015980E-2
9.700610300E1,7.380640507E-1,-3.336543441E-1,1.172219366E-1
9.702614500E1,8.489136100E-1,-2.976598442E-1,1.008448899E-1
9.704618700E1,9.016820192E-1,-2.657045722E-1,3.982387856E-2
9.706623000E1,7.706524134E-1,-3.246864080E-1,-8.005688339E-2
9.708627200E1,5.768537521E-1,-2.668584883E-1,-1.274681389E-1
9.710631400E1,4.940440357E-1,-7.705162466E-2,-1.442529559E-1
9.712635600E1,4.539534748E-1,-9.086105973E-2,-1.303895861E-1
9.714639800E1,3.674374223E-1,-3.056228161E-1,-1.186181605E-1
9.716644100E1,3.362449706E-1,-4.373624027E-1,-1.269107163E-1
9.718648300E1,3.293582797E-1,-3.115796149E-1,-1.453863084E-1
9.720652500E1,3.330579698E-1,7.384967059E-3,-2.532457411E-1
9.722656700E1,4.290567935E-1,-3.096736409E-2,-3.178611994E-1
9.724660900E1,5.037270188E-1,-3.095563650E-1,-3.100295365E-1
9.726665200E1,4.967029095E-1,-4.500191808E-1,-2.720137835E-1
9.728669400E1,4.631910026E-1,-2.825396359E-1,-3.154696524E-1
9.730673600E1,4.007736444E-1,-2.850455977E-2,-3.927578926E-1
9.732677800E1,2.416198701E-1,1.619881988E-1,-4.835679233E-1
9.734682000E1,1.370994002E-2,3.059182465E-1,-5.296112895E-1
9.736686300E1,-1.326691657E-1,4.417069852E-1,-4.516380727E-1
9.738690500E1,-5.326812267E-1,7.085552812E-1,-2.618228793E-1
9.740694700E1,-1.013472676E0,9.789271355E-1,3.622537106E-2
9.742698900E1,-1.691370368E0,8.144656420E-1,1.195892021E-1
9.744703200E1,-2.444010258E0,-9.791175276E-2,-6.760635413E-3
9.746707400E1,-2.824765682E0,-1.621810794E0,-8.413102478E-2
9.748711600E1,-2.471451521E0,-2.654836655E0,3.496775031E-1
9.750715829E1,-1.227033377E0,-2.401181698E0,8.643774390E-1
9.752720029E1,-2.675869763E-1,-9.787280560E-1,8.716828227E-1
9.754724329E1,-5.215124488E-1,4.722414166E-2,8.713921905E-1
9.756728529E1,-1.583727598E0,2.680489980E-2,9.305818677E-1
9.758732729E1,-2.895375967E0,7.643789053E-2,1.086725354E0
9.760736929E1,-3.496485710E0,4.357219487E-2,1.410999417E0
9.762741129E1,-2.284148693E0,9.341129661E-1,1.435064316E0
9.764745429E1,-1.720455170E0,1.378358722E0,1.157842040E0
9.766749629E1,-2.197807550E0,1.042483211E0,1.132982969E0
9.768753829E1,-2.434313774E0,1.276447654E0,1.094626665E0
9.770758029E1,-2.261694431E0,1.438242555E0,9.496982694E-1
9.772762229E1,-2.079850435E0,1.315462947E0,8.716183901E-1
9.774766529E1,-1.955668926E0,1.235923767E0,7.424885631E-1
9.776770729E1,-1.753831387E0,1.174682140E0,6.600019336E-1
9.778774929E1,-1.438023329E0,1.061828852E0,5.356123447E-1
9.780779129E1,-1.039517999E0,1.007402062E0,3.771940768E-1
9.782783429E1,-6.222881079E-1,9.142751098E-1,2.614284754E-1
9.784787629E1,-2.739169300E-1,8.462373614E-1,1.759496927E-1
9.786791829E1,1.739984751E-1,8.056081533E-1,8.180259913E-2
9.788796029E1,6.925058961E-1,7.310888767E-1,-6.124068424E-2
9.790800229E1,1.012631059E0,3.830311596E-1,-3.309643865E-1
9.792804529E1,1.179020643E0,-2.217038125E-1,-5.483998656E-1
9.794808729E1,1.711625814E0,-3.263229132E-1,-5.672408342E-1
9.796812929E1,2.087988377E0,8.276907355E-2,-2.863675356E-1
9.798817129E1,2.155782700E0,-1.676949620E0,3.856175542E-1
9.800821329E1,1.529152870E0,-1.022456527E0,1.638021767E-1
9.802825629E1,1.753604054E0,-3.225416541E-1,-9.930066764E-3
9.804829829E1,2.122346401E0,-7.312892675E-1,-3.381116092E-1
9.806834029E1,1.968669653E0,-1.050225139E0,-4.531188011E-1
9.808838229E1,1.966548204E0,-1.178782582E0,-4.369164109E-1
9.810842429E1,2.028907061E0,-1.129412293E0,-3.866903484E-1
9.812846729E1,1.812105060E0,-1.053645134E0,-4.034972787E-1
9.814850929E1,1.616861701E0,-6.595944166E-1,-3.943088353E-1
9.816855129E1,1.450939417E0,-5.158253908E-1,-4.115522504E-1
9.818859329E1,1.359294534E0,-6.812830567E-1,-4.730083942E-1
9.820863529E1,1.312127948E0,-7.272707224E-1,-5.551217198E-1
9.822867829E1,1.213454127E0,-4.873481989E-1,-5.836929083E-1
9.824872029E1,1.073827624E0,1.846529543E-1,-5.505653024E-1
9.826876229E1,8.825748563E-1,6.767387986E-1,-4.585094154E-1
9.828880429E1,6.713393927E-1,8.022223711E-1,-3.690190017E-1
9.830884729E1,6.294572949E-1,7.424095869E-1,-2.800108194E-1
9.832888929E1,6.218289137E-1,5.014131665E-1,-2.093514502E-1
9.834893129E1,7.202197909E-1,3.736739606E-2,-1.532100290E-1
9.836897329E1,8.415256143E-1,-2.674552500E-1,-2.295063064E-2
9.838901529E1,9.634197950E-1,-1.771794111E-1,1.305759102E-1
9.840905829E1,8.243706822E-1,-9.969375283E-2,1.104489863E-1
9.842910029E1,5.837207437E-1,1.142209470E-1,-3.624420986E-2
9.844914229E1,3.874710202E-1,1.895724088E-1,-1.352095157E-1
9.846918429E1,3.589552641E-1,-6.389765441E-2,-9.497196972E-2
9.848922629E1,4.425874650E-1,-3.048502803E-1,-6.288505346E-2
9.850926925E1,5.145055652E-1,-5.148087740E-1,-7.154790312E-2
9.852931125E1,4.445313513E-1,-6.792991757E-1,-1.145442128E-1
9.854935325E1,3.949422538E-1,-9.177778959E-1,-1.108208671E-1
9.856939525E1,3.984760344E-1,-7.338069081E-1,-1.821519285E-1
9.858943725E1,5.249569416E-1,-1.187714934E-1,-4.105488360E-1
9.860948025E1,6.801472902E-1,1.410581768E-1,-5.163693428E-1
9.862952225E1,6.257840395E-1,1.260513514E-1,-4.820043445E-1
9.864956425E1,3.521272838E-1,5.731621757E-2,-5.405625701E-1
9.866960625E1,4.554225504E-2,4.225671887E-1,-5.253103375E-1
9.868964925E1,-3.783101141E-1,1.733939201E-1,-3.473583162E-1
9.870969125E1,-8.046611547E-1,-2.343601137E-1,-9.147621691E-2
9.872973325E1,-1.200834990E0,-4.987328351E-1,1.049702913E-1
9.874977525E1,-1.598876238E0,-5.223507881E-1,1.602341831E-1
9.876981725E1,-1.986656070E0,-5.608621240E-1,1.841106713E-1
9.878986025E1,-2.263570786E0,-9.135675430E-1,3.236775994E-1
9.880990225E1,-2.134461880E0,-1.763393879E0,6.198385954E-1
9.882994425E1,-1.386279345E0,-2.178245544E0,8.580189943E-1
9.884998625E1,-7.443332672E-1,-1.380864382E0,1.058821321E0
9.887002825E1,-8.996399045E-1,-3.056989312E-1,1.206378460E0
9.889007125E1,-1.999944329E0,2.352688313E-1,1.462090135E0
9.891011325E1,-3.140239954E0,1.223932654E-1,1.659295917E0
9.893015525E1,-2.698808908E0,1.019363523E0,1.551892042E0
9.895019725E1,-2.100557566E0,1.762902856E0,1.236569047E0
9.897023925E1,-2.124437094E0,1.337919593E0,1.105032563E0
9.899028225E1,-2.335335732E0,1.277648687E0,1.015739918E0
9.901032425E1,-2.267781258E0,1.276700616E0,8.180047274E-1
9.903036625E1,-2.161323547E0,1.316424131E0,7.354804277E-1
9.905040825E1,-1.908544421E0,1.046704292E0,6.521596313E-1
9.907045025E1,-1.774925351E0,9.844127297E-1,6.634289026E-1
9.909049325E1,-1.601043344E0,1.069846153E0,5.303773880E-1
9.911053525E1,-1.313870549E0,9.992791414E-1,3.269332647E-1
9.913057725E1,-9.813967347E-1,7.758819461E-1,1.757601351E-1
9.915061925E1,-5.492129922E-1,7.502029538E-1,2.894497290E-2
9.917066225E1,-9.373229742E-2,7.576257586E-1,-7.027434558E-2
9.919070425E1,2.632440031E-1,5.236679316E-1,-7.823173702E-2
9.921074625E1,5.736017823E-1,3.383815885E-1,-6.728239357E-2
9.923078825E1,8.677490950E-1,1.400226206E-1,-2.244363129E-1
9.925083025E1,9.265054464E-1,-2.518336475E-1,-5.405851603E-1
9.927087325E1,1.038269281E0,-4.921903312E-1,-6.696411371E-1
9.929091525E1,1.578909636E0,3.751755953E-1,-6.408805847E-1
9.931095725E1,1.901223660E0,-7.550959587E-1,-1.353083551E-1
9.933099925E1,1.548241019E0,-5.764321685E-1,-1.035334244E-1
9.935104125E1,1.595377803E0,-1.557524055E-1,-3.327917159E-1
9.937108425E1,2.357325792E0,-7.782780528E-1,-4.777313173E-1
9.939112625E1,2.541691303E0,-1.318653703E0,-4.667646885E-1
9.941116825E1,2.403377056E0,-1.519059181E0,-4.215853512E-1
9.943121025E1,2.357686281E0,-1.457723856E0,-3.891182542E-1
9.945125225E1,2.126788378E0,-1.461466312E0,-3.472862542E-1
9.947129525E1,1.787579179E0,-1.169008255E0,-3.619886041E-1
9.949133725E1,1.602971435E0,-7.363665700E-1,-4.888761342E-1
9.951137888E1,1.478179693E0,-6.284532547E-1,-5.550866127E-1
9.953142087E1,1.458976269E0,-6.236077547E-1,-7.091768384E-1
9.955146288E1,1.373839736E0,-5.328351259E-1,-7.874618769E-1
9.957150587E1,1.174477220E0,8.452671021E-2,-6.934480667E-1
9.959154788E1,9.941863418E-1,8.062528372E-1,-5.395748019E-1
9.961158987E1,7.924729586E-1,1.136537075E0,-3.655959368E-1
9.963163188E1,6.998156905E-1,9.367193580E-1,-9.842019528E-2
9.965167488E1,8.083934784E-1,3.264738321E-1,5.350282416E-2
9.967171688E1,8.512606025E-1,-2.324611396E-1,9.745932370E-2
9.969175888E1,7.756925821E-1,-3.612516224E-1,1.010537893E-1
9.971180088E1,8.306497335E-1,-4.209999740E-1,2.793697268E-2
9.973184288E1,7.642531991E-1,-3.542652726E-1,-1.338415146E-1
9.975188588E1,5.298910737E-1,-2.583230734E-1,-2.366540134E-1
9.977192788E1,3.406256139E-1,-4.512250423E-2,-2.916665077E-1
9.979196988E1,2.400220484E-1,1.146282703E-1,-3.018570840E-1
9.981201188E1,2.395583987E-1,-9.398356080E-2,-2.704011202E-1
9.983205388E1,3.061681688E-1,-4.202134013E-1,-2.470817864E-1
9.985209688E1,3.974833190E-1,-4.177141488E-1,-3.111667633E-1
9.987213887E1,5.152086020E-1,-2.453314513E-1,-4.132135808E-1
9.989218088E1,6.648529172E-1,-1.755666435E-1,-4.937678874E-1
9.991222287E1,7.615063190E-1,-3.028967381E-1,-5.691806674E-1
9.993226488E1,8.194740415E-1,-3.836700320E-1,-6.325303316E-1
9.995230787E1,7.675243020E-1,-1.654651910E-1,-7.160419822E-1
9.997234988E1,5.351489186E-1,2.713731527E-1,-6.236280799E-1
9.999239187E1,1.211599559E-1,3.854876757E-1,-4.824523330E-1
1.000124339E2,-4.145029187E-1,4.837391078E-1,-3.824758530E-1
1.000324769E2,-8.018609285E-1,9.390270710E-1,-4.057644866E-3
1.000525189E2,-1.144368172E0,1.016008496E0,2.865225077E-1
1.000725609E2,-1.509856105E0,2.609862685E-1,4.591470957E-1
1.000926029E2,-1.713660598E0,-9.400966763E-1,5.132477880E-1
1.001126449E2,-1.703017235E0,-1.881305099E0,5.733668208E-1
1.001326879E2,-1.327262521E0,-2.332232237E0,6.934357285E-1
1.001527299E2,-6.518629193E-1,-1.860822678E0,9.733133912E-1
1.001727719E2,-4.199794531E-1,-8.471529484E-1,1.119867802E0
1.001928139E2,-1.483926654E0,-4.048693478E-1,1.095055103E0
1.002128559E2,-2.805456161E0,-2.608225644E-1,1.178961158E0
1.002328989E2,-2.998657227E0,-4.634940922E-1,1.412174225E0
1.002529409E2,-1.818716407E0,5.156264901E-1,1.635782123E0
1.002729829E2,-2.100241899E0,2.348107398E-1,1.326372504E0
1.002930249E2,-2.572746277E0,9.761320353E-1,1.016966701E0
1.003130669E2,-2.519358635E0,1.490566969E0,9.681994915E-1
1.003331099E2,-2.525862932E0,1.029242873E0,9.113866091E-1
1.003531519E2,-2.541811466E0,9.134132862E-1,7.999915481E-1
1.003731939E2,-2.291100025E0,9.488441944E-1,6.484627724E-1
1.003932359E2,-1.930931449E0,9.596182108E-1,4.901537895E-1
1.004132789E2,-1.745540619E0,9.274161458E-1,4.610250592E-1
1.004333209E2,-1.465905070E0,9.297491312E-1,3.916175961E-1
1.004533629E2,-1.029214740E0,8.126961589E-1,2.498911917E-1
1.004734049E2,-5.814194679E-1,6.496026516E-1,1.039508209E-1
1.004934469E2,-2.642782331E-1,6.224815249E-1,-7.660502568E-3
1.005134908E2,8.857375383E-2,4.426605999E-1,-2.960841358E-2
1.005335328E2,5.583277941E-1,3.807790279E-1,-5.377775431E-2
1.005535748E2,9.860735536E-1,1.647124887E-1,-1.942187995E-1
1.005736168E2,1.317283154E0,-2.500230372E-1,-4.477019608E-1
1.005936588E2,1.663871288E0,-6.104387045E-1,-6.103008986E-1
1.006137018E2,1.743368030E0,-4.022412896E-1,-3.992497921E-1
1.006337438E2,1.847649455E0,-3.718741238E-2,-7.964628935E-2
1.006537858E2,1.640811324E0,-5.625958443E-1,4.398162663E-1
1.006738278E2,1.489796519E0,-5.801168084E-1,4.199131131E-1
1.006938708E2,1.826920867E0,-3.191077113E-1,5.136710033E-2
1.007139128E2,2.408041477E0,-6.595417857E-1,-2.883656025E-1
1.007339548E2,2.396240234E0,-1.243090987E0,-4.759468138E-1
1.007539968E2,1.904690266E0,-1.476601839E0,-5.849731565E-1
1.007740388E2,1.716382980E0,-1.006489038E0,-6.218444705E-1
1.007940818E2,1.461421371E0,-6.481940150E-1,-6.578657627E-1
1.008141238E2,1.240625978E0,-3.347342610E-1,-6.936861873E-1
1.008341658E2,1.149291396E0,-2.695969641E-1,-7.061070800E-1
1.008542078E2,1.206420422E0,-4.962646961E-1,-6.903716326E-1
1.008742498E2,1.223865032E0,-6.643701792E-1,-7.008588910E-1
1.008942928E2,1.167895675E0,-5.149158835E-1,-7.179395556E-1
1.009143348E2,9.741918445E-1,2.266491652E-1,-6.797772050E-1
1.009343768E2,7.436548471E-1,7.289159298E-1,-6.098431945E-1
1.009544188E2,4.677604735E-1,8.002043366E-1,-4.823572338E-1
1.009744618E2,5.107483864E-1,4.563398361E-1,-2.502253056E-1
1.009945038E2,7.857310772E-1,-5.158400163E-2,-6.850973517E-2
1.010145458E2,8.273338079E-1,-3.524529338E-1,8.878596872E-2
1.010345878E2,7.068434358E-1,-3.626027107E-1,3.048933577E-3
1.010546298E2,6.144313216E-1,-2.753399014E-1,-1.684371829E-1
1.010746728E2,4.996456206E-1,-1.600680351E-1,-2.824148834E-1
1.010947148E2,3.710961938E-1,-1.877767742E-1,-2.296905816E-1
1.011147568E2,2.670255601E-1,-1.352084577E-1,-2.181278616E-1
1.011347988E2,3.267873526E-1,-2.222707570E-1,-2.136209160E-1
1.011548408E2,4.892991483E-1,-2.730745971E-1,-2.261156142E-1
1.011748838E2,5.154065490E-1,-1.970539540E-1,-3.089518547E-1
1.011949258E2,3.741099238E-1,-9.587419033E-2,-3.510321975E-1
1.012149678E2,3.247229457E-1,-8.600398153E-2,-4.110638499E-1
1.012350098E2,3.991416693E-1,-1.992100775E-1,-4.678876102E-1
1.012550518E2,6.107249260E-1,-4.168836474E-1,-4.734610319E-1
1.012750948E2,7.313589454E-1,-4.236985147E-1,-4.578856230E-1
1.012951368E2,6.290805936E-1,-1.766311228E-1,-4.219065905E-1
1.013151788E2,3.263909221E-1,5.315228924E-2,-4.309487045E-1
1.013352208E2,1.644813865E-1,-9.574868530E-2,-3.750044107E-1
1.013552638E2,-9.608698636E-2,-1.342332363E-1,-3.468375504E-1
1.013753058E2,-4.483515918E-1,2.039063871E-1,-3.071571887E-2
1.013953478E2,-9.372195601E-1,4.903044999E-1,2.769275904E-1
1.014153898E2,-1.433230400E0,2.147217393E-1,5.531776547E-1
1.014354318E2,-1.807442427E0,-6.114138365E-1,8.344933391E-1
1.014554748E2,-1.879709482E0,-1.583365560E0,8.840683699E-1
1.014755168E2,-1.697777629E0,-1.975757003E0,7.027792931E-1
1.014955588E2,-1.463135719E0,-1.537655473E0,5.048568249E-1
1.015156040E2,-1.397742152E0,-8.440595269E-1,7.345556617E-1
1.015356460E2,-1.341342688E0,-4.409859329E-2,1.016278267E0
1.015556890E2,-1.506642103E0,2.669056654E-1,1.163345218E0
1.015757310E2,-1.846367359E0,3.434093595E-1,1.427189231E0
1.015957730E2,-2.178413630E0,3.455657065E-1,1.662641525E0
1.016158150E2,-2.077167273E0,3.945491016E-1,1.670498729E0
1.016358580E2,-1.936921358E0,7.616630197E-1,1.558048248E0
1.016559000E2,-1.921680689E0,1.025847316E0,1.446661115E0
1.016759420E2,-2.062814713E0,1.361298203E0,1.373238206E0
1.016959840E2,-2.123001337E0,1.353121758E0,1.157813907E0
1.017160260E2,-2.087449789E0,1.278562188E0,9.709166288E-1
1.017360690E2,-1.902674317E0,1.218701005E0,9.206861258E-1
1.017561110E2,-1.721212268E0,1.059564590E0,9.025187492E-1
1.017761530E2,-1.588091016E0,9.618778229E-1,8.536288142E-1
1.017961950E2,-1.504198074E0,1.043979049E0,7.649661303E-1
1.018162370E2,-1.266088605E0,1.118306875E0,6.761308312E-1
1.018362800E2,-9.053836465E-1,1.010292292E0,5.093898177E-1
1.018563220E2,-5.640726686E-1,7.600242496E-1,3.419089913E-1
1.018763640E2,-2.330092341E-1,5.934559703E-1,2.154807597E-1
1.018964060E2,9.939886630E-2,4.577777386E-1,1.916245371E-1
1.019164480E2,4.815654755E-1,3.401266634E-1,1.385044008E-1
1.019364910E2,8.092041016E-1,3.243842423E-1,4.402756691E-3
1.019565330E2,1.028733015E0,2.919573188E-1,-1.375008523E-1
1.019765750E2,1.093562603E0,3.138938919E-2,-1.600932479E-1
1.019966170E2,9.289972186E-1,-2.237880230E-1,1.434152946E-2
1.020166600E2,1.006681800E0,6.745914370E-2,2.053164989E-1
1.020367020E2,1.165002584E0,3.843267858E-1,6.769964844E-2
1.020567440E2,1.639868855E0,-6.412687153E-2,-4.487277195E-2
1.020767860E2,2.116742611E0,-8.179769516E-1,-5.053836107E-1
1.020968280E2,2.351528168E0,-1.246091843E0,-5.153453350E-1
1.021168710E2,2.041672945E0,-1.303470016E0,-5.825117826E-1
1.021369130E2,2.174871206E0,-1.388474584E0,-5.669631362E-1
1.021569550E2,2.223453760E0,-1.501797557E0,-5.097829103E-1
1.021769970E2,2.246566772E0,-1.386648059E0,-4.796708226E-1
1.021970390E2,2.051066875E0,-1.289460897E0,-5.016167760E-1
1.022170820E2,1.694056153E0,-1.084832549E0,-5.586220622E-1
1.022371240E2,1.405449033E0,-9.925278425E-1,-5.512791872E-1
1.022571660E2,1.330898643E0,-9.895936251E-1,-7.015258670E-1
1.022772080E2,1.225959182E0,-9.224936962E-1,-8.838114142E-1
1.022972500E2,1.101230145E0,-6.083400249E-1,-1.031416893E0
1.023172930E2,8.851470351E-1,-2.233814746E-1,-1.112824559E0
1.023373350E2,6.797053814E-1,1.654124111E-1,-1.062469602E0
1.023573770E2,3.563397229E-1,4.014343917E-1,-8.991819024E-1
1.023774190E2,2.930633724E-1,4.640716910E-1,-6.669361591E-1
1.023974610E2,6.630486250E-1,3.310842514E-1,-4.540913403E-1
1.024175040E2,8.890394568E-1,-7.974370383E-3,-2.972284555E-1
1.024375460E2,6.798104644E-1,-1.659547091E-1,-1.919736415E-1
1.024575880E2,5.272999406E-1,-3.010107279E-1,-1.843311787E-1
1.024776300E2,4.268721640E-1,-2.639925480E-1,-1.859974563E-1
1.024976730E2,5.024951696E-1,-3.608693182E-2,-2.225207537E-1
1.025177120E2,4.011155069E-1,4.134205170E-3,-2.209007889E-1
1.025377540E2,3.162642419E-1,-1.733826846E-1,-1.293214113E-1
1.025577960E2,3.833112419E-1,-3.069133162E-1,-1.574008763E-1
1.025778380E2,4.668231308E-1,-2.720851898E-1,-2.263356447E-1
1.025978810E2,4.520191550E-1,-5.333662778E-2,-2.465575039E-1
1.026179230E2,4.804545343E-1,8.157248050E-2,-2.156071067E-1
1.026379650E2,4.590377510E-1,2.563828528E-1,-2.572014034E-1
1.026580070E2,4.376990199E-1,1.191575155E-1,-2.897242606E-1
1.026780490E2,4.501074255E-1,-1.207258850E-1,-2.660996020E-1
1.026980920E2,3.734464645E-1,8.065035567E-3,-1.482071429E-1
1.027181340E2,2.311535180E-2,2.208777666E-1,-5.044687912E-2
1.027381760E2,-3.501310647E-1,1.327895671E-1,8.903221786E-2
1.027582180E2,-6.544921994E-1,1.236683428E-1,2.722080946E-1
1.027782600E2,-9.934343696E-1,5.476739630E-2,3.611455262E-1
1.027983030E2,-1.490200281E0,-5.079369545E-1,3.298306465E-1
1.028183450E2,-1.874899626E0,-1.260277510E0,2.628256381E-1
1.028383870E2,-2.015873194E0,-1.364329934E0,4.296035171E-1
1.028584290E2,-1.838929892E0,-1.309831262E0,7.974598408E-1
1.028784710E2,-1.252047181E0,-1.513332129E0,1.153055668E0
1.028985140E2,-6.471466422E-1,-1.520747304E0,1.334901571E0
1.029185560E2,-8.665617704E-1,-1.129970431E0,1.546186209E0
1.029385980E2,-2.064741850E0,-5.983511209E-1,1.743270397E0
1.029586400E2,-2.880691290E0,-1.694653369E-2,1.862358809E0
1.029786820E2,-1.867601633E0,1.630810261E0,1.553474069E0
1.029987250E2,-1.654227138E0,1.624618769E0,1.463509202E0
1.030187670E2,-1.761801720E0,9.557371140E-1,1.439359426E0
1.030388090E2,-1.703017116E0,8.832251430E-1,1.274338007E0
1.030588510E2,-1.758962512E0,1.442870736E0,1.047482967E0
1.030788940E2,-1.799941659E0,1.654883385E0,8.750812411E-1
1.030989360E2,-1.767288923E0,1.541483164E0,7.703214884E-1
1.031189780E2,-1.572632670E0,1.419548988E0,6.978731155E-1
1.031390200E2,-1.380254388E0,1.363176584E0,5.941907763E-1
1.031590620E2,-1.142123699E0,1.196630478E0,4.984399378E-1
1.031791050E2,-9.080301523E-1,1.026565552E0,3.869929612E-1
1.031991470E2,-6.993791461E-1,9.742993116E-1,2.864305079E-1
1.032191890E2,-5.067036152E-1,8.616088033E-1,1.636674851E-1
1.032392310E2,-2.306860834E-1,6.672275662E-1,7.026819140E-2
1.032592730E2,5.830341950E-2,5.410486460E-1,1.106769592E-2
1.032793160E2,2.617426813E-1,4.762954116E-1,-5.245060660E-3
1.032993580E2,4.319975674E-1,3.989701569E-1,-6.420204043E-2
1.033194000E2,6.865419745E-1,2.662154734E-1,-2.013535351E-1
1.033394420E2,8.500548005E-1,-1.725085974E-1,-5.052486658E-1
1.033594840E2,8.858022094E-1,-8.716017604E-1,-8.659069538E-1
1.033795270E2,1.097741723E0,-5.908069611E-1,-7.037200332E-1
1.033995690E2,1.210818291E0,-4.743172228E-1,-5.708943009E-1
1.034196110E2,1.365670085E0,-2.370083481E-1,-1.882650554E-1
1.034396530E2,1.366586566E0,-8.782604933E-1,-2.971373498E-1
1.034596950E2,2.039701700E0,-7.367364168E-1,-4.802787602E-1
1.034797380E2,2.112677097E0,-9.594032764E-1,-6.068509221E-1
1.034997800E2,1.879089832E0,-1.514373779E0,-6.023645997E-1
1.035198219E2,2.151757479E0,-1.437204361E0,-5.718560815E-1
1.035398639E2,2.060374498E0,-1.522263288E0,-5.224406123E-1
1.035599059E2,1.763798594E0,-1.569649816E0,-5.486504436E-1
1.035799489E2,1.477354884E0,-1.325426817E0,-6.626302600E-1
1.035999909E2,1.299181104E0,-6.273288131E-1,-7.785461545E-1
1.036200329E2,1.315592170E0,-2.644069791E-1,-8.145275116E-1
1.036400749E2,1.268131852E0,-3.705143332E-1,-8.192678690E-1
1.036601169E2,1.129894495E0,-5.609779358E-1,-8.567245007E-1
1.036801599E2,1.003872275E0,-2.460571676E-1,-8.651162982E-1
1.037002019E2,8.239386678E-1,3.198724091E-1,-8.440630436E-1
1.037202439E2,6.926857829E-1,9.141712785E-1,-6.956393123E-1
1.037402859E2,7.938576937E-1,8.652632833E-1,-4.566670060E-1
1.037603279E2,9.508157372E-1,1.948317513E-2,-1.164751127E-1
1.037803709E2,8.285800219E-1,-5.498089194E-1,5.982852355E-2
1.038004129E2,5.671393871E-1,-4.949948490E-1,-5.728135258E-2
1.038204549E2,4.598738849E-1,-2.314469516E-1,-5.051861405E-1
1.038404969E2,5.867216587E-1,-3.977195024E-1,-5.054292679E-1
1.038605389E2,7.856811285E-1,-5.990486741E-1,-3.013101220E-1
1.038805819E2,7.497106194E-1,-2.351352423E-1,-3.449675739E-1
1.039006239E2,4.700544178E-1,3.333939239E-2,-4.416597188E-1
1.039206659E2,3.010363877E-1,5.477274954E-2,-4.047104120E-1
1.039407079E2,2.348503768E-1,1.013582014E-2,-3.869156837E-1
1.039607509E2,1.906532049E-1,-1.974821687E-1,-3.547509015E-1
1.039807929E2,2.397706807E-1,-3.796650171E-1,-3.577759862E-1
1.040008349E2,3.187822700E-1,-5.483266115E-1,-4.242849648E-1
1.040208769E2,3.242018521E-1,-4.735230207E-1,-4.573045671E-1
1.040409189E2,3.144421577E-1,-1.493995488E-1,-4.112529159E-1
1.040609619E2,3.392446935E-1,-4.924441501E-2,-3.565726876E-1
1.040810039E2,4.092858136E-1,-2.166472003E-2,-3.630897105E-1
1.041010459E2,4.564809799E-1,1.082968116E-1,-4.209226370E-1
1.041210879E2,3.459854126E-1,2.975854278E-1,-4.688789845E-1
1.041411299E2,3.562346697E-1,1.607542634E-1,-5.640317798E-1
1.041611729E2,3.366260827E-1,4.730701149E-1,-5.363192558E-1
1.041812149E2,5.422824994E-2,1.090794131E-1,-2.632709146E-1
1.042012569E2,-2.137619108E-1,-2.877998352E-1,-1.433156282E-1
1.042212989E2,-4.335862398E-1,-4.552307725E-1,-9.519191086E-2
1.042413409E2,-7.573743463E-1,-1.989995390E-1,-2.710547857E-2
1.042613839E2,-1.136471152E0,4.917347059E-2,1.027576774E-1
1.042814259E2,-1.500558019E0,-4.703852348E-3,3.063461483E-1
1.043014679E2,-1.627417326E0,-5.161278844E-1,4.830109477E-1
1.043215099E2,-1.349705219E0,-1.391218543E0,4.250470400E-1
1.043415519E2,-9.638643861E-1,-1.882628798E0,3.255278170E-1
1.043615949E2,-1.001746178E0,-1.682260394E0,3.058353662E-1
1.043816369E2,-1.328295708E0,-1.173687816E0,2.447916716E-1
1.044016789E2,-1.561555982E0,-7.297892570E-1,1.890327185E-1
1.044217209E2,-1.427224755E0,-4.004650116E-1,1.988956928E-1
1.044417639E2,-1.065525651E0,-5.245719850E-2,3.403306305E-1
1.044618059E2,-7.888385057E-1,4.636488557E-1,3.839579225E-1
1.044818479E2,-8.085591793E-1,5.920845270E-1,4.933718443E-1
1.045018899E2,-8.935896158E-1,3.575902060E-2,6.335667372E-1
1.045219321E2,-6.998147368E-1,-3.243883550E-1,6.626488566E-1
1.045419751E2,-4.425389469E-1,-2.362240553E-1,5.856435299E-1
1.045620171E2,-3.030548096E-1,3.871122748E-2,6.092319489E-1
1.045820591E2,-2.045805156E-1,1.870946139E-1,6.016630530E-1
1.046021011E2,-1.236800700E-1,2.935550213E-1,5.037556887E-1
1.046221431E2,-6.556658447E-2,3.955968320E-1,4.059400856E-1
1.046421861E2,2.459428459E-2,4.777533710E-1,3.253450096E-1
1.046622281E2,2.630238235E-1,5.579174757E-1,2.204545736E-1
1.046822701E2,5.574502945E-1,6.354092360E-1,9.896703064E-2
1.047023121E2,8.096800447E-1,6.660420299E-1,2.217632718E-2
1.047223541E2,1.029175878E0,8.185262680E-1,-8.484064788E-2
1.047423971E2,1.153855920E0,1.053991914E0,-1.352430731E-1
1.047624391E2,1.160554409E0,1.369838238E0,-1.770510823E-1
1.047824811E2,1.009537339E0,1.667448878E0,-2.454102188E-1
1.048025231E2,7.897665501E-1,1.894872189E0,-3.125492334E-1
1.048225651E2,5.446815491E-1,1.774361730E0,-3.188405931E-1
1.048426081E2,3.070470095E-1,1.123487115E0,-3.423751593E-1
1.048626501E2,9.163028002E-2,2.128579319E-1,-2.996747196E-1
1.048826921E2,8.899496496E-2,-9.181188941E-1,-1.907440871E-1
1.049027341E2,4.165545404E-1,-1.820411205E0,-1.225240007E-1
1.049227771E2,4.405946136E-1,-1.522258997E0,-1.284669340E-1
1.049428191E2,7.148748636E-2,-3.948641121E-1,-2.382408828E-1
1.049628611E2,2.020719796E-1,4.750555456E-1,-4.205768108E-1
1.049829031E2,5.497441292E-1,3.395513296E-1,-3.452117741E-1
1.050029451E2,4.272580445E-1,-1.175924018E-1,-8.655487746E-2
1.050229881E2,3.644686341E-1,3.842733055E-2,2.375042066E-3
1.050430301E2,5.523172021E-1,5.103697181E-1,1.097270995E-1
1.050630721E2,5.038542747E-1,6.293779612E-1,1.116455570E-1
1.050831141E2,2.940662205E-1,4.864699841E-1,3.793087602E-2
1.051031561E2,1.372761279E-1,2.763571739E-1,8.924476802E-3
1.051231991E2,1.545163840E-1,2.544076741E-2,-4.749772325E-2
1.051432411E2,2.107138038E-1,-7.145427912E-2,-1.055916697E-1
1.051632831E2,1.861472875E-1,-3.605061024E-2,-1.491368860E-1
1.051833251E2,1.795782745E-1,-8.201087266E-2,-1.407699883E-1
1.052033671E2,2.244145721E-1,-1.342525035E-1,-1.073680893E-1
1.052234101E2,2.439893931E-1,-7.510966063E-2,-9.281463921E-2
1.052434521E2,1.982087195E-1,2.193988860E-2,-8.527065068E-2
1.052634941E2,1.222660244E-1,8.379896730E-2,-8.593398333E-2
1.052835361E2,5.122514814E-2,1.455128491E-1,-6.848156452E-2
1.053035781E2,5.391408131E-2,2.561890781E-1,-6.136049703E-2
1.053236211E2,9.898699820E-2,3.663015068E-1,-8.383770287E-2
1.053436631E2,1.338904202E-1,5.345021486E-1,-1.033067629E-1
1.053637051E2,1.417376399E-1,7.202383280E-1,-1.310536116E-1
1.053837471E2,1.214920431E-1,7.666063309E-1,-1.180132478E-1
1.054037891E2,1.110126600E-1,7.213347554E-1,-6.993690878E-2
1.054238321E2,1.568388790E-1,6.525989771E-1,-8.534181863E-3
1.054438741E2,1.934392750E-1,5.058955550E-1,4.705162346E-2
1.054639161E2,2.079795897E-1,3.166897595E-1,5.041107535E-2
1.054839581E2,1.892886758E-1,1.630897820E-1,1.998729445E-2
1.055040011E2,1.487518251E-1,1.440525651E-1,-1.010203734E-2
1.055240427E2,1.390117854E-1,2.316772193E-1,-6.694863737E-2
1.055440847E2,1.126134619E-1,3.588525653E-1,-1.091482043E-1
1.055641267E2,8.684524894E-2,3.811836541E-1,-1.195826754E-1
1.055841687E2,7.451886684E-2,3.362660110E-1,-9.139402956E-2
1.056042117E2,8.981641382E-2,2.554327548E-1,-5.100799352E-2
1.056242537E2,1.197072566E-1,1.645513177E-1,-3.855029820E-3
1.056442957E2,1.199254394E-1,1.166939661E-1,2.489540726E-2
1.056643377E2,1.004908532E-1,1.153898612E-1,4.968336225E-2
1.056843797E2,7.738692313E-2,1.304580122E-1,6.456021219E-2
1.057044227E2,4.349151999E-2,1.227940619E-1,3.898143023E-2
1.057244647E2,1.876712032E-2,6.789319217E-2,2.311016433E-2
1.057445067E2,3.024438396E-3,-7.979514077E-3,2.223926224E-2
1.057645487E2,-1.656667795E-3,-9.706499986E-3,2.136839181E-2
1.057845907E2,-6.394347176E-3,6.308529526E-3,7.672494277E-3
1.058046337E2,-1.567991078E-2,-3.942374606E-3,1.028146502E-2
1.058246757E2,-1.128158160E-2,-2.081382833E-2,6.066326052E-3
1.058447177E2,8.495062590E-3,-1.756482758E-2,-1.187468413E-3
1.058647597E2,2.975720353E-2,-4.331357032E-2,-1.285534119E-3
1.058848017E2,4.082946852E-2,-4.192508385E-2,-7.374855690E-3
1.059048447E2,3.271869943E-2,1.357096992E-2,-1.903954521E-2
1.059248867E2,2.654636651E-2,2.550209500E-2,-2.498231083E-2
1.059449287E2,1.403899491E-2,3.525928361E-3,-1.557775587E-2
1.059649707E2,1.738544740E-2,-3.264395520E-2,-3.191275289E-3
1.059850127E2,1.970322616E-2,-2.339600213E-2,-6.827697624E-3
1.060050557E2,2.172138728E-2,-2.063465491E-2,-1.090747397E-2
1.060250977E2,3.340182453E-2,-6.103780586E-3,-7.396759931E-3
1.060451397E2,2.681340277E-2,2.115488239E-2,-1.612051576E-2
1.060651817E2,1.155387983E-2,1.733022369E-2,-1.634538174E-2
1.060852237E2,1.153538935E-2,2.689952962E-2,-1.616513170E-2
1.061052667E2,9.837018326E-3,4.021384194E-2,-1.009586547E-2
1.061253087E2,5.055981688E-3,6.647299230E-2,-1.827784814E-3
1.061453507E2,3.546366002E-3,7.519232482E-2,-6.444139406E-3
1.061653927E2,-1.308994740E-2,7.938241214E-2,6.258781068E-4
1.061854357E2,-2.008100599E-2,7.525501400E-2,1.764993183E-2
1.062054777E2,-2.573594078E-2,7.700726390E-2,2.144199051E-2
1.062255197E2,-2.567317896E-2,8.087995648E-2,1.333053596E-2
1.062455617E2,-3.137439117E-2,8.284600079E-2,5.342853256E-3
1.062656037E2,-3.350238502E-2,8.689945191E-2,4.716242198E-3
1.062856467E2,-2.516425028E-2,9.583041072E-2,2.266433323E-3
1.063056887E2,-1.253366470E-2,8.798974007E-2,4.558475222E-3
1.063257307E2,-1.023666654E-2,8.038922399E-2,1.108559221E-2
1.063457727E2,-6.508392747E-3,7.496433705E-2,1.117726043E-2
1.063658147E2,1.540274825E-3,6.085406244E-2,1.220333017E-2
1.063858577E2,9.721491951E-4,4.126448557E-2,1.212042756E-2
1.064058997E2,-1.059012488E-2,3.356288001E-2,1.527244970E-2
1.064259417E2,-2.296766266E-2,2.598841675E-2,1.555653103E-2
1.064459837E2,-2.489574999E-2,2.949106880E-2,1.710778475E-2
1.064660257E2,-2.420471236E-2,1.989063248E-2,1.622938737E-2
1.064860687E2,-2.374618314E-2,-1.300705690E-2,1.802460849E-2
1.065061107E2,-1.809926331E-2,-2.269168012E-2,2.073726989E-2
1.065261521E2,-1.278912928E-2,-2.007247694E-2,2.037284151E-2
1.065461941E2,-1.957139187E-2,-2.616105415E-2,1.504957303E-2
1.065662361E2,-2.504925802E-2,-4.176631942E-2,5.154209211E-3
1.065862791E2,-1.846823469E-2,-4.658999667E-2,-1.040904550E-3
1.066063211E2,-7.338494994E-3,-4.081954807E-2,3.273060080E-3
1.066263631E2,-2.252401086E-3,-1.600842178E-2,3.852440044E-3
1.066464051E2,-1.318220980E-3,-1.136512961E-3,5.254612770E-4
1.066664471E2,2.968846122E-3,7.154891267E-3,-3.272835165E-4
1.066864901E2,4.629202187E-3,-9.776063263E-3,2.187901642E-3
1.067065321E2,3.104259726E-3,-2.020971477E-2,6.672204938E-3
1.067265741E2,-6.234092638E-3,-1.771470904E-2,6.349952891E-3
1.067466161E2,-2.002389915E-2,-1.477824338E-2,-1.340853050E-4
1.067666581E2,-1.605382003E-2,-2.600107156E-2,-7.717243396E-3
1.067867011E2,-1.000871137E-2,-5.129923671E-2,-2.621017629E-3
1.068067431E2,3.439249936E-3,-4.232842475E-2,6.630491465E-3
1.068267851E2,-5.028150976E-3,-1.987058111E-2,1.939977170E-3
1.068468271E2,6.501213647E-4,-7.890023291E-3,2.414441435E-3
1.068668691E2,4.379402846E-3,-2.495807596E-3,5.194406956E-3
1.068869121E2,8.848499507E-3,2.218289766E-3,4.302008078E-3
1.069069541E2,8.856964298E-3,4.800776485E-3,2.309011994E-3
1.069269961E2,6.389483809E-3,1.192371361E-2,1.769769471E-3
1.069470381E2,4.171749577E-3,3.074620105E-2,3.896992654E-3
1.069670801E2,5.370427854E-3,3.213722259E-2,1.153279445E-3
1.069871231E2,9.315221570E-3,1.991884224E-2,1.850867178E-3
1.070071651E2,1.271155663E-2,1.900109090E-2,7.594571449E-3
1.070272071E2,1.079428382E-2,3.270869330E-2,1.019572839E-2
1.070472491E2,1.443201583E-2,3.595209122E-2,5.596021190E-3
1.070672911E2,1.293641608E-2,2.677227557E-2,4.805176519E-3
1.070873341E2,1.639565825E-2,1.936811022E-2,3.138524480E-3
1.071073761E2,1.090042479E-2,1.622742973E-3,7.629930042E-3
1.071274181E2,4.804443568E-3,8.515831083E-3,1.577780955E-2
1.071474601E2,3.390864935E-3,7.418996654E-3,2.234120481E-2
1.071675021E2,2.074029529E-3,4.293297417E-3,2.471341938E-2
1.071875451E2,1.763453009E-3,8.346086368E-3,2.444807440E-2
1.072075871E2,3.805893939E-3,1.546466909E-2,2.526907995E-2
1.072276291E2,1.681031077E-3,2.750631794E-2,2.327018790E-2
1.072476711E2,-2.234698972E-3,2.815628611E-2,2.616058104E-2
1.072677131E2,-4.524886608E-3,2.352040261E-2,2.828468569E-2
1.072877561E2,-7.203273941E-3,3.546437621E-2,2.180837840E-2
1.073077981E2,3.101498587E-4,2.649374679E-2,1.297658589E-2
1.073278401E2,1.122600958E-2,1.204055734E-2,1.251937822E-2
1.073478821E2,1.244305260E-2,2.149116434E-2,9.835733101E-3
1.073679241E2,3.997959662E-3,3.145243600E-2,3.450959455E-3
1.073879671E2,1.380619407E-2,2.430038527E-2,5.817852914E-3
1.074080091E2,1.116521098E-2,3.051983193E-2,7.570290938E-3
1.074280511E2,1.302149706E-2,3.316883370E-2,8.913276717E-3
1.074480931E2,9.419894777E-3,3.624662757E-2,7.214336190E-3
1.074681351E2,7.489521056E-3,3.638621420E-2,7.047040854E-3
1.074881781E2,8.487997577E-3,3.843736276E-2,7.922846824E-3
1.075082201E2,5.276570097E-3,2.930898219E-2,1.015284937E-2
1.075282630E2,1.163563877E-2,2.518068999E-2,5.881359801E-3
1.075483050E2,1.019893121E-2,1.902072504E-2,-5.276470445E-3
1.075683470E2,1.183303632E-2,1.216154173E-2,-7.660128642E-3
1.075883900E2,1.371538080E-2,-3.570393194E-3,-3.514129668E-3
1.076084320E2,1.230782643E-2,-7.679283153E-3,2.413455630E-3
1.076284740E2,1.115953922E-2,-1.324589550E-2,5.946421064E-3
1.076485160E2,6.668498740E-3,-1.237774361E-2,3.804746317E-3
1.076685580E2,6.500083487E-3,-1.000701450E-2,2.041819040E-3
1.076886010E2,1.357116178E-2,-9.439825080E-3,3.736764425E-3
1.077086430E2,1.822857559E-2,-1.284107752E-2,1.376812230E-3
1.077286850E2,1.546501927E-2,-9.803504683E-3,3.560842015E-4
1.077487270E2,1.700652018E-2,-1.493785903E-2,-2.815225162E-4
1.077687690E2,1.352321915E-2,-1.792196557E-2,2.515374450E-3
1.077888120E2,4.962404724E-3,-5.716013256E-3,-6.729101297E-4
1.078088540E2,-3.527789377E-4,-8.591461927E-3,2.554022707E-3
1.078288960E2,-1.664817799E-3,-1.856630854E-2,8.275410160E-3
1.078489380E2,-4.777229391E-3,-2.590449899E-2,6.681025960E-3
1.078689800E2,2.652332187E-3,-2.401169762E-2,7.569287904E-3
1.078890230E2,3.411949612E-3,-2.493170835E-2,9.435568936E-3
1.079090650E2,-7.255687378E-3,-2.619616687E-3,5.579969846E-3
1.079291070E2,-5.231425166E-4,-7.971607149E-3,4.348869435E-3
1.079491490E2,3.511587624E-3,-1.122219767E-2,4.512348212E-3
1.079691910E2,1.720366767E-3,-7.914660498E-3,4.160802811E-3
1.079892340E2,-3.048425075E-3,6.187872496E-4,3.938663751E-3
1.080092760E2,-2.109978814E-3,9.499086998E-3,3.459642176E-4
1.080293180E2,1.113291248E-3,1.661974937E-3,4.488010425E-3
1.080493600E2,-4.328288138E-3,-6.796244532E-3,5.708955694E-3
1.080694020E2,-1.308143605E-3,4.036362283E-3,3.431253834E-3
1.080894450E2,-3.179593943E-3,1.156348828E-2,9.116189322E-4
1.081094870E2,-2.372337505E-3,1.165617257E-2,-9.250775911E-4
1.081295290E2,-7.083732635E-4,6.847195327E-3,2.586827381E-3
1.081495710E2,5.605965387E-3,5.458438303E-3,1.587681239E-3
1.081696130E2,4.686459899E-3,4.802879412E-3,-1.393517479E-3
1.081896560E2,1.812977018E-3,4.310919903E-3,-2.157562412E-3
1.082096980E2,-1.289526699E-3,7.704989053E-3,-3.451718483E-3
1.082297400E2,-1.153210411E-3,2.821741626E-3,-3.168275114E-3
1.082497820E2,2.933108015E-3,-2.471912652E-3,-1.424863935E-3
1.082698240E2,7.867204025E-3,3.669318510E-3,-1.648147125E-3
1.082898670E2,7.776468527E-3,1.254017837E-2,-5.067238584E-3
1.083099090E2,1.404307084E-3,1.889376529E-2,-4.010951612E-3
1.083299510E2,-4.806983750E-3,2.310475521E-2,-1.403132919E-4
1.083499930E2,-5.742076784E-3,1.158926636E-2,2.685411833E-3
1.083700350E2,-7.490759715E-3,7.331392728E-3,6.352754310E-3
1.083900780E2,-1.102711447E-2,2.038076986E-3,4.845031537E-3
1.084101200E2,-4.635340534E-3,9.195983410E-3,-1.762679080E-3
1.084301620E2,-7.151616737E-4,-1.676931046E-3,-3.866246436E-3
1.084502040E2,1.294386224E-3,9.087400511E-3,-1.144575421E-3
1.084702460E2,-9.340841789E-4,1.041440759E-2,-6.950821262E-4
1.084902890E2,6.479754113E-3,1.504206285E-2,-1.603785204E-3
1.085103310E2,2.160884906E-4,1.083941013E-2,4.583036061E-4
1.085303723E2,-1.782556530E-3,6.444112398E-3,-9.056103881E-4
1.085504142E2,-5.440351088E-3,1.321944222E-2,-2.853558399E-3
1.085704563E2,-4.783735611E-3,1.170816179E-2,-2.735953312E-4
1.085904982E2,-8.035679348E-4,-1.352614257E-3,5.407005083E-3
1.086105413E2,-7.460543420E-4,-1.244568825E-2,3.766905516E-3
1.086305833E2,-4.263155162E-3,-9.968031198E-3,-2.115985611E-3
1.086506253E2,-6.669531576E-4,-1.635470428E-2,-6.115755998E-3
1.086706673E2,1.925316290E-3,-1.632329077E-2,-5.767246243E-3
1.086907093E2,3.905396210E-3,-1.950879022E-2,-3.987213597E-3
1.087107523E2,4.214145709E-3,-1.792971604E-2,3.699962981E-4
1.087307943E2,3.638370428E-3,-2.066211961E-2,2.751876600E-4
1.087508363E2,-1.453682780E-3,-1.735429280E-2,-1.118456945E-3
1.087708783E2,-4.268753342E-3,-6.401498336E-3,-4.225005861E-3
1.087909203E2,-4.316445440E-3,-1.022888534E-2,-2.621245105E-3
1.088109632E2,-6.823583972E-4,-1.399801020E-2,-1.753271092E-3
1.088310053E2,-2.357940655E-3,-1.732921973E-2,1.117231324E-3
1.088510472E2,-2.158010611E-3,-1.536157727E-2,-1.262117876E-3
1.088710893E2,-2.818134613E-3,-1.337682270E-2,-4.451438319E-3
1.088911312E2,-4.160430282E-3,-9.553542361E-3,-5.075901747E-3
1.089111743E2,-4.653397948E-3,-1.458150987E-2,-3.476069774E-3
1.089312162E2,-4.522223957E-3,-7.232716307E-3,-1.498243073E-3
1.089512583E2,-5.536605604E-3,-2.841514070E-3,-5.256840028E-3
1.089713002E2,2.101188293E-3,-1.008721255E-2,-6.857887376E-3
1.089913423E2,5.388537422E-3,-2.230817266E-2,-7.883358747E-3
1.090113852E2,-3.317336552E-3,-7.608856540E-3,-1.157157123E-2
1.090314273E2,-2.220453927E-3,2.911796328E-3,-8.098888211E-3
1.090514693E2,2.073016018E-3,-1.016845740E-2,-1.674690982E-3
1.090715113E2,-1.489750110E-3,-7.515204605E-3,3.648299724E-3
1.090915533E2,-4.366043024E-3,3.896301147E-3,1.504574087E-3
1.091115963E2,-6.497501396E-3,8.525793441E-3,-1.923147589E-3
1.091316383E2,-3.126069671E-3,3.582820296E-3,6.138125900E-4
1.091516803E2,-2.665593056E-3,-1.073266380E-3,1.805769745E-3
1.091717223E2,-5.377019756E-3,6.314122118E-3,-2.146847080E-3
1.091917643E2,-3.523793770E-3,9.458057582E-3,-5.206568167E-3
1.092118073E2,-2.859209897E-3,9.560763836E-3,-3.887599334E-3
1.092318492E2,3.537419252E-5,1.465701684E-2,5.457005464E-4
1.092518913E2,1.496300683E-3,1.401268318E-2,-5.677151494E-4
1.092719332E2,2.463019919E-4,1.139195263E-2,-1.284892205E-3
1.092919753E2,6.057035644E-4,5.643345416E-3,-3.950089216E-3
1.093120182E2,2.925306093E-3,2.426834777E-3,-4.119859077E-3
1.093320603E2,1.724962378E-3,1.276367344E-3,-6.746690720E-3
1.093521022E2,1.292704605E-3,-3.797174431E-4,-5.397323985E-3
1.093721443E2,5.502440035E-5,1.046949998E-3,-2.346380614E-3
1.093921862E2,2.840079600E-3,-2.647791523E-3,-3.050664673E-3
1.094122283E2,4.255857319E-3,-2.421365585E-3,-1.352418680E-3
1.094322712E2,3.978785127E-3,-2.886364702E-3,-9.858671110E-4
1.094523133E2,1.926745870E-3,3.905329155E-3,-1.221637940E-3
1.094723552E2,-1.474126708E-3,-6.027117372E-3,-2.219724702E-3
1.094923973E2,4.242119612E-4,-8.705914021E-3,-2.589715179E-3
1.095124393E2,-1.546903979E-3,-4.148691427E-3,-1.906089950E-3
1.095324826E2,-6.026618648E-4,-3.300001845E-5,-3.991641104E-3
1.095525246E2,5.167818163E-3,-9.513834491E-3,5.567888729E-5
1.095725666E2,5.237922072E-3,-5.682657007E-3,9.954598499E-4
1.095926086E2,-2.134381793E-4,1.668566838E-4,6.782445125E-4
1.096126506E2,6.104462780E-3,6.474132184E-3,7.996275090E-4
1.096326936E2,5.287033506E-3,6.663035601E-4,1.175986486E-3
1.096527356E2,1.351837302E-3,1.552352915E-3,2.157929586E-3
1.096727776E2,-1.415975159E-3,2.608241979E-3,-1.223623520E-3
1.096928196E2,2.684201114E-3,5.402297713E-3,2.317321487E-4
1.097128616E2,-4.440573975E-4,3.662467934E-3,1.705289120E-3
1.097329046E2,2.547560725E-4,-2.203676850E-3,3.786549438E-3
1.097529466E2,1.493669464E-3,-5.954494700E-4,4.983766936E-3
1.097729886E2,3.393143415E-4,-2.494907007E-3,5.316659808E-4
1.097930306E2,-7.134850603E-4,3.806388006E-3,9.401398711E-5
1.098130726E2,-1.449191477E-3,1.594541362E-3,-7.580241654E-4
1.098331156E2,9.381964337E-4,-1.500170678E-3,-8.747144602E-5
1.098531576E2,1.766574569E-4,-3.433717415E-3,5.622445606E-4
1.098731996E2,2.187250182E-3,-2.925381064E-3,-2.973247319E-7
1.098932416E2,1.751275267E-4,2.117301803E-3,-1.096888911E-3
1.099132836E2,1.714769052E-3,5.072271917E-3,3.585447557E-4
1.099333266E2,-3.812802024E-4,5.191222765E-3,1.613742206E-4
1.099533686E2,-2.272396116E-3,8.791843429E-3,2.079849830E-3
1.099734106E2,-2.135326620E-3,1.030546986E-2,2.972056856E-3
1.099934526E2,-1.762645552E-3,7.063342724E-3,3.920350689E-3
1.100134946E2,-1.939234557E-3,-2.188369632E-3,2.713416005E-3
1.100335366E2,-2.142292447E-3,1.394968107E-2,3.134293249E-3
1.100535796E2,-2.747780643E-3,1.033652946E-2,1.100206049E-3
1.100736216E2,4.448113032E-5,1.685830299E-3,5.381288007E-3
1.100936636E2,-4.434882663E-3,9.832873009E-3,6.848239806E-3
1.101137056E2,-6.941105239E-3,4.448366817E-3,1.836583018E-3
1.101337476E2,-1.757805236E-3,-6.847643293E-3,4.405604675E-3
1.101537906E2,9.903892642E-4,-7.229934447E-3,2.647797810E-3
1.101738326E2,-7.227253169E-3,1.294476679E-3,2.391946968E-3
1.101938746E2,-2.890506294E-4,4.383063875E-3,4.304926842E-3
1.102139166E2,-7.039630786E-3,1.245061168E-3,3.565367311E-3
1.102339586E2,-1.754928567E-2,1.160806324E-2,1.654293039E-3
1.102540016E2,-1.824449003E-2,2.140590921E-3,1.069961488E-2
1.102740436E2,-5.277565867E-2,4.103810340E-2,1.348580234E-2
1.102940856E2,-6.994804740E-2,2.008865960E-2,4.379369318E-2
1.103141276E2,-1.070671231E-1,-9.781672060E-2,7.153765112E-2
1.103341696E2,-2.579685152E-1,-6.135097146E-2,1.527322680E-1
1.103542126E2,-5.072033405E-1,3.626053035E-1,2.252668887E-1
1.103742546E2,-5.479304790E-1,1.054128528E0,2.809138596E-1
1.103942966E2,-4.627497196E-1,1.843482375E0,3.768353462E-1
1.104143386E2,-1.731927842E-1,2.332680464E0,5.026406646E-1
1.104343806E2,7.022184134E-2,2.491610527E0,5.587407947E-1
1.104544226E2,2.234590650E-1,1.877786040E0,5.199011564E-1
1.104744656E2,2.626056075E-1,2.020641088E0,4.195866585E-1
1.104945076E2,-2.809773758E-2,2.635406971E0,2.221954167E-1
1.105145496E2,-3.494540453E-1,3.369316816E0,-7.910028845E-2
1.105345915E2,-2.300791144E-1,3.669774294E0,-2.546545863E-1
1.105546335E2,-1.471922100E-1,3.325885773E0,-3.601912409E-2
1.105746765E2,-2.783941925E-1,2.684473753E0,7.219503820E-2
1.105947185E2,-3.827301562E-1,2.008244514E0,8.684374392E-2
1.106147605E2,-4.934153557E-1,1.392841697E0,2.034339011E-1
1.106348025E2,-5.025714040E-1,9.966785908E-1,2.637446523E-1
1.106548445E2,-5.233844519E-1,8.736453056E-1,1.542719454E-1
1.106748875E2,-1.289054990E0,1.658180833E0,-1.630048007E-1
1.106949295E2,-2.136924028E0,1.939353108E0,-2.048832774E-1
1.107149715E2,-8.912392855E-1,1.655309796E0,8.653842658E-2
1.107350135E2,2.640489936E-1,1.093125343E0,3.304896653E-1
1.107550555E2,-2.261112034E-1,1.579322696E0,4.190492034E-1
1.107750975E2,-7.797382474E-1,2.439650297E0,3.554485738E-1
1.107951405E2,-4.555284083E-1,3.034038067E0,2.407412529E-1
1.108151825E2,-8.333660662E-3,3.468702078E0,3.531406820E-1
1.108352245E2,-5.895406008E-2,3.102307081E0,3.786488175E-1
1.108552665E2,-2.291693091E-1,2.600797653E0,3.273984492E-1
1.108753085E2,-1.167516410E-1,2.347601891E0,2.605121136E-1
1.108953515E2,1.639667898E-3,2.309120178E0,7.710019499E-2
1.109153935E2,-2.247261554E-1,2.655824661E0,-9.454549104E-2
1.109354355E2,-4.081094861E-1,2.764930964E0,-1.488054395E-1
1.109554775E2,-3.713642061E-1,2.318761349E0,-5.762837082E-2
1.109755195E2,-4.211486578E-1,1.862675071E0,2.371324599E-2
1.109955625E2,-4.760659337E-1,1.959267974E0,4.191058502E-2
1.110156045E2,-5.341124535E-1,2.210143566E0,1.078728028E-2
1.110356465E2,-5.761350989E-1,2.345084667E0,-6.168535724E-2
1.110556885E2,-5.877332091E-1,2.495816946E0,-1.365246326E-1
1.110757305E2,-5.976032615E-1,2.476903439E0,-1.882006377E-1
1.110957725E2,-7.192493677E-1,2.407005310E0,-2.248998880E-1
1.111158155E2,-8.329566717E-1,2.290078402E0,-2.502949834E-1
1.111358575E2,-8.225166798E-1,2.049891233E0,-2.385603935E-1
1.111558995E2,-8.712515235E-1,2.193743467E0,-2.154983580E-1
1.111759415E2,-1.197418928E0,2.122065544E0,-2.436627597E-1
1.111959835E2,-1.514597893E0,2.315275908E0,-2.564114332E-1
1.112160265E2,-1.339379430E0,2.448247194E0,-2.649657726E-1
1.112360685E2,-7.514485121E-1,2.046447515E0,-4.535624087E-1
1.112561105E2,-8.258852959E-1,9.541779160E-1,-6.429209113E-1
1.112761525E2,-1.240025759E0,9.886890054E-1,-6.658973098E-1
1.112961945E2,-1.166088104E0,2.028344631E0,-5.927616358E-1
1.113162375E2,-1.097548723E0,1.902571678E0,-7.372668386E-1
1.113362795E2,-1.191664100E0,1.242226362E0,-7.237058282E-1
1.113563215E2,-1.348294973E0,1.288964152E0,-6.107020378E-1
1.113763635E2,-1.706959486E0,1.410109520E0,-3.028092980E-1
1.113964055E2,-2.090897560E0,2.003986120E0,1.724589467E-1
1.114164485E2,-2.419501543E0,2.526331425E0,4.867550433E-1
1.114364905E2,-2.476515055E0,2.120440483E0,9.044717550E-1
1.114565325E2,-2.334702492E0,1.848695397E0,1.329470515E0
1.114765745E2,-2.044596910E0,1.880715013E0,1.568340778E0
1.114966165E2,-1.502003193E0,2.220077038E0,2.091142654E0
1.115166585E2,-1.083370447E0,1.251450062E0,2.388098478E0
1.115367016E2,-6.848008037E-1,1.019030735E-1,2.454797268E0
1.115567436E2,-2.437097281E-1,-1.117327929E0,2.337390423E0
1.115767856E2,-1.110065877E-1,-1.315455437E0,2.207858086E0
1.115968276E2,-2.082105130E-1,3.648104966E-1,2.512146235E0
1.116168696E2,4.585270956E-2,2.518213272E0,3.115882158E0
1.116369126E2,-3.141399324E-1,2.178457737E0,3.151144743E0
1.116569546E2,-8.297268152E-1,8.031522036E-1,2.681339979E0
1.116769966E2,-8.644521236E-1,9.267200828E-1,2.264751673E0
1.116970386E2,-6.335508823E-1,1.879382610E0,2.096302032E0
1.117170806E2,-5.192006826E-1,1.958827496E0,1.664272666E0
1.117371236E2,-3.809738457E-1,1.924435377E0,1.156952858E0
1.117571656E2,-5.883958936E-2,1.565001726E0,6.885230541E-1
1.117772076E2,2.723972499E-1,8.817701340E-1,3.763129711E-1
1.117972496E2,4.733211994E-1,5.170226693E-1,1.471428573E-1
1.118172916E2,7.247881293E-1,2.778573930E-1,-6.021201983E-2
1.118373336E2,1.109418631E0,-8.188718930E-3,-3.166109324E-1
1.118573766E2,1.478235960E0,-2.110612094E-1,-5.924663544E-1
1.118774186E2,1.839040160E0,-2.495985478E-1,-7.526328564E-1
1.118974606E2,2.090967655E0,-3.280569613E-1,-7.659602165E-1
1.119175026E2,2.232058525E0,-1.975171715E-1,-6.770342588E-1
1.119375446E2,2.102450609E0,-2.191978097E-1,-5.953713655E-1
1.119575876E2,1.775146008E0,-2.999355495E-1,-5.554687977E-1
1.119776296E2,1.460915685E0,-8.706603199E-2,-6.276265383E-1
1.119976716E2,1.111971021E0,2.698402405E-1,-6.062327623E-1
1.120177136E2,7.601183653E-1,8.461458683E-1,-3.302993178E-1
1.120377556E2,5.642427802E-1,1.179653883E0,3.439047933E-1
1.120577986E2,3.469398618E-1,1.020984054E0,9.515181780E-1
1.120778406E2,2.585276365E-1,3.765237331E-2,1.004363179E0
1.120978826E2,1.101292253E0,-1.986640573E0,5.830865502E-1
1.121179246E2,-8.021477610E-2,-7.853996754E-1,4.636229277E-1
1.121379666E2,-1.565906048E0,2.619203806E0,-2.007441968E-1
1.121580086E2,-1.404228210E0,1.179813504E0,-4.780179560E-1
1.121780516E2,-6.454162598E-1,-1.996657401E-1,2.725279629E-1
1.121980936E2,6.754198670E-1,-2.951047719E-1,1.011249065E0
1.122181356E2,1.901829123E0,-1.577771008E-1,7.632982731E-1
1.122381776E2,1.855797648E0,6.565948576E-2,3.658073843E-1
1.122582196E2,1.440162897E0,6.882818341E-1,-1.227822229E-1
1.122782626E2,5.110251307E-1,1.095178246E0,-5.474978089E-1
1.122983046E2,1.619712263E-1,1.541950583E0,-6.413782239E-1
1.123183466E2,1.037657857E0,5.170723796E-1,-2.902305722E-1
1.123383886E2,9.128656387E-1,-1.062006950E0,-4.320015609E-1
1.123584306E2,5.832794905E-1,-8.719346523E-1,-4.993449748E-1
1.123784726E2,6.814875603E-1,1.658394635E-1,-4.828691483E-1
1.123985156E2,6.607155204E-1,7.658360600E-1,-3.916979730E-1
1.124185576E2,3.918068409E-1,4.458859861E-1,-2.968262434E-1
1.124385996E2,-2.067670412E-2,1.442196965E-1,-9.232627600E-2
1.124586416E2,-3.767338693E-1,1.739095002E-1,-4.817139357E-3
1.124786836E2,-5.637499690E-1,1.208900940E-2,1.362827257E-3
1.124987266E2,-5.109516978E-1,-1.769795567E-1,-3.900382668E-3
1.125187686E2,-3.596985340E-1,-1.826352775E-1,2.007607929E-2
1.125388110E2,-2.999523878E-1,-1.854993962E-2,8.349571377E-2
1.125588530E2,-1.943765879E-1,1.213654727E-1,1.441178173E-1
1.125788950E2,-2.249126583E-1,1.096068174E-1,1.694527417E-1
1.125989380E2,-6.022583842E-1,-3.413110375E-1,1.679297239E-1
1.126189800E2,-5.872996449E-1,-6.829410791E-1,9.472243488E-2
1.126390220E2,-3.590966165E-1,-4.992801547E-1,3.875055909E-2
1.126590640E2,-3.292285502E-1,1.504668966E-2,2.527760575E-3
1.126791060E2,-6.079488397E-1,2.703222334E-1,-7.571852207E-2
1.126991480E2,-7.302173972E-1,1.336690336E-1,-1.035591662E-1
1.127191910E2,-7.120486498E-1,-2.181508243E-1,8.389358968E-2
1.127392330E2,-9.621431828E-1,-7.293620706E-1,4.948290288E-1
1.127592750E2,-1.408776283E0,-1.011259556E0,9.004080892E-1
1.127793170E2,-1.734747291E0,-8.326590061E-1,1.140348077E0
1.127993590E2,-1.637457848E0,2.383525483E-3,1.116561890E0
1.128194020E2,-1.786150932E0,6.416449547E-1,9.016836882E-1
1.128394440E2,-2.285589933E0,1.338951945E0,6.174307466E-1
1.128594860E2,-1.981082797E0,1.119702816E0,4.966370463E-1
1.128795280E2,-7.995452285E-1,6.584920287E-1,7.276157737E-1
1.128995700E2,-1.140858084E-1,7.709530741E-2,1.160827160E0
1.129196120E2,1.911784858E-1,-1.053071991E-1,1.237662673E0
1.129396550E2,1.125730276E-1,2.102953494E-1,9.452356696E-1
1.129596970E2,-3.284954131E-1,7.054381371E-1,6.136367321E-1
1.129797390E2,-5.962960124E-1,9.453291893E-1,3.295841515E-1
1.129997810E2,-1.724826097E-1,8.078215122E-1,2.128578424E-1
1.130198230E2,2.323854417E-1,5.796997547E-1,4.576712847E-3
1.130398660E2,3.457888067E-1,4.296748340E-1,-5.955455080E-2
1.130599080E2,4.016417861E-1,3.199118376E-1,-1.651697308E-1
1.130799500E2,5.406501889E-1,1.862960011E-1,-2.686186135E-1
1.130999920E2,7.542113066E-1,9.198950231E-2,-3.720193803E-1
1.131200340E2,9.082393050E-1,-2.464860529E-1,-4.546780884E-1
1.131400770E2,1.056424499E0,-5.956429243E-1,-5.256566405E-1
1.131601190E2,1.237693310E0,-4.915845096E-1,-6.006768346E-1
1.131801610E2,1.282612324E0,-4.527810216E-2,-6.698786616E-1
1.132002030E2,1.183494925E0,2.417997718E-1,-6.932303905E-1
1.132202450E2,1.011633396E0,2.137136608E-1,-6.900528669E-1
1.132402870E2,1.065903902E0,-2.624789178E-1,-6.338835359E-1
1.132603300E2,1.142442346E0,-9.937571287E-1,-5.503046513E-1
1.132803720E2,1.095675468E0,-1.218000889E0,-4.769469202E-1
1.133004140E2,8.705039620E-1,-9.425964355E-1,-3.945141733E-1
1.133204560E2,7.003529668E-1,-3.800815940E-1,-3.590641022E-1
1.133404980E2,5.818462372E-1,-2.054286152E-1,-3.828963041E-1
1.133605410E2,5.360145569E-1,-4.296330214E-1,-3.126621246E-1
1.133805830E2,5.891762376E-1,-4.445545673E-1,-1.582792699E-1
1.134006250E2,7.136871219E-1,5.319731683E-2,-2.089312300E-3
1.134206670E2,4.559405446E-1,4.459379911E-1,7.436599582E-2
1.134407090E2,4.216331542E-1,6.405912638E-1,2.087426335E-1
1.134607510E2,1.105729580E0,4.348260164E-1,3.864684701E-1
1.134807940E2,3.294829726E-1,-6.567676663E-1,2.955420315E-1
1.135008360E2,-3.966735005E-1,-7.460735440E-1,-1.059677973E-1
1.135208780E2,-3.338119090E-1,1.093675643E-1,-3.492350876E-1
1.135409196E2,3.343820572E-1,6.714365482E-1,-1.188255399E-1
1.135609616E2,-3.718118370E-2,1.178611740E-1,-7.998181880E-2
1.135810046E2,-6.748555899E-1,-1.128796339E0,2.160070539E-1
1.136010466E2,-2.906565070E-1,-4.825574160E-1,5.896627307E-1
1.136210886E2,2.893789113E-1,-4.465130866E-1,5.708742738E-1
1.136411306E2,6.224257946E-1,-5.788348913E-1,1.481428295E-1
1.136611726E2,4.587747157E-1,2.870393097E-1,-5.600792170E-2
1.136812146E2,3.910707235E-1,9.654214978E-1,-2.665297687E-1
1.137012576E2,5.502261519E-1,4.375418723E-1,-3.109228015E-1
1.137212996E2,1.808965653E-1,-4.136909246E-1,-1.823562533E-1
1.137413416E2,-3.710122705E-1,-4.410094619E-1,-2.621406615E-1
1.137613836E2,-4.407975376E-1,-1.255122721E-1,-2.252212167E-1
1.137814256E2,-8.225440234E-2,2.809354663E-2,-1.998956352E-1
1.138014686E2,2.713455074E-2,3.434341867E-3,-1.341036707E-1
1.138215106E2,8.708482981E-2,-1.142695099E-1,-5.679187179E-2
1.138415526E2,2.659483552E-1,-2.132201940E-1,4.613723606E-2
1.138615946E2,3.732638955E-1,-2.060354501E-1,1.287443638E-1
1.138816366E2,3.176883459E-1,-4.867732897E-2,1.782036275E-1
1.139016786E2,1.358566135E-1,-1.634603292E-1,2.615524530E-1
1.139217216E2,7.245698571E-2,-3.759540915E-1,3.095502853E-1
1.139417636E2,-2.783052027E-1,-6.699822545E-1,1.999215335E-1
1.139618056E2,-2.125224322E-1,-4.782277942E-1,3.828269243E-2
1.139818476E2,-3.341906145E-2,-2.333564162E-1,6.621731073E-2
1.140018896E2,-1.670788527E-1,-2.826792300E-1,7.313566655E-2
1.140219326E2,-2.924980223E-1,-2.005246431E-1,1.373813599E-1
1.140419746E2,-6.849156618E-1,-4.763756692E-1,3.060576320E-1
1.140620166E2,-1.096656084E0,-1.013244271E0,5.265924335E-1
1.140820586E2,-1.315624475E0,-9.142489433E-1,6.852456331E-1
1.141021006E2,-1.387986183E0,-2.546651959E-1,8.171037436E-1
1.141221436E2,-1.256635904E0,4.996857047E-1,9.198957086E-1
1.141421856E2,-1.674251676E0,1.054878831E0,7.658131123E-1
1.141622276E2,-2.218539238E0,9.972114563E-1,5.572414994E-1
1.141822696E2,-1.987009168E0,4.500485063E-1,5.634875894E-1
1.142023116E2,-9.502233863E-1,5.907341838E-1,7.897863984E-1
1.142223536E2,-3.940548301E-1,5.353313684E-1,8.189904690E-1
1.142423966E2,-4.202988148E-1,2.688150406E-1,5.105819702E-1
1.142624386E2,-7.185355425E-1,2.516779006E-1,2.029694468E-1
1.142824806E2,-8.364539146E-1,5.051463842E-1,6.990300119E-2
1.143025226E2,-5.527379513E-1,5.635089874E-1,-2.494172007E-2
1.143225646E2,-2.296375781E-1,3.754060268E-1,-2.213656008E-1
1.143426076E2,3.300138190E-2,2.052372694E-1,-4.254191518E-1
1.143626496E2,1.798386723E-1,1.749237329E-1,-6.496841908E-1
1.143826916E2,3.521839082E-1,2.044489831E-1,-8.349174857E-1
1.144027336E2,6.238110662E-1,6.924095750E-2,-9.325709343E-1
1.144227756E2,8.234221935E-1,-6.405529380E-2,-9.821127057E-1
1.144428176E2,9.266174436E-1,-1.984537244E-1,-9.247053266E-1
1.144628606E2,1.092115641E0,-2.455629855E-1,-8.859421611E-1
1.144829026E2,1.289320707E0,-6.533341855E-2,-8.915513754E-1
1.145029446E2,1.219988346E0,3.079877794E-1,-9.368692040E-1
1.145229870E2,9.838212729E-1,4.608863592E-1,-9.056671262E-1
1.145430290E2,9.048200846E-1,2.503646612E-1,-7.530027628E-1
1.145630720E2,9.946987033E-1,-4.701014608E-2,-5.219222307E-1
1.145831140E2,1.155006051E0,-3.825567663E-1,-2.721407115E-1
1.146031560E2,1.145890355E0,-5.108752847E-1,-4.916096851E-2
1.146231980E2,8.030316830E-1,-9.674055874E-2,1.399303675E-1
1.146432400E2,4.318146110E-1,2.916509211E-1,3.486238122E-1
1.146632820E2,4.788346589E-1,1.198058277E-1,4.581266940E-1
1.146833250E2,6.915183663E-1,2.876364291E-1,3.486118913E-1
1.147033670E2,7.199977636E-1,6.948596239E-1,4.038155973E-1
1.147234090E2,2.574710250E-1,4.000885487E-1,5.087687969E-1
1.147434510E2,-5.625673532E-1,-6.505749226E-1,4.793490767E-1
1.147634930E2,-1.296561480E0,-1.062146068E0,1.951691359E-1
1.147835360E2,-5.869575739E-1,-1.086732388E0,-5.328792334E-2
1.148035780E2,7.885975242E-1,-1.141455054E0,7.033474743E-2
1.148236200E2,5.116322041E-1,-2.999739647E-1,1.226440817E-1
1.148436620E2,7.209366187E-3,-1.591551006E-1,-1.654047966E-1
1.148637040E2,-4.858271778E-2,-1.744305640E-1,-1.006004065E-1
1.148837460E2,3.055718541E-1,-2.136113048E-1,-4.265370220E-2
1.149037890E2,5.786830783E-1,-3.946394622E-1,-8.087251335E-3
1.149238310E2,5.018295646E-1,-2.150349915E-1,-9.762905538E-2
1.149438730E2,5.880014896E-1,5.000971556E-1,-1.956574172E-1
1.149639150E2,6.560261846E-1,6.802864671E-1,-3.033344448E-1
1.149839570E2,4.847052991E-1,3.494348526E-1,-3.218732476E-1
1.150040000E2,2.979961336E-1,2.156438082E-1,-2.880945802E-1
1.150240420E2,2.081883103E-1,1.731116921E-1,-2.025023401E-1
1.150440840E2,1.173583791E-1,1.572115123E-1,-1.316603720E-1
1.150641260E2,1.066488586E-2,1.898116022E-1,-7.302477211E-2
1.150841680E2,-2.868331410E-2,1.395159215E-1,-2.290534601E-2
1.151042100E2,2.774788812E-2,7.176247984E-2,3.995427489E-2
1.151242530E2,-1.610399969E-2,7.199502736E-2,8.295220882E-2
1.151442950E2,-2.642781734E-1,-4.525616020E-2,7.119860500E-2
1.151643370E2,-4.713036716E-1,-2.721398473E-1,6.325615197E-2
1.151843790E2,-6.419447064E-1,-8.786621094E-1,1.356956512E-1
1.152044210E2,-3.733429015E-1,-1.059376836E0,8.529324085E-2
1.152244640E2,-1.148996800E-1,-5.794761181E-1,1.585924029E-1
1.152445060E2,-1.065950934E-2,-2.307540625E-1,2.011900246E-1
1.152645480E2,-5.757195950E-1,-6.996985078E-1,1.885474026E-1
1.152845900E2,-8.176386952E-1,-7.533463836E-1,-2.227752097E-2
1.153046320E2,-5.879246593E-1,-1.945792884E-2,-6.102155522E-2
1.153246740E2,-9.414128065E-1,-6.374135613E-2,3.074888885E-1
1.153447170E2,-1.566505432E0,-3.549340069E-1,8.263177872E-1
1.153647590E2,-1.643117070E0,-5.009391159E-2,1.186641693E0
1.153848010E2,-1.559283853E0,4.556243420E-1,1.162357211E0
1.154048430E2,-2.056833029E0,1.289877653E0,8.728167415E-1
1.154248850E2,-1.811162353E0,1.114842534E0,6.976622939E-1
1.154449280E2,-9.491962790E-1,5.792107582E-1,9.310325384E-1
1.154649700E2,-4.063673615E-1,8.043488860E-1,1.206807375E0
1.154850120E2,-1.764622629E-1,7.794910073E-1,1.304317594E0
1.155050540E2,-1.463138014E-1,4.690165222E-1,8.257589936E-1
1.155251004E2,-4.431636930E-1,5.133494139E-1,2.185660303E-1
1.155451424E2,-9.199101329E-1,6.254367232E-1,7.986092567E-2
1.155651854E2,-8.940879703E-1,5.761584044E-1,1.172890961E-1
1.155852274E2,-1.963132918E-1,4.519445002E-1,1.037845463E-1
1.156052694E2,2.911556661E-1,5.127606988E-1,-1.265858114E-1
1.156253114E2,3.406148553E-1,3.921270072E-1,-3.720179796E-1
1.156453534E2,3.842106164E-1,3.479675055E-1,-6.541252136E-1
1.156653954E2,7.083370686E-1,2.432266623E-1,-8.513546586E-1
1.156854384E2,1.023034453E0,1.687975526E-1,-1.055724740E0
1.157054804E2,1.227472305E0,-1.550979447E-2,-9.946373701E-1
1.157255224E2,1.463734627E0,-1.742680818E-1,-8.709286451E-1
1.157455644E2,1.496306062E0,2.929231711E-2,-9.874566197E-1
1.157656064E2,1.133248568E0,4.711790681E-1,-1.005750299E0
1.157856494E2,8.235715032E-1,6.488133073E-1,-7.355591655E-1
1.158056914E2,8.554398417E-1,5.202387571E-1,-5.058535933E-1
1.158257334E2,1.137184620E0,4.087043107E-1,-3.725859523E-1
1.158457754E2,1.327914953E0,5.197679996E-1,-2.421251535E-1
1.158658174E2,1.045414686E0,1.255984008E-1,6.333721429E-2
1.158858594E2,8.560512662E-1,-5.844106674E-1,3.790325820E-1
1.159059024E2,6.823718548E-1,-1.044866443E0,4.549342990E-1
1.159259444E2,5.327656269E-1,-8.019666672E-1,3.853667080E-1
1.159459864E2,4.141414464E-1,2.250047773E-1,2.509781718E-1
1.159660284E2,3.522786796E-1,8.830894232E-1,1.957843900E-1
1.159860704E2,7.348172069E-1,1.867838949E-2,3.341015577E-1
1.160061134E2,2.176290005E-1,-9.958387613E-1,4.220185876E-1
1.160261554E2,-3.556136787E-1,-8.442161083E-1,2.005484551E-1
1.160461974E2,-3.375278115E-1,-5.335636735E-1,3.934887704E-3
1.160662394E2,5.072317719E-1,-3.019987345E-1,7.781773806E-2
1.160862814E2,2.329512984E-1,-1.763191372E-1,-6.243769452E-2
1.161063244E2,-2.424280047E-1,-8.543255925E-1,-2.483678162E-1
1.161263664E2,2.720531523E-1,-9.169497490E-1,1.217168346E-1
1.161464084E2,1.082380056E0,-8.916241527E-1,1.977500021E-1
1.161664504E2,1.094769001E0,-5.678238869E-1,5.331311002E-2
1.161864924E2,7.401179671E-1,1.928691193E-2,-3.773413599E-2
1.162065344E2,6.512801051E-1,5.390405655E-1,-2.200403661E-1
1.162265774E2,4.110980332E-1,5.197371840E-1,-3.842901886E-1
1.162466194E2,-1.322337389E-1,-1.028029546E-1,-5.045570731E-1
1.162666614E2,-3.500604630E-1,-3.998110890E-1,-4.784622490E-1
1.162867034E2,-2.359523326E-1,-3.260555863E-1,-3.160558045E-1
1.163067454E2,-1.609819382E-1,-3.488959968E-1,-1.882289201E-1
1.163267874E2,-8.018442988E-2,-1.538219303E-1,-1.312352158E-2
1.163468304E2,-1.476105023E-2,7.961554825E-2,7.960865647E-2
1.163668724E2,-3.284275904E-2,1.658179015E-1,1.562483311E-1
1.163869144E2,-1.260036230E-1,-1.471678913E-1,2.611529529E-1
1.164069564E2,-1.461199671E-1,-5.857307911E-1,3.548552394E-1
1.164269984E2,-7.565800101E-2,-9.580575228E-1,4.114542305E-1
1.164470414E2,-2.580544678E-3,-1.006993890E0,4.521341026E-1
1.164670834E2,1.336193085E-2,-7.776946425E-1,4.151727855E-1
1.164871254E2,-2.408129275E-1,-7.637726665E-1,1.971268058E-1
1.165071674E2,-9.063489437E-1,-8.294419646E-1,1.098859869E-2
1.165272083E2,-1.038658619E0,-2.778923810E-1,-1.506492347E-1
1.165472502E2,-9.368488789E-1,4.941497743E-1,-7.656697929E-2
1.165672933E2,-1.138182163E0,2.900365591E-1,1.058010682E-1
1.165873352E2,-1.332310796E0,-2.921521068E-1,2.512836158E-1
1.166073773E2,-1.768179655E0,-8.238590956E-1,5.367521644E-1
1.166274192E2,-2.086654186E0,-5.197731853E-1,7.080713511E-1
1.166474613E2,-1.868930101E0,4.479343891E-1,7.716208100E-1
1.166675042E2,-1.715507269E0,1.508622766E0,7.502565980E-1
1.166875463E2,-1.845302463E0,1.897174954E0,5.485954285E-1
1.167075882E2,-1.636739373E0,1.338133693E0,5.114833713E-1
1.167276303E2,-1.206971884E0,5.948563218E-1,5.180096626E-1
1.167476722E2,-3.549642265E-1,-2.602640390E-1,6.215144992E-1
1.167677143E2,2.972111106E-1,-6.250397563E-1,8.321073651E-1
1.167877573E2,2.760140896E-1,-3.078944385E-1,7.401756048E-1
1.168077993E2,-3.956264630E-2,2.093032449E-1,3.404552042E-1
1.168278413E2,-1.202998906E-1,3.460834622E-1,5.243870988E-2
1.168478833E2,2.341307551E-1,4.467335343E-1,-1.249233186E-1
1.168679253E2,5.902051926E-1,3.683714867E-1,-2.422066182E-1
1.168879673E2,6.359751225E-1,1.449138820E-1,-3.594154418E-1
1.169080103E2,6.728404760E-1,2.977677248E-2,-5.394272804E-1
1.169280523E2,7.493623495E-1,1.133373007E-5,-7.038158774E-1
1.169480943E2,7.990986705E-1,-2.849733233E-1,-7.922219634E-1
1.169681362E2,8.288785219E-1,-3.585573435E-1,-8.669631481E-1
1.169881783E2,9.225698709E-1,-2.299127728E-1,-9.752276540E-1
1.170082212E2,1.012065053E0,-6.758254766E-2,-1.085738420E0
1.170282633E2,9.099403024E-1,3.959451914E-1,-1.170881152E0
1.170483052E2,7.219666243E-1,9.178306460E-1,-1.125449300E0
1.170683473E2,6.500969529E-1,1.180971026E0,-8.802827001E-1
1.170883892E2,7.280032635E-1,8.848209381E-1,-5.736803412E-1
1.171084313E2,6.455091834E-1,-8.031562716E-2,-1.530634314E-1
1.171284742E2,4.773121178E-1,-1.044777632E0,2.184087038E-1
1.171485163E2,4.249766767E-1,-8.831819892E-1,4.188847542E-1
1.171685582E2,4.217083454E-1,-2.748946249E-1,3.775990605E-1
1.171886003E2,4.904382825E-1,-3.726544231E-2,2.852166891E-1
1.172086422E2,5.718442202E-1,3.634901941E-1,4.922381043E-1
1.172286853E2,5.388968587E-1,7.391291857E-1,6.349683404E-1
1.172487273E2,9.176906347E-1,5.043751001E-1,7.099447846E-1
1.172687693E2,-1.814523190E-1,-1.144046545E0,6.882817149E-1
1.172888113E2,-8.136689663E-1,-1.151406169E0,3.798239827E-1
1.173088533E2,-3.938624561E-1,-1.625778377E-1,5.103089660E-2
1.173288953E2,1.307128221E-1,4.286183715E-1,2.423002385E-2
1.173489383E2,-5.364850163E-1,-2.514875233E-1,1.811490953E-2
1.173689803E2,-2.385771424E-1,-8.585969806E-1,2.575483322E-1
1.173890223E2,7.224949002E-1,-2.901671529E-1,5.502579808E-1
1.174090643E2,1.066158533E0,3.310011923E-1,3.000464737E-1
1.174291062E2,9.012600183E-1,7.231457829E-1,7.259114832E-2
1.174491493E2,7.774529457E-1,1.008930326E0,-1.219610050E-1
1.174691912E2,8.808911443E-1,8.812550902E-1,-2.092231512E-1
1.174892333E2,7.753160596E-1,1.606279463E-1,-1.435910016E-1
1.175092752E2,3.985409141E-1,-2.411059439E-1,-3.238853812E-1
1.175293139E2,2.238859683E-1,3.926262259E-2,-4.032765031E-1
1.175493559E2,2.435505837E-1,2.277944684E-1,-3.589603305E-1
1.175693989E2,2.687613070E-1,4.181398079E-2,-2.509307563E-1
1.175894409E2,1.492773145E-1,-2.523985803E-1,-1.475344300E-1
1.176094829E2,-2.605004795E-2,-2.788514197E-1,-8.743135631E-2
1.176295249E2,-4.032748938E-2,-2.395196408E-1,-8.885628730E-2
1.176495669E2,-3.292212263E-2,-2.701852620E-1,-9.144748747E-2
1.176696099E2,-1.698610634E-1,-4.420523047E-1,-1.042389795E-1
1.176896519E2,-3.249197900E-1,-5.126192570E-1,-1.273127198E-1
1.177096939E2,-4.113529921E-1,-3.890065253E-1,-1.076671183E-1
1.177297359E2,-3.222157657E-1,-3.999173045E-1,3.274282068E-2
1.177497779E2,-1.668378711E-1,-8.443812728E-1,1.996077001E-1
1.177698199E2,-4.819430113E-1,-1.803782582E0,3.641727269E-1
1.177898629E2,-7.011314034E-1,-1.513670206E0,3.542983532E-1
1.178099049E2,-6.308797002E-1,-2.853105664E-1,2.333523929E-1
1.178299469E2,-5.930200815E-1,4.859881997E-1,1.673882604E-1
1.178499889E2,-4.286118150E-1,8.559611440E-1,1.242891625E-1
1.178700309E2,-5.803517699E-1,6.663421392E-1,2.094254941E-1
1.178900729E2,-1.090291739E0,-2.824308276E-1,7.573145032E-1
1.179101159E2,-1.612048388E0,-8.284554482E-1,1.180055380E0
1.179301579E2,-2.205674410E0,5.368732810E-1,1.092174888E0
1.179501999E2,-2.201832294E0,1.892870307E0,7.484937310E-1
1.179702419E2,-2.070508003E0,2.013736963E0,5.495695472E-1
1.179902839E2,-1.894218087E0,1.634894729E0,4.909216762E-1
1.180103269E2,-1.417482376E0,8.396289945E-1,6.946517825E-1
1.180303689E2,-4.073316157E-1,3.567529321E-1,1.112899542E0
1.180504109E2,-9.646929801E-2,-1.972370446E-1,1.009185076E0
1.180704529E2,-1.936358213E-1,-3.840708733E-1,5.311479568E-1
1.180904949E2,-4.496303499E-1,5.126761794E-1,1.063859165E-1
1.181105369E2,-2.812886238E-1,1.066939592E0,1.680021733E-1
1.181305799E2,1.346462965E-1,6.666654348E-1,1.053487062E-1
1.181506219E2,3.221104443E-1,4.855193794E-1,-1.878217161E-1
1.181706639E2,3.993615806E-1,5.868195295E-1,-4.073202312E-1
1.181907059E2,5.307171345E-1,8.183076978E-1,-5.762704611E-1
1.182107479E2,6.871483922E-1,8.613038063E-1,-6.407182813E-1
1.182307899E2,8.703728318E-1,5.875174999E-1,-6.646841168E-1
1.182508329E2,1.001199603E0,-4.530816525E-2,-6.904146075E-1
1.182708749E2,1.128155828E0,-5.055319071E-1,-7.144991755E-1
1.182909169E2,1.208939910E0,-3.561422825E-1,-7.788076401E-1
1.183109589E2,1.140780449E0,5.236687884E-2,-8.443652987E-1
1.183310009E2,9.568390250E-1,4.191157520E-1,-8.941349387E-1
1.183510439E2,7.915298939E-1,5.085864663E-1,-8.400658965E-1
1.183710859E2,6.851344705E-1,2.386335433E-1,-7.108410597E-1
1.183911279E2,7.072876692E-1,-3.840486407E-1,-4.848378599E-1
1.184111699E2,7.277223468E-1,-1.103796124E0,-2.177177072E-1
1.184312119E2,6.503877640E-1,-1.229463577E0,-8.445277810E-3
1.184512539E2,4.509045184E-1,-5.341715813E-1,8.815078437E-2
1.184712969E2,3.401202559E-1,2.276970297E-1,1.843614876E-2
1.184913389E2,4.302614629E-1,4.325442314E-1,6.035613641E-2
1.185113809E2,5.527644157E-1,5.321661234E-1,2.797133923E-1
1.185314233E2,3.728107214E-1,8.798987269E-1,2.876113355E-1
1.185514652E2,5.918561816E-1,4.244679213E-1,5.179045200E-1
1.185715083E2,9.284538031E-1,-1.217317343E0,7.486172318E-1
1.185915502E2,-3.742597997E-1,-2.083343744E0,7.082284093E-1
1.186115923E2,-1.295337677E0,-1.547695160E0,2.998835444E-1
1.186316342E2,-8.149364591E-1,-1.821676642E-1,-6.120756641E-2
1.186516763E2,-3.127791882E-1,2.279266156E-2,-1.132762581E-1
1.186717182E2,-7.559730411E-1,-9.259302616E-1,2.734340727E-1
1.186917613E2,-4.774845019E-2,-3.832064271E-1,8.667099476E-1
1.187118033E2,8.612106442E-1,4.035211504E-1,6.026004553E-1
1.187318453E2,9.883748889E-1,2.918656468E-1,6.800702214E-2
1.187518873E2,8.316619992E-1,4.016739726E-1,-2.539558411E-1
1.187719293E2,7.603319883E-1,7.783640623E-1,-4.455822408E-1
1.187919713E2,8.832615614E-1,7.152345777E-1,-4.267008305E-1
1.188120143E2,7.851817608E-1,6.546708941E-2,-3.591825962E-1
1.188320563E2,5.886640549E-1,-2.821933851E-2,-4.329350889E-1
1.188520983E2,7.270413637E-1,3.190236390E-1,-3.923614919E-1
1.188721403E2,7.425897121E-1,4.001515210E-1,-2.889122367E-1
1.188921822E2,6.082451344E-1,2.402179241E-1,-1.530061811E-1
1.189122253E2,3.436864018E-1,-9.502444416E-3,3.517576307E-2
1.189322672E2,7.658692449E-2,-1.536885798E-1,1.048801765E-1
1.189523093E2,-1.126836836E-1,-1.950455159E-1,4.856637213E-3
1.189723512E2,-2.539396584E-1,-1.756928265E-1,-1.260977983E-1
1.189923933E2,-4.709669054E-1,-7.256604731E-2,-1.100343689E-1
1.190124352E2,-7.156900167E-1,9.929825366E-2,-2.535874769E-2
1.190324783E2,-5.361785889E-1,1.458732188E-1,7.287921757E-2
1.190525202E2,-4.562152624E-1,-7.807188630E-1,2.713027000E-1
1.190725623E2,-4.422308505E-1,-1.408108950E0,4.200531244E-1
1.190926042E2,-7.720209956E-1,-1.150783300E0,5.704485178E-1
1.191126463E2,-1.469191194E0,-8.416640162E-1,6.100042462E-1
1.191326882E2,-1.237871885E0,-2.024678588E-1,3.953425288E-1
1.191527313E2,-6.004613638E-1,4.983251989E-1,1.230165064E-1
1.191727733E2,-5.613198876E-1,6.406378150E-1,2.692289837E-2
1.191928153E2,-9.813801646E-1,3.092948496E-1,-3.883983940E-2
1.192128573E2,-1.276106715E0,1.841055155E-1,5.500607938E-2
1.192328993E2,-1.490366697E0,-1.181510910E-1,4.712368548E-1
1.192529423E2,-9.250867963E-1,4.678261578E-1,9.488738775E-1
1.192729843E2,-8.817483187E-1,6.722968221E-1,1.003120542E0
1.192930263E2,-1.233078241E0,7.864650488E-1,8.365585208E-1
1.193130682E2,-1.383251190E0,1.376265526E0,8.471676707E-1
1.193331103E2,-1.168203235E0,1.624352813E0,7.653553486E-1
1.193531522E2,-9.521441460E-1,1.501516998E-1,6.239902377E-1
1.193731953E2,-4.416199401E-2,-8.091784120E-1,2.502589822E-1
1.193932372E2,3.084618449E-1,-9.779059887E-2,-4.740912467E-2
1.194132793E2,-9.176627547E-2,7.916876674E-1,1.881262213E-1
1.194333212E2,-5.088267922E-1,9.891346693E-1,2.640628219E-1
1.194533633E2,-2.854504585E-1,8.087517023E-1,-3.960551322E-2
1.194734052E2,4.419215769E-2,8.104722500E-1,-4.168705046E-1
1.194934483E2,1.355702132E-1,7.274849415E-1,-6.599097252E-1
1.195134902E2,3.734580874E-1,2.648580074E-1,-6.712416410E-1
1.195335321E2,7.334444523E-1,-1.077410132E-1,-6.112570167E-1
1.195535741E2,9.918374419E-1,-3.557866812E-1,-5.541111231E-1
1.195736161E2,1.053309441E0,-2.591334879E-1,-6.429666877E-1
1.195936591E2,1.002453446E0,-5.930450931E-2,-7.681527138E-1
1.196137011E2,9.802839160E-1,7.128621638E-2,-9.113147855E-1
1.196337431E2,1.002746224E0,1.119784564E-1,-1.001291633E0
1.196537851E2,1.042060137E0,1.833318174E-1,-9.476290345E-1
1.196738271E2,1.026004791E0,2.827532291E-1,-7.621105313E-1
1.196938691E2,8.147288561E-1,1.172289625E-1,-5.431029201E-1
1.197139121E2,5.494498014E-1,-2.712638676E-1,-3.494952619E-1
1.197339541E2,4.072016776E-1,-4.439076483E-1,-2.072500736E-1
1.197539961E2,3.876403868E-1,-5.851898193E-1,-1.535265297E-1
1.197740381E2,5.171213150E-1,-1.011183619E0,-5.035045743E-2
1.197940801E2,6.563325524E-1,-1.007351875E0,1.257252097E-1
1.198141231E2,5.692055821E-1,-4.001502395E-1,2.239941061E-1
1.198341651E2,4.005012810E-1,1.836229861E-1,3.342938423E-1
1.198542071E2,2.531459630E-1,1.015200615E-1,5.626745224E-1
1.198742491E2,7.576504946E-1,-7.682799697E-1,7.432797551E-1
1.198942911E2,5.176020861E-1,-9.555662870E-1,8.293427825E-1
1.199143331E2,-2.414098978E-1,-1.205316544E0,5.457484126E-1
1.199343761E2,-8.873559237E-1,-5.888557434E-1,-5.157333985E-2
1.199544181E2,1.443614215E-1,-4.628439546E-1,-2.744004130E-1
1.199744601E2,3.644267917E-1,-4.114911333E-2,-2.337033153E-1
1.199945021E2,-5.101841092E-1,-4.947429001E-1,-1.845091581E-1
1.200145441E2,-1.477651596E-1,-1.105281591E0,3.340781629E-1
1.200345861E2,9.199998379E-1,-9.680250287E-1,4.475596249E-1
1.200546291E2,1.442198038E0,-4.709855020E-1,1.546784639E-1
1.200746711E2,1.160197377E0,5.232770741E-2,-6.708857417E-2
1.200947131E2,5.206353068E-1,5.198619962E-1,-3.207817674E-1
1.201147551E2,3.685909212E-1,5.381891727E-1,-3.972237110E-1
1.201347971E2,5.057694316E-1,1.355129033E-1,-3.961965740E-1
1.201548391E2,3.633194864E-1,-2.950128019E-1,-4.267398119E-1
1.201748821E2,2.941556573E-1,-1.231417581E-1,-3.857005537E-1
1.201949241E2,2.906606793E-1,3.092132211E-1,-2.679214180E-1
1.202149661E2,2.302531898E-1,4.849422276E-1,-1.198176444E-1
1.202350081E2,2.258705199E-1,3.894479871E-1,-4.112542141E-3
1.202550501E2,1.307854503E-1,-4.178201780E-2,5.130989850E-2
1.202750931E2,5.110796541E-2,-1.444784701E-1,1.713361405E-2
1.202951351E2,3.872070834E-2,-2.305036038E-2,-6.221927702E-2
1.203151771E2,-5.878650025E-2,-3.500615433E-2,-7.582572848E-2
1.203352191E2,-1.389532238E-1,7.788967341E-2,-6.874570251E-2
1.203552611E2,-5.232852325E-2,5.470097065E-2,-5.651738495E-2
1.203753031E2,-1.353862584E-1,-3.919160664E-1,-9.409221821E-5
1.203953461E2,-2.088187784E-1,-6.792562008E-1,1.124121845E-1
1.204153881E2,-3.300747871E-1,-8.224256635E-1,2.234740257E-1
1.204354301E2,-5.923123360E-1,-1.175939560E0,2.049936503E-1
1.204554721E2,-6.319394708E-1,-1.380352974E0,6.208647788E-2
1.204755141E2,-8.408840299E-1,-1.188478112E0,-9.173048288E-2
1.204955561E2,-1.112603426E0,-7.215006351E-1,-8.856111020E-2
1.205155991E2,-1.222008467E0,-8.651682734E-1,1.096195169E-2
1.205356409E2,-1.004772305E0,-1.029019356E0,6.295023859E-2
1.205556829E2,-5.364933610E-1,-1.956454515E-1,-3.144758940E-2
1.205757249E2,-3.649214208E-1,3.424923420E-1,-1.694051176E-2
1.205957669E2,-5.780797005E-1,3.129062951E-1,2.248107344E-1
1.206158089E2,-1.021717191E0,1.055290923E-1,5.393658876E-1
1.206358519E2,-1.098807931E0,2.372144759E-1,8.040726781E-1
1.206558939E2,-1.255760670E0,1.217998743E0,9.362639785E-1
1.206759359E2,-1.189967990E0,2.423739195E0,9.975773096E-1
1.206959779E2,-6.057661772E-1,1.482300162E0,8.634566665E-1
1.207160199E2,-1.049436033E-1,-1.246397138E0,7.455294132E-1
1.207360629E2,4.553493261E-1,-2.172063828E0,4.650076330E-1
1.207561049E2,6.283043623E-1,-9.885118008E-1,4.218618274E-1
1.207761469E2,2.570749223E-1,1.015405059E0,4.288139939E-1
1.207961889E2,-3.311600983E-1,1.227155447E0,3.485863805E-1
1.208162309E2,-4.897167087E-1,8.176336884E-1,9.463912249E-2
1.208362729E2,-5.140108466E-1,7.190686464E-1,-2.918525934E-1
1.208563159E2,-4.371668994E-1,6.883257627E-1,-4.198207259E-1
1.208763579E2,2.045913339E-1,6.703608632E-1,-3.883978128E-1
1.208963999E2,8.904044032E-1,4.675768316E-1,-5.039901733E-1
1.209164419E2,1.314625859E0,2.832064629E-1,-5.750609636E-1
1.209364839E2,1.583592057E0,5.762137175E-1,-5.640903711E-1
1.209565259E2,1.681746721E0,9.054784179E-1,-5.219058394E-1
1.209765689E2,1.413916230E0,1.386657715E0,-4.511486590E-1
1.209966109E2,8.534242511E-1,1.711839437E0,-4.679763019E-1
1.210166529E2,1.417339742E-1,1.191152096E0,-3.598335087E-1
1.210366949E2,-1.242548108E0,-1.041575596E-1,-2.740833461E-1
1.210567369E2,2.992845178E-1,-9.290399551E-1,-3.243338764E-1
1.210767799E2,1.130352378E0,-9.790110588E-1,-3.322890103E-1
1.210968219E2,1.312582374E0,-5.324584842E-1,-2.835420370E-1
1.211168639E2,6.986796856E-1,3.041443229E-1,-5.515376925E-1
1.211369059E2,1.016453505E-1,7.028303742E-1,-7.478582859E-1
1.211569479E2,2.854864895E-1,9.068342447E-1,-5.177806616E-1
1.211769899E2,7.792111039E-1,1.137183070E0,-1.930826753E-1
1.211970329E2,9.475824833E-1,8.904196620E-1,7.208605856E-2
1.212170749E2,7.544978857E-1,5.049501657E-1,1.285224259E-1
1.212371169E2,5.210291147E-1,2.415060401E-1,5.902826414E-2
1.212571589E2,3.429775536E-1,2.091921419E-1,-7.231704891E-2
1.212772009E2,2.079008669E-1,2.703941762E-1,-2.265841365E-1
1.212972429E2,5.918378010E-2,2.554125190E-1,-2.569263577E-1
1.213172859E2,1.905639097E-2,1.249037534E-1,-2.226435989E-1
1.213373279E2,1.229797080E-1,-1.515188217E-1,-1.252839714E-1
1.213573699E2,2.149994224E-1,-3.166280389E-1,-2.231459320E-2
1.213774119E2,1.496509612E-1,-6.044194475E-2,-2.075039595E-2
1.213974539E2,1.452028006E-1,1.980835497E-1,-4.407186806E-2
1.214174969E2,1.520304233E-1,2.464938611E-1,-4.429841787E-2
1.214375389E2,1.904758662E-1,6.636106223E-2,2.497247979E-2
1.214575809E2,1.807841659E-1,-4.233671352E-4,6.714684516E-2
1.214776229E2,1.258173883E-1,1.304690391E-1,2.896732464E-2
1.214976649E2,8.448431641E-2,2.928236723E-1,-2.134691738E-2
1.215177069E2,5.363067612E-2,2.416431010E-1,-3.558267653E-2
1.215377493E2,5.690775439E-2,8.126007020E-2,-1.845174283E-2
1.215577913E2,5.613196269E-2,-2.012828551E-2,-5.899870768E-3
1.215778333E2,5.997420102E-2,-4.513503611E-2,-2.882329281E-4
1.215978753E2,4.878899083E-2,-2.893031016E-2,-8.945886977E-3
1.216179173E2,4.887772352E-2,3.547161445E-2,-2.034313604E-2
1.216379593E2,5.035863817E-2,6.151660532E-2,-2.182280645E-2
1.216580023E2,5.838933215E-2,6.592074782E-2,-1.449646801E-2
1.216780443E2,5.686880648E-2,7.505761087E-2,-1.666977070E-2
1.216980863E2,4.885256290E-2,7.306942344E-2,-2.888299339E-2
1.217181283E2,4.571902007E-2,5.189390108E-2,-3.742163628E-2
1.217381703E2,4.876375943E-2,5.169948563E-2,-3.562381864E-2
1.217582123E2,5.490213260E-2,1.846057549E-2,-2.347466350E-2
1.217782553E2,4.634899646E-2,7.344901562E-3,-2.066306211E-2
1.217982973E2,4.432100058E-2,1.832458191E-2,-2.063217014E-2
1.218183393E2,3.672752902E-2,3.555443510E-2,-2.218665555E-2
1.218383813E2,2.932938933E-2,4.640328512E-2,-2.303584106E-2
1.218584233E2,2.616448328E-2,3.209281340E-2,-1.887845062E-2
1.218784663E2,2.030973695E-2,-1.022322010E-2,-1.252582483E-2
1.218985083E2,9.030174464E-3,-3.286167048E-3,-2.105260268E-2
1.219185503E2,-7.635260466E-3,1.246968843E-2,-3.425673768E-2
1.219385923E2,-4.120352678E-3,9.285273030E-3,-3.361836448E-2
1.219586343E2,6.948978407E-4,1.565436833E-4,-3.251727670E-2
1.219786763E2,9.029976092E-3,-2.134540118E-2,-2.886683308E-2
1.219987193E2,8.847752586E-3,-2.266468480E-2,-3.157415241E-2
1.220187613E2,2.108246647E-2,-3.750937060E-2,-4.244600609E-2
1.220388033E2,3.023371473E-2,-6.877162308E-2,-5.132895708E-2
1.220588453E2,3.899455070E-2,-5.649976432E-2,-6.704723835E-2
1.220788873E2,5.520299077E-2,-4.869569838E-2,-7.355236262E-2
1.220989293E2,7.282266021E-2,-6.457363814E-2,-6.660506129E-2
1.221189723E2,7.882659137E-2,-7.506778836E-2,-6.290443987E-2
1.221390143E2,7.607048750E-2,-7.426965982E-2,-5.888087675E-2
1.221590563E2,7.337865978E-2,-7.371648401E-2,-6.325821579E-2
1.221790983E2,6.554926932E-2,-6.694238633E-2,-5.418595672E-2
1.221991403E2,4.154907539E-2,-8.000757545E-2,-4.595195130E-2
1.222191833E2,3.706832975E-2,-5.253479257E-2,-3.747528419E-2
1.222392253E2,2.384101972E-2,-5.792116374E-2,-2.229511365E-2
1.222592673E2,7.451922633E-3,-4.814546928E-2,-2.107199281E-2
1.222793093E2,2.434594790E-3,-4.020452872E-2,-1.445828099E-2
1.222993513E2,-5.874274764E-3,-2.881409228E-2,-6.197507493E-3
1.223193933E2,-7.365910802E-3,-9.867830202E-3,8.787777042E-4
1.223394363E2,-1.462576073E-2,7.148713339E-4,-3.743660636E-5
1.223594783E2,-1.834852621E-2,6.953570992E-4,1.313602552E-3
1.223795203E2,-2.016985603E-2,8.010594174E-4,4.657536745E-3
1.223995623E2,-2.272867970E-2,-3.545996267E-3,2.731658518E-3
1.224196043E2,-2.286763862E-2,-3.285028506E-3,2.488126047E-3
1.224396463E2,-2.413162589E-2,-1.843729988E-3,-1.136515988E-3
1.224596893E2,-1.907755807E-2,-5.008505657E-3,3.805221058E-5
1.224797313E2,-9.906012565E-3,-1.729948446E-2,-3.711976577E-3
1.224997733E2,-3.240481252E-3,-1.524944790E-2,-3.870257875E-3
1.225198153E2,-7.730571087E-4,4.594272934E-3,-7.754674647E-3
1.225398575E2,-1.003216952E-3,1.483630482E-2,-1.131180767E-2
1.225598995E2,-3.051920794E-4,1.483678631E-2,-1.579856500E-2
1.225799425E2,5.081719719E-3,9.208242409E-4,-1.274282113E-2
1.225999845E2,1.402318478E-2,-5.565078929E-3,-1.239091717E-2
1.226200265E2,2.675484307E-2,2.630767785E-2,-1.447379589E-2
1.226400685E2,1.041974872E-2,-2.613257803E-2,-1.487055514E-2
1.226601105E2,5.459084176E-3,-2.258048020E-2,-1.913207769E-2
1.226801535E2,-1.337893074E-3,1.691768132E-2,-2.470808849E-2
1.227001955E2,-3.119425848E-2,4.788271338E-2,-3.221259266E-2
1.227202375E2,-2.133551240E-2,4.447524995E-2,-1.725747809E-2
1.227402795E2,4.894107580E-3,2.984630875E-2,3.832258983E-3
1.227603215E2,1.405584160E-2,1.172572840E-2,6.916117389E-3
1.227803635E2,4.634631798E-3,-2.845439129E-3,-3.664489603E-3
1.228004065E2,-2.057682490E-3,2.380769234E-3,-1.272870600E-2
1.228204485E2,-4.255212843E-5,1.241091732E-2,-7.388757076E-3
1.228404905E2,1.288163848E-2,8.089758921E-4,3.132095793E-3
1.228605325E2,2.093584975E-3,-3.499151208E-3,4.661984742E-3
1.228805745E2,-1.236233162E-3,-7.866928354E-3,8.873490617E-3
1.229006165E2,-2.314688172E-3,-1.767850947E-3,1.654861867E-2
1.229206595E2,-1.480909763E-3,1.640025526E-2,2.039434202E-2
1.229407015E2,-2.897732193E-3,2.192322165E-2,1.825155504E-2
1.229607435E2,-6.386129186E-3,6.317772437E-3,1.912389509E-2
1.229807855E2,-6.420091726E-3,-1.638949849E-2,2.061303332E-2
1.230008275E2,-3.931644373E-3,-4.524000362E-2,1.753960550E-2
1.230208695E2,2.460719552E-4,-6.131838635E-2,7.612348534E-3
1.230409125E2,2.882392611E-3,-6.506440789E-2,1.975646941E-3
1.230609545E2,9.326913394E-3,-5.079407990E-2,-7.103646640E-4
1.230809965E2,1.720369793E-2,-4.808327928E-2,-8.112367243E-3
1.231010385E2,2.228058688E-2,-6.013487279E-2,-1.399539970E-2
1.231210805E2,3.129844368E-2,-6.241836026E-2,-1.514146570E-2
1.231411235E2,3.492496908E-2,-4.343930259E-2,-1.605502702E-2
1.231611655E2,3.629940376E-2,-6.452155299E-3,-1.673574001E-2
1.231812075E2,3.299462423E-2,2.298248187E-2,-9.981112555E-3
1.232012495E2,2.642847411E-2,2.948122099E-2,-1.397374785E-3
1.232212915E2,2.526566572E-2,4.345705360E-2,4.821553361E-3
1.232413335E2,1.897396334E-2,5.739942566E-2,9.034345858E-3
1.232613765E2,1.180978864E-2,6.205252931E-2,6.986573804E-3
1.232814185E2,3.363923170E-3,7.950833440E-2,1.171310153E-2
1.233014605E2,-7.396526635E-3,7.326402515E-2,1.346634421E-2
1.233215025E2,-1.046941243E-2,6.968831271E-2,1.808350161E-2
1.233415445E2,-1.130498201E-2,7.470080256E-2,2.006752230E-2
1.233615865E2,-1.424257457E-2,7.986129820E-2,2.177231014E-2
1.233816295E2,-2.309307829E-2,7.152570784E-2,2.764883824E-2
1.234016715E2,-1.752707176E-2,5.940353125E-2,2.938362211E-2
1.234217135E2,-1.693076268E-2,6.760220975E-2,2.359903976E-2
1.234417555E2,-2.862426639E-2,6.299088150E-2,1.491145417E-2
1.234617975E2,-2.332496643E-2,4.914759845E-2,1.463032700E-2
1.234818395E2,-1.599401981E-2,3.057067282E-2,2.296730131E-2
1.235018825E2,-6.776083261E-3,3.822837770E-2,2.063895203E-2
1.235219245E2,-5.477003753E-3,3.681482002E-2,1.876368187E-2
1.235419666E2,-4.619063810E-3,2.415507101E-2,1.096571423E-2
1.235620086E2,-4.698493518E-3,9.400165640E-3,9.698298760E-3
1.235820506E2,2.023600973E-5,9.506787173E-3,7.398763206E-3
1.236020926E2,6.105005741E-5,6.113315001E-3,6.768676452E-3
1.236221356E2,-6.984018721E-3,4.459735472E-3,5.484112538E-3
1.236421776E2,-1.115989126E-2,4.370969255E-3,4.561715294E-3
1.236622196E2,-9.303225204E-3,1.957790926E-3,1.250589499E-3
1.236822616E2,-8.963666856E-3,-9.092489257E-3,-3.728056327E-4
1.237023036E2,-5.470444914E-3,-1.045898907E-2,-2.006406430E-3
1.237223466E2,-4.079846665E-3,-7.528991904E-3,-5.219467916E-3
1.237423886E2,-2.743660472E-3,-1.688004006E-3,-5.107724108E-3
1.237624306E2,1.572179841E-3,7.165798452E-3,-7.611253299E-3
1.237824726E2,5.876120180E-3,1.235654019E-2,-9.225325659E-3
1.238025146E2,7.695063949E-3,1.605644450E-2,-1.009264681E-2
1.238225566E2,1.215492934E-2,1.686083898E-2,-7.927196100E-3
1.238425996E2,8.946556598E-3,1.698073000E-2,-6.990510970E-3
1.238626416E2,6.102718413E-3,1.521802414E-2,-3.222438274E-3
1.238826836E2,-2.904036082E-4,1.270315517E-2,-3.819598351E-4
1.239027256E2,-9.180568159E-3,5.240178667E-3,3.472135868E-4
1.239227676E2,-1.137928944E-2,5.988872144E-3,2.797387540E-3
1.239428106E2,-7.611104287E-3,-3.315539099E-3,9.539064020E-3
1.239628526E2,-6.887063384E-3,-1.379843988E-2,1.250600908E-2
1.239828946E2,-7.595600560E-3,-9.964141995E-3,1.063563675E-2
1.240029366E2,-2.469370607E-3,-9.217217565E-3,-2.143760212E-4
1.240229786E2,-5.268248729E-3,-1.339117624E-2,-8.588991128E-3
1.240430206E2,-2.184798708E-3,-8.978261612E-3,-3.638493363E-3
1.240630636E2,3.547326429E-3,-2.136297710E-2,1.772302669E-3
1.240831056E2,-1.428993652E-3,-2.497959882E-2,3.783470253E-3
1.241031476E2,-1.915490488E-3,-1.815130003E-2,4.376504105E-3
1.241231896E2,5.708565004E-3,-2.187765203E-2,2.114737406E-3
1.241432316E2,6.151548121E-3,-2.402998693E-2,7.203592919E-3
1.241632736E2,1.804694766E-3,-1.202157885E-2,7.404724136E-3
1.241833166E2,-5.042569246E-3,2.114353701E-4,3.603990423E-3
1.242033586E2,-7.022007369E-3,2.542057075E-3,5.523882806E-3
1.242234006E2,-4.638170823E-3,1.687239390E-3,9.730824269E-3
1.242434426E2,-4.800153431E-3,6.306805648E-3,9.942864068E-3
1.242634846E2,-2.307246905E-3,1.002283767E-2,7.127479650E-3
1.242835266E2,1.417679712E-3,9.283276740E-4,5.284431390E-3
1.243035696E2,3.583420068E-3,-8.815133944E-3,1.008343534E-3
1.243236116E2,4.355470650E-3,-6.768494379E-3,-2.814890584E-3
1.243436536E2,6.670347415E-3,-3.149546683E-3,-3.743653418E-3
1.243636956E2,9.447700344E-3,4.967257380E-3,-2.869485179E-3
1.243837376E2,1.027579792E-2,7.970701903E-3,-2.647015499E-3
1.244037796E2,1.387612522E-2,2.759161638E-3,-7.042393554E-4
1.244238226E2,1.343551278E-2,-5.284156650E-4,7.297378033E-5
1.244438646E2,1.010684390E-2,5.569878034E-3,1.228719950E-3
1.244639066E2,3.641398624E-3,4.807325546E-3,3.453238402E-3
1.244839486E2,1.999889035E-3,9.388713166E-3,7.364836987E-3
1.245039906E2,5.917657400E-4,4.183501005E-5,1.084003597E-2
1.245240336E2,3.681125818E-4,-5.704206415E-4,1.278315857E-2
1.245440785E2,2.615898848E-3,-3.372990526E-3,1.219155639E-2
1.245641205E2,2.612619428E-3,-4.905222915E-3,1.080116630E-2
1.245841625E2,4.555270076E-3,-6.022590213E-3,6.332750432E-3
1.246042045E2,8.694892749E-3,-2.248917241E-3,2.739681629E-3
1.246242465E2,7.755856961E-3,-2.402555197E-3,3.275974421E-3
1.246442895E2,1.414625254E-2,2.731048036E-3,1.529574511E-3
1.246643315E2,1.850050502E-2,2.257615328E-3,4.521965049E-3
1.246843735E2,1.743117906E-2,8.443489205E-4,8.490590379E-3
1.247044155E2,1.300694793E-2,-2.048766706E-3,6.203621626E-3
1.247244575E2,9.312151000E-3,-3.908019047E-3,1.252090093E-3
1.247444995E2,1.004943997E-2,-1.556370407E-2,-4.490851425E-3
1.247645425E2,7.553587668E-3,-3.023110889E-2,-3.944155760E-3
1.247845845E2,2.682773955E-2,-3.028306551E-2,-7.523596287E-5
1.248046265E2,2.534036525E-2,-2.697275393E-2,-3.148789983E-3
1.248246685E2,2.541022748E-2,-2.207244933E-2,-6.787178107E-3
1.248447105E2,2.243585512E-2,-2.058562264E-2,-9.737733752E-3
1.248647525E2,1.884313487E-2,-1.405710634E-2,-1.238281280E-2
1.248847955E2,1.778145693E-2,-5.640280433E-3,-1.017834991E-2
1.249048375E2,1.835702918E-2,-7.222778630E-3,-3.632617183E-3
1.249248795E2,1.843120530E-2,-7.840802893E-3,1.560116769E-3
1.249449215E2,1.675752923E-2,-9.092558175E-3,2.048368566E-3
1.249649635E2,1.051022392E-2,-1.943835989E-2,-7.843836211E-4
1.249850065E2,5.174919963E-3,-2.387022227E-2,-8.354303427E-4
1.250050485E2,3.097532317E-4,-1.794763282E-2,-1.284876373E-3
1.250250905E2,1.056090696E-3,-1.043705177E-2,-1.141493442E-3
1.250451325E2,2.066739136E-3,-7.473914418E-3,-1.528187189E-3
1.250651745E2,5.406687967E-3,-1.284643356E-2,1.595853944E-3
1.250852165E2,9.984191507E-3,-1.189200394E-2,5.306119099E-3
1.251052595E2,8.015327156E-3,-7.673342247E-3,3.893712536E-3
1.251253015E2,6.047042552E-3,-3.082872368E-3,-1.415415667E-3
1.251453435E2,3.644286422E-3,-3.906595055E-3,-5.209441297E-4
1.251653855E2,5.383910146E-3,1.596593531E-3,-1.123335212E-3
1.251854275E2,2.900653286E-3,3.288593842E-3,-4.041800275E-4
1.252054695E2,3.744933056E-3,1.117925253E-2,2.945158863E-3
1.252255125E2,1.814875286E-4,1.058205124E-2,2.734201960E-3
1.252455545E2,-2.011426957E-3,1.517394651E-2,2.081444021E-3
1.252655965E2,-2.168287290E-3,1.887147874E-2,2.161605284E-3
1.252856385E2,-2.061494393E-3,2.188404649E-2,1.799681573E-3
1.253056805E2,-1.465024427E-3,2.273984253E-2,1.996864565E-3
1.253257225E2,-2.422807040E-3,1.044511329E-2,2.274943050E-3
1.253457655E2,4.823675845E-4,8.129302412E-3,1.326042111E-3
1.253658075E2,-8.789093234E-3,5.683114752E-3,1.301823882E-3
1.253858495E2,-7.129808422E-3,8.072090335E-3,9.873383678E-4
1.254058915E2,-7.563314866E-4,2.925265580E-3,2.197745023E-3
1.254259335E2,-2.122397302E-3,-1.236675307E-4,1.860888675E-3
1.254459755E2,-4.648406059E-3,6.814399734E-3,3.013504902E-3
1.254660185E2,6.719751284E-3,1.027743332E-2,6.224858575E-3
1.254860605E2,6.448422559E-3,-8.976962417E-4,5.140956491E-3
1.255061025E2,1.194554032E-3,1.087180339E-2,2.289187862E-3
1.255261445E2,3.349197563E-3,1.434197091E-2,-4.287318327E-3
1.255461832E2,5.924871191E-3,1.423718780E-2,-1.021517906E-3
1.255662262E2,7.067116909E-3,2.464607358E-2,2.769962884E-5
1.255862682E2,1.180446241E-2,3.057795763E-2,2.573183272E-3
1.256063102E2,1.313363574E-2,2.640590258E-2,6.773384288E-3
1.256263522E2,1.427746937E-2,1.928591356E-2,4.667957779E-3
1.256463942E2,1.133486908E-2,1.384277828E-2,5.996256135E-3
1.256664362E2,1.076197065E-2,1.205606014E-2,5.143700168E-3
1.256864792E2,4.012904596E-3,-3.618091345E-3,3.504567780E-3
1.257065212E2,3.144980175E-3,-1.141662709E-2,5.679571070E-3
1.257265632E2,4.612183664E-3,-1.927568763E-2,9.891644120E-3
1.257466052E2,6.451905239E-3,-1.430121996E-2,8.160994388E-3
1.257666472E2,5.077103619E-3,-4.195464775E-3,7.124869153E-3
1.257866892E2,7.171752863E-3,-1.363291405E-3,6.466356106E-3
1.258067322E2,1.047767140E-2,-7.570733316E-3,1.174264494E-2
1.258267742E2,1.482946426E-2,-4.519692622E-3,1.230015419E-2
1.258468162E2,9.175447747E-3,-1.929406542E-3,1.036414132E-2
1.258668582E2,6.610754877E-3,-1.333032548E-2,1.291196980E-2
1.258869002E2,9.105066769E-3,-2.020738274E-2,9.413838387E-3
1.259069422E2,6.300789304E-3,-3.154195100E-2,4.561166279E-3
1.259269852E2,9.008467197E-3,-2.486960962E-2,8.712714538E-3
1.259470272E2,8.971574716E-3,-3.402858227E-2,4.166594706E-3
1.259670692E2,5.682774354E-3,-1.848872378E-2,-4.149872344E-3
1.259871112E2,9.452969767E-3,-1.099091582E-2,-1.032941602E-2
1.260071532E2,1.323909685E-2,-1.034811884E-2,-8.867360651E-3
1.260271962E2,7.243334316E-3,-2.759487182E-2,-8.928991854E-3
1.260472382E2,9.377116337E-3,-3.291535750E-2,-6.907505915E-3
1.260672802E2,2.534317598E-2,-3.266119584E-2,-6.219242699E-3
1.260873222E2,2.855928987E-2,9.863579180E-4,-9.140248410E-3
1.261073642E2,2.424420789E-2,1.567696966E-2,-1.186877862E-2
1.261274062E2,2.373234741E-2,2.455328591E-2,-1.433513314E-2
1.261474492E2,1.720808446E-2,9.124791250E-3,-5.680468399E-3
1.261674912E2,1.077940688E-2,9.540343657E-3,-8.057957515E-3
1.261875332E2,1.342599373E-2,3.454481065E-2,-5.958536640E-3
1.262075752E2,1.886840095E-3,1.427847426E-3,5.233012140E-3
1.262276172E2,-3.861642629E-2,2.054345608E-2,-1.558593940E-3
1.262476592E2,-1.036860645E-1,-1.278796047E-2,-2.102167811E-3
1.262677022E2,-2.050199211E-1,-4.598429054E-2,7.475614548E-3
1.262877442E2,-3.805170953E-1,2.327912673E-2,1.921990514E-2
1.263077862E2,-5.513084531E-1,3.839380741E-1,6.648212671E-2
1.263278282E2,-5.412541032E-1,1.016636968E0,1.367879212E-1
1.263478702E2,-3.712281585E-1,1.402556777E0,2.638704181E-1
1.263679122E2,-2.672625482E-1,1.368784904E0,4.400296807E-1
1.263879552E2,-1.318922639E-1,1.633852601E0,5.401451588E-1
1.264079972E2,5.246149004E-2,2.056737185E0,4.273946583E-1
1.264280392E2,2.954409122E-1,1.771029472E0,1.321376115E-1
1.264480812E2,-1.733609289E-1,1.581926346E0,1.415995657E-1
1.264681232E2,-3.095569015E-1,2.496917009E0,5.575501174E-2
1.264881662E2,-1.750440300E-1,3.261662483E0,-5.194367096E-2
1.265082082E2,-3.922168314E-1,2.862827301E0,-1.142563820E-1
1.265282502E2,-6.498783827E-1,2.292860985E0,-1.996209919E-1
1.265482933E2,-7.824010849E-1,1.729071379E0,-7.272465527E-2
1.265683352E2,-4.879514277E-1,1.171073198E0,5.686348677E-2
1.265883773E2,-1.707174629E-1,6.584016681E-1,2.786030769E-1
1.266084202E2,-6.562273502E-1,1.021054626E0,2.542330027E-1
1.266284623E2,-9.901930094E-1,2.211050987E0,4.506208748E-2
1.266485042E2,-1.041700006E0,1.842002034E0,2.593356967E-1
1.266685463E2,-1.451061815E-1,1.356173277E0,3.388815820E-1
1.266885882E2,1.326024532E-1,1.359534025E0,4.434118867E-1
1.267086303E2,-2.523227036E-1,1.644272923E0,5.254777074E-1
1.267286732E2,-4.402448237E-1,1.866547465E0,5.385966897E-1
1.267487153E2,-5.641826987E-1,2.086071730E0,6.114021540E-1
1.267687572E2,-4.497560561E-1,2.485609055E0,6.319469213E-1
1.267887993E2,-1.991895437E-1,1.986331105E0,5.345115662E-1
1.268088413E2,-2.024233490E-1,6.876626015E-1,3.310497999E-1
1.268288833E2,-1.878657043E-1,6.525365114E-1,1.607090384E-1
1.268489263E2,-3.028471470E-1,1.681632280E0,1.397352517E-1
1.268689683E2,-4.316302538E-1,2.546978474E0,1.735312790E-1
1.268890103E2,-3.587962091E-1,2.349016666E0,3.152442276E-1
1.269090523E2,-9.714806080E-2,2.076504469E0,3.928526640E-1
1.269290943E2,2.893068269E-2,2.228020191E0,3.316084146E-1
1.269491363E2,-2.346529998E-2,2.251085281E0,1.942381114E-1
1.269691793E2,-3.693405911E-2,2.189751625E0,1.257205456E-1
1.269892212E2,1.169246808E-2,2.366739273E0,1.335462183E-2
1.270092633E2,2.652262524E-2,2.396392345E0,-4.915947095E-2
1.270293052E2,6.067760289E-2,2.336277485E0,-5.870445445E-2
1.270493473E2,2.527445368E-2,2.287342310E0,-6.486857682E-2
1.270693902E2,-7.646398619E-3,2.393730402E0,-6.113999709E-2
1.270894323E2,-9.953442961E-3,2.408367395E0,-7.009586692E-2
1.271094742E2,-1.765913703E-2,2.335522413E0,-6.043168157E-2
1.271295163E2,2.083271369E-2,2.223392725E0,-8.990318328E-2
1.271495582E2,5.369139835E-2,2.067918539E0,-1.313975453E-1
1.271696003E2,4.137326777E-2,1.942705512E0,-2.194215953E-1
1.271896432E2,3.155633807E-2,2.026306629E0,-3.124658763E-1
1.272096853E2,2.050773054E-2,2.093764305E0,-4.059537053E-1
1.272297272E2,2.965942211E-2,2.057974339E0,-4.428125918E-1
1.272497693E2,8.917422965E-4,2.080024481E0,-4.552750289E-1
1.272698113E2,-1.981917769E-1,2.082232714E0,-4.399027526E-1
1.272898533E2,-4.989792407E-1,2.331704855E0,-2.840293646E-1
1.273098963E2,-1.179119706E0,2.133366108E0,-4.161355495E-1
1.273299383E2,-1.864118218E0,2.230942488E0,-4.116107225E-1
1.273499803E2,-2.147716522E0,2.204619646E0,-4.203141928E-1
1.273700223E2,-2.093279600E0,1.754270315E0,-5.695147514E-1
1.273900643E2,-1.980511785E0,1.439766049E0,-5.127543211E-1
1.274101063E2,-2.147346497E0,1.890861154E0,3.224553913E-2
1.274301493E2,-2.454410076E0,2.425269365E0,7.436990738E-1
1.274501912E2,-2.174064398E0,1.885638595E0,8.688682318E-1
1.274702333E2,-1.264402151E0,-1.960058957E-1,7.632250786E-1
1.274902752E2,-5.553506017E-1,-1.084276199E0,1.077526808E0
1.275103173E2,-5.262842178E-1,1.404693574E-1,1.768397331E0
1.275303602E2,-1.536841035E0,1.895182371E0,2.267839670E0
1.275504017E2,-2.340828896E0,2.757203341E0,2.303246737E0
1.275704438E2,-2.040772915E0,2.390138865E0,2.319565773E0
1.275904857E2,-1.523445964E0,1.975057244E0,2.429569721E0
1.276105278E2,-1.757732868E0,2.292027950E0,2.583857298E0
1.276305697E2,-2.366528034E0,3.062483072E0,2.559666634E0
1.276506128E2,-2.351863623E0,3.231267214E0,2.392818689E0
1.276706547E2,-1.986204743E0,3.117295265E0,2.096220493E0
1.276906968E2,-1.908748269E0,3.053421021E0,1.772856355E0
1.277107388E2,-1.798101306E0,2.794088840E0,1.595801115E0
1.277307808E2,-1.570663691E0,2.566288233E0,1.568288684E0
1.277508228E2,-1.332166672E0,2.284318447E0,1.514658451E0
1.277708658E2,-1.052888751E0,1.807871938E0,1.467860222E0
1.277909078E2,-7.743992805E-1,1.587831616E0,1.319222927E0
1.278109498E2,-5.412024260E-1,1.464397192E0,1.235021353E0
1.278309918E2,-2.176529765E-1,1.380507946E0,1.193300605E0
1.278510338E2,1.306102127E-1,1.198016644E0,1.121899486E0
1.278710758E2,4.469597936E-1,1.003566980E0,1.006529689E0
1.278911187E2,5.337060094E-1,9.363571405E-1,9.088580012E-1
1.279111608E2,6.560776234E-1,7.282209992E-1,8.530393243E-1
1.279312027E2,1.047375679E0,5.492164493E-1,7.317363024E-1
1.279512448E2,1.429356575E0,4.901966155E-1,3.660649955E-1
1.279712867E2,1.914350390E0,1.894009709E-1,9.223530069E-3
1.279913288E2,2.181510210E0,2.987076640E-1,1.165139303E-1
1.280113717E2,1.481552839E0,-5.081104040E-1,6.749773622E-1
1.280314138E2,1.654150248E0,-1.241192222E0,2.870998979E-1
1.280514557E2,1.540775299E0,-2.714678943E-1,4.947790802E-1
1.280714978E2,1.810507059E0,-2.983970940E-1,5.878216028E-1
1.280915397E2,2.316395521E0,-1.038762808E0,-7.301833481E-2
1.281115828E2,1.725143075E0,-1.001048565E0,-6.450392604E-1
1.281316247E2,2.256162405E0,-1.060175776E0,-6.028603911E-1
1.281516668E2,2.156189203E0,-1.042674422E0,-3.105696738E-1
1.281717088E2,1.539461136E0,-5.821694136E-1,-3.531376421E-1
1.281917508E2,1.432947040E0,-6.924169660E-1,-6.115202904E-1
1.282117928E2,1.527323365E0,-8.154280782E-1,-6.286111474E-1
1.282318358E2,1.384401321E0,-7.405861616E-1,-5.715779066E-1
1.282518778E2,1.343270898E0,-9.221000224E-2,-4.718883634E-1
1.282719198E2,1.408279657E0,7.609710693E-1,-3.613660038E-1
1.282919618E2,1.299561381E0,7.429683208E-1,-2.307979017E-1
1.283120038E2,1.077828884E0,-1.514881104E-2,-5.386579037E-2
1.283320458E2,1.063789964E0,-4.231015444E-1,2.262863517E-1
1.283520887E2,1.009969473E0,-2.620404959E-1,2.844507694E-1
1.283721308E2,9.381762147E-1,-5.581220388E-1,2.203980386E-1
1.283921727E2,9.514239430E-1,-5.932835340E-1,7.457595319E-2
1.284122148E2,9.542997479E-1,-7.077658176E-1,-8.894671686E-3
1.284322567E2,7.913007736E-1,-1.052938104E0,-6.897605211E-2
1.284522988E2,6.022465229E-1,-7.773223519E-1,-1.435451210E-1
1.284723417E2,4.119630456E-1,-4.045998454E-1,-1.700115055E-1
1.284923838E2,4.118637145E-1,-4.350992143E-1,-1.894332021E-1
1.285124257E2,4.897193611E-1,-7.732532620E-1,-1.846933812E-1
1.285324678E2,5.564954281E-1,-7.533192635E-1,-2.510941029E-1
1.285525124E2,6.894398332E-1,-4.289782643E-1,-3.145790994E-1
1.285725554E2,7.706247568E-1,-4.738726616E-1,-3.489429653E-1
1.285925974E2,7.517365813E-1,-7.594448328E-1,-3.708825707E-1
1.286126394E2,6.904170513E-1,-8.564296365E-1,-4.049650133E-1
1.286326814E2,5.699903369E-1,-5.623961687E-1,-4.119449556E-1
1.286527234E2,4.379314184E-1,-1.836665720E-1,-3.718051910E-1
1.286727654E2,2.396008074E-1,-4.328820482E-2,-5.473770499E-1
1.286928084E2,-7.297080010E-2,9.427698851E-1,-5.266375542E-1
1.287128504E2,-3.020830750E-1,1.988641858E0,-1.871985346E-1
1.287328924E2,-1.158165932E0,2.111374855E0,-2.411186323E-2
1.287529344E2,-2.181419134E0,1.048834085E0,-6.739189848E-5
1.287729764E2,-2.593810797E0,-9.740917087E-1,4.942124709E-3
1.287930184E2,-2.747889996E0,-2.580742598E0,1.799274683E-1
1.288130614E2,-2.674046040E0,-3.576849937E0,5.954114199E-1
1.288331034E2,-1.469064355E0,-3.713575363E0,1.035250545E0
1.288531454E2,-9.850639850E-3,-1.749883771E0,1.298306465E0
1.288731874E2,-7.481399179E-1,6.896377206E-1,1.419350982E0
1.288932294E2,-2.848932743E0,1.337222576E0,1.428664565E0
1.289132714E2,-3.893245697E0,5.667947531E-1,1.651755571E0
1.289333144E2,-2.752217293E0,1.392322779E0,1.843526244E0
1.289533564E2,-2.027690172E0,2.067512989E0,1.259708643E0
1.289733984E2,-2.584914684E0,2.023321152E0,8.980143070E-1
1.289934404E2,-2.739142179E0,2.309185743E0,9.219829440E-1
1.290134824E2,-2.505549908E0,2.099239826E0,7.964906693E-1
1.290335254E2,-2.306371212E0,1.688704610E0,6.572162509E-1
1.290535674E2,-2.131675005E0,1.660805106E0,5.337645411E-1
1.290736094E2,-1.880404711E0,1.579395294E0,3.088757992E-1
1.290936514E2,-1.511164188E0,1.438928962E0,1.403079480E-1
1.291136934E2,-1.017106056E0,1.022620678E0,-3.002893552E-2
1.291337354E2,-5.626613498E-1,7.473220825E-1,-6.256517023E-2
1.291537784E2,-1.528624594E-1,7.062082887E-1,-1.172360927E-1
1.291738204E2,2.017242014E-1,6.783872247E-1,-1.167432517E-1
1.291938624E2,5.662507415E-1,4.092394114E-1,-2.061206847E-1
1.292139044E2,7.938209176E-1,-1.212058812E-1,-4.330696166E-1
1.292339464E2,5.255356431E-1,-1.269685864E0,-4.837772250E-1
1.292539884E2,1.448236227E0,-9.215384722E-2,-3.410261869E-1
1.292740314E2,2.334631205E0,-5.523431897E-1,-6.605356932E-2
1.292940734E2,2.449730635E0,-2.901271820E0,5.880189538E-1
1.293141154E2,1.389146209E0,-8.037838936E-1,1.288870443E-2
1.293341574E2,2.138970375E0,-7.699643970E-1,-3.306012750E-1
1.293541994E2,2.411883593E0,-1.537623644E0,-5.079426765E-1
1.293742414E2,2.260023355E0,-1.524980187E0,-4.844115376E-1
1.293942844E2,2.211080074E0,-1.391859531E0,-6.135502458E-1
1.294143264E2,1.923920751E0,-1.386225462E0,-6.822585464E-1
1.294343684E2,1.697730303E0,-9.426072240E-1,-6.965412498E-1
1.294544104E2,1.566993713E0,-2.233290523E-1,-6.191043258E-1
1.294744524E2,1.510449409E0,-7.221947610E-2,-5.140109658E-1
1.294944944E2,1.531162381E0,-3.610697687E-1,-4.748277068E-1
1.295145374E2,1.436105251E0,-4.160892665E-1,-5.282653570E-1
1.295345794E2,1.085716367E0,-7.175293285E-3,-6.150385141E-1
1.295546184E2,9.076611996E-1,5.899257064E-1,-5.445002913E-1
1.295746604E2,9.539570808E-1,1.154150367E0,-3.942510784E-1
1.295947024E2,1.014681101E0,9.489489198E-1,-2.677530050E-1
1.296147454E2,9.924349189E-1,-3.978566825E-2,-2.927917242E-2
1.296347874E2,9.419909120E-1,-4.518110156E-1,2.571741641E-1
1.296548294E2,7.439897060E-1,-5.909315944E-1,2.361258864E-1
1.296748714E2,5.891233683E-1,-4.497864246E-1,3.538031504E-2
1.296949134E2,4.970511794E-1,-2.783735693E-1,-1.366911381E-1
1.297149554E2,5.035392046E-1,-2.938058972E-1,-1.119991019E-1
1.297349984E2,4.661878347E-1,-2.435853481E-1,-4.441653192E-2
1.297550404E2,4.147187769E-1,-2.455273569E-1,-8.168739825E-2
1.297750824E2,3.733444214E-1,-2.747149765E-1,-1.402587742E-1
1.297951244E2,3.993249536E-1,-1.698360145E-1,-1.691184193E-1
1.298151664E2,4.620077908E-1,-9.984447062E-2,-2.523692250E-1
1.298352084E2,5.626271367E-1,-3.707081676E-1,-3.282817602E-1
1.298552514E2,7.278643250E-1,-5.530480146E-1,-3.601198494E-1
1.298752934E2,8.492470384E-1,-4.629437923E-1,-4.034965634E-1
1.298953354E2,7.687140107E-1,-3.198303580E-1,-4.592560232E-1
1.299153774E2,5.942295194E-1,-1.643057764E-1,-5.137559772E-1
1.299354194E2,4.052174091E-1,3.660033643E-2,-4.925833941E-1
1.299554624E2,2.293759733E-1,2.833466530E-1,-4.006342888E-1
1.299755044E2,-2.292219549E-1,2.994853556E-1,-3.353095651E-1
1.299955464E2,-7.652105093E-1,9.808022976E-1,-8.384644240E-2
1.300155884E2,-1.397408485E0,1.168079257E0,2.133013308E-1
1.300356304E2,-2.109872341E0,1.447209418E-1,2.109252214E-1
1.300556724E2,-2.561352491E0,-1.417126894E0,1.898111403E-1
1.300757154E2,-2.448785543E0,-2.220280409E0,4.046126008E-1
1.300957574E2,-1.801403522E0,-2.107298613E0,6.001054645E-1
1.301157994E2,-9.254000187E-1,-1.678972125E0,8.702619076E-1
1.301358414E2,-6.362499595E-1,-1.179490447E0,9.990566373E-1
1.301558834E2,-1.132809281E0,-4.690287709E-1,1.000076175E0
1.301759254E2,-1.996615410E0,4.415142834E-1,9.676136971E-1
1.301959684E2,-2.852650404E0,8.798071146E-1,1.115837932E0
1.302160104E2,-2.691463709E0,4.161500335E-1,1.336728096E0
1.302360524E2,-2.016834021E0,4.993428290E-1,1.251371384E0
1.302560944E2,-1.909417748E0,1.113190651E0,1.163075686E0
1.302761364E2,-2.234651566E0,1.215427756E0,1.099785209E0
1.302961794E2,-2.485112190E0,1.512062550E0,1.028448462E0
1.303162214E2,-2.489189386E0,1.755771875E0,8.319016099E-1
1.303362634E2,-2.358722448E0,1.720380664E0,6.592193246E-1
1.303563054E2,-1.960004210E0,1.431048155E0,5.309717655E-1
1.303763474E2,-1.640209198E0,1.046536446E0,6.348649859E-1
1.303963894E2,-1.305287719E0,7.661364675E-1,6.913922429E-1
1.304164324E2,-9.232814312E-1,5.849699974E-1,6.666743755E-1
1.304364744E2,-5.022762418E-1,4.146908820E-1,6.059870124E-1
1.304565164E2,-7.324185967E-2,3.710989654E-1,5.065278411E-1
1.304765584E2,1.469580382E-1,4.018715620E-1,3.917146623E-1
1.304966004E2,2.943992913E-1,5.509086251E-1,2.937166989E-1
1.305166424E2,6.020191312E-1,4.656462073E-1,1.960914731E-1
1.305366854E2,1.002094746E0,2.118859887E-1,-1.227560546E-2
1.305567275E2,1.137931824E0,-1.679150611E-1,-3.864628077E-1
1.305767695E2,1.267372131E0,-2.646977007E-1,-6.488004327E-1
1.305968115E2,1.886379123E0,3.451581895E-1,-3.900392652E-1
1.306168535E2,1.870735526E0,-3.029328287E-1,8.013099432E-2
1.306368955E2,1.732856750E0,-9.527515173E-1,2.160919458E-1
1.306569385E2,1.618824840E0,-3.350036442E-1,1.720107719E-2
1.306769805E2,2.205364704E0,-5.122793913E-1,-2.518291175E-1
1.306970225E2,2.234668016E0,-1.032787085E0,-4.695144892E-1
1.307170645E2,1.971234322E0,-1.233358741E0,-4.825895727E-1
1.307371065E2,2.039470196E0,-1.134824634E0,-4.933955669E-1
1.307571495E2,1.850074530E0,-1.082599878E0,-4.829891920E-1
1.307771915E2,1.477838039E0,-6.982288957E-1,-5.183869004E-1
1.307972335E2,1.238218546E0,-1.418274939E-1,-5.212094188E-1
1.308172755E2,1.235759854E0,-3.237517774E-1,-4.983372986E-1
1.308373175E2,1.349463463E0,-5.693920851E-1,-5.329583287E-1
1.308573595E2,1.431246281E0,-5.909695625E-1,-6.408942938E-1
1.308774025E2,1.197915196E0,-1.233577356E-1,-6.944873929E-1
1.308974445E2,7.847195268E-1,7.988661528E-1,-6.497702003E-1
1.309174865E2,6.865661144E-1,1.167421460E0,-5.100904703E-1
1.309375285E2,9.569482803E-1,5.091438890E-1,-2.919672430E-1
1.309575705E2,1.157013893E0,-2.885885537E-1,-3.483609110E-2
1.309776125E2,1.067270279E0,-4.869428873E-1,8.212392032E-2
1.309976555E2,9.140111208E-1,-6.033972502E-1,6.518846005E-2
1.310176975E2,7.843668461E-1,-5.245730877E-1,-3.661708161E-2
1.310377395E2,6.280458570E-1,-4.107538760E-1,-2.222663909E-1
1.310577815E2,4.577373862E-1,-5.234758258E-1,-2.977425158E-1
1.310778235E2,5.153858066E-1,-7.140157223E-1,-2.104053497E-1
1.310978655E2,6.086301208E-1,-5.984886885E-1,-1.613430977E-1
1.311179085E2,5.693514943E-1,-4.577903748E-1,-1.953426898E-1
1.311379505E2,3.997537196E-1,-3.308118880E-1,-2.328550071E-1
1.311579925E2,3.019046187E-1,-2.075580955E-1,-3.076857328E-1
1.311780345E2,4.389113188E-1,-4.041998982E-1,-3.517273068E-1
1.311980765E2,6.293880343E-1,-6.299166679E-1,-3.737502098E-1
1.312181195E2,7.505706549E-1,-8.350943923E-1,-3.684525490E-1
1.312381615E2,7.160347700E-1,-9.219377637E-1,-5.058255196E-1
1.312582035E2,6.698155403E-1,-5.904613137E-1,-6.861943007E-1
1.312782455E2,3.375304341E-1,-2.428733408E-1,-6.815687418E-1
1.312982875E2,-2.346114516E-1,2.941744924E-1,-5.702954531E-1
1.313183295E2,-6.372974515E-1,9.171584845E-1,-3.374605775E-1
1.313383725E2,-1.070607901E0,9.960524440E-1,-3.403386474E-2
1.313584145E2,-1.403259993E0,4.699174166E-1,3.260590434E-1
1.313784565E2,-1.636613131E0,-5.098711252E-1,5.756932497E-1
1.313984985E2,-1.932874322E0,-1.553369164E0,5.098928213E-1
1.314185405E2,-2.548955917E0,-1.758100986E0,4.940005839E-1
1.314385825E2,-2.850663424E0,-1.143964529E0,6.504349113E-1
1.314586255E2,-1.910028338E0,-7.854878902E-1,7.807567120E-1
1.314786675E2,-8.354524970E-1,-5.061414838E-1,8.806500435E-1
1.314987095E2,-8.867654800E-1,-1.962968111E-1,1.014999390E0
1.315187515E2,-1.579163432E0,-1.334289014E-1,1.247324944E0
1.315387935E2,-2.622904778E0,-1.899441183E-1,1.550128579E0
1.315588367E2,-2.585717440E0,3.271212280E-1,1.672837973E0
1.315788787E2,-1.799820781E0,1.759067655E0,1.446818113E0
1.315989207E2,-1.948398232E0,1.488199830E0,1.430323601E0
1.316189627E2,-2.396502256E0,1.371024251E0,1.390018940E0
1.316390047E2,-2.354076385E0,1.975154042E0,1.045657158E0
1.316590467E2,-2.276198387E0,2.052236080E0,8.397746682E-1
1.316790897E2,-2.093390465E0,1.822019339E0,6.183974743E-1
1.316991317E2,-1.887708664E0,1.704802990E0,4.007399976E-1
1.317191737E2,-1.524409771E0,1.481639624E0,2.677753270E-1
1.317392157E2,-1.016318798E0,1.221785784E0,1.986294091E-1
1.317592577E2,-6.173769832E-1,9.227406979E-1,1.645559520E-1
1.317792997E2,-2.563737929E-1,7.932383418E-1,1.703917980E-1
1.317993427E2,5.402957648E-2,6.718783379E-1,1.300742477E-1
1.318193847E2,3.996300995E-1,5.354121327E-1,9.416937828E-2
1.318394267E2,7.533173561E-1,4.583684802E-1,2.096899971E-2
1.318594687E2,7.816941142E-1,-5.659865960E-2,-1.546656042E-1
1.318795107E2,6.242619157E-1,-7.066190839E-1,-2.971444428E-1
1.318995527E2,8.663423061E-1,-1.583496481E-1,-1.693812013E-1
1.319195957E2,1.508674741E0,4.435659945E-1,-1.969696581E-1
1.319396377E2,1.961041331E0,-1.379688621E0,3.971382380E-1
1.319596797E2,1.560955167E0,-1.174648404E0,2.212564051E-1
1.319797217E2,1.795123696E0,-3.822914958E-1,5.711868871E-3
1.319997637E2,1.899690390E0,-7.314450145E-1,-1.636072397E-1
1.320198067E2,2.024201155E0,-1.175037503E0,-4.891409352E-2
1.320398487E2,1.974179149E0,-1.214220047E0,-1.505623013E-1
1.320598907E2,1.986438870E0,-1.231660366E0,-2.882951200E-1
1.320799327E2,1.773146272E0,-1.290971279E0,-3.945367336E-1
1.320999747E2,1.548497915E0,-1.037155151E0,-5.153633952E-1
1.321200167E2,1.405034423E0,-6.262991428E-1,-5.406902432E-1
1.321400597E2,1.407869220E0,-4.387320578E-1,-5.461691022E-1
1.321601017E2,1.439531207E0,-5.467760563E-1,-6.196756959E-1
1.321801437E2,1.279852271E0,-6.498975754E-1,-6.857540607E-1
1.322001857E2,1.034637809E0,-5.299015641E-1,-7.924817801E-1
1.322202277E2,8.084936142E-1,1.141935959E-1,-8.386405706E-1
1.322402697E2,7.724652290E-1,6.458725333E-1,-7.278401256E-1
1.322603127E2,9.060839415E-1,6.440417171E-1,-4.796240628E-1
1.322803547E2,8.768564463E-1,4.578126967E-1,-2.800306976E-1
1.323003967E2,8.616628647E-1,2.836171091E-1,-1.919102222E-1
1.323204387E2,7.257758975E-1,-6.879975647E-2,-1.379614770E-1
1.323404807E2,7.105663419E-1,-2.832058370E-1,-8.611112088E-2
1.323605237E2,7.501292229E-1,-2.462833077E-1,-1.478294730E-1
1.323805657E2,8.600981832E-1,-1.838519126E-1,-2.410854399E-1
1.324006077E2,7.805608511E-1,-3.049738109E-1,-2.652615607E-1
1.324206497E2,5.612127185E-1,-3.600835204E-1,-2.546799183E-1
1.324406917E2,3.583195210E-1,-2.503343821E-1,-2.150145322E-1
1.324607337E2,3.143970072E-1,-1.339041144E-1,-1.897110492E-1
1.324807767E2,2.976050377E-1,-7.205417007E-2,-2.019988000E-1
1.325008187E2,3.583329320E-1,-2.501232922E-1,-2.690697610E-1
1.325208607E2,5.080444217E-1,-4.607160389E-1,-3.379431069E-1
1.325409022E2,6.309174299E-1,-6.012710333E-1,-3.747730553E-1
1.325609442E2,6.762157083E-1,-6.897538304E-1,-3.642025590E-1
1.325809862E2,5.837581158E-1,-4.411453903E-1,-3.663460612E-1
1.326010292E2,3.433964849E-1,-3.137042820E-1,-4.174532592E-1
1.326210712E2,3.223477677E-2,1.378789395E-1,-5.050656796E-1
1.326411132E2,-4.254559577E-1,6.736349463E-1,-4.006280005E-1
1.326611552E2,-8.502002358E-1,1.135788560E0,-1.953956038E-1
1.326811972E2,-1.286463976E0,9.031395316E-1,1.364399493E-1
1.327012402E2,-1.837516069E0,-3.413429260E-1,3.584677577E-1
1.327212822E2,-2.101653576E0,-1.852064848E0,5.409091115E-1
1.327413242E2,-2.256393671E0,-2.671026230E0,6.397776008E-1
1.327613662E2,-1.950686455E0,-2.151474953E0,6.338791847E-1
1.327814082E2,-1.281540036E0,-5.981365442E-1,5.326378345E-1
1.328014502E2,-1.097381115E0,6.435421109E-1,5.490328074E-1
1.328214932E2,-1.577110171E0,5.700486302E-1,6.936376691E-1
1.328415352E2,-1.976893783E0,-1.383516639E-1,1.072520137E0
1.328615772E2,-1.946492076E0,-4.766967595E-1,1.543870687E0
1.328816192E2,-1.596387506E0,-2.420058940E-3,1.581816673E0
1.329016612E2,-1.463820934E0,6.651681066E-1,1.342740655E0
1.329217032E2,-1.841278672E0,1.127494574E0,1.437055826E0
1.329417462E2,-2.190601826E0,1.563723803E0,1.479665160E0
1.329617882E2,-2.186671734E0,1.578853250E0,1.323277712E0
1.329818302E2,-2.095375776E0,1.377458096E0,1.031219602E0
1.330018722E2,-1.916236401E0,1.513137221E0,8.726402521E-1
1.330219142E2,-1.608241796E0,1.412416935E0,8.058924079E-1
1.330419572E2,-1.370054960E0,1.145437479E0,7.954008579E-1
1.330619992E2,-1.193708062E0,8.539491296E-1,7.251430750E-1
1.330820412E2,-1.001843810E0,7.503287792E-1,6.429092288E-1
1.331020832E2,-8.008797765E-1,8.621993661E-1,5.752894282E-1
1.331221252E2,-4.906314611E-1,8.163387775E-1,4.926530421E-1
1.331421672E2,-1.835545897E-1,6.753662229E-1,3.899133801E-1
1.331622102E2,7.851593196E-2,4.783409238E-1,2.940917909E-1
1.331822522E2,3.053274453E-1,2.695675492E-1,2.450249046E-1
1.332022942E2,5.798295736E-1,1.973211020E-1,1.846261322E-1
1.332223362E2,9.826439023E-1,3.118353486E-1,-1.354287378E-2
1.332423782E2,1.228240013E0,2.009795308E-1,-2.774288952E-1
1.332624202E2,1.158726215E0,-1.503225416E-1,-3.787991405E-1
1.332824632E2,1.588829160E0,2.406947017E-1,-2.707040906E-1
1.333025052E2,1.857201338E0,-1.932201087E-1,5.267013982E-2
1.333225472E2,1.628624439E0,-1.134387493E0,1.243478209E-1
1.333425892E2,1.638604403E0,-5.203140378E-1,8.059547842E-2
1.333626312E2,2.155993938E0,-6.479138732E-1,-1.367013156E-1
1.333826732E2,2.478161335E0,-1.210413098E0,-3.544802666E-1
1.334027162E2,2.199423552E0,-1.452486634E0,-6.014227867E-1
1.334227582E2,1.843579650E0,-1.310789227E0,-7.992541194E-1
1.334428002E2,1.651226640E0,-1.089098454E0,-8.193346262E-1
1.334628422E2,1.583963037E0,-8.172069788E-1,-7.065520883E-1
1.334828842E2,1.378197670E0,-3.116468489E-1,-7.003673911E-1
1.335029272E2,1.258496404E0,-1.604257971E-1,-7.383133173E-1
1.335229692E2,1.238325953E0,-3.194961548E-1,-7.664512396E-1
1.335430119E2,1.061709166E0,-4.824782908E-1,-7.494430542E-1
1.335630539E2,9.385073781E-1,-4.226292968E-1,-6.822658181E-1
1.335830959E2,9.310182333E-1,5.980553851E-2,-5.995263457E-1
1.336031379E2,9.791321158E-1,4.348558784E-1,-4.712301791E-1
1.336231809E2,8.131110072E-1,5.121877789E-1,-3.472523391E-1
1.336432229E2,8.492653370E-1,1.621306539E-1,-2.287976444E-1
1.336632649E2,1.029384732E0,-3.068891466E-1,-4.186417162E-2
1.336833069E2,9.605707526E-1,-4.506485462E-1,6.756448001E-2
1.337033489E2,7.555504441E-1,-3.685500324E-1,-1.953826100E-2
1.337233909E2,6.712362170E-1,-2.139117271E-1,-1.884274483E-1
1.337434339E2,5.770741701E-1,-1.510576010E-1,-2.145233154E-1
1.337634759E2,4.710584283E-1,-4.095201790E-1,-1.513129026E-1
1.337835179E2,4.277935028E-1,-4.804561436E-1,-1.087380052E-1
1.338035599E2,3.184546828E-1,-3.590760827E-1,-1.668964773E-1
1.338236019E2,2.592635155E-1,-3.534620702E-1,-2.186559439E-1
1.338436449E2,2.824968100E-1,-2.886361480E-1,-2.502632439E-1
1.338636869E2,2.922129631E-1,-1.892490089E-1,-2.919968069E-1
1.338837289E2,2.989609540E-1,-2.498184443E-1,-3.388326764E-1
1.339037709E2,3.567572832E-1,-3.141845465E-1,-3.962181211E-1
1.339238129E2,4.405926466E-1,-5.036141276E-1,-4.442916512E-1
1.339438549E2,5.426747799E-1,-7.942240238E-1,-4.893347621E-1
1.339638979E2,6.507552862E-1,-9.369286299E-1,-6.538692713E-1
1.339839399E2,6.757575870E-1,-8.848201632E-1,-8.197811842E-1
1.340039819E2,3.041571081E-1,-4.972248375E-1,-9.106298685E-1
1.340240239E2,-1.638434678E-1,3.528885543E-1,-7.224364877E-1
1.340440659E2,-6.921883821E-1,8.809652925E-1,-3.985978663E-1
1.340641079E2,-1.245811462E0,9.122697115E-1,-5.572488531E-2
1.340841509E2,-1.527886152E0,2.095107734E-1,2.906816602E-1
1.341041929E2,-1.728323340E0,-1.029855371E0,5.348027945E-1
1.341242349E2,-2.031600714E0,-1.851360798E0,7.620291114E-1
1.341442769E2,-2.434897423E0,-1.760546327E0,9.320096970E-1
1.341643189E2,-2.383605480E0,-6.831200719E-1,9.362425208E-1
1.341843619E2,-1.774717689E0,2.188898623E-1,7.637867928E-1
1.342044039E2,-1.226389289E0,7.060891986E-1,6.981531978E-1
1.342244459E2,-1.311849117E0,5.613474846E-1,8.332194090E-1
1.342444879E2,-1.773380637E0,8.016264439E-2,1.003413916E0
1.342645299E2,-2.206552744E0,-5.290719867E-1,1.310101509E0
1.342845719E2,-2.378762960E0,-5.899831057E-1,1.591790199E0
1.343046149E2,-2.046674728E0,6.283934712E-1,1.393842697E0
1.343246569E2,-1.966846466E0,1.429575801E0,1.385581017E0
1.343446989E2,-2.263985634E0,1.524776578E0,1.513022661E0
1.343647409E2,-2.306746244E0,1.470944285E0,1.278538823E0
1.343847829E2,-2.174771786E0,1.342944264E0,9.921519756E-1
1.344048259E2,-2.075193644E0,1.598016858E0,8.473069072E-1
1.344248679E2,-1.950293183E0,1.683175087E0,7.100943923E-1
1.344449099E2,-1.720671535E0,1.479458928E0,5.852828622E-1
1.344649519E2,-1.381068587E0,1.155334592E0,5.468801856E-1
1.344849939E2,-1.073842764E0,1.029749632E0,5.180919766E-1
1.345050359E2,-7.280570269E-1,9.897003770E-1,4.114027023E-1
1.345250789E2,-3.792355359E-1,6.837860942E-1,3.311160505E-1
1.345451206E2,-7.234939188E-2,4.980798364E-1,2.429431230E-1
1.345651626E2,2.065060288E-1,3.960497081E-1,1.358541995E-1
1.345852046E2,4.482397735E-1,3.287835419E-1,5.999218300E-2
1.346052466E2,6.957400441E-1,3.146798313E-1,-3.073493764E-2
1.346252886E2,9.676235914E-1,1.921796948E-1,-1.962702721E-1
1.346453316E2,1.178115368E0,-1.501704752E-1,-4.112590849E-1
1.346653736E2,9.260385633E-1,-4.725639522E-1,-4.581885934E-1
1.346854156E2,1.095188141E0,1.582361460E-1,-7.069373876E-2
1.347054576E2,1.318720698E0,2.977805436E-1,1.629142016E-1
1.347254996E2,1.740079999E0,-8.865661621E-1,5.545393825E-1
1.347455426E2,2.047582626E0,-9.726887345E-1,3.003600240E-1
1.347655846E2,2.562220335E0,-9.458878040E-1,-1.981704310E-2
1.347856266E2,2.496493101E0,-1.418016791E0,-2.239083797E-1
1.348056686E2,2.286287785E0,-1.539769173E0,-2.758417130E-1
1.348257106E2,2.265001059E0,-1.309014559E0,-2.786597908E-1
1.348457526E2,2.104524136E0,-1.304743409E0,-3.362902701E-1
1.348657956E2,1.619927168E0,-1.211029291E0,-5.294501781E-1
1.348858376E2,1.314102769E0,-7.677922845E-1,-8.041969538E-1
1.349058796E2,1.243966341E0,-2.329275161E-1,-9.434294701E-1
1.349259216E2,1.300947547E0,-1.889739484E-1,-9.371684790E-1
1.349459636E2,1.378811717E0,-3.833077252E-1,-8.439522982E-1
1.349660056E2,1.353223324E0,-4.292478263E-1,-7.284986377E-1
1.349860486E2,1.191650510E0,-2.749202251E-1,-6.076731086E-1
1.350060906E2,8.808074594E-1,5.666071177E-2,-4.972428977E-1
1.350261326E2,7.498494983E-1,5.096632838E-1,-4.147174656E-1
1.350461746E2,8.303776383E-1,5.345323682E-1,-3.302008212E-1
1.350662166E2,9.303523898E-1,1.082376465E-1,-1.784231812E-1
1.350862596E2,8.711259365E-1,-1.535817236E-1,-1.395755559E-1
1.351063016E2,7.979788780E-1,-4.558177292E-1,-6.720191985E-2
1.351263436E2,6.951884627E-1,-4.908305407E-1,3.390076011E-2
1.351463856E2,5.270677805E-1,-2.988346219E-1,-8.920622617E-2
1.351664276E2,3.007600307E-1,-3.328732252E-1,-1.505983472E-1
1.351864696E2,2.706805170E-1,-3.906625509E-1,-5.949697644E-2
1.352065126E2,3.071253002E-1,-2.889288962E-1,-7.525464147E-2
1.352265546E2,2.736009955E-1,-2.998880744E-1,-1.305836588E-1
1.352465966E2,2.573162019E-1,-3.746558726E-1,-1.327036321E-1
1.352666386E2,2.313486785E-1,-2.731069624E-1,-1.650868803E-1
1.352866806E2,2.470012158E-1,-1.521233916E-1,-2.578713298E-1
1.353067236E2,3.422572911E-1,-4.979514331E-2,-3.374077082E-1
1.353267656E2,4.336855412E-1,-1.345607340E-1,-4.018698037E-1
1.353468076E2,4.560643435E-1,-4.129509628E-1,-3.903020322E-1
1.353668496E2,4.104931355E-1,-5.290821791E-1,-3.635205626E-1
1.353868916E2,3.229830265E-1,-2.570853531E-1,-3.537295163E-1
1.354069336E2,1.302651465E-1,1.039029136E-1,-3.766269684E-1
1.354269766E2,-7.795211673E-2,4.016463459E-1,-4.287525713E-1
1.354470186E2,-3.108518720E-1,4.271417558E-1,-4.092800319E-1
1.354670606E2,-5.752437115E-1,6.138895154E-1,-1.826991141E-1
1.354871026E2,-8.987824917E-1,4.713281095E-1,1.478607953E-1
1.355071446E2,-1.395457625E0,-2.934926152E-1,4.133915007E-1
1.355271866E2,-1.946596503E0,-1.135795236E0,5.686838627E-1
1.355472301E2,-2.318425179E0,-1.427962422E0,6.988789439E-1
1.355672721E2,-2.067469120E0,-1.293581605E0,7.276808619E-1
1.355873141E2,-1.354057908E0,-1.104312181E0,7.293585539E-1
1.356073561E2,-7.530303597E-1,-6.149398088E-1,7.556493878E-1
1.356273981E2,-7.111833692E-1,-6.631780416E-2,8.830428720E-1
1.356474411E2,-1.312211871E0,-1.053021625E-1,1.116068125E0
1.356674831E2,-2.216402054E0,-3.498837650E-1,1.544923306E0
1.356875251E2,-2.283567429E0,-1.363549381E-1,1.763003945E0
1.357075671E2,-1.533402681E0,6.430245638E-1,1.561351299E0
1.357276091E2,-1.425733566E0,1.287417650E0,1.458724618E0
1.357476511E2,-1.869241834E0,1.169021487E0,1.521703124E0
1.357676941E2,-2.050755024E0,1.160125732E0,1.322279572E0
1.357877361E2,-2.057462931E0,1.322340727E0,1.121594191E0
1.358077781E2,-1.982243776E0,1.605297208E0,1.050589442E0
1.358278201E2,-1.847225904E0,1.568166494E0,9.847309589E-1
1.358478621E2,-1.760627151E0,1.169602156E0,8.786982894E-1
1.358679051E2,-1.582647443E0,9.789876938E-1,7.758697867E-1
1.358879471E2,-1.365805864E0,9.329661131E-1,6.571400762E-1
1.359079891E2,-1.169797778E0,9.482262731E-1,4.821573496E-1
1.359280311E2,-9.140793681E-1,9.686603546E-1,2.810278535E-1
1.359480731E2,-6.596840024E-1,8.362337947E-1,1.811385751E-1
1.359681151E2,-3.693744540E-1,6.013239026E-1,1.629072875E-1
1.359881581E2,-2.392901340E-3,4.350977540E-1,1.843910962E-1
1.360082001E2,2.847107947E-1,3.524901867E-1,1.458448321E-1
1.360282421E2,5.743777156E-1,3.082378209E-1,1.098294482E-1
1.360482841E2,8.533499241E-1,3.079459667E-1,6.318423152E-2
1.360683261E2,1.112515330E0,1.885150522E-1,-8.356469870E-2
1.360883691E2,1.340614080E0,-1.666982770E-1,-3.728084266E-1
1.361084111E2,1.474790573E0,-4.204020798E-1,-6.114159226E-1
1.361284531E2,1.013952851E0,-3.474740684E-2,-3.296500742E-1
1.361484951E2,1.092909932E0,8.019768596E-1,-2.796738148E-1
1.361685371E2,1.686497569E0,7.315781713E-2,-1.604720950E-2
1.361885791E2,1.964397311E0,-1.003143072E0,2.978605777E-2
1.362086221E2,2.369416475E0,-9.460840225E-1,-2.392200977E-1
1.362286641E2,2.365193605E0,-1.331621170E0,-4.406033158E-1
1.362487061E2,2.183058739E0,-1.523231983E0,-5.420760512E-1
1.362687481E2,2.276111603E0,-1.196408868E0,-4.588759840E-1
1.362887901E2,1.974493384E0,-1.196885109E0,-4.080757797E-1
1.363088321E2,1.607132196E0,-1.074639320E0,-5.272030234E-1
1.363288751E2,1.348940015E0,-6.471768618E-1,-6.352778077E-1
1.363489171E2,1.254327536E0,-2.749773264E-1,-6.726614237E-1
1.363689591E2,1.264457941E0,-3.441760242E-1,-6.795367002E-1
1.363890011E2,1.314471006E0,-5.380676985E-1,-7.316770554E-1
1.364090431E2,1.314975500E0,-7.220242620E-1,-8.138139248E-1
1.364290861E2,1.011559844E0,-2.012918741E-1,-8.039256930E-1
1.364491281E2,7.043268085E-1,4.600075483E-1,-7.164583802E-1
1.364691701E2,6.956478357E-1,6.324173212E-1,-5.185874701E-1
1.364892121E2,8.074331284E-1,4.538296461E-1,-3.115513921E-1
1.365092541E2,8.885563612E-1,-1.576794386E-1,-6.373070180E-2
1.365292961E2,8.111653924E-1,-3.810174465E-1,1.607788354E-1
1.365493391E2,7.163548470E-1,-3.191848099E-1,1.713053286E-1
1.365693811E2,6.641782522E-1,-3.385196626E-1,-8.893623203E-2
1.365894231E2,6.092478037E-1,-2.438873351E-1,-1.944482774E-1
1.366094651E2,6.082769632E-1,1.315707713E-2,-2.366165668E-1
1.366295071E2,5.838499665E-1,-8.062970638E-2,-3.129554689E-1
1.366495501E2,4.188511372E-1,-1.755452603E-1,-3.943646252E-1
1.366695921E2,3.263177872E-1,-1.382196397E-1,-3.963730335E-1
1.366896341E2,3.125294447E-1,-2.521204054E-1,-3.831604421E-1
1.367096761E2,3.621817827E-1,-5.771347880E-1,-3.998065889E-1
1.367297181E2,5.385191441E-1,-8.818395138E-1,-5.039098263E-1
1.367497611E2,7.158100009E-1,-6.818243265E-1,-6.265699267E-1
1.367698031E2,7.888979912E-1,-3.246334195E-1,-6.578850746E-1
1.367898451E2,6.810420156E-1,-1.624286622E-1,-6.702678204E-1
1.368098871E2,5.946832895E-1,-2.125509828E-2,-6.485800147E-1
1.368299291E2,4.745474756E-1,4.023251683E-2,-6.556119919E-1
1.368499711E2,2.802228928E-1,-4.617162347E-1,-6.852406263E-1
1.368700141E2,2.345363945E-1,-7.005107999E-1,-6.644546390E-1
1.368900561E2,-7.854410261E-2,-4.159189761E-1,-5.860688090E-1
1.369100981E2,-5.450183749E-1,-2.574400902E-1,-4.772700369E-1
1.369301401E2,-8.815321326E-1,-2.081205100E-1,-2.316914499E-1
1.369501821E2,-1.026895523E0,-3.286198378E-1,7.601374388E-2
1.369702251E2,-1.143259168E0,-6.010622382E-1,4.482474029E-1
1.369902671E2,-1.454760432E0,-7.927643061E-1,8.114829063E-1
1.370103091E2,-1.878424525E0,-1.083187342E0,9.777216315E-1
1.370303511E2,-1.968981504E0,-2.029990673E0,8.263462782E-1
1.370503931E2,-1.467800856E0,-2.504666328E0,4.935768843E-1
1.370704361E2,-1.158423781E0,-1.574521661E0,1.957634538E-1
1.370904781E2,-1.275139928E0,-2.774046659E-1,1.124671777E-3
1.371105201E2,-1.377952814E0,3.049317300E-1,9.845770150E-2
1.371305621E2,-1.361117959E0,8.353421092E-1,9.260305762E-2
1.371506041E2,-1.111117125E0,1.150870562E0,3.163757548E-2
1.371706461E2,-7.080052495E-1,5.520747900E-1,1.430304497E-1
1.371906891E2,-3.742608130E-1,-3.925136030E-1,3.978921771E-1
1.372107311E2,-2.393001765E-1,-5.123800039E-1,4.408102036E-1
1.372307731E2,-2.349701077E-1,-2.572254241E-1,4.240315557E-1
1.372508151E2,-3.186482489E-1,9.067152441E-2,3.230559230E-1
1.372708571E2,-2.807444036E-1,4.405326843E-1,2.596682608E-1
1.372909001E2,-9.305017442E-2,6.575338244E-1,1.806228459E-1
1.373109421E2,1.094097197E-1,6.342812777E-1,1.146396324E-1
1.373309841E2,2.653181553E-1,5.474312305E-1,8.056210726E-2
1.373510261E2,4.205395877E-1,5.216341019E-1,6.009042263E-2
1.373710681E2,5.769170523E-1,4.939821362E-1,9.707210958E-2
1.373911111E2,6.177958846E-1,4.090598524E-1,1.337230802E-1
1.374111531E2,6.082239747E-1,4.066618681E-1,1.077869982E-1
1.374311951E2,6.124698520E-1,6.052355170E-1,6.760725379E-2
1.374512371E2,5.926350355E-1,8.323201537E-1,2.443012223E-2
1.374712791E2,5.510941744E-1,9.689195752E-1,-6.654392928E-5
1.374913211E2,5.506297350E-1,1.124130130E0,-4.780080914E-2
1.375113641E2,5.886288285E-1,8.580447435E-1,-1.298020482E-1
1.375314061E2,5.381943583E-1,4.834814966E-1,-1.906306297E-1
1.375514470E2,3.637024760E-1,1.465420872E-1,-2.326400429E-1
1.375714890E2,2.206188738E-1,-2.346478850E-1,-2.262251377E-1
1.375915310E2,2.350903600E-1,-5.777659416E-1,-2.515459657E-1
1.376115740E2,5.443496108E-1,-3.889709711E-1,-3.251667917E-1
1.376316160E2,7.378895283E-1,-2.819973789E-2,-3.798415065E-1
1.376516580E2,5.636615157E-1,4.279638231E-1,-3.980079889E-1
1.376717000E2,5.178861022E-1,7.453371882E-1,-4.081906974E-1
1.376917420E2,5.060702562E-1,4.163078368E-1,-2.944459915E-1
1.377117850E2,5.358157754E-1,-1.323314011E-1,-1.277009994E-1
1.377318270E2,5.169522762E-1,-2.146722823E-1,-2.513256297E-2
1.377518690E2,4.599199593E-1,-1.251499951E-1,-1.238226891E-2
1.377719110E2,3.223774731E-1,-8.761262894E-2,-5.210446194E-2
1.377919530E2,1.706517339E-1,-6.274317205E-2,-7.473345101E-2
1.378119960E2,4.704130068E-2,-4.162018001E-2,-5.175796524E-2
1.378320380E2,-1.832571626E-2,-5.648969859E-2,-1.729047298E-2
1.378520800E2,-1.562722027E-2,-6.714138389E-2,1.405259036E-2
1.378721220E2,4.873299971E-2,-2.630142868E-2,3.653689101E-2
1.378921640E2,9.388291836E-2,-6.979478057E-3,6.058756262E-2
1.379122070E2,9.677491337E-2,-9.393468499E-3,9.914088994E-2
1.379322490E2,1.004982516E-1,-2.712596394E-2,1.166390702E-1
1.379522910E2,9.132511914E-2,-1.022087038E-2,1.282514930E-1
1.379723330E2,7.437783480E-2,7.609508187E-2,1.215113550E-1
1.379923750E2,4.424783587E-2,1.158662140E-1,9.492300451E-2
1.380124180E2,1.228457317E-2,1.372157335E-1,9.190531075E-2
1.380324600E2,3.717222065E-2,1.610695124E-1,8.075315505E-2
1.380525020E2,3.198984638E-2,1.189421415E-1,6.663763523E-2
1.380725440E2,3.270597011E-2,8.400812745E-2,5.115880817E-2
1.380925860E2,4.257196933E-2,6.810957193E-2,5.852926150E-2
1.381126280E2,7.066894323E-2,5.458881333E-2,6.317295879E-2
1.381326710E2,8.213451505E-2,8.199687302E-2,6.326667219E-2
1.381527130E2,8.687239885E-2,9.957125783E-2,6.257201731E-2
1.381727550E2,8.457097411E-2,1.452709585E-1,5.935373530E-2
1.381927970E2,1.174707934E-1,1.809750050E-1,4.632813483E-2
1.382128390E2,1.436370909E-1,1.445443630E-1,3.633940220E-2
1.382328820E2,1.485447586E-1,9.821788222E-2,3.115182742E-2
1.382529240E2,1.305377185E-1,8.156973869E-2,3.512977436E-2
1.382729660E2,1.064483747E-1,8.626004308E-2,3.640422970E-2
1.382930080E2,1.187638864E-1,9.681154042E-2,4.193921015E-2
1.383130500E2,1.155895442E-1,4.860759154E-2,5.349482596E-2
1.383330930E2,1.060807407E-1,-4.320867360E-2,6.330683827E-2
1.383531350E2,9.783437103E-2,-8.637396991E-2,5.946328118E-2
1.383731770E2,7.988411933E-2,-8.793587983E-2,6.159827113E-2
1.383932190E2,8.462780714E-2,-5.594284460E-2,5.501408875E-2
1.384132610E2,7.616841793E-2,-4.861190915E-3,3.753878921E-2
1.384333040E2,3.950621560E-2,1.461641677E-2,3.430816159E-2
1.384533460E2,3.672669455E-2,1.134141721E-2,3.246071190E-2
1.384733880E2,5.280515924E-2,-2.749972604E-2,3.733728826E-2
1.384934300E2,5.582300574E-2,-3.490440920E-2,4.317438602E-2
1.385134720E2,4.979949072E-2,-1.996019483E-2,4.787218943E-2
1.385335150E2,4.815850034E-2,-1.937561855E-2,4.403466731E-2
1.385535576E2,6.219049543E-2,-3.520123661E-2,4.154057056E-2
1.385735996E2,6.775669754E-2,-7.620129734E-2,3.891141713E-2
1.385936416E2,6.798692793E-2,-8.140978962E-2,3.748159856E-2
1.386136836E2,6.157282367E-2,-5.847817659E-2,2.368013375E-2
1.386337266E2,5.592179671E-2,-4.179688543E-2,1.236414630E-2
1.386537686E2,5.201121047E-2,-4.613411054E-2,6.546203978E-3
1.386738106E2,4.730609059E-2,-7.352947444E-2,1.005328167E-2
1.386938526E2,4.462021962E-2,-7.348996401E-2,1.253500208E-2
1.387138946E2,4.343139380E-2,-4.815456644E-2,7.400287315E-3
1.387339366E2,3.833762184E-2,-5.163983628E-2,1.178127900E-2
1.387539796E2,3.697070479E-2,-4.559115320E-2,1.203821413E-2
1.387740216E2,4.233045131E-2,-3.652217239E-2,1.257540472E-2
1.387940636E2,5.099709705E-2,-4.958831146E-2,1.792715117E-2
1.388141056E2,4.579322040E-2,-3.963257000E-2,1.040403545E-2
1.388341476E2,5.187408254E-2,-4.217010364E-2,1.198144257E-2
1.388541906E2,6.867700815E-2,-6.638957560E-2,1.916639134E-2
1.388742326E2,7.402885705E-2,-8.588691801E-2,2.134969085E-2
1.388942746E2,6.939741969E-2,-1.155833602E-1,2.507174015E-2
1.389143166E2,4.973053932E-2,-1.887410730E-1,2.660901099E-2
1.389343586E2,5.792210996E-2,-2.256993949E-1,4.535914864E-3
1.389544016E2,6.321601570E-2,-2.087367624E-1,-1.728621311E-2
1.389744436E2,4.845740646E-2,-1.868119836E-1,-2.540821955E-2
1.389944856E2,3.229657933E-2,-1.942950934E-1,-2.261203341E-2
1.390145276E2,2.606924064E-2,-1.684767306E-1,-2.048525028E-2
1.390345696E2,2.611820213E-2,-1.444742680E-1,-9.578244761E-3
1.390546126E2,4.150997847E-2,-1.136794984E-1,3.757174127E-3
1.390746546E2,3.499136865E-2,-6.648115069E-2,2.204679651E-3
1.390946966E2,3.348607570E-2,-6.078454852E-2,-3.223721404E-3
1.391147386E2,3.524907306E-2,-3.430705890E-2,-1.048369519E-2
1.391347806E2,2.576684207E-2,7.452871650E-3,-2.388767339E-2
1.391548236E2,1.135413814E-2,2.523184940E-2,-1.817796752E-2
1.391748656E2,1.357097365E-2,4.656339064E-2,-1.468471251E-2
1.391949076E2,4.543902352E-3,4.190456867E-2,-8.841725066E-3
1.392149496E2,-7.301817182E-3,2.723417059E-2,-4.911976401E-3
1.392349916E2,-4.128790926E-3,1.937689818E-2,4.002187401E-3
1.392550346E2,-5.315381102E-3,2.478947118E-2,7.221995387E-3
1.392750766E2,-1.664333045E-2,2.179145068E-2,6.339237094E-3
1.392951186E2,-1.580518112E-2,1.623663679E-2,7.578228600E-3
1.393151606E2,-1.711690612E-2,1.524121314E-2,6.962933578E-3
1.393352026E2,-1.767588407E-2,7.359741256E-3,-4.635684192E-3
1.393552446E2,-8.875765838E-3,1.882318407E-3,9.903998580E-4
1.393752876E2,-4.169393796E-4,6.378587335E-3,-3.728390438E-3
1.393953296E2,-1.852406003E-2,3.014395013E-2,-1.460632309E-2
1.394153716E2,-1.328139566E-2,2.356797643E-2,-1.543713920E-2
1.394354136E2,-4.848591052E-3,3.921399638E-2,-9.099405259E-3
1.394554556E2,-1.576569304E-2,4.890233651E-2,-2.931855153E-3
1.394754986E2,-1.723195612E-2,3.870499134E-2,6.363722496E-3
1.394955406E2,-1.706997305E-2,3.400952742E-2,4.496532492E-3
1.395155826E2,-1.670989767E-2,5.510780588E-2,-1.806714805E-3
1.395356246E2,-1.557466015E-2,5.222101137E-2,-2.282903530E-3
1.395556663E2,-2.416794375E-2,7.655222714E-2,1.266603940E-3
1.395757093E2,-2.327511646E-2,7.542849332E-2,4.030196927E-3
1.395957513E2,-2.332514897E-2,8.531983197E-2,-2.240345348E-4
1.396157933E2,-2.541378699E-2,9.104444087E-2,2.339137485E-3
1.396358353E2,-1.803870685E-2,6.994106621E-2,6.182748824E-3
1.396558773E2,-1.722698472E-2,4.728987440E-2,6.950671785E-3
1.396759203E2,-2.358985506E-2,2.525537834E-2,7.423096336E-3
1.396959623E2,-2.225388959E-2,1.796781085E-2,-2.446143189E-3
1.397160043E2,-2.147197351E-2,1.741009206E-2,-2.414056566E-3
1.397360463E2,-1.272056159E-2,5.151028279E-3,-1.347460318E-3
1.397560883E2,-1.178685203E-2,5.504162982E-5,-3.500436433E-4
1.397761313E2,-1.287795417E-2,-1.256085746E-2,-2.363456413E-3
1.397961733E2,-1.331203245E-2,-6.646859460E-3,-4.095123149E-3
1.398162153E2,-9.458267130E-3,-6.155560259E-3,-5.050730892E-3
1.398362573E2,-7.985001430E-3,9.888743516E-4,-9.153531864E-3
1.398562993E2,-8.077340201E-3,4.473253619E-3,-5.251921248E-3
1.398763423E2,-4.555581138E-3,-1.642402261E-3,-9.748731740E-3
1.398963843E2,-1.275050361E-2,3.736125072E-3,-6.634949706E-3
1.399164263E2,-5.808797665E-3,-2.619855572E-3,-3.732369049E-3
1.399364683E2,-1.391745917E-2,-1.190268807E-2,-8.576424792E-3
1.399565103E2,5.221228115E-3,-2.466555871E-2,-2.206517383E-3
1.399765523E2,5.354840308E-3,-1.282448322E-2,-9.965195786E-4
1.399965953E2,-1.473977417E-2,1.628812775E-2,-1.342868898E-2
1.400166373E2,-6.464086007E-3,-8.034101687E-3,-5.739290733E-3
1.400366793E2,5.525695160E-3,-5.540570244E-2,-3.987890203E-3
1.400567213E2,-1.087583601E-2,-9.210906923E-3,-4.907075316E-3
1.400767633E2,-8.116159588E-3,-1.659785863E-3,-9.871488437E-3
1.400968063E2,-1.340219472E-2,-7.959576324E-4,-6.445251871E-3
1.401168483E2,-4.231474362E-3,6.808340549E-3,-1.056126226E-2
1.401368903E2,-1.240684092E-2,1.362813637E-2,-7.176055107E-3
1.401569323E2,-4.058374092E-3,-3.617109265E-3,-1.169716567E-2
1.401769743E2,-6.353152450E-3,1.856945222E-3,-3.120439360E-3
1.401970173E2,-8.784134407E-4,-2.970376983E-2,1.855022274E-3
1.402170593E2,3.173570149E-3,-4.384347796E-2,-5.628387444E-3
1.402371013E2,-6.608413998E-3,-3.587353602E-2,-4.083139822E-3
1.402571433E2,4.883868154E-3,-3.433740512E-2,-1.685741171E-2
1.402771853E2,1.156878844E-2,-7.547132671E-2,8.326343261E-3
1.402972283E2,9.719562717E-3,-4.343493283E-2,-8.989183232E-3
1.403172703E2,-2.282119356E-3,-2.585280687E-2,-2.016743273E-2
1.403373123E2,6.531827152E-3,-2.062316239E-2,-5.824798718E-3
1.403573543E2,9.580660611E-3,-4.891815037E-2,-5.170173477E-3
1.403773963E2,3.712384729E-3,-2.556116506E-2,-3.087314777E-3
1.403974393E2,-1.046401449E-4,-4.069313407E-2,-1.133624278E-2
1.404174813E2,7.207413204E-3,-5.268574134E-2,-3.049141727E-3
1.404375233E2,-2.098433906E-3,-2.343056165E-2,-7.202981040E-3
1.404575653E2,-3.938720096E-3,-1.999008469E-2,-9.308164939E-3
1.404776073E2,2.318089362E-3,-1.368094794E-2,-7.871118374E-3
1.404976503E2,5.412980914E-3,-2.840998955E-2,-4.409688525E-3
1.405176923E2,-2.003452275E-3,-6.078147143E-2,-2.972600749E-3
1.405377343E2,5.189718679E-3,-5.401716381E-2,2.545685973E-3
1.405577763E2,-5.210745148E-4,-2.696655877E-2,-1.098609809E-2
1.405778183E2,-5.216016434E-4,-4.863459617E-2,-5.993675441E-3
1.405978613E2,-5.144197494E-3,-5.835999548E-2,4.059869330E-3
1.406179033E2,6.362047512E-3,-4.212937504E-2,3.996907268E-3
1.406379453E2,3.656255081E-3,-6.836791988E-3,-4.684463143E-3
1.406579873E2,-6.524801254E-3,-3.083584830E-2,2.714448143E-3
1.406780293E2,4.857320338E-3,-4.694070667E-2,1.303064544E-2
1.406980723E2,6.114979275E-3,-1.658310369E-2,9.564591572E-3
1.407181143E2,-5.306644365E-3,-6.439927965E-4,3.675903659E-3
1.407381563E2,-1.128724776E-2,-3.094465844E-2,8.156295866E-3
1.407581983E2,4.463798366E-3,-5.637275428E-2,9.942233562E-3
1.407782403E2,-4.195579328E-3,-2.702017874E-2,8.700693026E-3
1.407982833E2,-7.719682995E-3,-1.576901414E-4,-5.333959125E-4
1.408183253E2,-8.452970535E-3,-4.058973491E-2,3.798926482E-3
1.408383673E2,-9.548663162E-3,-5.563385785E-2,9.759863839E-3
1.408584093E2,-1.504222210E-2,-7.583266497E-2,9.698201902E-3
1.408784513E2,1.107710134E-2,-5.538622290E-2,1.195168868E-2
1.408984943E2,-2.306979382E-3,-1.828231290E-2,1.249117893E-3
1.409185363E2,1.897069160E-4,-1.134623587E-2,-3.126037773E-4
1.409385783E2,7.175115868E-3,-1.022846065E-2,-2.336025704E-3
1.409586203E2,7.717477158E-3,-1.436745375E-2,-7.901404984E-3
1.409786623E2,1.943983883E-2,-7.531284820E-3,-9.131863713E-3
1.409987043E2,1.322340500E-2,1.923843287E-2,-6.572243758E-3
1.410187473E2,5.168617237E-3,4.667886347E-2,-1.065848395E-2
1.410387893E2,-2.381297993E-3,3.786573187E-2,-8.060677908E-3
1.410588313E2,-1.037886553E-2,7.466753945E-3,-1.124282135E-3
1.410788733E2,-1.543892361E-2,-1.513725147E-5,-7.030556444E-4
1.410989153E2,-1.138831209E-2,-1.393119991E-2,9.247691371E-3
1.411189583E2,-1.113105100E-2,-1.867081039E-3,4.244676791E-3
1.411390003E2,-1.676476933E-2,-8.181627840E-3,1.414549537E-2
1.411590423E2,1.119608246E-2,-5.382476375E-2,2.736371569E-2
1.411790843E2,-9.188927710E-3,3.710062057E-2,3.842428327E-3
1.411991263E2,-1.001032442E-2,7.399911433E-2,-4.400460981E-3
1.412191693E2,-6.779507734E-3,4.606373981E-2,1.840688288E-3
1.412392113E2,-1.023750380E-2,2.798720263E-2,9.813234210E-3
1.412592533E2,-9.568664245E-3,2.805984020E-2,8.179487661E-3
1.412792953E2,-7.205697708E-3,2.586514875E-2,5.286078900E-3
1.412993373E2,-2.018575324E-3,2.053600736E-2,1.199931651E-2
1.413193803E2,2.802137751E-3,-3.867426887E-3,1.980574615E-2
1.413394223E2,8.080800064E-3,-1.709034480E-2,2.243041806E-2
1.413594643E2,5.868292414E-3,-2.071779780E-2,1.094929036E-2
1.413795063E2,-5.753789097E-3,1.453229785E-2,-8.538950235E-3
1.413995483E2,-3.152888967E-3,2.808057889E-2,-1.473863237E-2
1.414195913E2,2.006939985E-2,-1.422641706E-2,1.686832751E-3
1.414396333E2,2.044773847E-2,-3.639914468E-2,1.319475658E-2
1.414596753E2,1.197274402E-2,3.182473406E-2,8.160134777E-3
1.414797173E2,5.909497850E-3,5.560929701E-2,-1.990025863E-3
1.414997593E2,7.809276693E-3,4.791122675E-2,-9.948720224E-3
1.415198023E2,-3.940579481E-4,4.155639559E-2,-1.255515590E-2
1.415398443E2,-1.641221577E-3,2.446611598E-2,-4.341765307E-3
1.415598869E2,-6.825853139E-3,1.344536990E-2,9.705707198E-4
1.415799289E2,-8.802462369E-3,9.062927216E-3,-1.368611818E-3
1.415999709E2,-1.524171419E-2,3.850600868E-2,-7.605937310E-3
1.416200139E2,-3.220867598E-3,4.529212788E-2,-1.166536100E-2
1.416400559E2,7.634307258E-3,2.239867859E-2,7.161753019E-4
1.416600979E2,2.102327067E-3,2.605071850E-2,2.093343530E-3
1.416801399E2,-2.033160068E-3,1.945791580E-2,1.462206128E-3
1.417001819E2,1.058397815E-2,1.909339055E-2,4.082379397E-3
1.417202249E2,3.788827918E-3,2.742263861E-2,-3.413952189E-3
1.417402669E2,5.582602695E-3,3.663063794E-2,6.336974911E-5
1.417603089E2,7.370138774E-4,3.237047791E-2,3.190562362E-3
1.417803509E2,-2.307606861E-3,2.951524965E-2,8.776748553E-3
1.418003929E2,6.471185479E-4,4.379794467E-3,1.265927963E-2
1.418204349E2,3.187152091E-3,1.022907812E-2,9.077055380E-3
1.418404779E2,4.395694472E-3,3.278338909E-2,-9.241795633E-4
1.418605199E2,2.291614888E-3,5.506350473E-2,-1.110630110E-2
1.418805619E2,9.924093261E-3,4.865744710E-2,-1.174422260E-2
1.419006039E2,1.630075462E-2,2.124132216E-2,-9.230595082E-3
1.419206459E2,1.694645360E-2,1.915853098E-2,-8.633885533E-3
1.419406889E2,1.734759659E-2,1.086374745E-2,-6.876386702E-3
1.419607309E2,1.446022931E-2,2.638662793E-2,-9.268347174E-3
1.419807729E2,1.307347976E-2,4.633869510E-3,-8.298108354E-3
1.420008149E2,1.512206253E-2,-1.603744924E-2,-7.534437813E-3
1.420208569E2,1.823920757E-2,2.339583123E-3,-9.329083376E-3
1.420408999E2,2.330089547E-2,1.486949623E-3,-1.646002196E-2
1.420609419E2,2.384501509E-2,1.183022372E-2,-1.633922011E-2
1.420809839E2,1.852242649E-2,1.576501690E-2,-1.263176836E-2
1.421010259E2,1.887317002E-2,1.907210425E-2,-8.760530502E-3
1.421210679E2,1.781284623E-2,1.594109088E-2,-8.443452418E-3
1.421411109E2,1.472849865E-2,7.726745680E-3,-6.535661407E-3
1.421611529E2,1.327793207E-2,-1.987294480E-2,-4.648127127E-3
1.421811949E2,1.591222174E-2,-2.532921918E-2,-6.717646495E-3
1.422012369E2,2.819635905E-3,-1.269115042E-2,-1.280134544E-2
1.422212789E2,1.272974908E-2,-7.486865390E-3,-8.411620744E-3
1.422413219E2,1.658538543E-2,-9.920278564E-3,-2.519380068E-3
1.422613639E2,7.024058141E-3,5.040258169E-3,-6.353294011E-3
1.422814059E2,1.133271866E-2,1.177416882E-3,-2.934343647E-3
1.423014479E2,1.679231785E-2,-1.448736154E-2,2.262124326E-3
1.423214899E2,1.619824581E-2,-4.282256123E-3,-9.385866579E-4
1.423415329E2,6.545398384E-3,-7.742731832E-3,-6.883534603E-3
1.423615749E2,2.605476649E-3,-9.544957429E-3,-1.165455207E-2
1.423816169E2,4.147895612E-3,-1.001298428E-2,-1.074102614E-2
1.424016589E2,7.919004187E-3,-2.453983016E-2,-8.165137842E-3
1.424217009E2,6.156592630E-3,-2.836713195E-2,-2.342918422E-3
1.424417439E2,3.413781989E-3,-1.801025495E-2,-1.617732458E-3
1.424617859E2,1.548650442E-3,-2.854858711E-2,1.051717554E-3
1.424818279E2,2.905713394E-3,-4.723156989E-2,3.449413925E-3
1.425018699E2,2.292022575E-3,-4.041631892E-2,3.750769654E-3
1.425219119E2,-3.276747186E-3,-3.159010038E-2,-3.723260947E-3
1.425419549E2,-2.241267357E-4,-2.996024676E-2,-5.686080083E-3
1.425619965E2,9.327556007E-3,-3.804527968E-2,-3.985775635E-3
1.425820385E2,8.689660579E-3,-3.180621937E-2,-1.990018180E-3
1.426020805E2,7.848153822E-3,-1.697426662E-2,-3.315648763E-3
1.426221225E2,5.858731922E-3,-1.454180013E-2,-4.471427761E-3
1.426421655E2,5.434379447E-3,-2.325031161E-2,-1.859399257E-3
1.426622075E2,2.018635627E-3,-2.289704420E-2,-9.256317280E-4
1.426822495E2,-5.270267371E-3,-2.679117210E-2,-3.709569341E-3
1.427022915E2,6.458510645E-3,-3.304721415E-2,-1.037380192E-3
1.427223335E2,9.387889877E-3,-4.207085073E-2,-2.228201600E-3
1.427423765E2,5.921052070E-4,-2.893399075E-2,-4.119656980E-3
1.427624185E2,6.047267467E-3,-2.074315213E-2,-1.760250423E-3
1.427824605E2,9.491324425E-3,-7.586357184E-3,-5.432595499E-3
1.428025025E2,3.187904600E-3,1.220899867E-3,-4.494705703E-3
1.428225445E2,4.187665880E-3,2.338305814E-3,-2.702008234E-3
1.428425865E2,5.220350809E-3,1.280231774E-2,-2.423707861E-3
1.428626295E2,2.350919647E-3,8.314531296E-3,2.058294602E-3
1.428826715E2,-1.983948983E-3,5.308291409E-3,3.188309958E-3
1.429027135E2,-2.493620850E-3,2.695180243E-3,4.648145754E-3
1.429227555E2,8.461761754E-4,-1.547933090E-3,2.166266553E-3
1.429427975E2,2.200858435E-3,1.303720847E-2,-5.149719305E-3
1.429628405E2,6.621591281E-3,1.203136798E-2,-3.618181683E-3
1.429828825E2,8.037850261E-3,1.623522304E-2,-3.594604321E-3
1.430029245E2,5.881697405E-3,1.845605113E-2,-5.140164867E-4
1.430229665E2,5.787332077E-3,9.653422982E-3,4.124920815E-5
1.430430085E2,7.346471772E-3,3.182760626E-2,-2.956237178E-3
1.430630515E2,2.458119765E-3,3.645890951E-2,-8.652259130E-4
1.430830935E2,-1.100458438E-3,4.414563999E-2,4.150886089E-3
1.431031355E2,-1.458256971E-3,4.619003087E-2,3.834204283E-3
1.431231775E2,5.302558187E-3,5.439545587E-2,-8.832826279E-4
1.431432195E2,1.056368090E-2,6.733257324E-2,-4.329908639E-3
1.431632625E2,5.762716755E-3,8.366350085E-2,-4.008929245E-3
1.431833045E2,3.350028303E-3,9.462066740E-2,-8.049978875E-3
1.432033465E2,1.383925788E-3,9.892192483E-2,-1.118161064E-2
1.432233885E2,2.905807924E-3,9.189707786E-2,-6.241488270E-3
1.432434305E2,1.696330612E-3,7.043135166E-2,-3.139469773E-3
1.432634735E2,-4.652175121E-3,4.516731948E-2,4.826890770E-3
1.432835155E2,-7.415606640E-3,3.893407062E-2,5.541651975E-3
1.433035575E2,-2.240522020E-2,3.888326138E-2,5.694656167E-3
1.433235995E2,-1.008277852E-2,2.940216660E-2,1.048854738E-2
1.433436415E2,9.846277535E-3,6.085897237E-2,-2.397685777E-3
1.433636845E2,-9.951474145E-3,-5.863746628E-2,-5.400807131E-3
1.433837265E2,-2.771134861E-2,4.377971217E-2,3.525757790E-2
1.434037685E2,-7.384390384E-2,-6.559656560E-2,6.019870937E-2
1.434238105E2,1.178306900E-2,2.133855410E-2,-8.649446536E-4
1.434438525E2,-1.878098026E-2,4.404130857E-3,-8.559269831E-3
1.434638955E2,-4.026411101E-3,-4.268065095E-2,-1.062304806E-2
1.434839375E2,-2.613687888E-3,-4.757272080E-2,-9.946819395E-3
1.435039795E2,-1.732039824E-2,-4.621881619E-2,-1.017483603E-2
1.435240215E2,-2.402082458E-2,-7.607729733E-2,8.372763172E-3
1.435440635E2,-1.550243795E-2,-1.031965315E-1,-8.287440054E-3
1.435641065E2,1.025893725E-2,-7.291681319E-2,-1.743945479E-2
1.435841485E2,9.621109813E-3,-7.563483715E-2,-2.641803585E-2
1.436041905E2,-2.235734090E-2,2.212267369E-2,7.637277711E-3
1.436242325E2,-8.302784525E-3,5.820909515E-2,-1.574034430E-2
1.436442745E2,-2.263027243E-2,1.078842431E-1,5.256635137E-3
1.436643175E2,-4.133197293E-2,6.079620868E-2,-6.324705668E-3
1.436843595E2,-5.043511838E-2,4.174148291E-2,3.215958551E-2
1.437044015E2,-7.598726451E-2,-5.692775175E-2,3.057926521E-2
1.437244435E2,-4.356133193E-2,6.737542152E-2,-3.444567323E-2
1.437444855E2,-1.830240153E-2,2.285428941E-1,-7.504363358E-2
1.437645285E2,-7.149249315E-2,1.986878216E-1,-4.474298283E-2
1.437845705E2,-1.570781320E-1,1.337418258E-1,2.103949524E-2
1.438046125E2,-1.685937196E-1,1.541767269E-1,-1.096591167E-2
1.438246545E2,-1.371716112E-1,1.607943624E-1,-2.327411249E-2
1.438446965E2,-7.370282710E-2,1.138619408E-1,5.708286539E-3
1.438647385E2,-5.787052587E-2,-6.076935679E-2,1.032066941E-1
1.438847815E2,-1.039864346E-1,-9.974834323E-2,1.540548801E-1
1.439048235E2,-1.706513613E-1,1.332248561E-2,4.295749217E-2
1.439248655E2,-5.906371772E-2,3.310396373E-1,-2.718868256E-1
1.439449075E2,3.603258170E-3,8.308440447E-1,-2.211145014E-1
1.439649495E2,-3.386265412E-2,1.131205559E0,-1.780757904E-1
1.439849925E2,2.826940268E-2,1.251793981E0,-5.428006127E-2
1.440050345E2,2.049403191E-1,1.101803422E0,9.631469846E-2
1.440250765E2,2.141885459E-1,8.433580995E-1,2.971232235E-1
1.440451185E2,3.772043856E-4,4.571314156E-1,3.665432930E-1
1.440651605E2,-1.260619611E-1,-1.485581994E-1,2.491926849E-1
1.440852035E2,-1.057977155E-1,-4.549524486E-1,1.431662738E-1
1.441052455E2,-7.761858404E-2,-3.798992336E-1,9.505163878E-2
1.441252875E2,-9.170839190E-2,-8.651860058E-2,1.592274904E-1
1.441453295E2,5.989612546E-3,-5.014246702E-2,1.982477009E-1
1.441653715E2,1.655943245E-1,-8.092290163E-2,1.465248913E-1
1.441854145E2,1.653191596E-1,-1.856231987E-1,6.997641921E-2
1.442054565E2,1.298626326E-2,-1.111384183E-1,5.841916800E-2
1.442254985E2,-6.449559238E-3,4.602520540E-2,1.167766675E-1
1.442455405E2,7.834941149E-2,1.235826835E-1,1.586992741E-1
1.442655825E2,8.938934654E-2,1.665034294E-1,1.676381975E-1
1.442856255E2,3.738716245E-1,7.215086371E-2,-2.943120003E-1
1.443056675E2,4.192932248E-1,5.477061272E-1,-1.884656698E-1
1.443257095E2,2.375297993E-1,4.007165134E-1,-2.932280302E-1
1.443457515E2,1.054110080E-1,1.153490245E-1,-1.563854814E-1
1.443657935E2,7.512292266E-2,3.498289585E-1,-3.058099188E-2
1.443858365E2,1.330516338E-1,5.334866643E-1,-5.223586410E-2
1.444058785E2,-4.365710169E-2,4.289837182E-1,2.947065420E-2
1.444259205E2,-8.810399473E-2,2.146168947E-1,1.154491901E-1
1.444459625E2,-3.233793378E-2,7.663903385E-2,1.346767545E-1
1.444660045E2,-5.092672631E-2,1.282616407E-1,9.195146710E-2
1.444860475E2,-1.231754348E-1,1.582168043E-1,-6.798547693E-3
1.445060895E2,-2.132694423E-1,1.078396589E-1,-9.359351546E-2
1.445261315E2,-3.947927058E-1,-3.485882189E-3,-2.296285927E-1
1.445461735E2,-3.485773504E-1,-1.787016690E-1,-4.463857114E-1
1.445662190E2,-3.469276801E-2,-3.553994000E-1,-5.848209858E-1
1.445862620E2,2.311693132E-1,-2.006483674E-1,-3.860791624E-1
1.446063040E2,3.688233495E-1,1.120551303E-1,5.774782896E-1
1.446263460E2,3.825476170E-1,5.398894846E-2,5.805558562E-1
1.446463880E2,2.137054503E-1,-1.436253935E-1,2.680281699E-1
1.446664300E2,-2.033665404E-2,-5.721586943E-1,1.792765558E-1
1.446864730E2,-1.268443018E-1,-7.293997407E-1,8.344644308E-2
1.447065150E2,1.931979880E-2,-3.720030487E-1,-1.680442691E-1
1.447265570E2,-3.984585032E-2,5.626623631E-1,-2.100382745E-1
1.447465990E2,-7.571949810E-2,9.265067577E-1,-1.265477240E-1
1.447666410E2,1.061971113E-2,6.732033491E-1,-5.476972088E-2
1.447866840E2,1.322305650E-1,6.244951487E-1,8.200337738E-2
1.448067260E2,1.630376130E-1,5.596356392E-1,1.863670945E-1
1.448267680E2,1.973539889E-1,3.972989023E-1,1.907699406E-1
1.448468100E2,2.369563878E-1,4.556438625E-1,1.452641487E-1
1.448668520E2,4.843572900E-2,3.090678155E-1,1.809381247E-1
1.448868940E2,-1.669374257E-1,5.456396937E-2,2.003398836E-1
1.449069370E2,-2.462786585E-1,5.227961391E-2,2.151959836E-1
1.449269790E2,-2.866209745E-1,3.196328133E-2,4.058056772E-1
1.449470210E2,-2.855034769E-1,-2.573665082E-1,5.188872814E-1
1.449670630E2,-2.987537384E-1,-3.694301248E-1,4.436576962E-1
1.449871060E2,-5.619334579E-1,-4.284830689E-1,5.211203098E-1
1.450071480E2,-6.481465101E-1,-8.178265095E-1,6.015592217E-1
1.450271900E2,-4.140244722E-1,-1.166898608E0,7.317941785E-1
1.450472320E2,-3.771806955E-1,-1.095296741E0,9.040224552E-1
1.450672740E2,-3.882787824E-1,-1.150709748E0,9.673511982E-1
1.450873170E2,-2.543742359E-1,-1.004959106E0,6.794903874E-1
1.451073590E2,-1.726877242E-1,-4.868934155E-1,5.113691092E-1
1.451274010E2,-1.617561132E-1,-7.525137812E-2,2.889373004E-1
1.451474430E2,-1.184592471E-1,5.041946843E-2,7.125184685E-2
1.451674850E2,-3.287934139E-2,3.725321963E-2,1.591187529E-2
1.451875270E2,-1.019554026E-2,9.812318534E-2,-3.607200831E-2
1.452075700E2,-6.586527079E-2,1.002380997E-1,-1.549624000E-2
1.452276120E2,-1.569247395E-1,-9.680824354E-3,1.695760526E-2
1.452476540E2,-2.178083211E-1,-1.399317682E-1,5.600753427E-2
1.452676960E2,-2.405886054E-1,-3.617900014E-1,2.317237258E-1
1.452877390E2,-2.594074011E-1,-4.517244101E-1,3.566517532E-1
1.453077810E2,-2.961504757E-1,-3.524251580E-1,5.099315047E-1
1.453278230E2,-3.492676318E-1,-4.284257591E-1,7.985585332E-1
1.453478650E2,-5.605050921E-1,-9.045557380E-1,1.930584311E0
1.453679070E2,-6.997755170E-1,-2.065957785E0,5.346981049E0
1.453879500E2,6.271724701E-1,-1.810082674E0,5.569309235E0
1.454079920E2,1.817718893E-1,-5.019661188E-1,1.276401997E0
1.454280340E2,-2.286455780E-1,-2.978711016E-2,-1.512518246E-2
1.454480760E2,1.070749536E-1,-5.376157761E-1,3.330609798E-1
1.454681180E2,1.205430999E-1,-6.828765869E-1,-1.825111806E-1
1.454881610E2,-3.876021504E-2,-7.083249092E-1,-1.524224132E-1
1.455082030E2,-1.575088203E-1,-1.001288772E0,-5.968546122E-2
1.455282450E2,-2.407440543E-1,-1.243012786E0,-7.593121380E-2
1.455482870E2,-3.063924015E-1,-1.314240456E0,-1.839471757E-1
1.455683285E2,-2.731586993E-1,-1.185324192E0,-5.379309505E-2
1.455883715E2,-8.054999262E-2,-6.736708879E-1,4.271284863E-2
1.456084135E2,-5.715898704E-3,-9.983832389E-2,-6.347775459E-2
1.456284555E2,1.904093325E-1,5.439876318E-1,-2.802300453E-1
1.456484975E2,-4.142496735E-2,-2.200120240E-1,-3.758434355E-1
1.456685395E2,-2.053900659E-1,-9.063564539E-1,-3.007993102E-1
1.456885825E2,1.138165779E-2,-8.635956645E-1,-1.804614216E-1
1.457086245E2,-1.291048229E-1,-7.124908566E-1,-7.706056535E-2
1.457286665E2,-8.774098009E-2,-3.469925225E-1,-3.391202167E-2
1.457487085E2,-5.405701697E-2,-1.638425738E-1,-1.756215692E-1
1.457687505E2,7.545045018E-2,1.096831486E-1,-5.109241009E-1
1.457887935E2,1.369397938E-1,3.200137615E-1,-5.728188753E-1
1.458088355E2,5.504280701E-2,3.895959854E-1,-4.807413816E-1
1.458288775E2,-2.960805781E-2,5.415658355E-1,-3.414996266E-1
1.458489195E2,-4.848794639E-2,6.048385501E-1,-5.299255997E-2
1.458689615E2,-1.054313183E-1,4.094870687E-1,2.755448520E-1
1.458890045E2,-2.959401309E-1,-1.003569365E-1,5.004076362E-1
1.459090465E2,-3.048422337E-1,-7.253025770E-1,5.818981528E-1
1.459290885E2,-3.604341745E-1,-1.310902476E0,7.576140761E-1
1.459491305E2,-5.192523003E-1,-1.653568864E0,9.117158055E-1
1.459691725E2,-4.477126002E-1,-1.102303386E0,9.526156783E-1
1.459892155E2,-6.624565125E-1,-5.821074843E-1,7.545332909E-1
1.460092575E2,-6.448169351E-1,1.648084521E-1,6.212924123E-1
1.460292995E2,-1.538097560E-1,1.138670370E-1,5.619608760E-1
1.460493415E2,-1.413732618E-1,7.337033749E-1,5.784321427E-1
1.460693835E2,-7.851648331E-2,4.291527271E-1,2.495847195E-1
1.460894265E2,4.659271240E-2,5.373151302E-1,3.248291910E-1
1.461094685E2,1.837380379E-1,5.232736468E-1,5.373948812E-1
1.461295105E2,1.467731409E-2,4.981776774E-1,8.535017967E-1
1.461495525E2,8.219649643E-2,4.295202792E-1,9.531257749E-1
1.461695945E2,7.628362626E-2,6.243196726E-1,9.549323916E-1
1.461896375E2,2.381283417E-2,7.506558895E-1,5.501430631E-1
1.462096795E2,-1.377443820E-1,9.535225034E-1,3.655978143E-1
1.462297215E2,-2.701831460E-1,1.344554424E0,4.781432748E-1
1.462497635E2,-5.318731666E-1,1.318744421E0,5.116966963E-1
1.462698055E2,-1.755903512E-1,7.804851532E-1,5.413792133E-1
1.462898485E2,7.758518308E-2,6.764419079E-1,4.080351293E-1
1.463098905E2,7.419803180E-3,1.111940861E0,2.661349773E-1
1.463299325E2,-2.796270251E-1,1.562245011E0,3.077740073E-1
1.463499745E2,-6.223223209E-1,1.232185960E0,2.549388111E-1
1.463700165E2,-2.043980062E-1,8.697222471E-1,2.974478342E-2
1.463900595E2,5.961063877E-2,1.172610164E0,-2.717066407E-1
1.464101015E2,-4.373723567E-1,2.320055246E0,-7.056772709E-1
1.464301435E2,-5.903561115E-1,2.504920483E0,-9.346597791E-1
1.464501855E2,-4.136714935E-1,2.267560720E0,-8.978154659E-1
1.464702285E2,4.749405757E-2,1.718095899E0,-8.755290508E-1
1.464902705E2,2.891420722E-1,1.531007171E0,-7.387441993E-1
1.465103125E2,2.059729844E-1,1.667055488E0,-7.631524205E-1
1.465303545E2,-3.358242568E-3,1.945930839E0,-7.911079526E-1
1.465503965E2,-2.491578460E-1,1.642389178E0,-8.857820034E-1
1.465704360E2,-2.972242534E-1,1.529731989E0,-9.739078879E-1
1.465904780E2,-3.741765618E-1,1.325133801E0,-7.664291263E-1
1.466105200E2,-4.701916873E-1,8.323878646E-1,-4.997557104E-1
1.466305620E2,-5.771209598E-1,6.301481724E-1,-4.248733222E-1
1.466506040E2,-6.693301797E-1,8.787372708E-1,-5.155462623E-1
1.466706470E2,-7.636621594E-1,1.062571049E0,-5.416178107E-1
1.466906890E2,-6.880910397E-1,7.391202450E-1,-5.188001394E-1
1.467107310E2,-5.551949143E-1,6.080377698E-1,-4.254106283E-1
1.467307730E2,-5.563368797E-1,5.470343232E-1,-3.781350553E-1
1.467508150E2,-5.223106146E-1,3.113223910E-1,-3.261159956E-1
1.467708580E2,-4.628813863E-1,2.401476204E-1,-2.582218349E-1
1.467909000E2,-5.136135817E-1,3.105690479E-1,-2.579741478E-1
1.468109420E2,-5.792754292E-1,3.240449429E-1,-3.102807105E-1
1.468309840E2,-5.172875524E-1,1.616649181E-1,-2.600901425E-1
1.468510260E2,-4.377219677E-1,3.423481248E-3,-1.256797463E-1
1.468710690E2,-4.082716703E-1,-1.736072451E-1,-2.683458384E-3
1.468911110E2,-3.250622749E-1,-3.118664026E-1,5.001807585E-3
1.469111530E2,-2.391959429E-1,-2.647752464E-1,-3.991524503E-2
1.469311950E2,-1.628593206E-1,-1.851956844E-1,-4.853532091E-2
1.469512370E2,-1.509715915E-1,-3.809872642E-2,-8.506856859E-2
1.469712800E2,-1.695605367E-1,-9.486141801E-2,-7.848556340E-2
1.469913220E2,-1.224634424E-1,-1.838448197E-1,4.055464640E-3
1.470113640E2,-1.566346437E-1,-2.407996058E-1,6.143054366E-2
1.470314060E2,-2.004941553E-1,-1.675290316E-1,6.059616804E-2
1.470514490E2,-1.875461638E-1,-3.748271987E-2,6.028314680E-2
1.470714910E2,-1.353601068E-1,1.260956973E-1,3.268441558E-2
1.470915330E2,-6.193244085E-2,1.356239170E-1,6.372777373E-2
1.471115750E2,1.125790458E-2,1.436847076E-2,1.419772804E-1
1.471316170E2,-2.134960145E-2,-1.109363064E-1,1.741330475E-1
1.471516600E2,-6.089301035E-2,-2.406855114E-2,1.284524351E-1
1.471717020E2,-6.822352111E-2,9.109906852E-2,9.285707027E-2
1.471917440E2,-8.291060477E-2,9.639831632E-2,7.846324146E-2
1.472117860E2,-1.036155522E-1,5.627002567E-2,1.123130396E-1
1.472318280E2,-7.862966508E-2,-3.567993268E-2,1.579064727E-1
1.472518710E2,-2.483878285E-2,-8.420555294E-2,1.508080065E-1
1.472719130E2,1.355006080E-2,7.229077071E-2,9.838822484E-2
1.472919550E2,-1.784217311E-3,1.068778187E-1,7.112841308E-2
1.473119970E2,-4.902697355E-2,1.194997877E-1,5.328540877E-2
1.473320390E2,-3.562266007E-2,8.762395382E-2,5.305317789E-2
1.473520820E2,-3.325467929E-2,1.006255765E-2,9.630145878E-2
1.473721240E2,-4.722404480E-2,-1.037493795E-1,1.553298384E-1
1.473921660E2,-3.664458171E-2,-1.781610548E-1,1.450619102E-1
1.474122080E2,-4.892806411E-1,5.488006473E-1,7.884838432E-2
1.474322510E2,1.503862292E-1,-7.357040793E-2,-1.727226675E-1
1.474522930E2,2.814688981E-1,-2.834728360E-1,-7.741093636E-2