time,seconds_elapsed,y,z,x
1781219384352460500,0.07646044921875,0.35185837745666504,-0.08552113175392151,0.02076941914856434
1781219384362292500,0.08629248046875,0.35185837745666504,-0.08552113175392151,0.02076941914856434
1781219384371794000,0.0957939453125,0.3225368559360504,-0.06475171446800232,-0.02321287989616394
1781219384381295000,0.105295166015625,0.24678955972194672,-0.05864306539297104,-0.09285151958465576
1781219384390866000,0.114865966796875,0.009773843921720982,-0.1661553531885147,0.1661553531885147
1781219384400536800,0.124536865234375,-0.009773843921720982,-0.16004669666290283,0.18936823308467865
1781219384410107600,0.134107666015625,0.0354301854968071,-0.10751228034496307,0.16493362188339233
1781219384419808800,0.143808837890625,0.0354301854968071,-0.10751228034496307,0.16493362188339233
1781219384429649200,0.153649169921875,-0.006108652334660292,-0.07941248267889023,0.12095131725072861
1781219384439581000,0.163580810546875,-0.02932153269648552,-0.06352998316287994,0.10384709388017654
1781219384459783700,0.18378369140625,-0.03420845419168472,-0.03787364438176155,0.11728613078594208
1781219384469885000,0.193885009765625,-0.036651913076639175,-0.019547687843441963,0.13316862285137177
1781219384489996000,0.21399609375,-0.045204028487205505,-0.004886921960860491,0.1563815027475357
1781219384530309600,0.2543095703125,-0.07941248267889023,-0.006108652334660292,0.09040805697441101
1781219384560430600,0.2844306640625,-0.05497787147760391,-0.028099801391363144,0.1160643994808197
1781219384570531800,0.29453173828125,-0.05619960278272629,-0.025656340643763542,0.1319468915462494
1781219384590704000,0.3147041015625,-0.05742133408784866,-0.03787364438176155,0.13561208546161652
1781219384600744200,0.324744140625,-0.05864306539297104,-0.04398229718208313,0.11850785464048386
1781219384610815000,0.33481494140625,-0.06352998316287994,-0.045204028487205505,0.09651670604944229
1781219384620947000,0.344947021484375,-0.0659734457731247,-0.045204028487205505,0.08552113175392151
1781219384631017700,0.355017822265625,-0.06352998316287994,-0.039095375686883926,0.08552113175392151
1781219384641058000,0.36505810546875,-0.04764748737215996,-0.028099801391363144,0.08674286305904388
1781219384651159300,0.3751591796875,-0.02932153269648552,-0.013439035043120384,0.09162978827953339
1781219384661260500,0.385260498046875,-0.036651913076639175,0.00855211354792118,0.10873401165008545
1781219384671331600,0.39533154296875,-0.039095375686883926,0.019547687843441963,0.12461651116609573
1781219384681432800,0.405432861328125,-0.04153883829712868,0.025656340643763542,0.13072516024112701
1781219384701574400,0.425574462890625,-0.051312681287527084,0.042760565876960754,0.1062905490398407
1781219384711675600,0.435675537109375,-0.06108652427792549,0.05375614017248154,0.0806342139840126
1781219384721746400,0.445746337890625,-0.07330382615327835,0.06963863968849182,0.042760565876960754
1781219384731817200,0.455817138671875,-0.08307767659425735,0.08429940044879913,0.006108652334660292
1781219384741918700,0.465918701171875,-0.08429940044879913,0.09529497474431992,-0.01710422709584236
1781219384752020000,0.47602001953125,-0.07330382615327835,0.1014036312699318,-0.025656340643763542
1781219384762121200,0.486121337890625,-0.05497787147760391,0.10995574295520782,-0.01710422709584236
1781219384772192000,0.49619189453125,-0.04153883829712868,0.12217304855585098,0.02076941914856434
1781219384802404400,0.526404296875,-0.051312681287527084,0.09651670604944229,0.10384709388017654
1781219384812536300,0.536536376953125,-0.06475171446800232,0.08674286305904388,0.07819075137376785
1781219384822607000,0.546607177734375,-0.07452555745840073,0.07941248267889023,0.0403171069920063
1781219384832708400,0.556708251953125,-0.07208210229873657,0.07452555745840073,0.00733038317412138
1781219384842840300,0.56684033203125,-0.06841690838336945,0.0757472887635231,-0.00855211354792118
1781219384852911000,0.5769111328125,-0.0708603709936142,0.06841690838336945,-0.004886921960860491
1781219384863012400,0.587012451171875,-0.059864792972803116,0.04764748737215996,0.01466076634824276
1781219384873113600,0.597113525390625,-0.04886921867728233,0.03298672288656235,0.04398229718208313
1781219384883184400,0.607184326171875,-0.042760565876960754,0.021991148591041565,0.07330382615327835
1781219384893286000,0.617285888671875,-0.025656340643763542,0.00855211354792118,0.09896016865968704
1781219384903356700,0.627356689453125,-0.02076941914856434,0,0.12217304855585098
1781219384913427500,0.637427490234375,-0.025656340643763542,-0.006108652334660292,0.13316862285137177
1781219384923498200,0.647498291015625,-0.030543262138962746,-0.013439035043120384,0.13316862285137177
1781219384933599500,0.657599609375,-0.0354301854968071,-0.02076941914856434,0.12828169763088226
1781219384943670300,0.667670166015625,-0.0403171069920063,-0.030543262138962746,0.11728613078594208
1781219384953771500,0.677771484375,-0.03787364438176155,-0.03787364438176155,0.10262536257505417
1781219384963842600,0.687842529296875,-0.04642575979232788,-0.036651913076639175,0.09285151958465576
1781219384983984000,0.707984130859375,-0.04153883829712868,-0.0403171069920063,0.10018189996480942
1781219385004156200,0.72815625,-0.04764748737215996,-0.019547687843441963,0.1466076523065567
1781219385014196500,0.738196533203125,-0.05742133408784866,-0.004886921960860491,0.17470745742321014
1781219385024297700,0.748297607421875,-0.06475171446800232,0.010995574295520782,0.18081611394882202
1781219385034368500,0.758368408203125,-0.08429940044879913,0.03298672288656235,0.15760323405265808
1781219385044408800,0.768408935546875,-0.10384709388017654,0.04764748737215996,0.11484266817569733
1781219385054479600,0.778479736328125,-0.11484266817569733,0.05619960278272629,0.07330382615327835
1781219385064580900,0.788580810546875,-0.1258382350206375,0.06475171446800232,0.05009094998240471
1781219385074651600,0.798651611328125,-0.1319468915462494,0.06963863968849182,0.042760565876960754
1781219385084692000,0.80869189453125,-0.13561208546161652,0.0708603709936142,0.0354301854968071
1781219385094762800,0.8187626953125,-0.1319468915462494,0.06475171446800232,0.021991148591041565
1781219385104803000,0.828802978515625,-0.11972958594560623,0.05742133408784866,0.01466076634824276
1781219385114873900,0.838873779296875,-0.10506882518529892,0.05864306539297104,0.025656340643763542
1781219385124944600,0.848944580078125,-0.09407325088977814,0.06719517707824707,0.04886921867728233
1781219385135015400,0.859015380859375,-0.08429940044879913,0.07941248267889023,0.07941248267889023
1781219385145117000,0.869116943359375,-0.06841690838336945,0.08796459436416626,0.10018189996480942
1781219385155218200,0.87921826171875,-0.05864306539297104,0.11972958594560623,0.059864792972803116
1781219385165319400,0.8893193359375,-0.05864306539297104,0.11972958594560623,0.059864792972803116
1781219385175390200,0.89939013671875,-0.05253441259264946,0.1417207419872284,0.009773843921720982
1781219385185491700,0.90949169921875,-0.04153883829712868,0.16249015927314758,-0.036651913076639175
1781219385195593000,0.919593017578125,-0.03298672288656235,0.17959438264369965,-0.06352998316287994
1781219385205663700,0.929663818359375,0.004886921960860491,0.18936823308467865,-0.05619960278272629
1781219385215734500,0.939734619140625,0.01710422709584236,0.1966986060142517,-0.05375614017248154
1781219385225805300,0.949805419921875,0.030543262138962746,0.21135938167572021,-0.06230825558304787
1781219385245977300,0.969977294921875,0.04642575979232788,0.23579397797584534,-0.09773843735456467
1781219385256078800,0.980078857421875,0.05253441259264946,0.2565633952617645,-0.11484266817569733
1781219385276220400,1.000220458984375,0.051312681287527084,0.31520646810531616,-0.13439035415649414
1781219385286291200,1.010291259765625,0.04886921867728233,0.33719760179519653,-0.15027284622192383
1781219385326696400,1.050696533203125,0.07941248267889023,0.3579670190811157,-0.1661553531885147
1781219385336797700,1.060797607421875,0.08307767659425735,0.3579670190811157,-0.14049901068210602
1781219385346899200,1.070899169921875,0.09040805697441101,0.33597588539123535,-0.1319468915462494
1781219385356970000,1.080969970703125,0.09896016865968704,0.31031954288482666,-0.14049901068210602
1781219385367071200,1.0910712890625,0.1062905490398407,0.29077184200286865,-0.16249015927314758
1781219385377142000,1.10114208984375,0.11239920556545258,0.2675589919090271,-0.19547687470912933
1781219385387243300,1.1112431640625,0.1062905490398407,0.2431243658065796,-0.22357667982578278
1781219385397344800,1.1213447265625,0.10262536257505417,0.21991148591041565,-0.23945917189121246
1781219385417516800,1.141516845703125,0.13561208546161652,0.19303341209888458,-0.2076941877603531
1781219385427587600,1.151587646484375,0.1466076523065567,0.1918116807937622,-0.17470745742321014
1781219385437688800,1.161688720703125,0.15760323405265808,0.18936823308467865,-0.15882496535778046
1781219385447790000,1.1717900390625,0.1661553531885147,0.1869247704744339,-0.16493362188339233
1781219385457891600,1.1818916015625,0.16737708449363708,0.1918116807937622,-0.18325957655906677
1781219385467992800,1.191992919921875,0.1612684279680252,0.2076941877603531,-0.20525072515010834
1781219385478124800,1.202124755859375,0.14782938361167908,0.2370157092809677,-0.23090706765651703
1781219385488256500,1.212256591796875,0.1319468915462494,0.2822197377681732,-0.26145032048225403
1781219385498327300,1.222327392578125,0.11239920556545258,0.33719760179519653,-0.30543261766433716
1781219385508398000,1.232398193359375,0.08307767659425735,0.39584067463874817,-0.3787364661693573
1781219385518468900,1.24246875,0.0403171069920063,0.45814892649650574,-0.485027015209198
1781219385538671600,1.262671630859375,-0.051312681287527084,0.5815436840057373,-0.7709119319915771
1781219385548742400,1.272742431640625,-0.08429940044879913,0.6450737118721008,-0.93095862865448
1781219385558813200,1.282813232421875,-0.10018189996480942,0.7086036801338196,-1.0897835493087769
1781219385568884000,1.292884033203125,-0.10873401165008545,0.7684684991836548,-1.2400563955307007
1781219385578985200,1.302985107421875,-0.10751228034496307,0.8552113175392151,-1.3341296911239624
1781219385589086500,1.31308642578125,-0.07819075137376785,0.9480628371238708,-1.3536773920059204
1781219385599157500,1.323157470703125,-0.042760565876960754,1.017701506614685,-1.3536773920059204
1781219385609258800,1.3332587890625,0.0012217304902151227,1.0812314748764038,-1.3561208248138428
1781219385619329500,1.34332958984375,0.05864306539297104,1.1386528015136719,-1.3866641521453857
1781219385644537000,1.368537109375,0.1514945775270462,1.2583824396133423,-1.6175711154937744
1781219385659673900,1.383673828125,0.2272418737411499,1.359786033630371,-2.004859685897827
1781219385669744600,1.39374462890625,0.2577851414680481,1.4062118530273438,-2.1893410682678223
1781219385679784700,1.40378466796875,0.2871066629886627,1.4599679708480835,-2.348165988922119
1781219385689886200,1.41388623046875,0.3225368559360504,1.5076154470443726,-2.487443208694458
1781219385699987500,1.423987548828125,0.3579670190811157,1.5515977144241333,-2.604729413986206
1781219385710058200,1.434058349609375,0.3640756905078888,1.6090190410614014,-2.6780333518981934
1781219385730261000,1.454260986328125,0.3188716471195221,1.7324138879776,-2.6841418743133545
1781219385740362200,1.4643623046875,0.2919935882091522,1.7739527225494385,-2.6169466972351074
1781219385750433000,1.47443310546875,0.2626720666885376,1.813048005104065,-2.5106561183929443
1781219385760564700,1.484564697265625,0.23945917189121246,1.8484781980514526,-2.394591808319092
1781219385770635800,1.4946357421875,0.2321287989616394,1.872912883758545,-2.289522886276245
1781219385780767500,1.504767578125,0.2480112910270691,1.919338583946228,-2.135584831237793
1781219385790899500,1.5148994140625,0.25045475363731384,1.9462167024612427,-2.12703275680542
1781219385801031200,1.52503125,0.2431243658065796,1.95965576171875,-2.1844542026519775
1781219385811102000,1.53510205078125,0.22479841113090515,1.958433985710144,-2.2821924686431885
1781219385841467000,1.565466796875,0.08429940044879913,1.880243182182312,-2.439795732498169
1781219385851568400,1.575568359375,0.04642575979232788,1.8496999740600586,-2.400700330734253
1781219385861669600,1.585669677734375,0.025656340643763542,1.8081611394882202,-2.3457224369049072
1781219385871771000,1.59577099609375,0.006108652334660292,1.7556266784667969,-2.2883012294769287
1781219385881841700,1.605841552734375,-0.013439035043120384,1.6982053518295288,-2.2321016788482666
1781219385891973600,1.6159736328125,-0.025656340643763542,1.6407840251922607,-2.1868975162506104
1781219385902075000,1.626074951171875,-0.02932153269648552,1.585806131362915,-2.1587977409362793
1781219385912176000,1.636176025390625,-0.03176499158143997,1.5332717895507812,-2.155132532119751
1781219385922308000,1.64630810546875,-0.05009094998240471,1.4831807613372803,-2.183232307434082
1781219385942510600,1.666510498046875,-0.10506882518529892,1.380555510520935,-2.3188445568084717
1781219385952612000,1.676612060546875,-0.13561208546161652,1.320690631866455,-2.4080307483673096
1781219385972845000,1.696844970703125,-0.19914206862449646,1.1899654865264893,-2.5925121307373047
1781219385982946600,1.706946533203125,-0.22357667982578278,1.1239920854568481,-2.6535985469818115
1781219385993047800,1.7170478515625,-0.23457226157188416,1.0653489828109741,-2.646268129348755
1781219386003149000,1.727149169921875,-0.24434609711170197,1.0201449394226074,-2.5644123554229736
1781219386013250300,1.737250244140625,-0.2528982162475586,0.988379955291748,-2.428800106048584
1781219386023351800,1.747351806640625,-0.25534167885780334,0.9615018963813782,-2.2675318717956543
1781219386063757000,1.787757080078125,-0.3530801236629486,0.8735373020172119,-1.8093829154968262
1781219386073858300,1.7978583984375,-0.3885102868080139,0.8454375267028809,-1.7482963800430298
1781219386083959600,1.80795947265625,-0.4190535545349121,0.8161159753799438,-1.6908750534057617
1781219386094061000,1.81806103515625,-0.4349360466003418,0.7867944240570068,-1.6297885179519653
1781219386104162300,1.828162353515625,-0.44593164324760437,0.7538077235221863,-1.5320500135421753
1781219386114263600,1.838263671875,-0.4508185386657715,0.7244861721992493,-1.4074335098266602
1781219386134466300,1.85846630859375,-0.40072759985923767,0.6487388610839844,-1.1557570695877075
1781219386154668800,1.878668701171875,-0.2871066629886627,0.5937610268592834,-1.0726794004440308
1781219386164770300,1.888770263671875,-0.22968533635139465,0.5778785347938538,-1.0592403411865234
1781219386174871600,1.89887158203125,-0.16737708449363708,0.5522221922874451,-1.026253581047058
1781219386184942300,1.9089423828125,-0.09773843735456467,0.5253441333770752,-0.9847147464752197
1781219386195013000,1.91901318359375,-0.02687807008624077,0.5143485069274902,-0.9236282706260681
1781219386205114400,1.9291142578125,0.0354301854968071,0.5167919993400574,-0.8148942589759827
1781219386215215600,1.939215576171875,0.10262536257505417,0.5314527750015259,-0.6548475623130798
1781219386225286700,1.94928662109375,0.16982053220272064,0.5607742667198181,-0.455705463886261
1781219386235357400,1.959357421875,0.22479841113090515,0.588874101638794,-0.22479841113090515
1781219386245428200,1.96942822265625,0.2724458873271942,0.6035348773002625,0.006108652334660292
1781219386255529500,1.979529541015625,0.3078760802745819,0.6059783101081848,0.25045475363731384
1781219386265600300,1.989600341796875,0.32131510972976685,0.588874101638794,0.5167919993400574
1781219386275671000,1.999671142578125,0.31642818450927734,0.5497786998748779,0.8148942589759827
1781219386285772300,2.009772216796875,0.3274237811565399,0.49235737323760986,1.1032226085662842
1781219386295873800,2.019873779296875,0.3677408695220947,0.4300491213798523,1.291369080543518
1781219386326086100,2.050086181640625,0.41661009192466736,0.2638937830924988,1.1313223838806152
1781219386356359400,2.080359375,0.28466320037841797,0.17470745742321014,0.6536257863044739
1781219386366430500,2.090430419921875,0.24434609711170197,0.14049901068210602,0.50335294008255
1781219386376531700,2.10053173828125,0.19425514340400696,0.10873401165008545,0.3543018400669098
1781219386386602500,2.1106025390625,0.1612684279680252,0.08307767659425735,0.22846360504627228
1781219386396703700,2.120703857421875,0.13927727937698364,0.06841690838336945,0.12461651116609573
1781219386406774500,2.1307744140625,0.12339477986097336,0.06475171446800232,0.04642575979232788
1781219386416875800,2.140875732421875,0.10751228034496307,0.06963863968849182,0.012217304669320583
1781219386477331200,2.201331298828125,0.13927727937698364,0.2125810980796814,0.13072516024112701
1781219386527746300,2.251746337890625,0.02321287989616394,0.34574973583221436,-0.1258382350206375
1781219386578130700,2.302130615234375,0.025656340643763542,0.4789183437824249,0.2590068578720093
1781219386598272300,2.322272216796875,0.018325956538319588,0.45326200127601624,0.21624629199504852
1781219386608373800,2.332373779296875,-0.028099801391363144,0.3689626157283783,-0.12217304855585098
1781219386658788900,2.382788818359375,-0.06719517707824707,0.2822197377681732,-0.394618958234787
1781219386668859600,2.392859619140625,-0.09529497474431992,0.2675589919090271,-0.5913175344467163
1781219386729314800,2.453314697265625,-0.12950342893600464,0.13072516024112701,-0.9773843884468079
1781219386759527200,2.483527099609375,-0.08185594528913498,0.039095375686883926,-0.5546656250953674
1781219386779699500,2.503699462890625,-0.04642575979232788,-0.021991148591041565,-0.5925393104553223
1781219386789739800,2.51373974609375,-0.0708603709936142,-0.04153883829712868,-0.7134906053543091
1781219386809881300,2.53388134765625,-0.08552113175392151,-0.009773843921720982,-0.7037167549133301
1781219386819982600,2.543982666015625,-0.04886921867728233,0,-0.5314527750015259
1781219386830053400,2.554053466796875,-0.010995574295520782,0.004886921960860491,-0.35063666105270386
1781219386840124200,2.564124267578125,0.025656340643763542,0.015882495790719986,-0.2577851414680481
1781219386850195000,2.57419482421875,0.02076941914856434,0.01466076634824276,-0.19058994948863983
1781219386860265700,2.584265625,0.006108652334660292,0.03787364438176155,-0.0354301854968071
1781219386870336500,2.59433642578125,0.03176499158143997,0.08674286305904388,0.18325957655906677
1781219386880407300,2.6044072265625,0.024434609338641167,0.1368338167667389,0.4129449129104614
1781219386890478000,2.61447802734375,-0.01466076634824276,0.1722639948129654,0.4789183437824249
1781219386900518400,2.624518310546875,-0.04886921867728233,0.19914206862449646,0.31031954288482666
1781219386910589200,2.634589111328125,-0.09040805697441101,0.20525072515010834,0.06352998316287994
1781219386930792000,2.6547919921875,-0.14905111491680145,0.16982053220272064,-0.02687807008624077
1781219386940832300,2.664832275390625,-0.12461651116609573,0.14782938361167908,0.09407325088977814
1781219386950933500,2.67493359375,-0.10506882518529892,0.1368338167667389,0.15027284622192383
1781219386961004300,2.68500439453125,-0.12339477986097336,0.12461651116609573,0.06352998316287994
1781219386971044600,2.695044677734375,-0.14049901068210602,0.09529497474431992,-0.05009094998240471
1781219386981115400,2.705115478515625,-0.08307767659425735,0.07819075137376785,-0.0708603709936142
1781219386991186200,2.715186279296875,-0.0012217304902151227,0.1014036312699318,0.03298672288656235
1781219387001226500,2.7252265625,0.045204028487205505,0.1417207419872284,0.1966986060142517
1781219387021368000,2.7453681640625,0.16493362188339233,0.13439035415649414,0.44226643443107605
1781219387031469300,2.75546923828125,0.20525072515010834,0.10873401165008545,0.5216789245605469
1781219387041570800,2.76557080078125,0.2431243658065796,0.10506882518529892,0.5839871764183044
1781219387051641600,2.7756416015625,0.26633724570274353,0.12461651116609573,0.5021312236785889
1781219387061712400,2.78571240234375,0.1014036312699318,0.08185594528913498,0.06475171446800232
1781219387071813600,2.795813720703125,-0.08674286305904388,0.04886921867728233,-0.4190535545349121
1781219387081915000,2.805914794921875,-0.1270599663257599,0.13561208546161652,-0.46670106053352356
1781219387092016400,2.816016357421875,-0.06230825558304787,0.2822197377681732,-0.42760565876960754
1781219387102117600,2.82611767578125,-0.1368338167667389,0.21135938167572021,-0.6475171446800232
1781219387112188400,2.8361884765625,-0.31154128909111023,0.024434609338641167,-0.856433093547821
1781219387122228700,2.846228759765625,-0.4043927788734436,0.004886921960860491,-0.9199630618095398
1781219387142400800,2.86640087890625,-0.3738495409488678,0.11972958594560623,-1.1374311447143555
1781219387152471600,2.876471435546875,-0.3897320330142975,0.16371189057826996,-1.330464482307434
1781219387162572800,2.88657275390625,-0.3433062732219696,0.26511552929878235,-1.4599679708480835
1781219387172643800,2.896643798828125,-0.32986724376678467,0.28466320037841797,-1.5833626985549927
1781219387182714600,2.906714599609375,-0.37751471996307373,0.19792033731937408,-1.7544050216674805
1781219387192785400,2.916785400390625,-0.37262779474258423,0.07819075137376785,-1.9132299423217773
1781219387202886700,2.92688671875,-0.32131510972976685,0.042760565876960754,-1.9694294929504395
1781219387223089200,2.947089111328125,-0.13927727937698364,0.06230825558304787,-1.5552629232406616
1781219387233160200,2.95716015625,-0.04398229718208313,0,-1.1142182350158691
1781219387263433500,2.98743359375,-0.09651670604944229,0.00366519158706069,-0.6866125464439392
1781219387273504300,2.997504150390625,-0.1270599663257599,-0.03420845419168472,-0.5351179838180542
1781219387354193000,3.07819287109375,-0.27000242471694946,0.18081611394882202,-0.9150761365890503
1781219387374303700,3.0983037109375,-0.1111774742603302,0.20525072515010834,-0.42149701714515686
1781219387384374800,3.108374755859375,-0.08552113175392151,0.21624629199504852,-0.11484266817569733
1781219387394445600,3.118445556640625,-0.1270599663257599,0.19914206862449646,0.009773843921720982
1781219387404516400,3.128516357421875,-0.10873401165008545,0.21135938167572021,-0.08796459436416626
1781219387414617600,3.13861767578125,-0.12950342893600464,0.21624629199504852,-0.3323107063770294
1781219387424658000,3.148657958984375,-0.2382374405860901,0.37262779474258423,-0.9590584635734558
1781219387434698200,3.1586982421875,-0.39584067463874817,0.38606682419776917,-1.243721604347229
1781219387464971500,3.188971435546875,0.05497787147760391,0.04886921867728233,0.1771509200334549
1781219387475073000,3.199072998046875,0.1368338167667389,-0.004886921960860491,0.797789990901947
1781219387485143800,3.209143798828125,0.05864306539297104,0.22357667982578278,0.7318165898323059
1781219387495214600,3.219214599609375,-0.006108652334660292,0.33719760179519653,0.3445279896259308
1781219387505285400,3.229285400390625,0.04153883829712868,0.19792033731937408,0.4129449129104614
1781219387515325700,3.23932568359375,0.15393804013729095,0.07696902006864548,0.8319984674453735
1781219387525396500,3.249396484375,0.18814650177955627,0.06719517707824707,0.9773843884468079
1781219387535467300,3.25946728515625,0.1966986060142517,0.06841690838336945,0.7305948138237
1781219387555608800,3.27960888671875,0.15393804013729095,0.012217304669320583,0.15027284622192383
1781219387565679600,3.2896796875,0.09773843735456467,0.04398229718208313,0.09285151958465576
1781219387575780900,3.29978076171875,0.04153883829712868,0.06108652427792549,0.09896016865968704
1781219387585882400,3.30988232421875,0.024434609338641167,0.019547687843441963,0.2223549485206604
1781219387595953200,3.319953125,0.07941248267889023,-0.00733038317412138,0.3689626157283783
1781219387606024000,3.33002392578125,0.10873401165008545,0.02687807008624077,0.32131510972976685
1781219387626196000,3.350196044921875,-0.04398229718208313,0.09529497474431992,-0.3237585723400116
1781219387636266800,3.360266845703125,-0.11972958594560623,0.1014036312699318,-0.45204028487205505
1781219387646307000,3.37030712890625,-0.12828169763088226,0.09651670604944229,-0.3885102868080139
1781219387656408300,3.380408203125,-0.07330382615327835,0.04642575979232788,-0.13439035415649414
1781219387666479000,3.39047900390625,0.012217304669320583,-0.00855211354792118,0.16982053220272064
1781219387676550000,3.4005498046875,0.05619960278272629,-0.04153883829712868,0.26145032048225403
1781219387686620700,3.41062060546875,0.0659734457731247,-0.05497787147760391,0.07696902006864548
1781219387726965000,3.450965087890625,-0.18448130786418915,-0.03787364438176155,-0.4764748811721802
1781219387797491200,3.5214912109375,-0.1722639948129654,-0.004886921960860491,-0.44104471802711487
1781219387807592400,3.531592529296875,-0.11728613078594208,-0.036651913076639175,-0.24190263450145721
1781219387817663200,3.541663330078125,-0.07330382615327835,-0.06230825558304787,-0.17959438264369965
1781219387827764500,3.551764404296875,-0.09162978827953339,-0.08429940044879913,-0.26022860407829285
1781219387837835300,3.561835205078125,-0.1563815027475357,-0.10384709388017654,-0.4141666293144226
1781219387847906000,3.571906005859375,-0.21013765037059784,-0.11972958594560623,-0.5021312236785889
1781219387858007600,3.582007568359375,-0.22357667982578278,-0.14782938361167908,-0.4899139404296875
1781219387868078300,3.592078369140625,-0.2064724564552307,-0.18570303916931152,-0.44715335965156555
1781219387888250400,3.61225048828125,-0.19547687470912933,-0.24678955972194672,-0.4508185386657715
1781219387898321200,3.622321044921875,-0.16249015927314758,-0.2773328125476837,-0.4239404797554016
1781219387908422400,3.63242236328125,-0.13072516024112701,-0.3017674386501312,-0.33108896017074585
1781219387938665500,3.66266552734375,-0.12950342893600464,-0.42760565876960754,-0.3127630054950714
1781219387958807000,3.68280712890625,-0.07696902006864548,-0.5900958180427551,-0.1869247704744339
1781219387968908300,3.692908203125,-0.10873401165008545,-0.656069278717041,-0.19425514340400696
1781219387979009800,3.703009765625,-0.14782938361167908,-0.7232644557952881,-0.22846360504627228
1781219387989080600,3.71308056640625,-0.17104226350784302,-0.8136724829673767,-0.25534167885780334
1781219387999181800,3.723181884765625,-0.1417207419872284,-0.8967501521110535,-0.21502456068992615
1781219388009283000,3.733282958984375,-0.05742133408784866,-0.9639453291893005,-0.0659734457731247
1781219388019353900,3.743353759765625,-0.009773843921720982,-1.0335839986801147,0.05864306539297104
1781219388029424600,3.753424560546875,-0.045204028487205505,-1.1056660413742065,0.04886921867728233
1781219388039526100,3.763526123046875,-0.14538592100143433,-1.1789699792861938,-0.1062905490398407
1781219388049627400,3.77362744140625,-0.19303341209888458,-1.2522737979888916,-0.21380282938480377
1781219388069830000,3.793829833984375,-0.15882496535778046,-1.3903292417526245,0.1062905490398407
1781219388079961900,3.8039619140625,-0.21624629199504852,-1.3854423761367798,0.15027284622192383
1781219388090063000,3.81406298828125,-0.2590068578720093,-1.3915510177612305,0.09896016865968704
1781219388110265900,3.834265869140625,-0.3384193480014801,-1.4147639274597168,-0.06841690838336945
1781219388130468400,3.85446826171875,-0.3591887652873993,-1.3756685256958008,-0.11728613078594208
1781219388140569900,3.86456982421875,-0.37751471996307373,-1.3536773920059204,-0.3237585723400116
1781219388150671000,3.874671142578125,-0.3897320330142975,-1.312138557434082,-0.5656611919403076
1781219388160772400,3.8847724609375,-0.40072759985923767,-1.2424999475479126,-0.7073819637298584
1781219388170873600,3.89487353515625,-0.3995058834552765,-1.1447614431381226,-0.675616979598999
1781219388180975000,3.90497509765625,-0.3738495409488678,-1.0238101482391357,-0.5412266254425049
1781219388191076400,3.915076416015625,-0.37140607833862305,-0.8784242272377014,-0.3995058834552765
1781219388201147100,3.925147216796875,-0.38728857040405273,-0.6988298296928406,-0.3323107063770294
1781219388211248400,3.935248291015625,-0.4105014503002167,-0.5290092825889587,-0.4178318381309509
1781219388221350000,3.945349853515625,-0.38240164518356323,-0.39584067463874817,-0.5510004758834839
1781219388231451100,3.955451171875,-0.3323107063770294,-0.2480112910270691,-0.6585127115249634
1781219388241552400,3.965552490234375,-0.294437050819397,-0.09285151958465576,-0.8038986921310425
1781219388261755100,3.985755126953125,-0.3433062732219696,0.2834414839744568,-0.911410927772522
1781219388342596000,4.06659619140625,-0.44837507605552673,1.890017032623291,-1.8374826908111572
1781219388352697300,4.076697265625,-0.48380526900291443,1.948660135269165,-1.7348573207855225
1781219388362798800,4.086798828125,-0.5534439086914062,1.966986060142517,-1.4489723443984985
1781219388423406600,4.147406494140625,0.24556782841682434,1.5112806558609009,1.9620991945266724
1781219388463811800,4.187811767578125,1.0323622226715088,1.1142182350158691,1.0348057746887207
1781219388524267300,4.248267333984375,2.0622811317443848,-0.04642575979232788,-0.5290092825889587
1781219388614996000,4.338995849609375,-1.2229522466659546,-0.27611109614372253,-3.3231070041656494
1781219388645269500,4.36926953125,-0.45326200127601624,-1.8851301670074463,-3.6395351886749268
1781219388655309800,4.379309814453125,-0.04642575979232788,-1.7690657377243042,-0.11972958594560623
1781219388736028700,4.460028564453125,0.5400048494338989,-1.5711454153060913,-1.6957619190216064
1781219388746069000,4.470069091796875,0.5167919993400574,-1.5943583250045776,-1.0299187898635864
1781219388826666000,4.550666015625,0.3604104816913605,-0.9896016716957092,0.9248499870300293
1781219388856878300,4.58087841796875,0.4153883755207062,-0.5717698931694031,0.836885392665863
1781219388866949000,4.59094921875,0.3433062732219696,-0.43737950921058655,1.086118459701538
1781219388876989400,4.600989501953125,0.2871066629886627,-0.34574973583221436,0.8820894360542297
1781219388887029800,4.61102978515625,0.16249015927314758,-0.35552358627319336,0.7012733221054077
1781219388927282400,4.651282470703125,-0.2736676335334778,0.04764748737215996,0.43127086758613586
1781219388937353200,4.661353271484375,-0.2822197377681732,0.07696902006864548,0.7929030656814575
1781219388987615700,4.71161572265625,-0.4202753007411957,0.39217549562454224,-0.6035348773002625
1781219389017828000,4.741828125,-0.375071257352829,0.4605923891067505,0.6291912198066711
1781219389027929300,4.751929443359375,-0.3787364661693573,0.3029891550540924,0.7819074988365173
1781219389038000000,4.762000244140625,-0.3078760802745819,0.26511552929878235,0.45814892649650574
1781219389058172200,4.782172119140625,-0.39095374941825867,0.6609562039375305,0.05009094998240471
1781219389078252800,4.802252685546875,-0.42149701714515686,0.7269296646118164,0.04153883829712868
1781219389088323600,4.812323486328125,-0.34208452701568604,0.7342600226402283,0.38117989897727966
1781219389098394400,4.822394287109375,-0.2834414839744568,0.6524040699005127,0.4740314185619354
1781219389108465200,4.832465087890625,-0.2638937830924988,0.636521577835083,0.39584067463874817
1781219389118536000,4.842535888671875,-0.37751471996307373,0.7195992469787598,0.3237585723400116
1781219389128607000,4.85260693359375,-0.5485569834709167,0.7171558141708374,0.33475416898727417
1781219389138677800,4.862677734375,-0.6572909951210022,0.6536257863044739,0.513126790523529
1781219389148779000,4.872779052734375,-0.6438519954681396,0.5998696684837341,0.6230825781822205
1781219389209142800,4.933142822265625,-0.3701843321323395,0.7476990818977356,0.16982053220272064
1781219389219183000,4.94318310546875,-0.37629300355911255,0.7342600226402283,0.40072759985923767
1781219389229254000,4.95325390625,-0.28588494658470154,0.6914994716644287,0.5974262356758118
1781219389239355100,4.963355224609375,-0.18325957655906677,0.626747727394104,0.7098253965377808
1781219389259558000,4.983557861328125,-0.11728613078594208,0.5534439086914062,0.6438519954681396
1781219389279699500,5.003699462890625,-0.21135938167572021,0.5778785347938538,0.38117989897727966
1781219389289770200,5.013770263671875,-0.2125810980796814,0.5583308339118958,0.2919935882091522
1781219389299841000,5.023841064453125,-0.18448130786418915,0.5412266254425049,0.2773328125476837
1781219389309942300,5.0339423828125,-0.16249015927314758,0.5192354321479797,0.34208452701568604
1781219389330083800,5.054083740234375,-0.14416420459747314,0.46181413531303406,0.49235737323760986
1781219389340154600,5.064154541015625,-0.12095131725072861,0.43737950921058655,0.4190535545349121
1781219389350256000,5.074256103515625,-0.0757472887635231,0.4190535545349121,0.3139847218990326
1781219389360327000,5.084326904296875,-0.036651913076639175,0.3885102868080139,0.2528982162475586
1781219389380468500,5.104468505859375,-0.03298672288656235,0.2431243658065796,0.2528982162475586
1781219389390569700,5.11456982421875,-0.006108652334660292,0.19058994948863983,0.21013765037059784
1781219389400610000,5.124610107421875,0.04886921867728233,0.14416420459747314,0.12339477986097336
1781219389410680800,5.134680908203125,0.10506882518529892,0.1270599663257599,0.07208210229873657
1781219389420751600,5.144751708984375,0.11484266817569733,0.14416420459747314,0.0659734457731247
1781219389430822400,5.154822509765625,0.07208210229873657,0.17470745742321014,0.1111774742603302
1781219389440893200,5.16489306640625,0.012217304669320583,0.21624629199504852,0.18448130786418915
1781219389450964000,5.1749638671875,-0.0354301854968071,0.26511552929878235,0.24190263450145721
1781219389461034800,5.18503466796875,-0.06352998316287994,0.3029891550540924,0.28099802136421204
1781219389481176300,5.20517626953125,-0.06719517707824707,0.31520646810531616,0.2577851414680481
1781219389491216600,5.215216552734375,-0.06475171446800232,0.31154128909111023,0.18325957655906677
1781219389501318100,5.225318115234375,-0.05009094998240471,0.304210901260376,0.13072516024112701
1781219389511419400,5.23541943359375,-0.009773843921720982,0.2724458873271942,0.06230825558304787
1781219389521459700,5.245459716796875,0.03420845419168472,0.24190263450145721,0.01710422709584236
1781219389531530500,5.255530517578125,0.08307767659425735,0.24068090319633484,0.06108652427792549
1781219389541601300,5.265601318359375,0.11850785464048386,0.24923302233219147,0.14294247329235077
1781219389551672000,5.275672119140625,0.14049901068210602,0.26145032048225403,0.25534167885780334
1781219389602117600,5.32611767578125,0.1319468915462494,0.2223549485206604,0.4642575979232788
1781219389642400800,5.36640087890625,0.03787364438176155,0.11850785464048386,0.1417207419872284
1781219389702795000,5.426794921875,0.12950342893600464,0,0.1368338167667389
1781219389712865800,5.43686572265625,0.15882496535778046,0.0024434609804302454,0.22357667982578278
1781219389722936600,5.4469365234375,0.1771509200334549,0.01710422709584236,0.3127630054950714
1781219389733007400,5.45700732421875,0.1869247704744339,0.0403171069920063,0.3995058834552765
1781219389743047700,5.467047607421875,0.1966986060142517,0.05253441259264946,0.44226643443107605
1781219389753149200,5.477149169921875,0.20891591906547546,0.08185594528913498,0.4105014503002167
1781219389763158800,5.48715869140625,0.17959438264369965,0.10384709388017654,0.3897320330142975
1781219389773260300,5.49726025390625,0.1514945775270462,0.11850785464048386,0.3982841372489929
1781219389783300400,5.50730029296875,0.13439035415649414,0.12461651116609573,0.40683624148368835
1781219389793401900,5.51740185546875,0.11239920556545258,0.13439035415649414,0.39217549562454224
1781219389803472600,5.52747265625,0.07452555745840073,0.13561208546161652,0.3445279896259308
1781219389813574000,5.537573974609375,0.028099801391363144,0.13439035415649414,0.26511552929878235
1781219389823614200,5.5476142578125,-0.009773843921720982,0.1258382350206375,0.17470745742321014
1781219389833715500,5.557715576171875,-0.030543262138962746,0.10384709388017654,0.11362093687057495
1781219389843755800,5.567755859375,-0.03787364438176155,0.08185594528913498,0.09162978827953339
1781219389853826600,5.57782666015625,-0.024434609338641167,0.06963863968849182,0.13561208546161652
1781219389904180500,5.628180419921875,0.00366519158706069,0.09651670604944229,0.22968533635139465
1781219389914251300,5.638251220703125,0,0.10384709388017654,0.21135938167572021
1781219389924352800,5.648352783203125,-0.00733038317412138,0.10873401165008545,0.2382374405860901
1781219389964666400,5.688666259765625,-0.01710422709584236,0.10018189996480942,0.18325957655906677
1781219389974737200,5.698737060546875,-0.03787364438176155,0.13072516024112701,0.15515977144241333
1781219389984838700,5.708838623046875,-0.05375614017248154,0.13072516024112701,0.1270599663257599
1781219389994878700,5.718878662109375,-0.06108652427792549,0.1014036312699318,0.06841690838336945
1781219390045324300,5.76932421875,-0.2125810980796814,0.02687807008624077,-0.616973876953125
1781219390055425800,5.77942578125,-0.26145032048225403,0.05009094998240471,-0.6499606370925903
1781219390065496600,5.78949658203125,-0.31031954288482666,0.0354301854968071,-0.6377432942390442
1781219390075567400,5.7995673828125,-0.30054569244384766,-0.01466076634824276,-0.6047565937042236
1781219390085638100,5.80963818359375,-0.23579397797584534,-0.09040805697441101,-0.5644394755363464
1781219390095739400,5.819739501953125,-0.18448130786418915,-0.13561208546161652,-0.5277875661849976
1781219390105840600,5.829840576171875,-0.16371189057826996,-0.1111774742603302,-0.41661009192466736
1781219390115911400,5.839911376953125,-0.15027284622192383,-0.10018189996480942,-0.18814650177955627
1781219390136114200,5.8601142578125,-0.10018189996480942,-0.17592918872833252,0.10018189996480942
1781219390146215400,5.87021533203125,-0.1258382350206375,-0.21135938167572021,0.03298672288656235
1781219390156286200,5.8802861328125,-0.19547687470912933,-0.22968533635139465,-0.1368338167667389
1781219390166387700,5.8903876953125,-0.2272418737411499,-0.26145032048225403,-0.17348572611808777
1781219390176489000,5.900489013671875,-0.16859880089759827,-0.33719760179519653,-0.019547687843441963
1781219390186590200,5.910590087890625,-0.0806342139840126,-0.3836233615875244,0.13805554807186127
1781219390196691500,5.92069140625,-0.09040805697441101,-0.37751471996307373,0.15515977144241333
1781219390206793000,5.93079296875,-0.16004669666290283,-0.3677408695220947,0.13072516024112701
1781219390216894200,5.940894287109375,-0.21135938167572021,-0.384845107793808,0.11728613078594208
1781219390277532700,6.00153271484375,-0.10262536257505417,-0.8002334833145142,0.3384193480014801
1781219390317877000,6.041876953125,0.03176499158143997,-1.1020009517669678,0.3677408695220947
1781219390328008700,6.0520087890625,0.04153883829712868,-1.1630873680114746,0.2834414839744568
1781219390338110000,6.06210986328125,-0.012217304669320583,-1.2205088138580322,0.18081611394882202
1781219390348211500,6.07221142578125,-0.028099801391363144,-1.302364706993103,0.15882496535778046
1781219390358251500,6.08225146484375,-0.013439035043120384,-1.5137240886688232,0.2076941877603531
1781219390368383500,6.092383544921875,0.009773843921720982,-1.5699236392974854,0.22479841113090515
1781219390378484700,6.102484619140625,-0.0024434609804302454,-1.585806131362915,0.1417207419872284
1781219390388586000,6.1125859375,-0.00855211354792118,-1.595579981803894,0.07819075137376785
1781219390398657000,6.122656982421875,-0.02687807008624077,-1.5943583250045776,-0.025656340643763542
1781219390408788700,6.132788818359375,-0.051312681287527084,-1.595579981803894,-0.10384709388017654
1781219390418890000,6.142889892578125,-0.08552113175392151,-1.6090190410614014,-0.09407325088977814
1781219390428991500,6.152991455078125,-0.1160643994808197,-1.63467538356781,-0.03420845419168472
1781219390439062300,6.163062255859375,-0.14416420459747314,-1.6175711154937744,0.04764748737215996
1781219390459295200,6.183295166015625,-0.22479841113090515,-1.538158655166626,-0.015882495790719986
1781219390479498000,6.203498046875,-0.37629300355911255,-1.4184291362762451,-0.2883284091949463
1781219390499731200,6.223731201171875,-0.5204572081565857,-1.2608258724212646,-0.5387831330299377
1781219390509832400,6.23383251953125,-0.513126790523529,-1.1252137422561646,-0.34086281061172485
1781219390519903200,6.2439033203125,-0.46670106053352356,-0.979827880859375,-0.13805554807186127
1781219390530035200,6.25403515625,-0.4764748811721802,-0.8197811841964722,-0.20036379992961884
1781219390540167000,6.2641669921875,-0.4960225820541382,-0.6536257863044739,-0.3982841372489929
1781219390550298600,6.274298583984375,-0.49846604466438293,-0.42271876335144043,-0.4996877610683441
1781219390560430600,6.2844306640625,-0.48869219422340393,-0.1820378452539444,-0.6243042945861816
1781219390570531800,6.29453173828125,-0.5192354321479797,-0.012217304669320583,-0.6401867866516113
1781219390580663800,6.304663818359375,-0.5290092825889587,0.13072516024112701,-0.6096435189247131
1781219390590765000,6.31476513671875,-0.49724429845809937,0.375071257352829,-0.7073819637298584
1781219390600866300,6.3248662109375,-0.50335294008255,0.6585127115249634,-0.8356636762619019
1781219390621069000,6.345069091796875,-0.504574716091156,1.086118459701538,-1.292590856552124
1781219390661474300,6.385474365234375,-0.8772025108337402,1.6627751588821411,-1.6994271278381348
1781219390691778300,6.4157783203125,-1.1203268766403198,1.9083430767059326,-1.3964380025863647
1781219390701910000,6.425909912109375,-1.1814134120941162,2.009746551513672,-1.156978726387024
1781219390732214000,6.456214111328125,-1.0677924156188965,2.2149972915649414,-0.9248499870300293
1781219390742284800,6.466284912109375,-1.0005972385406494,2.3078489303588867,-1.0604621171951294
1781219390752325000,6.4763251953125,-0.8955284357070923,2.313957452774048,-1.1020009517669678
1781219390762396000,6.48639599609375,-0.7562511563301086,2.2382102012634277,-1.0018190145492554
1781219390802679000,6.526678955078125,0.00733038317412138,1.6676621437072754,-0.3445279896259308
1781219390812749800,6.536749755859375,0.19914206862449646,1.4355332851409912,-0.18936823308467865
1781219390822820600,6.546820556640625,0.37140607833862305,1.1630873680114746,0.013439035043120384
1781219390832891400,6.556891357421875,0.5363397002220154,0.8747590184211731,0.29077184200286865
1781219390842931700,6.566931640625,0.6646214127540588,0.6389650702476501,0.675616979598999
1781219390853002500,6.57700244140625,0.7305948138237,0.4080579876899719,0.8429940342903137
1781219390863073300,6.5870732421875,0.7440338730812073,0.13927727937698364,0.8332201838493347
1781219390883245600,6.60724560546875,0.5937610268592834,-0.3274237811565399,0.618195652961731
1781219390903387100,6.62738720703125,0.4337143301963806,-0.8515461683273315,0.2125810980796814
1781219390913488400,6.63748828125,0.3066543638706207,-0.9847147464752197,-0.11850785464048386
1781219390923559200,6.64755908203125,0.17837265133857727,-1.037249207496643,-0.6805039048194885
1781219390933630000,6.6576298828125,0.1368338167667389,-1.0812314748764038,-1.2046263217926025
1781219390953802200,6.67780224609375,0.26145032048225403,-1.0653489828109741,-1.7849482297897339
1781219390963903500,6.687903564453125,0.3225368559360504,-1.1093312501907349,-1.833817481994629
1781219390984045000,6.708045166015625,0.8185594081878662,-1.6420058012008667,-0.998153805732727
1781219390994115800,6.71811572265625,1.1325441598892212,-1.5601497888565063,-0.6939429044723511
1781219391004186600,6.7281865234375,1.2596040964126587,-1.3866641521453857,-0.720820963382721
1781219391014257400,6.73825732421875,1.2217304706573486,-1.3829989433288574,-0.4544837474822998
1781219391125036300,6.849036376953125,1.2180652618408203,-0.846659243106842,1.2657127380371094
1781219391135107000,6.859107177734375,1.1545352935791016,-0.9321803450584412,1.3720033168792725
1781219391155248600,6.87924853515625,1.33168625831604,-0.7159340381622314,1.0616837739944458
1781219391165319400,6.8893193359375,1.2779301404953003,-0.2822197377681732,0.7941248416900635
1781219391175421000,6.8994208984375,0.9944885969161987,0.05497787147760391,0.6389650702476501
1781219391185491700,6.90949169921875,0.8943067193031311,0.2015855312347412,0.6499606370925903
1781219391205633300,6.92963330078125,1.0971139669418335,-0.0354301854968071,0.9761626720428467
1781219391215704000,6.9397041015625,1.0201449394226074,-0.27488934993743896,1.0897835493087769
1781219391225805300,6.949805419921875,0.7428121566772461,-0.09651670604944229,1.0311405658721924
1781219391235937300,6.959937255859375,-0.18814650177955627,0.5778785347938538,0.375071257352829
1781219391246008000,6.970008056640625,-0.3433062732219696,0.6304129362106323,0.38240164518356323
1781219391256078800,6.980078857421875,-0.24068090319633484,0.45204028487205505,0.6206390857696533
1781219391266180000,6.99018017578125,0.0354301854968071,0.21991148591041565,0.36529740691185
1781219391276220400,7.000220458984375,0.13072516024112701,0.17959438264369965,0.018325956538319588
1781219391296362000,7.020362060546875,-0.4239404797554016,0.4862487316131592,-0.33475416898727417
1781219391316534000,7.040533935546875,-0.8319984674453735,0.6023131608963013,-0.44226643443107605
1781219391336706300,7.060706298828125,-0.31642818450927734,0.5778785347938538,0.2015855312347412
1781219391346807600,7.0708076171875,-0.1062905490398407,0.5668829679489136,0.3530801236629486
1781219391356939300,7.080939208984375,0.09162978827953339,0.5937610268592834,0.07819075137376785
1781219391366949000,7.09094921875,-0.021991148591041565,0.6927211880683899,-0.17837265133857727
1781219391387152000,7.11115185546875,-0.7061602473258972,0.7000515460968018,-0.6548475623130798
1781219391397161500,7.121161376953125,-0.8002334833145142,0.6487388610839844,-0.5412266254425049
1781219391437505800,7.161505859375,0.09162978827953339,1.0824532508850098,0.48869219422340393
1781219391447607000,7.17160693359375,0.14905111491680145,1.2767083644866943,0.36651915311813354
1781219391457677800,7.181677734375,-0.1368338167667389,1.2559388875961304,0.4996877610683441
1781219391467748600,7.19174853515625,-0.5119050741195679,1.1374311447143555,0.5057964324951172
1781219391477819400,7.2018193359375,-0.8100073337554932,1.1191051006317139,0.44104471802711487
1781219391487921000,7.2119208984375,-0.950506329536438,1.1276572942733765,0.4251621961593628
1781219391498022100,7.222022216796875,-0.720820963382721,1.0396926403045654,0.4031710624694824
1781219391518133200,7.24213330078125,0.08796459436416626,0.9896016716957092,0.11484266817569733
1781219391528234500,7.252234375,-0.10751228034496307,0.9236282706260681,0.18814650177955627
1781219391538305300,7.26230517578125,-0.38606682419776917,0.8747590184211731,0.2015855312347412
1781219391548376000,7.2723759765625,-0.5155702829360962,0.9028588533401489,0.1319468915462494
1781219391558416400,7.28241650390625,-0.5180137157440186,0.9077457785606384,0.1820378452539444
1781219391568517600,7.292517578125,-0.3885102868080139,0.8014551997184753,0.4190535545349121
1781219391578588400,7.30258837890625,-0.14049901068210602,0.6963863968849182,0.656069278717041
1781219391588659500,7.312659423828125,0.010995574295520782,0.6524040699005127,0.8026769161224365
1781219391598669000,7.3226689453125,-0.036651913076639175,0.6145304441452026,0.779464066028595
1781219391608770300,7.332770263671875,-0.16004669666290283,0.5656611919403076,0.5558874011039734
1781219391618871800,7.342871826171875,-0.23335053026676178,0.5436700582504272,0.25045475363731384
1781219391628942600,7.352942626953125,-0.22113321721553802,0.5400048494338989,0.024434609338641167
1781219391639013400,7.363013427734375,-0.16982053220272064,0.5070181488990784,-0.018325956538319588
1781219391649084200,7.373084228515625,-0.11362093687057495,0.46181413531303406,0.12950342893600464
1781219391659155000,7.383155029296875,-0.04886921867728233,0.4447098970413208,0.33597588539123535
1781219391669225700,7.393225830078125,0.012217304669320583,0.4605923891067505,0.4789183437824249
1781219391689367300,7.4133671875,-0.025656340643763542,0.5595525503158569,0.5314527750015259
1781219391699438000,7.42343798828125,-0.10384709388017654,0.5778785347938538,0.4251621961593628
1781219391709539600,7.43353955078125,-0.16371189057826996,0.5400048494338989,0.3836233615875244
1781219391719640800,7.443640869140625,-0.17837265133857727,0.46670106053352356,0.3579670190811157
1781219391729711600,7.453711669921875,-0.15393804013729095,0.3787364661693573,0.3445279896259308
1781219391739782400,7.463782470703125,-0.11362093687057495,0.2785545587539673,0.3017674386501312
1781219391749883600,7.473883544921875,-0.06963863968849182,0.2015855312347412,0.2577851414680481
1781219391759924000,7.483924072265625,-0.04764748737215996,0.1722639948129654,0.19914206862449646
1781219391790228000,7.51422802734375,-0.006108652334660292,0.1258382350206375,0.03787364438176155
1781219391860754200,7.584754150390625,0.06108652427792549,0.09285151958465576,0.3836233615875244
1781219391870855400,7.59485546875,0.07819075137376785,0.10995574295520782,0.43127086758613586
1781219391880926200,7.60492626953125,0.05497787147760391,0.12828169763088226,0.4300491213798523
1781219391891027500,7.61502734375,0.02687807008624077,0.1270599663257599,0.4447098970413208
1781219391901098200,7.62509814453125,0.030543262138962746,0.11850785464048386,0.42638394236564636
1781219391911169000,7.6351689453125,0.036651913076639175,0.11484266817569733,0.3579670190811157
1781219391941381600,7.665381591796875,0.02321287989616394,0.05497787147760391,0.17592918872833252
1781219391951452400,7.675452392578125,0.019547687843441963,0.05619960278272629,0.09162978827953339
1781219391961523200,7.685523193359375,0.030543262138962746,0.051312681287527084,0.05253441259264946
1781219391971563500,7.6955634765625,0.045204028487205505,0.04153883829712868,0.0659734457731247
1781219391981664800,7.705664794921875,0.04642575979232788,0.045204028487205505,0.1514945775270462
1781219391991766000,7.71576611328125,0.059864792972803116,0.04153883829712868,0.2773328125476837
1781219392001867300,7.7258671875,0.08429940044879913,0.018325956538319588,0.3481931984424591
1781219392011968800,7.73596875,0.10873401165008545,0.012217304669320583,0.29565876722335815
1781219392022039600,7.74603955078125,0.09162978827953339,0.04398229718208313,0.2541199326515198
1781219392042150700,7.766150634765625,0.05864306539297104,0.06475171446800232,0.2565633952617645
1781219392052221400,7.776221435546875,0.06841690838336945,0.04642575979232788,0.2785545587539673
1781219392092474000,7.81647412109375,0.0708603709936142,0.0403171069920063,0.04642575979232788
1781219392102545000,7.826544921875,0.07452555745840073,0.04153883829712868,0.06475171446800232
1781219392152929300,7.87692919921875,0.05497787147760391,0.0354301854968071,0.23457226157188416
1781219392163000000,7.887,0.030543262138962746,0.024434609338641167,0.1820378452539444
1781219392173101600,7.8971015625,-0.006108652334660292,0.03176499158143997,0.1270599663257599
1781219392183172400,7.90717236328125,-0.018325956538319588,0.04153883829712868,0.05619960278272629
1781219392193273600,7.917273681640625,-0.018325956538319588,0.04398229718208313,-0.00855211354792118
1781219392203405300,7.9274052734375,-0.018325956538319588,0.03176499158143997,-0.019547687843441963
1781219392213506800,7.9375068359375,0.0012217304902151227,-0.0024434609804302454,0.0012217304902151227
1781219392223577600,7.94757763671875,0.03420845419168472,-0.0024434609804302454,0.0024434609804302454
1781219392233648400,7.9576484375,0.04642575979232788,0.025656340643763542,-0.02076941914856434
1781219392253851000,7.977850830078125,0.030543262138962746,0.05009094998240471,0.10384709388017654
1781219392263921700,7.987921630859375,0.05619960278272629,0.04153883829712868,0.18814650177955627
1781219392273962000,7.9979619140625,0.08674286305904388,0.05253441259264946,0.22479841113090515
1781219392284063500,8.0080634765625,0.08918632566928864,0.08796459436416626,0.2541199326515198
1781219392294134300,8.01813427734375,0.0757472887635231,0.1466076523065567,0.29077184200286865
1781219392304205000,8.028205078125,0.051312681287527084,0.17592918872833252,0.3225368559360504
1781219392314275800,8.03827587890625,0.039095375686883926,0.1563815027475357,0.3885102868080139
1781219392324377000,8.048377197265625,0.059864792972803116,0.13316862285137177,0.4080579876899719
1781219392344518700,8.0685185546875,-0.04398229718208313,0.03787364438176155,0.12217304855585098
1781219392354589400,8.07858935546875,-0.11728613078594208,-0.042760565876960754,-0.251676470041275
1781219392364629800,8.088629638671875,-0.13316862285137177,-0.08185594528913498,-0.6279694437980652
1781219392374731000,8.09873095703125,-0.1258382350206375,-0.07819075137376785,-0.836885392665863
1781219392384832500,8.10883251953125,-0.1111774742603302,-0.05619960278272629,-0.8038986921310425
1781219392394903300,8.1189033203125,-0.09162978827953339,-0.0354301854968071,-0.6218608021736145
1781219392405004500,8.129004638671875,-0.07696902006864548,-0.042760565876960754,-0.3604104816913605
1781219392415105800,8.139105712890625,-0.0659734457731247,-0.05742133408784866,-0.15027284622192383
1781219392425176600,8.149176513671875,-0.08307767659425735,-0.04764748737215996,-0.11484266817569733
1781219392445409800,8.169409912109375,-0.18814650177955627,-0.04642575979232788,-0.14294247329235077
1781219392455480600,8.17948046875,-0.21013765037059784,-0.11362093687057495,-0.07452555745840073
1781219392465521000,8.18952099609375,-0.15027284622192383,-0.22113321721553802,0.02076941914856434
1781219392475622100,8.1996220703125,-0.036651913076639175,-0.28955012559890747,0.07696902006864548
1781219392515936000,8.23993603515625,-0.22357667982578278,-0.4153883755207062,-0.12339477986097336
1781219392526037200,8.250037353515625,-0.21380282938480377,-0.5204572081565857,0.051312681287527084
1781219392536138500,8.260138427734375,-0.1417207419872284,-0.6389650702476501,0.1820378452539444
1781219392546209300,8.270209228515625,-0.06108652427792549,-0.7305948138237,0.22968533635139465
1781219392556249600,8.28024951171875,-0.03420845419168472,-0.789237916469574,0.19425514340400696
1781219392566381600,8.290381591796875,-0.05864306539297104,-0.8161159753799438,0.09407325088977814
1781219392576482800,8.30048291015625,-0.11239920556545258,-0.8210029006004333,0.06352998316287994
1781219392586584000,8.310583984375,-0.1820378452539444,-0.8503243923187256,0.1722639948129654
1781219392596624400,8.320624267578125,-0.21135938167572021,-0.921184778213501,0.3494149148464203
1781219392606756400,8.33075634765625,-0.1466076523065567,-0.9834930300712585,0.6145304441452026
1781219392616857600,8.340857666015625,-0.03787364438176155,-1.0140362977981567,0.8674286603927612
1781219392637029600,8.361029541015625,-0.19547687470912933,-1.009149432182312,0.1918116807937622
1781219392647161600,8.37116162109375,-0.1612684279680252,-1.0299187898635864,0.18325957655906677
1781219392657262800,8.381262939453125,-0.05864306539297104,-1.1154398918151855,0.375071257352829
1781219392727972000,8.45197216796875,-0.1319468915462494,-1.518610954284668,0.1368338167667389
1781219392818975500,8.5429755859375,-0.42638394236564636,-1.0702359676361084,-0.27977627515792847
1781219392869482000,8.59348193359375,-0.33719760179519653,-0.4202753007411957,0.03298672288656235
1781219392889654300,8.613654296875,-0.5143485069274902,-0.09651670604944229,-0.13316862285137177
1781219392899786000,8.623785888671875,-0.5974262356758118,0.09162978827953339,-0.4508185386657715
1781219392909887500,8.633887451171875,-0.6633996367454529,0.3139847218990326,-0.7195992469787598
1781219392919988700,8.64398876953125,-0.7220427393913269,0.5497786998748779,-0.8845328688621521
1781219392930090000,8.654090087890625,-0.7684684991836548,0.8295549750328064,-1.0067058801651
1781219392940191200,8.664191162109375,-0.8124507665634155,1.1435397863388062,-1.2131783962249756
1781219392950323200,8.6743232421875,-0.856433093547821,1.4086552858352661,-1.4404202699661255
1781219392970587000,8.6945869140625,-0.9138544201850891,1.9462167024612427,-1.7910568714141846
1781219392980688100,8.704688232421875,-0.9382890462875366,2.122145891189575,-1.9315558671951294
1781219392990789400,8.714789306640625,-0.950506329536438,2.2088887691497803,-1.8558086156845093
1781219393000891000,8.724890869140625,-0.9236282706260681,2.348165988922119,-1.8961256742477417
1781219393021093400,8.74509326171875,-1.0323622226715088,2.5302038192749023,-1.9804251194000244
1781219393041235000,8.76523486328125,-1.147204875946045,2.4605650901794434,-1.529606580734253
1781219393061376500,8.78537646484375,-1.2571606636047363,2.361604928970337,-1.047023057937622
1781219393071447600,8.795447509765625,-1.1789699792861938,2.3078489303588867,-0.7476990818977356
1781219393081548800,8.805548828125,-0.9028588533401489,2.2760839462280273,-0.24434609711170197
1781219393091619600,8.81561962890625,-0.5180137157440186,2.20278000831604,0.13927727937698364
1781219393101690400,8.8256904296875,-0.15393804013729095,2.02929425239563,0.41172316670417786
1781219393111730700,8.835730712890625,0.19425514340400696,1.804495930671692,0.8038986921310425
1781219393121801500,8.845801513671875,0.48747047781944275,1.5906931161880493,1.3280210494995117
1781219393131872300,8.855872314453125,0.7342600226402283,1.451415777206421,1.7507398128509521
1781219393141943000,8.865943115234375,0.9761626720428467,1.2571606636047363,1.8387043476104736
1781219393152013800,8.876013916015625,1.1740829944610596,0.9321803450584412,1.8277088403701782
1781219393162084600,8.886084716796875,1.330464482307434,0.5595525503158569,1.8277088403701782
1781219393172155400,8.8961552734375,1.4966198205947876,0.24434609711170197,1.7776178121566772
1781219393182226200,8.90622607421875,1.606575608253479,0.028099801391363144,1.6774359941482544
1781219393192297000,8.916296875,1.6701055765151978,-0.11850785464048386,1.6322319507598877
1781219393202398500,8.9263984375,1.7018705606460571,-0.31031954288482666,1.5796974897384644
1781219393212469200,8.93646923828125,1.7140878438949585,-0.5180137157440186,1.431868076324463
1781219393222570500,8.946570556640625,1.6957619190216064,-0.6878342628479004,1.1313223838806152
1781219393262784300,8.9867841796875,0.8234463334083557,-1.301142930984497,-1.1899654865264893
1781219393272855000,8.99685498046875,0.4434881806373596,-1.4367550611495972,-1.2082914113998413
1781219393282956300,9.006956298828126,0.15760323405265808,-1.5528194904327393,-1.1154398918151855
1781219393293027000,9.017027099609376,0.0757472887635231,-1.588249683380127,-1.0213667154312134
1781219393303097900,9.027097900390626,0.07330382615327835,-1.4978415966033936,-1.1362093687057495
1781219393313168600,9.037168701171876,-0.024434609338641167,-1.4831807613372803,-1.7140878438949585
1781219393323239400,9.047239501953126,-0.042760565876960754,-1.673770785331726,-2.2003366947174072
1781219393363522800,9.087522705078126,0.740368664264679,-1.8668042421340942,0.8124507665634155
1781219393434048800,9.158048828125,0.5510004758834839,-1.19607412815094,0.4593706727027893
1781219393504666600,9.22866650390625,0.39706242084503174,-0.3139847218990326,1.1178834438323975
1781219393585355000,9.30935498046875,-0.22968533635139465,0.36163222789764404,-0.06475171446800232
1781219393595395300,9.319395263671876,-0.34208452701568604,0.5192354321479797,-0.23579397797584534
1781219393605496600,9.32949658203125,-0.37262779474258423,0.5485569834709167,-0.37262779474258423
1781219393615597800,9.339597900390626,-0.41172316670417786,0.5412266254425049,-0.03787364438176155
1781219393625668600,9.349668701171876,-0.3591887652873993,0.4691445231437683,0.26511552929878235
1781219393635709000,9.359708984375,-0.17348572611808777,0.39584067463874817,0.16493362188339233
1781219393675961600,9.399961669921876,-0.33597588539123535,0.7660250067710876,0.04642575979232788
1781219393686063000,9.41006298828125,-0.21135938167572021,0.7513642311096191,0.20525072515010834
1781219393706235100,9.430235107421876,0.2968805134296417,0.5925393104553223,0.32131510972976685
1781219393716306000,9.440305908203126,0.48258355259895325,0.6035348773002625,0.16371189057826996
1781219393726376700,9.450376708984376,0.22113321721553802,0.7513642311096191,0.039095375686883926
1781219393796841700,9.520841796875,0.1869247704744339,0.8772025108337402,0.10262536257505417
1781219393806943200,9.530943115234376,-0.19425514340400696,0.9724974632263184,0.22846360504627228
1781219393817014000,9.541013916015626,-0.44104471802711487,0.9969320893287659,0.3396410644054413
1781219393827084800,9.551084716796876,-0.44226643443107605,0.9077457785606384,0.38728857040405273
1781219393837155600,9.561155517578126,-0.27000242471694946,0.7476990818977356,0.45692721009254456
1781219393847226400,9.571226318359376,0.04886921867728233,0.66584312915802,0.40194934606552124
1781219393857297200,9.581297119140626,0.25045475363731384,0.7171558141708374,0.21135938167572021
1781219393867398400,9.5913984375,0.16004669666290283,0.8197811841964722,0.07941248267889023
1781219393877499600,9.601499755859376,-0.1417207419872284,0.856433093547821,0.09896016865968704
1781219393887570700,9.61157080078125,-0.43615779280662537,0.836885392665863,0.1869247704744339
1781219393897672000,9.621671875,-0.5473352670669556,0.8136724829673767,0.22479841113090515
1781219393907742700,9.63174267578125,-0.4801400899887085,0.7159340381622314,0.251676470041275
1781219393917813500,9.6418134765625,-0.25045475363731384,0.5485569834709167,0.25534167885780334
1781219393927884300,9.65188427734375,0.07941248267889023,0.45326200127601624,0.2480112910270691
1781219393937955000,9.661955078125,0.21013765037059784,0.4337143301963806,0.22968533635139465
1781219393968106500,9.6921064453125,-0.11362093687057495,0.6120869517326355,0.10995574295520782
1781219394018552000,9.742552001953126,0.11850785464048386,0.2577851414680481,0.5778785347938538
1781219394089108700,9.813108642578126,-0.06108652427792549,0.1270599663257599,0.07819075137376785
1781219394099210000,9.8232099609375,-0.08307767659425735,0.15760323405265808,0.1368338167667389
1781219394109280800,9.83328076171875,-0.1270599663257599,0.20036379992961884,0.08552113175392151
1781219394119351600,9.8433515625,-0.17104226350784302,0.2382374405860901,-0.00855211354792118
1781219394129422300,9.85342236328125,-0.18936823308467865,0.24556782841682434,-0.05619960278272629
1781219394139493000,9.8634931640625,-0.17104226350784302,0.24434609711170197,-0.02932153269648552
1781219394149564000,9.87356396484375,-0.13805554807186127,0.24556782841682434,0.0659734457731247
1781219394159665400,9.88366552734375,-0.10995574295520782,0.23457226157188416,0.17592918872833252
1781219394169766700,9.8937666015625,-0.08552113175392151,0.2321287989616394,0.24434609711170197
1781219394179837400,9.90383740234375,-0.07696902006864548,0.23457226157188416,0.29077184200286865
1781219394189908200,9.913908203125,-0.08429940044879913,0.22602014243602753,0.3286454975605011
1781219394220151000,9.944151123046876,-0.10018189996480942,0.14294247329235077,0.1869247704744339
1781219394230252500,9.95425244140625,-0.09773843735456467,0.1160643994808197,0.0708603709936142
1781219394240292900,9.96429296875,-0.08552113175392151,0.08674286305904388,-0.036651913076639175
1781219394250363600,9.97436376953125,-0.059864792972803116,0.05742133408784866,-0.10873401165008545
1781219394260434400,9.984434326171876,-0.045204028487205505,0.039095375686883926,-0.13927727937698364
1781219394270505200,9.994505126953126,-0.03787364438176155,0.03787364438176155,-0.08429940044879913
1781219394280576000,10.004575927734376,-0.012217304669320583,0.0354301854968071,0.07452555745840073
1781219394290646800,10.014646728515626,0.05375614017248154,0.04886921867728233,0.23335053026676178
1781219394320889600,10.0448896484375,0.10506882518529892,0.12095131725072861,0.2626720666885376
1781219394381345000,10.105344970703126,0.00855211354792118,0.17470745742321014,0.3029891550540924
1781219394401547500,10.125547607421876,-0.02076941914856434,0.1514945775270462,0.3066543638706207
1781219394411618300,10.135618408203126,-0.03787364438176155,0.14049901068210602,0.2431243658065796
1781219394421689300,10.145689453125,-0.04642575979232788,0.10384709388017654,0.16737708449363708
1781219394431760100,10.155760009765626,-0.02321287989616394,0.04764748737215996,0.12217304855585098
1781219394441831000,10.165830810546876,-0.004886921960860491,0.010995574295520782,0.1160643994808197
1781219394462003000,10.1860029296875,-0.009773843921720982,0.02687807008624077,0.08918632566928864
1781219394472104200,10.196104248046876,0.004886921960860491,0.02321287989616394,0.12461651116609573
1781219394482205700,10.206205810546875,0.02076941914856434,0.013439035043120384,0.12461651116609573
1781219394492276500,10.2162763671875,0.030543262138962746,0.025656340643763542,0.10262536257505417
1781219394502347300,10.22634716796875,0.03298672288656235,0.06352998316287994,0.09285151958465576
1781219394552762000,10.27676220703125,0.03176499158143997,0.13561208546161652,0.304210901260376
1781219394562833000,10.2868330078125,0.04764748737215996,0.08307767659425735,0.2541199326515198
1781219394572934400,10.296934326171876,0.0757472887635231,0.059864792972803116,0.17470745742321014
1781219394583005200,10.307005126953126,0.05497787147760391,0.051312681287527084,0.07696902006864548
1781219394593076000,10.317075927734376,0.01710422709584236,0.05375614017248154,0.042760565876960754
1781219394603177200,10.32717724609375,-0.00855211354792118,0.059864792972803116,0.009773843921720982
1781219394613278500,10.337278564453126,-0.02076941914856434,0.07696902006864548,-0.0403171069920063
1781219394623349500,10.347349609375,-0.019547687843441963,0.10873401165008545,-0.030543262138962746
1781219394633420300,10.357420166015626,-0.0403171069920063,0.13439035415649414,0.006108652334660292
1781219394643521500,10.367521484375,-0.07330382615327835,0.1270599663257599,0.0659734457731247
1781219394653622800,10.377622802734376,-0.10751228034496307,0.0659734457731247,0.04153883829712868
1781219394673764400,10.397764404296876,-0.11850785464048386,-0.036651913076639175,-0.39095374941825867
1781219394683865900,10.407865966796875,-0.15271630883216858,-0.042760565876960754,-0.6487388610839844
1781219394693967000,10.417967041015626,-0.1612684279680252,-0.0403171069920063,-0.6401867866516113
1781219394704038000,10.428037841796876,-0.12339477986097336,-0.07208210229873657,-0.3689626157283783
1781219394714108700,10.438108642578126,-0.07696902006864548,-0.1111774742603302,-0.0757472887635231
1781219394724179500,10.448179443359376,-0.039095375686883926,-0.10995574295520782,0.0757472887635231
1781219394734280700,10.45828076171875,-0.05497787147760391,-0.08429940044879913,-0.02321287989616394
1781219394754514000,10.478513916015626,-0.17470745742321014,-0.1014036312699318,-0.2919935882091522
1781219394845242600,10.56924267578125,-0.17837265133857727,-0.40683624148368835,-0.03176499158143997
1781219394865445400,10.5894453125,-0.24068090319633484,-0.43249258399009705,-0.14782938361167908
1781219394895718700,10.61971875,-0.3237585723400116,-0.5094616413116455,-0.10873401165008545
1781219394956296200,10.680296142578126,-0.1111774742603302,-1.1997393369674683,-0.34574973583221436
1781219394966397400,10.6903974609375,-0.0757472887635231,-1.2852604389190674,-0.21624629199504852
1781219395047269000,10.77126904296875,-0.14782938361167908,-1.7470746040344238,-0.013439035043120384
1781219395097806000,10.82180615234375,-0.18325957655906677,-1.6811012029647827,-0.2480112910270691
1781219395128171300,10.852171142578126,-0.22357667982578278,-1.3817771673202515,-0.22602014243602753
1781219395138272500,10.8622724609375,-0.2834414839744568,-1.2877039909362793,-0.18448130786418915
1781219395148373800,10.872373779296876,-0.3127630054950714,-1.1545352935791016,-0.02687807008624077
1781219395158475000,10.88247509765625,-0.33108896017074585,-0.9822713136672974,0.012217304669320583
1781219395168576500,10.892576416015626,-0.36163222789764404,-0.8393288254737854,-0.10751228034496307
1781219395178708200,10.902708251953126,-0.35552358627319336,-0.7257078886032104,-0.04886921867728233
1781219395188809500,10.9128095703125,-0.3579670190811157,-0.588874101638794,0.12461651116609573
1781219395198911000,10.922910888671876,-0.4105014503002167,-0.42271876335144043,0.08674286305904388
1781219395209012200,10.93301220703125,-0.45814892649650574,-0.2736676335334778,-0.16249015927314758
1781219395299985200,11.023985107421876,-0.6866125464439392,1.4025466442108154,-0.5815436840057373
1781219395310056000,11.034055908203126,-0.7770205736160278,1.5418238639831543,-0.6743952035903931
1781219395320157200,11.0441572265625,-0.8002334833145142,1.7006487846374512,-0.8307767510414124
1781219395340390400,11.064390380859376,-0.7415903806686401,1.9792033433914185,-1.1129964590072632
1781219395350491600,11.07449169921875,-0.789237916469574,2.1429152488708496,-1.2498302459716797
1781219395360593200,11.08459326171875,-0.9028588533401489,2.302962064743042,-1.4074335098266602
1781219395370694400,11.0946943359375,-1.0067058801651,2.394591808319092,-1.4978415966033936
1781219395380795600,11.104795654296876,-1.0067058801651,2.3848178386688232,-1.5027284622192383
1781219395390897000,11.11489697265625,-0.9260717034339905,2.361604928970337,-1.4477506875991821
1781219395400998400,11.124998291015626,-0.8051204085350037,2.4055874347686768,-1.350012183189392
1781219395411099600,11.135099609375,-0.7476990818977356,2.5057692527770996,-1.3072515726089478
1781219395421231400,11.1452314453125,-0.7269296646118164,2.576629638671875,-1.3585642576217651
1781219395431332900,11.155332763671876,-0.6817256212234497,2.528982162475586,-1.3231340646743774
1781219395441434000,11.16543408203125,-0.6145304441452026,2.372600555419922,-1.0238101482391357
1781219395461636600,11.18563671875,-0.46181413531303406,2.0060815811157227,-0.13439035415649414
1781219395481869800,11.205869873046876,-0.2638937830924988,1.7519614696502686,-0.38240164518356323
1781219395492001800,11.216001708984376,-0.16371189057826996,1.585806131362915,-0.5656611919403076
1781219395512204300,11.236204345703126,0.0024434609804302454,1.017701506614685,-0.34574973583221436
1781219395522305800,11.246305908203125,0.10018189996480942,0.5619960427284241,-0.17837265133857727
1781219395532407000,11.256406982421876,0.13072516024112701,0.36651915311813354,-0.2223549485206604
1781219395542538800,11.266538818359376,0.1563815027475357,0.1258382350206375,-0.21380282938480377
1781219395552670700,11.276670654296876,0.20891591906547546,-0.13439035415649414,-0.13927727937698364
1781219395562802400,11.286802490234376,0.2883284091949463,-0.40194934606552124,-0.03420845419168472
1781219395572934400,11.296934326171876,0.39217549562454224,-0.6597344875335693,0.06719517707824707
1781219395583035600,11.30703564453125,0.4948008358478546,-0.9004153609275818,0.13072516024112701
1781219395593137000,11.317136962890626,0.5998696684837341,-1.1374311447143555,0.19914206862449646
1781219395603238400,11.32723828125,0.7232644557952881,-1.341460108757019,0.2480112910270691
1781219395613370000,11.3373701171875,0.8527678847312927,-1.508837103843689,0.2480112910270691
1781219395623471400,11.347471435546876,0.9590584635734558,-1.6566665172576904,0.2174680233001709
1781219395633572900,11.35757275390625,1.0396926403045654,-1.7776178121566772,0.22479841113090515
1781219395643674000,11.367674072265626,1.1117748022079468,-1.891238808631897,0.28099802136421204
1781219395663815700,11.387815673828126,1.1252137422561646,-2.1905627250671387,0.4996877610683441
1781219395673886500,11.397886474609376,1.0995573997497559,-2.331061840057373,0.5265658497810364
1781219395683987700,11.40798779296875,1.0714576244354248,-2.3774874210357666,0.5387831330299377
1781219395694058500,11.41805859375,1.0885618925094604,-2.326174736022949,0.5900958180427551
1781219395704129500,11.428129638671875,1.1423180103302002,-2.2492058277130127,0.5302310585975647
1781219395714169600,11.438169677734376,1.2131783962249756,-2.2015583515167236,0.36163222789764404
1781219395724271000,11.44827099609375,1.2889256477355957,-2.1893410682678223,0.4043927788734436
1781219395734342000,11.458341796875,1.3194689750671387,-2.120924234390259,0.7354817390441895
1781219395804867800,11.528867919921876,0.856433093547821,-0.6572909951210022,0.7538077235221863
1781219395885404000,11.60940380859375,-0.1014036312699318,0.08552113175392151,-0.7147123217582703
1781219395925748000,11.649748046875,0.5937610268592834,0.5534439086914062,0.7721336483955383
1781219395935818800,11.65981884765625,0.13072516024112701,0.7672467231750488,0.37629300355911255
1781219395945889500,11.6698896484375,-0.39217549562454224,0.7367035150527954,-0.45692721009254456
1781219395955929900,11.679929931640626,-0.646295428276062,0.5803219676017761,-1.0824532508850098
1781219395966031400,11.69003125,-0.4092797040939331,0.4801400899887085,-0.9321803450584412
1781219395976102100,11.70010205078125,0.1869247704744339,0.475253164768219,-0.1966986060142517
1781219395996274200,11.720274169921876,0.616973876953125,0.7098253965377808,0.5791002511978149
1781219396006345000,11.730344970703126,0.24923302233219147,0.8417723178863525,0.20402899384498596
1781219396016446200,11.7404462890625,-0.2174680233001709,0.8772025108337402,-0.18325957655906677
1781219396026517000,11.75051708984375,-0.4948008358478546,0.8539896011352539,-0.33108896017074585
1781219396036588000,11.760588134765625,-0.44104471802711487,0.7709119319915771,-0.28466320037841797
1781219396046658800,11.770658935546875,-0.1062905490398407,0.7342600226402283,-0.16371189057826996
1781219396056729600,11.7807294921875,0.24190263450145721,0.8087855577468872,-0.1270599663257599
1781219396076871200,11.80087109375,0.0012217304902151227,0.9187413454055786,-0.09896016865968704
1781219396086911500,11.810911376953126,-0.3323107063770294,0.8735373020172119,0.013439035043120384
1781219396097012700,11.8210126953125,-0.5546656250953674,0.8112290501594543,-0.021991148591041565
1781219396107083500,11.83108349609375,-0.6145304441452026,0.797789990901947,-0.00855211354792118
1781219396147397000,11.871397216796876,0.015882495790719986,0.8869763612747192,-0.3029891550540924
1781219396217984500,11.941984619140625,0.15393804013729095,0.5277875661849976,-0.22479841113090515
1781219396228085800,11.952085693359376,-0.19303341209888458,0.5302310585975647,-0.3738495409488678
1781219396238156500,11.962156494140626,-0.43249258399009705,0.5277875661849976,-0.3933972120285034
1781219396248257800,11.9722578125,-0.44104471802711487,0.475253164768219,-0.30543261766433716
1781219396298581200,12.022581298828126,0.12217304855585098,0.43737950921058655,0.43615779280662537
1781219396359097600,12.08309765625,0.2480112910270691,0.45814892649650574,0.2981022298336029
1781219396399350300,12.123350341796876,-0.15760323405265808,0.2968805134296417,0.06230825558304787
1781219396429532200,12.1535322265625,0.15882496535778046,0.13927727937698364,0.13805554807186127
1781219396439603000,12.16360302734375,0.1563815027475357,0.16249015927314758,0.1319468915462494
1781219396449673700,12.173673828125,0.08552113175392151,0.2125810980796814,0.10262536257505417
1781219396459775200,12.183775146484376,0.025656340643763542,0.24923302233219147,0.0757472887635231
1781219396469846000,12.193845947265626,0.0012217304902151227,0.2370157092809677,0.10506882518529892
1781219396479947300,12.203947265625,0.015882495790719986,0.251676470041275,0.20891591906547546
1781219396490018000,12.21401806640625,-0.024434609338641167,0.26022860407829285,0.2565633952617645
1781219396500119300,12.224119384765626,-0.05742133408784866,0.2431243658065796,0.33108896017074585
1781219396520261000,12.24426123046875,-0.06352998316287994,0.1918116807937622,0.1722639948129654
1781219396530332000,12.254331787109376,-0.07696902006864548,0.1661553531885147,-0.00366519158706069
1781219396550473500,12.274473388671876,-0.07208210229873657,0.07330382615327835,-0.0708603709936142
1781219396560513800,12.284513671875,-0.0403171069920063,0.036651913076639175,-0.04764748737215996
1781219396570615000,12.294614990234376,-0.00366519158706069,0.021991148591041565,-0.03176499158143997
1781219396580655400,12.3046552734375,0.01710422709584236,0.01710422709584236,-0.045204028487205505
1781219396590756600,12.314756591796876,0.030543262138962746,0.025656340643763542,-0.051312681287527084
1781219396600797000,12.324796875,0.04642575979232788,0.04153883829712868,0.00855211354792118
1781219396620908000,12.344907958984376,0.07330382615327835,0.08918632566928864,0.2028072625398636
1781219396641080000,12.365080078125,0.0659734457731247,0.12095131725072861,0.3445279896259308
1781219396661191200,12.385191162109376,0.012217304669320583,0.11362093687057495,0.35185837745666504
1781219396671292400,12.39529248046875,0.030543262138962746,0.08185594528913498,0.3628539443016052
1781219396681394000,12.405393798828126,0.07819075137376785,0.07452555745840073,0.35674530267715454
1781219396691434000,12.41543408203125,0.08307767659425735,0.08918632566928864,0.29565876722335815
1781219396711606300,12.435606201171876,0.018325956538319588,0.10506882518529892,0.13316862285137177
1781219396761990700,12.48599072265625,0.11850785464048386,0.01466076634824276,0.33108896017074585
1781219396772061400,12.4960615234375,0.0659734457731247,0.08552113175392151,0.21624629199504852
1781219396782132200,12.50613232421875,0.01710422709584236,0.12950342893600464,0.10506882518529892
1781219396792203300,12.516203369140625,0.00733038317412138,0.12828169763088226,0.07330382615327835
1781219396802274000,12.526274169921875,0.009773843921720982,0.11484266817569733,0.12339477986097336
1781219396812375300,12.536375244140626,0.024434609338641167,0.10995574295520782,0.2541199326515198
1781219396822446000,12.546446044921876,0.03787364438176155,0.12339477986097336,0.35063666105270386
1781219396842587600,12.566587646484376,0.009773843921720982,0.15393804013729095,0.2480112910270691
1781219396852658400,12.576658447265626,-0.0024434609804302454,0.15760323405265808,0.1258382350206375
1781219396862729200,12.586729248046876,-0.009773843921720982,0.14905111491680145,0.030543262138962746
1781219396872800000,12.596800048828126,-0.04398229718208313,0.13927727937698364,0.030543262138962746
1781219396882870800,12.606870849609376,-0.04642575979232788,0.1368338167667389,0.11362093687057495
1781219396892972300,12.61697216796875,0.0012217304902151227,0.1111774742603302,0.18570303916931152
1781219396903012400,12.627012451171876,0.04153883829712868,0.09896016865968704,0.20402899384498596
1781219396913052700,12.637052734375,0.045204028487205505,0.12095131725072861,0.17104226350784302
1781219396933163800,12.657163818359376,0.012217304669320583,0.12095131725072861,0.13561208546161652
1781219397013577700,12.73757763671875,0.0354301854968071,0.059864792972803116,0.1563815027475357
1781219397023679000,12.747678955078126,-0.010995574295520782,0.05742133408784866,0.12950342893600464
1781219397043790000,12.7677900390625,-0.10018189996480942,-0.0024434609804302454,-0.07330382615327835
1781219397053860900,12.77786083984375,-0.10873401165008545,-0.028099801391363144,-0.2773328125476837
1781219397063931600,12.787931640625,-0.1062905490398407,-0.03298672288656235,-0.37751471996307373
1781219397073972000,12.797971923828126,-0.10262536257505417,-0.051312681287527084,-0.3982841372489929
1781219397084073200,12.8080732421875,-0.08307767659425735,-0.06719517707824707,-0.3933972120285034
1781219397094144000,12.81814404296875,-0.06108652427792549,-0.08918632566928864,-0.32009339332580566
1781219397104184300,12.828184326171876,-0.04398229718208313,-0.09529497474431992,-0.24923302233219147
1781219397114255000,12.838255126953126,-0.11239920556545258,-0.09529497474431992,-0.33108896017074585
1781219397124356400,12.8483564453125,-0.2431243658065796,-0.09285151958465576,-0.4764748811721802
1781219397134427100,12.85842724609375,-0.30054569244384766,-0.09407325088977814,-0.5656611919403076
1781219397164670200,12.888670166015626,-0.14905111491680145,-0.10995574295520782,-0.251676470041275
1781219397174771500,12.898771484375,-0.19058994948863983,-0.0806342139840126,-0.1514945775270462
1781219397215085300,12.939085205078126,-0.19792033731937408,-0.3029891550540924,-0.1466076523065567
1781219397225186600,12.9491865234375,-0.19792033731937408,-0.3029891550540924,-0.1466076523065567
1781219397235257300,12.95925732421875,-0.09285151958465576,-0.4202753007411957,0.31154128909111023
1781219397245358600,12.969358642578126,-0.012217304669320583,-0.4593706727027893,0.49235737323760986
1781219397315945700,13.03994580078125,-0.16004669666290283,-0.8332201838493347,0.06230825558304787
1781219397326047200,13.050047119140626,-0.10506882518529892,-0.8820894360542297,0.10018189996480942
1781219397336118000,13.060117919921876,-0.08918632566928864,-0.9150761365890503,0.02932153269648552
1781219397346219300,13.07021923828125,-0.10995574295520782,-0.950506329536438,-0.03176499158143997
1781219397356320500,13.080320556640626,-0.11728613078594208,-1.0152580738067627,-0.025656340643763542
1781219397366391300,13.090391357421876,-0.10506882518529892,-1.0836749076843262,-0.04642575979232788
1781219397376492800,13.100492919921875,-0.09162978827953339,-1.1325441598892212,-0.0354301854968071
1781219397396725800,13.120725830078126,0.021991148591041565,-1.2131783962249756,0.21502456068992615
1781219397406827300,13.1308271484375,0.04153883829712868,-1.2620476484298706,0.20525072515010834
1781219397416928500,13.140928466796876,0.0012217304902151227,-1.3267992734909058,0.13439035415649414
1781219397427029800,13.15102978515625,-0.0403171069920063,-1.4135421514511108,0.06963863968849182
1781219397437131000,13.161131103515626,-0.07208210229873657,-1.5112806558609009,-0.010995574295520782
1781219397447232500,13.171232421875,-0.06230825558304787,-1.5919147729873657,-0.07941248267889023
1781219397457364200,13.1813642578125,0.013439035043120384,-1.6285667419433594,-0.02076941914856434
1781219397467465500,13.191465576171876,0.15027284622192383,-1.6310101747512817,0.11239920556545258
1781219397487698700,13.21169873046875,0.4153883755207062,-1.6371188163757324,0.2015855312347412
1781219397497800200,13.22180029296875,0.38117989897727966,-1.607797384262085,0.2382374405860901
1781219397507901400,13.2319013671875,0.27122417092323303,-1.5467108488082886,0.2577851414680481
1781219397518002700,13.242002685546876,0.15027284622192383,-1.5027284622192383,0.304210901260376
1781219397528104000,13.25210400390625,0.12217304855585098,-1.4453071355819702,0.3274237811565399
1781219397538205400,13.262205322265626,0.13316862285137177,-1.3451253175735474,0.31642818450927734
1781219397548276200,13.272276123046876,0.1563815027475357,-1.2278391122817993,0.23579397797584534
1781219397598813200,13.322813232421876,-0.24434609711170197,-0.5644394755363464,-0.09407325088977814
1781219397619046400,13.34304638671875,-0.37262779474258423,-0.3897320330142975,-0.05497787147760391
1781219397629147600,13.353147705078126,-0.40072759985923767,-0.24434609711170197,0.10384709388017654
1781219397639249200,13.363249267578125,-0.43615779280662537,-0.05009094998240471,-0.05009094998240471
1781219397649350400,13.373350341796876,-0.47280970215797424,0.08552113175392151,-0.37751471996307373
1781219397699887400,13.423887451171876,-0.5803219676017761,0.7098253965377808,-0.07208210229873657
1781219397740262100,13.46426220703125,-0.5925393104553223,1.5259413719177246,-0.9724974632263184
1781219397750394000,13.47439404296875,-0.5717698931694031,1.6578882932662964,-0.9859365224838257
1781219397760495400,13.484495361328126,-0.48747047781944275,1.8545868396759033,-0.9346238374710083
1781219397770596600,13.4945966796875,-0.4153883755207062,2.0366246700286865,-0.9578366875648499
1781219397780698000,13.504697998046876,-0.32009339332580566,2.2003366947174072,-0.8515461683273315
1781219397790799400,13.51479931640625,-0.13439035415649414,2.420248031616211,-0.979827880859375
1781219397800870100,13.5248701171875,0.018325956538319588,2.6010642051696777,-1.616349458694458
1781219397811001900,13.535001953125,0.036651913076639175,2.7012460231781006,-1.549154281616211
1781219397861539000,13.5855390625,0.35552358627319336,2.8845057487487793,-1.0433578491210938
1781219397871640300,13.595640380859376,0.38240164518356323,2.607172966003418,-0.32986724376678467
1781219397881741800,13.605741943359375,0.38240164518356323,2.607172966003418,-0.32986724376678467
1781219397891812600,13.6158125,0.39584067463874817,2.4165828227996826,0.21013765037059784
1781219397901913900,13.625913818359376,0.394618958234787,2.4019222259521484,0.18936823308467865
1781219397911954200,13.6359541015625,0.3335324227809906,2.4666738510131836,-0.2993239760398865
1781219397922055400,13.646055419921876,0.13927727937698364,2.3774874210357666,-0.7916813492774963
1781219397932156700,13.65615673828125,-0.07330382615327835,2.063502788543701,-0.7843509912490845
1781219397942227500,13.6662275390625,-0.24068090319633484,1.538158655166626,-0.3591887652873993
1781219397962338600,13.686338623046876,-0.5583308339118958,0.3029891550540924,0.7635815739631653
1781219397972379000,13.69637890625,-0.5204572081565857,-0.2883284091949463,1.056796908378601
1781219397992520400,13.7165205078125,0.6499606370925903,-0.6890559792518616,1.0726794004440308
1781219398002591200,13.72659130859375,1.026253581047058,-0.7770205736160278,0.8405506014823914
1781219398012662000,13.736662109375,1.274264931678772,-0.9248499870300293,0.8222246170043945
1781219398022763500,13.746763427734376,1.5210545063018799,-1.1447614431381226,1.2693779468536377
1781219398032773000,13.756773193359376,1.7886134386062622,-1.4282029867172241,2.024407386779785
1781219398042874600,13.76687451171875,1.9657644033432007,-1.6884315013885498,2.576629638671875
1781219398052975900,13.776975830078126,1.8863518238067627,-1.8411478996276855,2.324953079223633
1781219398063077000,13.7870771484375,1.5442672967910767,-2.0366246700286865,1.0775662660598755
1781219398073117400,13.797117431640626,1.0690141916275024,-2.087937355041504,-0.2968805134296417
1781219398083188200,13.807188232421876,0.47280970215797424,-1.9718730449676514,-0.979827880859375
1781219398093259000,13.817259033203126,0.06108652427792549,-1.910786509513855,-1.5564846992492676
1781219398103360300,13.8273603515625,0.00366519158706069,-2.0109684467315674,-1.949881911277771
1781219398113400600,13.837400634765626,0.09773843735456467,-2.1319196224212646,-1.9914207458496094
1781219398123502000,13.847502197265625,0.30054569244384766,-1.9987510442733765,-1.4184291362762451
1781219398133572900,13.85757275390625,0.5241223573684692,-1.6920967102050781,-0.46181413531303406
1781219398143643600,13.8676435546875,0.6133087277412415,-1.7446311712265015,0.8112290501594543
1781219398163785200,13.88778515625,0.4495968222618103,-2.0806069374084473,1.5564846992492676
1781219398173856000,13.89785595703125,0.26511552929878235,-1.9718730449676514,0.5827654600143433
1781219398183926800,13.9079267578125,0.19792033731937408,-1.6762142181396484,-0.588874101638794
1781219398193997600,13.91799755859375,0.00855211354792118,-1.4501941204071045,-0.8051204085350037
1781219398234342000,13.958341796875,0.33108896017074585,-0.8918632864952087,0.2370157092809677
1781219398284695800,14.00869580078125,0.5290092825889587,-0.4092797040939331,0.7159340381622314
1781219398385526000,14.109526123046875,-0.059864792972803116,0.27977627515792847,-0.18325957655906677
1781219398435849500,14.159849365234376,-0.34574973583221436,0.588874101638794,-0.07208210229873657
1781219398476224300,14.200224365234375,-0.6805039048194885,0.7745771408081055,0.17959438264369965
1781219398546780700,14.27078076171875,-1.0873401165008545,0.8539896011352539,-0.4862487316131592
1781219398597073700,14.32107373046875,0.18570303916931152,0.5729916095733643,-0.07819075137376785
1781219398607144400,14.33114453125,-0.0659734457731247,0.5876523852348328,-0.10262536257505417
1781219398617215200,14.34121533203125,-0.41661009192466736,0.6059783101081848,-0.1258382350206375
1781219398627255600,14.351255615234376,-0.6304129362106323,0.7110471725463867,-0.12950342893600464
1781219398647427800,14.371427734375,-0.5314527750015259,0.5742133259773254,0.40683624148368835
1781219398657498600,14.38149853515625,0.0024434609804302454,0.3836233615875244,0.5705481171607971
1781219398667569400,14.3915693359375,0.3897320330142975,0.33475416898727417,0.5974262356758118
1781219398677640200,14.40164013671875,0.24190263450145721,0.32620203495025635,0.5143485069274902
1781219398687711000,14.4117109375,-0.18081611394882202,0.33597588539123535,0.1612684279680252
1781219398697781800,14.42178173828125,-0.4899139404296875,0.4300491213798523,-0.26022860407829285
1781219398707852500,14.4318525390625,-0.5522221922874451,0.5265658497810364,-0.4141666293144226
1781219398717953800,14.441953857421876,-0.3982841372489929,0.44715335965156555,-0.23090706765651703
1781219398738156500,14.462156494140626,0.3481931984424591,0.3017674386501312,0.6328563690185547
1781219398748227300,14.472227294921876,0.37751471996307373,0.35674530267715454,0.8869763612747192
1781219398758298000,14.482298095703126,0.1417207419872284,0.4190535545349121,0.8857545852661133
1781219398768369000,14.492368896484376,-0.17837265133857727,0.475253164768219,0.588874101638794
1781219398778470100,14.50247021484375,-0.4288274049758911,0.5534439086914062,0.09896016865968704
1781219398798611700,14.52261181640625,-0.19303341209888458,0.30054569244384766,-0.17348572611808777
1781219398818753500,14.54275341796875,0.19914206862449646,0.29565876722335815,0.036651913076639175
1781219398828854800,14.552854736328126,0.1258382350206375,0.4190535545349121,0.06719517707824707
1781219398838925600,14.562925537109376,-0.042760565876960754,0.5510004758834839,0.21991148591041565
1781219398859067100,14.583067138671876,-0.15393804013729095,0.5265658497810364,0.685390830039978
1781219398869138000,14.593137939453126,-0.04153883829712868,0.38606682419776917,0.7648032903671265
1781219398879239200,14.6032392578125,0.1111774742603302,0.26633724570274353,0.6841690540313721
1781219398889279500,14.613279541015626,0.20891591906547546,0.2076941877603531,0.45326200127601624
1781219398899381000,14.623381103515625,0.17837265133857727,0.18081611394882202,0.2125810980796814
1781219398919522600,14.6435224609375,-0.06475171446800232,0.17470745742321014,-0.17959438264369965
1781219398929593300,14.65359326171875,-0.10506882518529892,0.1563815027475357,-0.3384193480014801
1781219398939664100,14.6636640625,-0.05375614017248154,0.1258382350206375,-0.3701843321323395
1781219398949735000,14.67373486328125,0.018325956538319588,0.12339477986097336,-0.2590068578720093
1781219399020261000,14.74426123046875,-0.12828169763088226,0.24190263450145721,0.22602014243602753
1781219399030301200,14.75430126953125,-0.09773843735456467,0.16737708449363708,0.15515977144241333
1781219399110959400,14.83495947265625,0.04764748737215996,-0.051312681287527084,0.08796459436416626
1781219399131101000,14.855100830078126,0.019547687843441963,0.0024434609804302454,-0.02932153269648552
1781219399171414500,14.89541455078125,0.06963863968849182,-0.03176499158143997,0.1966986060142517
1781219399191525600,14.915525634765626,0.03420845419168472,-0.00366519158706069,0.10506882518529892
1781219399201627000,14.925626953125,0.021991148591041565,0.021991148591041565,0.08674286305904388
1781219399211697700,14.93569775390625,0.009773843921720982,0.036651913076639175,0.10384709388017654
1781219399221768400,14.9457685546875,0.00855211354792118,0.039095375686883926,0.13561208546161652
1781219399231808800,14.955808837890626,0.028099801391363144,0.04886921867728233,0.1661553531885147
1781219399241879600,14.965879638671876,0.042760565876960754,0.0708603709936142,0.17837265133857727
1781219399251981000,14.97598095703125,0.03298672288656235,0.08674286305904388,0.18325957655906677
1781219399262051800,14.9860517578125,0.02321287989616394,0.08185594528913498,0.22479841113090515
1781219399272092200,14.996092041015626,0.02321287989616394,0.06352998316287994,0.21624629199504852
1781219399302365400,15.026365478515626,0.021991148591041565,0.051312681287527084,-0.009773843921720982
1781219399312405800,15.03640576171875,0.04153883829712868,0.04886921867728233,0.04398229718208313
1781219399322476500,15.0464765625,0.05619960278272629,0.05619960278272629,0.13927727937698364
1781219399332547300,15.05654736328125,0.06352998316287994,0.07208210229873657,0.20525072515010834
1781219399342648600,15.066648681640626,0.059864792972803116,0.08552113175392151,0.2626720666885376
1781219399352689000,15.07668896484375,0.03787364438176155,0.09896016865968704,0.27000242471694946
1781219399362729200,15.086729248046876,0.02687807008624077,0.09651670604944229,0.24068090319633484
1781219399423154200,15.147154296875,0.00366519158706069,0.05497787147760391,0.11728613078594208
1781219399433255400,15.15725537109375,0.03787364438176155,0.06108652427792549,0.12950342893600464
1781219399443356700,15.167356689453126,0.05742133408784866,0.08429940044879913,0.1466076523065567
1781219399453427500,15.177427490234376,0.03787364438176155,0.10873401165008545,0.17348572611808777
1781219399463498200,15.187498291015626,0.02932153269648552,0.08307767659425735,0.2028072625398636
1781219399534024400,15.2580244140625,-0.019547687843441963,-0.09162978827953339,-0.1368338167667389
1781219399574368800,15.29836865234375,-0.12461651116609573,-0.1014036312699318,-0.20402899384498596
1781219399584470000,15.308469970703126,-0.13805554807186127,-0.14416420459747314,-0.19792033731937408
1781219399594571300,15.3185712890625,-0.1368338167667389,-0.18448130786418915,-0.16982053220272064
1781219399604672500,15.328672607421876,-0.1319468915462494,-0.19058994948863983,-0.1722639948129654
1781219399614743300,15.338743408203126,-0.14905111491680145,-0.16859880089759827,-0.1918116807937622
1781219399624814300,15.348814453125,-0.17959438264369965,-0.14538592100143433,-0.17470745742321014
1781219399634885000,15.358885009765626,-0.20402899384498596,-0.11972958594560623,-0.09529497474431992
1781219399644986400,15.368986328125,-0.2076941877603531,-0.11850785464048386,0.05619960278272629
1781219399655087600,15.379087646484376,-0.1722639948129654,-0.14416420459747314,0.16737708449363708
1781219399665158400,15.389158447265626,-0.14049901068210602,-0.17470745742321014,0.1368338167667389
1781219399675260000,15.399260009765625,-0.15760323405265808,-0.2064724564552307,0.0403171069920063
1781219399685330700,15.40933056640625,-0.1820378452539444,-0.23090706765651703,-0.010995574295520782
1781219399705502700,15.429502685546876,-0.18814650177955627,-0.2932153046131134,0.0024434609804302454
1781219399715604000,15.43960400390625,-0.19547687470912933,-0.3274237811565399,0.0024434609804302454
1781219399725705200,15.449705322265626,-0.19303341209888458,-0.3604104816913605,0.03298672288656235
1781219399735806700,15.459806640625,-0.16859880089759827,-0.41172316670417786,0.09529497474431992
1781219399745908000,15.469907958984376,-0.16004669666290283,-0.46792277693748474,0.1514945775270462
1781219399755978800,15.479978759765626,-0.1661553531885147,-0.5375614166259766,0.13805554807186127
1781219399766110700,15.49011083984375,-0.15882496535778046,-0.6352998614311218,0.13072516024112701
1781219399776212000,15.5002119140625,-0.11728613078594208,-0.7562511563301086,0.2174680233001709
1781219399786313200,15.510313232421876,-0.05742133408784866,-0.8784242272377014,0.304210901260376
1781219399836819700,15.56081982421875,0.03420845419168472,-1.4501941204071045,-0.1869247704744339
1781219399846921200,15.570921142578126,0.039095375686883926,-1.5503759384155273,-0.1612684279680252
1781219399857022500,15.5810224609375,0.09040805697441101,-1.6713273525238037,-0.02932153269648552
1781219399907529000,15.631529052734376,-0.05742133408784866,-2.105041742324829,-0.21991148591041565
1781219399927731700,15.651731689453126,-0.30543261766433716,-2.0928242206573486,-0.19547687470912933
1781219399937833000,15.6618330078125,-0.2919935882091522,-1.9828685522079468,-0.036651913076639175
1781219399947934500,15.6719345703125,-0.2822197377681732,-1.8582520484924316,-0.12339477986097336
1781219399958035700,15.68203564453125,-0.3090978264808655,-1.7666223049163818,-0.22113321721553802
1781219399968137000,15.692136962890626,-0.35063666105270386,-1.6517796516418457,-0.24923302233219147
1781219399978238200,15.70223828125,-0.4043927788734436,-1.5076154470443726,-0.3384193480014801
1781219399988339700,15.712339599609376,-0.44104471802711487,-1.3842206001281738,-0.37629300355911255
1781219399998441000,15.72244091796875,-0.4190535545349121,-1.2559388875961304,-0.1966986060142517
1781219400008542200,15.732542236328126,-0.37629300355911255,-1.1105530261993408,-0.015882495790719986
1781219400018643500,15.7426435546875,-0.39584067463874817,-0.9260717034339905,0.1319468915462494
1781219400038846200,15.76284619140625,-0.4740314185619354,-0.5082398653030396,0.22479841113090515
1781219400048947500,15.772947509765626,-0.48869219422340393,-0.31154128909111023,0.20891591906547546
1781219400059018200,15.783018310546876,-0.5180137157440186,-0.12339477986097336,0.00733038317412138
1781219400069119700,15.79311962890625,-0.5143485069274902,0.03298672288656235,-0.20036379992961884
1781219400079221000,15.803220947265626,-0.4703662395477295,0.13072516024112701,-0.05375614017248154
1781219400089322200,15.813322265625,-0.42638394236564636,0.3090978264808655,0.3701843321323395
1781219400119626200,15.843626220703126,-0.46181413531303406,1.0482447147369385,-0.2687807083129883
1781219400139767800,15.863767822265626,-0.4141666293144226,1.4110987186431885,-0.788016140460968
1781219400149838600,15.873838623046876,-0.43615779280662537,1.55892813205719,-0.9724974632263184
1781219400159909400,15.883909423828126,-0.46547931432724,1.6468926668167114,-1.1704177856445312
1781219400200192800,15.92419287109375,-0.5167919993400574,2.1148154735565186,-1.948660135269165
1781219400240506400,15.96450634765625,-0.7110471725463867,2.348165988922119,-1.6566665172576904
1781219400250607600,15.974607666015626,-0.7843509912490845,2.3408355712890625,-1.605353832244873
1781219400260678400,15.984678466796876,-0.8943067193031311,2.2992968559265137,-1.5051720142364502
1781219400270718700,15.99471875,-0.998153805732727,2.266309976577759,-1.5564846992492676
1781219400280789500,16.00478955078125,-1.0690141916275024,2.2687535285949707,-1.7299703359603882
1781219400290860300,16.0148603515625,-1.1398745775222778,2.2345449924468994,-1.7360789775848389
1781219400300931000,16.02493115234375,-1.1276572942733765,2.1306979656219482,-1.6004669666290283
1781219400310941000,16.03494091796875,-0.9639453291893005,2.02929425239563,-1.06657075881958
1781219400321042200,16.045042236328126,-0.8588765263557434,1.9718730449676514,-0.8649851679801941
1781219400351193600,16.075193603515626,-0.4899139404296875,1.5357152223587036,-0.08429940044879913
1781219400361294800,16.085294921875,-0.2773328125476837,1.3878858089447021,0.11850785464048386
1781219400371365600,16.09536572265625,-0.09040805697441101,1.2803735733032227,0.11484266817569733
1781219400381436400,16.1054365234375,0.04764748737215996,1.1398745775222778,0.004886921960860491
1781219400391476700,16.115476806640626,0.16982053220272064,0.9346238374710083,-0.11362093687057495
1781219400401547500,16.125547607421876,0.21502456068992615,0.7305948138237,-0.13316862285137177
1781219400451901700,16.175901611328126,0.5253441333770752,-0.3543018400669098,0.7098253965377808
1781219400461972500,16.185972412109376,0.5974262356758118,-0.5717698931694031,0.6279694437980652
1781219400472012800,16.1960126953125,0.6414085030555725,-0.8002334833145142,0.5192354321479797
1781219400482114000,16.206114013671876,0.6805039048194885,-1.009149432182312,0.4495968222618103
1781219400512356900,16.23635693359375,0.8625417351722717,-1.5894713401794434,0.37629300355911255
1781219400552731600,16.276731689453126,1.1129964590072632,-2.1343631744384766,0.5803219676017761
1781219400572873200,16.296873291015626,1.0787880420684814,-2.4935519695281982,0.8405506014823914
1781219400582913500,16.30691357421875,1.0897835493087769,-2.5411994457244873,0.9040805697441101
1781219400593014800,16.317014892578126,1.1276572942733765,-2.506990909576416,0.8087855577468872
1781219400603085800,16.3270859375,1.1838568449020386,-2.4190263748168945,0.5485569834709167
1781219400613187000,16.33718701171875,1.2864822149276733,-2.3432791233062744,0.2626720666885376
1781219400623257900,16.3472578125,1.3903292417526245,-2.3066272735595703,0.2370157092809677
1781219400633389600,16.3573896484375,1.4159855842590332,-2.2956316471099854,0.6035348773002625
1781219400643460400,16.36746044921875,1.341460108757019,-2.263866662979126,1.2217304706573486
1781219400653531400,16.377531494140626,1.2119566202163696,-2.074498414993286,1.8081611394882202
1781219400663602200,16.387602294921876,1.0445796251296997,-1.7507398128509521,2.0219640731811523
1781219400693723000,16.417722900390626,0.9859365224838257,-1.0213667154312134,1.0213667154312134
1781219400744076800,16.468076904296876,0.5229006409645081,-0.27122417092323303,1.0800096988677979
1781219400784390700,16.508390625,-0.004886921960860491,0.21135938167572021,-0.3274237811565399
1781219400824704300,16.548704345703126,0.384845107793808,0.6304129362106323,0.9480628371238708
1781219400834805800,16.5588056640625,0.010995574295520782,0.779464066028595,0.3274237811565399
1781219400844876500,16.56887646484375,-0.28466320037841797,0.769690215587616,-0.43127086758613586
1781219400854947300,16.578947265625,-0.3286454975605011,0.7513642311096191,-0.7965682744979858
1781219400865018000,16.58901806640625,-0.06475171446800232,0.6377432942390442,-0.6401867866516113
1781219400875089000,16.5990888671875,0.294437050819397,0.5693264007568359,-0.07696902006864548
1781219400905240300,16.629240234375,-0.1368338167667389,0.8747590184211731,0.5387831330299377
1781219400915311000,16.63931103515625,-0.3677408695220947,0.901637077331543,0.24434609711170197
1781219400925382000,16.6493818359375,-0.375071257352829,0.901637077331543,0.0659734457731247
1781219400935452700,16.65945263671875,-0.16859880089759827,0.8234463334083557,-0.05497787147760391
1781219400945523500,16.6695234375,0.16737708449363708,0.8038986921310425,-0.12217304855585098
1781219400955594200,16.67959423828125,0.2028072625398636,0.9028588533401489,-0.2028072625398636
1781219400965665000,16.6896650390625,-0.16737708449363708,0.9615018963813782,-0.1966986060142517
1781219400975735800,16.69973583984375,-0.607200026512146,0.9138544201850891,-0.15027284622192383
1781219400985806600,16.709806640625,-0.7367035150527954,0.8405506014823914,-0.1661553531885147
1781219400995877400,16.71987744140625,-0.5656611919403076,0.797789990901947,0.02932153269648552
1781219401016080100,16.740080078125,0.19914206862449646,0.8613200187683105,0.5155702829360962
1781219401026151000,16.75015087890625,0.3494149148464203,0.9566149711608887,0.4703662395477295
1781219401036221700,16.7602216796875,0.16249015927314758,0.9908234477043152,0.27977627515792847
1781219401046292500,16.77029248046875,-0.22846360504627228,0.8845328688621521,0.09529497474431992
1781219401056393700,16.780393798828126,-0.5900958180427551,0.7305948138237,-0.04153883829712868
1781219401066464500,16.790464599609376,-0.7086036801338196,0.616973876953125,-0.12950342893600464
1781219401106778400,16.8307783203125,0.44837507605552673,0.5791002511978149,-0.04153883829712868
1781219401126920000,16.850919921875,-0.2223549485206604,0.7819074988365173,0.08429940044879913
1781219401136990700,16.86099072265625,-0.45326200127601624,0.6646214127540588,0.2638937830924988
1781219401147061500,16.8710615234375,-0.1918116807937622,0.4948008358478546,0.3445279896259308
1781219401157132300,16.88113232421875,0.15882496535778046,0.38606682419776917,0.3017674386501312
1781219401167203000,16.891203125,0.29565876722335815,0.35674530267715454,0.0757472887635231
1781219401177273900,16.90127392578125,0.1111774742603302,0.3677408695220947,-0.17592918872833252
1781219401187344600,16.9113447265625,-0.17348572611808777,0.41172316670417786,-0.384845107793808
1781219401227597300,16.951597412109376,0.17104226350784302,0.3090978264808655,0.20891591906547546
1781219401237698800,16.96169873046875,0.24068090319633484,0.3836233615875244,0.2932153046131134
1781219401247769600,16.97176953125,0.19303341209888458,0.4251621961593628,0.3481931984424591
1781219401257870800,16.981870849609376,0.0806342139840126,0.4239404797554016,0.3494149148464203
1781219401308224800,17.032224853515626,-0.1514945775270462,0.18081611394882202,-0.2638937830924988
1781219401318326300,17.042326171875,-0.0806342139840126,0.16982053220272064,-0.2687807083129883
1781219401328397000,17.05239697265625,0.01466076634824276,0.17104226350784302,-0.23579397797584534
1781219401348569000,17.072569091796876,0.04764748737215996,0.2064724564552307,-0.004886921960860491
1781219401358670300,17.08267041015625,0.03787364438176155,0.2272418737411499,0.07696902006864548
1781219401368741000,17.0927412109375,0.02321287989616394,0.24068090319633484,0.13561208546161652
1781219401378812000,17.10281201171875,0.010995574295520782,0.2321287989616394,0.1612684279680252
1781219401388883000,17.112883056640626,0.00366519158706069,0.22968533635139465,0.15760323405265808
1781219401398984200,17.122984130859376,0.00733038317412138,0.22357667982578278,0.1417207419872284
1781219401409055000,17.133054931640626,0.0024434609804302454,0.21380282938480377,0.10018189996480942
1781219401419125800,17.143125732421876,-0.015882495790719986,0.19792033731937408,0.07208210229873657
1781219401429196500,17.153196533203126,-0.02076941914856434,0.16859880089759827,0.06108652427792549
1781219401439206400,17.163206298828126,0.004886921960860491,0.11362093687057495,0.15760323405265808
1781219401459378400,17.18337841796875,0.08429940044879913,0.028099801391363144,0.4764748811721802
1781219401479550500,17.203550537109376,0.10873401165008545,0.0012217304902151227,0.35552358627319336
1781219401509763000,17.23376318359375,0.05619960278272629,0.04642575979232788,-0.07452555745840073
1781219401560117000,17.284116943359376,-0.10751228034496307,0.11362093687057495,-0.02687807008624077
1781219401620572200,17.344572265625,0.018325956538319588,0.042760565876960754,0.09773843735456467
1781219401630643200,17.354643310546876,0.05375614017248154,0.02932153269648552,0.06719517707824707
1781219401640714000,17.3647138671875,0.0708603709936142,0.028099801391363144,0.07941248267889023
1781219401650754000,17.374754150390626,0.0708603709936142,0.03176499158143997,0.11362093687057495
1781219401711270400,17.4352705078125,0.0012217304902151227,0.05864306539297104,0.21624629199504852
1781219401791897900,17.51589794921875,0.010995574295520782,0.07819075137376785,0.34086281061172485
1781219401832242200,17.5562421875,0.05742133408784866,0.04153883829712868,0.16371189057826996
1781219401842343400,17.566343505859376,0.07208210229873657,0.051312681287527084,0.22846360504627228
1781219401852445000,17.57644482421875,0.07696902006864548,0.07208210229873657,0.2773328125476837
1781219401862546200,17.586546142578126,0.059864792972803116,0.06963863968849182,0.2822197377681732
1781219401872647400,17.5966474609375,0.02687807008624077,0.0354301854968071,0.2064724564552307
1781219401882718200,17.60671826171875,-0.00366519158706069,-0.01710422709584236,0.06719517707824707
1781219401892819700,17.61681982421875,-0.024434609338641167,-0.059864792972803116,-0.11239920556545258
1781219401902921000,17.6269208984375,-0.0354301854968071,-0.06230825558304787,-0.27977627515792847
1781219401923123500,17.64712353515625,-0.06963863968849182,-0.051312681287527084,-0.3090978264808655
1781219401943326200,17.667326171875,-0.1319468915462494,-0.07208210229873657,-0.2223549485206604
1781219401953427500,17.677427490234376,-0.15393804013729095,-0.07208210229873657,-0.2223549485206604
1781219401963528700,17.68752880859375,-0.13927727937698364,-0.08918632566928864,-0.23335053026676178
1781219401973630200,17.697630126953126,-0.1160643994808197,-0.10384709388017654,-0.22968533635139465
1781219401983731500,17.7077314453125,-0.11239920556545258,-0.10751228034496307,-0.19425514340400696
1781219401993832700,17.717832763671876,-0.12828169763088226,-0.08674286305904388,-0.16249015927314758
1781219402003964700,17.727964599609376,-0.14782938361167908,-0.0659734457731247,-0.16982053220272064
1781219402014066000,17.73806591796875,-0.1918116807937622,-0.07696902006864548,-0.20525072515010834
1781219402024198000,17.748197998046876,-0.23090706765651703,-0.1111774742603302,-0.2125810980796814
1781219402034268700,17.7582685546875,-0.21380282938480377,-0.13439035415649414,-0.11728613078594208
1781219402044370000,17.768369873046876,-0.19792033731937408,-0.18325957655906677,-0.013439035043120384
1781219402054501600,17.778501708984376,-0.1820378452539444,-0.2223549485206604,0.09162978827953339
1781219402064603100,17.78860302734375,-0.16004669666290283,-0.24190263450145721,0.1612684279680252
1781219402074734800,17.79873486328125,-0.13316862285137177,-0.27488934993743896,0.14538592100143433
1781219402084836000,17.808836181640626,-0.1319468915462494,-0.34697145223617554,0.019547687843441963
1781219402094937600,17.8189375,-0.14782938361167908,-0.4337143301963806,-0.10873401165008545
1781219402105038800,17.829038818359376,-0.16737708449363708,-0.50335294008255,-0.17959438264369965
1781219402115140000,17.83914013671875,-0.17837265133857727,-0.5717698931694031,-0.18814650177955627
1781219402135342800,17.8593427734375,-0.15027284622192383,-0.7428121566772461,0.02321287989616394
1781219402145444000,17.869444091796876,-0.10873401165008545,-0.8258898258209229,0.10018189996480942
1781219402155545300,17.87954541015625,-0.0757472887635231,-0.8796459436416626,0.02932153269648552
1781219402165616000,17.8896162109375,-0.09407325088977814,-0.940732479095459,-0.18325957655906677
1781219402175717600,17.899717529296876,-0.1270599663257599,-1.0201449394226074,-0.4153883755207062
1781219402185819000,17.90981884765625,-0.1417207419872284,-1.1178834438323975,-0.5998696684837341
1781219402226254600,17.950254638671876,-0.1258382350206375,-1.5125023126602173,-0.8014551997184753
1781219402296963800,18.0209638671875,-0.1258382350206375,-1.508837103843689,-0.07941248267889023
1781219402377774300,18.1017744140625,0.5717698931694031,-1.1215485334396362,0.8881980776786804
1781219402408017400,18.132017333984376,0.5974262356758118,-0.7611380815505981,0.6780604124069214
1781219402428159000,18.152158935546876,0.6536257863044739,-0.5913175344467163,0.836885392665863
1781219402438199300,18.16219921875,0.5998696684837341,-0.4398229718208313,0.9382890462875366
1781219402448270000,18.17227001953125,0.475253164768219,-0.2015855312347412,0.8539896011352539
1781219402458371300,18.182371337890626,0.2883284091949463,-0.013439035043120384,0.6133087277412415
1781219402478513000,18.202512939453126,0.01710422709584236,0.10384709388017654,-0.004886921960860491
1781219402488583700,18.212583740234376,-0.06352998316287994,0.22479841113090515,0.02076941914856434
1781219402498654500,18.222654541015626,-0.14049901068210602,0.41172316670417786,0.16859880089759827
1781219402508725200,18.232725341796876,-0.19914206862449646,0.5949827432632446,0.10384709388017654
1781219402518796000,18.242796142578126,-0.2541199326515198,0.7195992469787598,-0.20891591906547546
1781219402528897500,18.2528974609375,-0.3029891550540924,0.8674286603927612,-0.5082398653030396
1781219402538968300,18.26296826171875,-0.3579670190811157,1.076344609260559,-0.759916365146637
1781219402549039000,18.2730390625,-0.4190535545349121,1.263269305229187,-0.911410927772522
1781219402569241600,18.29324169921875,-0.384845107793808,1.635897159576416,-0.7611380815505981
1781219402579312600,18.303312744140626,-0.3494149148464203,1.8216001987457275,-0.7452555894851685
1781219402589383400,18.313383544921876,-0.3029891550540924,1.976759910583496,-0.797789990901947
1781219402599454200,18.3234541015625,-0.22968533635139465,2.0952677726745605,-1.1325441598892212
1781219402609555500,18.333555419921876,-0.2174680233001709,2.185675859451294,-1.5919147729873657
1781219402629666600,18.35366650390625,-0.5949827432632446,2.5521950721740723,-2.613281488418579
1781219402639737300,18.3637373046875,-0.6914994716644287,2.4862215518951416,-2.3237314224243164
1781219402649808100,18.37380810546875,-0.7122688889503479,2.302962064743042,-1.5271631479263306
1781219402659909400,18.383909423828126,-0.5949827432632446,2.14902400970459,-0.5778785347938538
1781219402669980200,18.393980224609376,-0.4703662395477295,2.0256290435791016,0.004886921960860491
1781219402690121700,18.414121826171876,-0.4862487316131592,2.065946340560913,-0.7269296646118164
1781219402700192800,18.42419287109375,-0.5363397002220154,2.096489429473877,-1.1948524713516235
1781219402710263600,18.434263671875,-0.616973876953125,2.0696115493774414,-1.2315043210983276
1781219402720334300,18.444334228515626,-0.6120869517326355,2.0060815811157227,-1.007927656173706
1781219402730405000,18.454405029296876,-0.46547931432724,1.910786509513855,-0.6023131608963013
1781219402740506400,18.46450634765625,-0.2822197377681732,1.8020524978637695,-0.24434609711170197
1781219402800900600,18.524900634765626,0.3017674386501312,1.1899654865264893,-0.0403171069920063
1781219402851285200,18.57528515625,0.40683624148368835,0.2577851414680481,0.20036379992961884
1781219402861386500,18.585386474609376,0.294437050819397,0.042760565876960754,-0.03176499158143997
1781219402871457300,18.595457275390626,0.18448130786418915,-0.20036379992961884,-0.2223549485206604
1781219402881558500,18.60555859375,0.10506882518529892,-0.4740314185619354,-0.32009339332580566
1781219402891629300,18.61562939453125,0.10384709388017654,-0.7391469478607178,-0.3445279896259308
1781219402901700000,18.6257001953125,0.16249015927314758,-0.9712757468223572,-0.32131510972976685
1781219402911801600,18.635801513671876,0.2370157092809677,-1.1936306953430176,-0.2687807083129883
1781219402921872400,18.645872314453126,0.32131510972976685,-1.4245377779006958,-0.26022860407829285
1781219402931973600,18.6559736328125,0.42271876335144043,-1.635897159576416,-0.3689626157283783
1781219402942075000,18.666074951171876,0.5253441333770752,-1.7763961553573608,-0.5815436840057373
1781219402952145700,18.676145751953126,0.5839871764183044,-1.8655824661254883,-0.7476990818977356
1781219402962216400,18.686216552734376,0.5839871764183044,-1.9535470008850098,-0.7379252314567566
1781219402972287500,18.69628759765625,0.5668829679489136,-2.0867156982421875,-0.5070181488990784
1781219402982358300,18.706358154296876,0.5668829679489136,-2.2821924686431885,-0.13072516024112701
1781219402992398300,18.7163984375,0.5925393104553223,-2.5057692527770996,0.3591887652873993
1781219403002469400,18.726469482421876,0.6719517707824707,-2.646268129348755,0.8698720932006836
1781219403012540200,18.7365400390625,0.789237916469574,-2.6560420989990234,1.225395679473877
1781219403022611000,18.74661083984375,0.8759807348251343,-2.585181713104248,1.2901474237442017
1781219403032681700,18.756681640625,0.8991936445236206,-2.4752259254455566,1.0580185651779175
1781219403042752500,18.76675244140625,0.8258898258209229,-2.372600555419922,0.7672467231750488
1781219403052853800,18.776853759765626,0.7000515460968018,-2.3078489303588867,0.5949827432632446
1781219403062955000,18.786955078125,0.6670648455619812,-2.263866662979126,0.6145304441452026
1781219403083096600,18.8070966796875,0.7257078886032104,-2.0195205211639404,1.4013248682022095
1781219403093198000,18.817197998046876,0.7000515460968018,-1.7690657377243042,1.7275269031524658
1781219403103299300,18.82729931640625,0.6291912198066711,-1.4672982692718506,1.8313740491867065
1781219403113370000,18.8373701171875,0.5729916095733643,-1.1691961288452148,1.7250834703445435
1781219403123441000,18.84744091796875,0.5180137157440186,-0.9834930300712585,1.4819591045379639
1781219403133542100,18.857542236328126,0.44226643443107605,-0.9297369122505188,1.197295904159546
1781219403143613000,18.867613037109376,0.3689626157283783,-0.9248499870300293,1.0323622226715088
1781219403153653200,18.8776533203125,0.304210901260376,-0.8967501521110535,1.1704177856445312
1781219403163724000,18.88772412109375,0.30543261766433716,-0.7635815739631653,1.5015068054199219
1781219403183865900,18.907865966796876,0.4605923891067505,-0.16249015927314758,1.1899654865264893
1781219403193936600,18.9179365234375,0.504574716091156,0.04398229718208313,0.2883284091949463
1781219403224179500,18.948179443359376,-0.07696902006864548,0.00855211354792118,-0.4153883755207062
1781219403234219800,18.9582197265625,-0.17104226350784302,-0.00855211354792118,0.4239404797554016
1781219403314877700,19.038877685546876,0.21013765037059784,0.8136724829673767,0.50335294008255
1781219403324979000,19.04897900390625,0.3897320330142975,0.8894197940826416,0.8185594081878662
1781219403335080400,19.05908056640625,0.4153883755207062,0.9737191796302795,0.8100073337554932
1781219403345151200,19.069151123046876,0.34086281061172485,1.0311405658721924,0.4092797040939331
1781219403355191300,19.07919140625,0.17837265133857727,1.0958921909332275,-0.02687807008624077
1781219403365262300,19.089262451171876,0.019547687843441963,1.1447614431381226,-0.17104226350784302
1781219403375302400,19.099302490234376,-0.025656340643763542,1.1533136367797852,-0.04398229718208313
1781219403385373200,19.109373291015626,-0.06352998316287994,1.1606439352035522,0.0806342139840126
1781219403395474700,19.119474609375,-0.16982053220272064,1.1789699792861938,0.12339477986097336
1781219403405545500,19.12954541015625,-0.25045475363731384,1.166752576828003,0.16004669666290283
1781219403415616300,19.1396162109375,-0.2675589919090271,1.0739010572433472,0.13439035415649414
1781219403425687000,19.14968701171875,-0.20402899384498596,0.9541715383529663,0.5192354321479797
1781219403496243700,19.22024365234375,-0.4129449129104614,0.37629300355911255,0.18448130786418915
1781219403526486500,19.250486572265626,0.09285151958465576,0.44593164324760437,-0.251676470041275
1781219403566800400,19.29080029296875,-0.5229006409645081,0.32620203495025635,-0.19303341209888458
1781219403657407000,19.381406982421876,-0.28588494658470154,0.3579670190811157,0.10262536257505417
1781219403687711000,19.4117109375,0.045204028487205505,0.37262779474258423,0.07819075137376785
1781219403717953800,19.441953857421876,-0.2028072625398636,0.2028072625398636,-0.2724458873271942
1781219403788419000,19.512419189453126,0.1160643994808197,0.3090978264808655,0.12828169763088226
1781219403838864600,19.56286474609375,0.00855211354792118,0.2590068578720093,-0.3225368559360504
1781219403919431000,19.643430908203126,-0.00855211354792118,0.04886921867728233,-0.13927727937698364
1781219404000028000,19.72402783203125,0.01466076634824276,-0.05009094998240471,0.07819075137376785
1781219404080746800,19.804746826171876,0.08796459436416626,-0.0354301854968071,-0.039095375686883926
1781219404090848300,19.81484814453125,0.0806342139840126,-0.006108652334660292,0.010995574295520782
1781219404100888300,19.824888427734376,0.03420845419168472,0.01710422709584236,0.11239920556545258
1781219404110959400,19.83495947265625,0.010995574295520782,0.02321287989616394,0.1612684279680252
1781219404151303400,19.875303466796876,0.021991148591041565,-0.00733038317412138,-0.02687807008624077
1781219404161405000,19.885405029296876,0.030543262138962746,0.015882495790719986,-0.036651913076639175
1781219404171475700,19.895475830078126,0.018325956538319588,0.05497787147760391,-0.042760565876960754
1781219404181577000,19.905576904296876,0.0012217304902151227,0.08429940044879913,0.00733038317412138
1781219404191678200,19.91567822265625,0,0.1062905490398407,0.07819075137376785
1781219404201749000,19.9257490234375,-0.00855211354792118,0.1160643994808197,0.12461651116609573
1781219404211881000,19.935880859375,0.00733038317412138,0.11972958594560623,0.17959438264369965
1781219404242184700,19.966184814453126,0.0757472887635231,0.09651670604944229,0.06108652427792549
1781219404252286200,19.9762861328125,0.05375614017248154,0.11362093687057495,0.036651913076639175
1781219404262387500,19.986387451171876,0.05009094998240471,0.1258382350206375,0.11850785464048386
1781219404272488700,19.99648876953125,0.04886921867728233,0.11972958594560623,0.2321287989616394
1781219404282590200,20.006590087890626,0.03176499158143997,0.10995574295520782,0.2541199326515198
1781219404292691500,20.01669140625,-0.010995574295520782,0.09285151958465576,0.18936823308467865
1781219404302792700,20.026792724609376,-0.04764748737215996,0.05864306539297104,0.06352998316287994
1781219404312863500,20.036863525390626,-0.03176499158143997,0.02321287989616394,-0.051312681287527084
1781219404343198000,20.067197998046876,-0.012217304669320583,0.08918632566928864,-0.10506882518529892
1781219404353268700,20.077268798828126,-0.04764748737215996,0.06108652427792549,0.018325956538319588
1781219404363400700,20.087400634765626,-0.09162978827953339,-0.021991148591041565,0.05742133408784866
1781219404373502000,20.097501953125,-0.12950342893600464,-0.0659734457731247,-0.14782938361167908
1781219404383603200,20.107603271484376,-0.15393804013729095,-0.05497787147760391,-0.5155702829360962
1781219404393735200,20.117735107421876,-0.18570303916931152,-0.018325956538319588,-0.8381071090698242
1781219404403867000,20.127866943359376,-0.1869247704744339,0.010995574295520782,-0.8100073337554932
1781219404413998800,20.137998779296876,-0.12095131725072861,-0.0024434609804302454,-0.43615779280662537
1781219404424100000,20.14810009765625,-0.042760565876960754,-0.024434609338641167,-0.015882495790719986
1781219404434201300,20.158201416015626,-0.04398229718208313,-0.010995574295520782,0.19058994948863983
1781219404515103500,20.239103515625,-0.20402899384498596,-0.19547687470912933,0.2076941877603531
1781219404525204700,20.249204833984376,-0.16859880089759827,-0.23090706765651703,0.13316862285137177
1781219404575681000,20.299680908203126,-0.1417207419872284,-0.4703662395477295,0.24434609711170197
1781219404585812700,20.309812744140626,-0.14416420459747314,-0.5302310585975647,0.2822197377681732
1781219404595914000,20.3199140625,-0.13927727937698364,-0.6023131608963013,0.2834414839744568
1781219404606015500,20.330015380859376,-0.10506882518529892,-0.6890559792518616,0.2675589919090271
1781219404616116700,20.34011669921875,-0.06841690838336945,-0.7855727076530457,0.25534167885780334
1781219404646420700,20.370420654296876,-0.03420845419168472,-1.0592403411865234,0.18325957655906677
1781219404656522000,20.38052197265625,-0.04153883829712868,-1.187522053718567,0.13316862285137177
1781219404666623200,20.390623291015626,-0.0403171069920063,-1.2999212741851807,0.08918632566928864
1781219404676724700,20.400724853515626,0,-1.4538593292236328,-0.1111774742603302
1781219404686856400,20.4108564453125,0,-1.4538593292236328,-0.1111774742603302
1781219404696988400,20.420988525390626,-0.08552113175392151,-1.5943583250045776,-0.16493362188339233
1781219404707089700,20.431089599609376,-0.07330382615327835,-1.6627751588821411,-0.04764748737215996
1781219404717191000,20.44119091796875,0.021991148591041565,-1.7006487846374512,0.19792033731937408
1781219404757565700,20.481565673828126,-0.11972958594560623,-1.7348573207855225,-0.09651670604944229
1781219404797788000,20.521787841796876,-0.11972958594560623,-1.7812830209732056,0.27611109614372253
1781219404817929500,20.541929443359376,-0.2675589919090271,-1.653001308441162,0.08307767659425735
1781219404827969800,20.5519697265625,-0.29565876722335815,-1.577254056930542,-0.08918632566928864
1781219404868313900,20.59231396484375,-0.3738495409488678,-1.0030407905578613,-0.06719517707824707
1781219404928769300,20.652769287109376,-0.10018189996480942,0.09040805697441101,0.0012217304902151227
1781219404969083100,20.693083251953126,-0.07330382615327835,0.8307767510414124,-0.32620203495025635
1781219405019498000,20.743498046875,-0.21624629199504852,1.9657644033432007,-0.8332201838493347
1781219405029599500,20.753599609375,-0.24923302233219147,2.1587977409362793,-1.0555751323699951
1781219405039670300,20.763670166015626,-0.2370157092809677,2.337170362472534,-1.0812314748764038
1781219405049741000,20.773740966796876,-0.1612684279680252,2.5021040439605713,-0.9627236127853394
1781219405059842300,20.78384228515625,-0.08429940044879913,2.6780333518981934,-1.0885618925094604
1781219405079983900,20.80398388671875,-0.2871066629886627,2.858849287033081,-1.441641926765442
1781219405090085000,20.814085205078126,-0.2687807083129883,2.7989845275878906,-0.9224064946174622
1781219405100186600,20.8241865234375,-0.039095375686883926,2.7818803787231445,-0.1319468915462494
1781219405120358700,20.844358642578126,0.4813618063926697,2.8551840782165527,0.1966986060142517
1781219405140561400,20.8645615234375,0.5925393104553223,3.067765235900879,-0.3897320330142975
1781219405150632200,20.874632080078126,0.6768386960029602,3.006678819656372,-0.05009094998240471
1781219405160703000,20.884702880859376,0.8686503767967224,2.769663095474243,0.5937610268592834
1781219405170804200,20.89480419921875,1.0677924156188965,2.5387558937072754,0.9053022861480713
1781219405180875000,20.904875,1.1081095933914185,2.4410176277160645,0.788016140460968
1781219405221158100,20.945158203125,0.6450737118721008,1.7201964855194092,-0.06108652427792549
1781219405271603700,20.995603759765626,0.17470745742321014,0.22113321721553802,0.1417207419872284
1781219405281644000,21.00564404296875,0.11484266817569733,-0.03787364438176155,-0.3543018400669098
1781219405291714800,21.01571484375,0.0659734457731247,-0.2773328125476837,-0.846659243106842
1781219405301785600,21.02578564453125,-0.018325956538319588,-0.5216789245605469,-1.1606439352035522
1781219405311856400,21.0358564453125,-0.13439035415649414,-0.8100073337554932,-1.1838568449020386
1781219405321958000,21.0459580078125,-0.1918116807937622,-1.1447614431381226,-0.9334021210670471
1781219405332028700,21.056028564453126,-0.16371189057826996,-1.470963478088379,-0.5754350423812866
1781219405342099500,21.066099365234376,-0.10262536257505417,-1.7373007535934448,-0.27977627515792847
1781219405352170200,21.076170166015626,-0.04153883829712868,-1.9413297176361084,-0.14294247329235077
1781219405362241000,21.086240966796876,0.00366519158706069,-2.12703275680542,-0.10506882518529892
1781219405372342300,21.09634228515625,0.08796459436416626,-2.3041837215423584,-0.1417207419872284
1781219405382443500,21.106443603515626,0.2528982162475586,-2.456900119781494,-0.3933972120285034
1781219405392483800,21.11648388671875,0.40072759985923767,-2.5864033699035645,-0.8442157506942749
1781219405402554600,21.1265546875,0.41172316670417786,-2.7281241416931152,-1.1252137422561646
1781219405412625400,21.13662548828125,0.34086281061172485,-2.8539624214172363,-0.8943067193031311
1781219405422696200,21.1466962890625,0.27977627515792847,-2.934596538543701,-0.2785545587539673
1781219405442838000,21.166838134765626,0.18448130786418915,-3.1080822944641113,1.0787880420684814
1781219405452939300,21.176939208984376,0.1771509200334549,-3.1532864570617676,1.3426817655563354
1781219405473080800,21.197080810546876,0.4080579876899719,-3.039665460586548,0.8955284357070923
1781219405493252900,21.2172529296875,0.6780604124069214,-2.5448646545410156,-0.09773843735456467
1781219405503323600,21.22732373046875,0.5204572081565857,-2.453234910964966,-0.2015855312347412
1781219405513394400,21.23739453125,0.3225368559360504,-2.39214825630188,0.21991148591041565
1781219405533536300,21.257536376953126,0.2834414839744568,-1.8949040174484253,1.9657644033432007
1781219405543637500,21.267637451171876,0.43737950921058655,-1.4563027620315552,2.4190263748168945
1781219405553708300,21.277708251953126,0.5534439086914062,-1.0396926403045654,2.2088887691497803
1781219405624265000,21.348264892578126,0.08552113175392151,0.11484266817569733,0.36651915311813354
1781219405654507800,21.3785078125,-0.05742133408784866,0.24434609711170197,-0.8723155856132507
1781219405704862000,21.428862060546876,-0.5949827432632446,0.685390830039978,-0.8148942589759827
1781219405745175600,21.469175537109376,-0.35552358627319336,0.5082398653030396,-0.4031710624694824
1781219405755246300,21.479246337890626,-0.3579670190811157,0.5436700582504272,-0.006108652334660292
1781219405795499000,21.5194990234375,-0.4899139404296875,0.7574729323387146,-0.4434881806373596
1781219405866055700,21.5900556640625,-0.16982053220272064,1.0225883722305298,0.4141666293144226
1781219405916440300,21.6404404296875,-0.3078760802745819,1.1227703094482422,0.13561208546161652
1781219405926541600,21.65054150390625,-0.37140607833862305,1.0140362977981567,0.2223549485206604
1781219405936612400,21.6606123046875,-0.3274237811565399,0.8906415104866028,0.24068090319633484
1781219405946683100,21.67068310546875,-0.17837265133857727,0.8002334833145142,0.17959438264369965
1781219405956784400,21.680784423828126,0.06841690838336945,0.8381071090698242,0.08918632566928864
1781219406007169000,21.7311689453125,-0.3640756905078888,0.7415903806686401,0.27122417092323303
1781219406017239800,21.74123974609375,-0.2528982162475586,0.5962044596672058,0.09407325088977814
1781219406037381400,21.76138134765625,0.02076941914856434,0.38728857040405273,-0.2736676335334778
1781219406067532800,21.79153271484375,0.042760565876960754,0.4153883755207062,0.06963863968849182
1781219406077634000,21.801634033203126,0.02687807008624077,0.43615779280662537,0.2431243658065796
1781219406087704800,21.811704833984376,-0.0024434609804302454,0.4105014503002167,0.27977627515792847
1781219406097775600,21.821775634765626,-0.015882495790719986,0.35674530267715454,0.2272418737411499
1781219406107846400,21.831846435546876,-0.009773843921720982,0.33475416898727417,0.10262536257505417
1781219406117947600,21.84194775390625,-0.019547687843441963,0.3225368559360504,-0.07941248267889023
1781219406127988000,21.851988037109376,-0.010995574295520782,0.32131510972976685,-0.15515977144241333
1781219406148129500,21.872129638671876,0.04764748737215996,0.31031954288482666,0.08796459436416626
1781219406158231000,21.88223095703125,0.08674286305904388,0.2871066629886627,0.2565633952617645
1781219406188443400,21.912443359375,0.051312681287527084,0.35674530267715454,0.16737708449363708
1781219406198544600,21.922544677734376,-0.00366519158706069,0.35063666105270386,0.13805554807186127
1781219406208615400,21.932615478515626,-0.024434609338641167,0.3017674386501312,0.14294247329235077
1781219406218717000,21.942717041015626,-0.0024434609804302454,0.23945917189121246,0.1722639948129654
1781219406269101300,21.993101318359376,0.039095375686883926,0.09773843735456467,0.0757472887635231
1781219406279172000,22.003172119140626,0.06230825558304787,0.07941248267889023,0.03420845419168472
1781219406289243000,22.013242919921876,0.08796459436416626,0.10384709388017654,0.00855211354792118
1781219406299313700,22.023313720703126,0.06475171446800232,0.1368338167667389,0.02932153269648552
1781219406309384400,22.033384521484376,0.02687807008624077,0.16004669666290283,0.08185594528913498
1781219406319455200,22.043455322265626,0.01466076634824276,0.16493362188339233,0.07330382615327835
1781219406329526000,22.053526123046876,0.021991148591041565,0.14538592100143433,0.030543262138962746
1781219406339597000,22.06359716796875,0.03298672288656235,0.1319468915462494,0.019547687843441963
1781219406359769000,22.08376904296875,-0.05864306539297104,0.059864792972803116,0.0403171069920063
1781219406369870300,22.093870361328126,-0.04764748737215996,0.009773843921720982,0.06841690838336945
1781219406379971600,22.1039716796875,0.0024434609804302454,-0.02076941914856434,0.0354301854968071
1781219406390073000,22.114072998046876,0.03298672288656235,-0.021991148591041565,-0.05619960278272629
1781219406400174300,22.12417431640625,0.04398229718208313,-0.004886921960860491,-0.09651670604944229
1781219406410245000,22.1342451171875,0.06475171446800232,0.03787364438176155,0.036651913076639175
1781219406490933500,22.21493359375,0.06108652427792549,0.07452555745840073,0.18448130786418915
1781219406551480600,22.27548046875,0.26633724570274353,0.16371189057826996,0.6218608021736145
1781219406561581800,22.285581787109376,0.3090978264808655,0.14294247329235077,0.7293730974197388
1781219406571683000,22.29568310546875,0.34086281061172485,0.14905111491680145,0.750142514705658
1781219406581784300,22.305784423828126,0.3591887652873993,0.2064724564552307,0.6646214127540588
1781219406622159000,22.3461591796875,0.14294247329235077,0.2321287989616394,0.513126790523529
1781219406632230000,22.35622998046875,0.12461651116609573,0.1869247704744339,0.5241223573684692
1781219406642361900,22.36636181640625,0.11239920556545258,0.18081611394882202,0.41661009192466736
1781219406652493600,22.37649365234375,0.059864792972803116,0.1771509200334549,0.2626720666885376
1781219406662595000,22.386594970703126,0.006108652334660292,0.16982053220272064,0.1918116807937622
1781219406672696300,22.3966962890625,-0.05864306539297104,0.14294247329235077,0.09529497474431992
1781219406682797600,22.406797607421876,-0.13927727937698364,0.08185594528913498,-0.042760565876960754
1781219406692898800,22.41689892578125,-0.2015855312347412,0.00733038317412138,-0.21013765037059784
1781219406703030800,22.42703076171875,-0.17592918872833252,-0.05009094998240471,-0.304210901260376
1781219406713132000,22.437132080078126,-0.09040805697441101,-0.04886921867728233,-0.3591887652873993
1781219406793942500,22.517942626953126,-0.12339477986097336,-0.03176499158143997,-0.43737950921058655
1781219406804074500,22.528074462890626,-0.0806342139840126,-0.04153883829712868,-0.27122417092323303
1781219406905118200,22.6291181640625,-0.14049901068210602,-0.3445279896259308,-0.17348572611808777
1781219406915219500,22.639219482421876,-0.11972958594560623,-0.36651915311813354,-0.1514945775270462
1781219406975827500,22.699827392578126,-0.1612684279680252,-0.7183775305747986,-0.10995574295520782
1781219407036404700,22.76040478515625,-0.22479841113090515,-1.1838568449020386,0.010995574295520782
1781219407056607500,22.780607421875,-0.18081611394882202,-1.3548991680145264,0.31642818450927734
1781219407117154300,22.841154296875,-0.42149701714515686,-1.4049900770187378,0.0708603709936142
1781219407147366700,22.87136669921875,-0.3090978264808655,-1.370781660079956,0.009773843921720982
1781219407167508200,22.89150830078125,-0.12095131725072861,-1.3426817655563354,-0.02076941914856434
1781219407187619300,22.911619384765626,-0.015882495790719986,-1.3939944505691528,0.22479841113090515
1781219407207822000,22.931822021484376,0.08796459436416626,-1.263269305229187,0.27122417092323303
1781219407217892900,22.941892822265626,0.05009094998240471,-1.1484266519546509,0.18448130786418915
1781219407248105200,22.972105224609376,-0.0708603709936142,-0.8649851679801941,-0.13927727937698364
1781219407298459100,23.022459228515626,-0.1062905490398407,-0.03787364438176155,-0.0659734457731247
1781219407338742500,23.062742431640626,-0.23457226157188416,0.6927211880683899,-0.35185837745666504
1781219407358914600,23.08291455078125,-0.26633724570274353,1.1313223838806152,-0.7684684991836548
1781219407368985300,23.0929853515625,-0.3836233615875244,1.3646728992462158,-1.0848966836929321
1781219407379056000,23.10305615234375,-0.5400048494338989,1.5369369983673096,-1.236391305923462
1781219407399259000,23.1232587890625,-0.7257078886032104,1.793500304222107,-0.9761626720428467
1781219407409329700,23.13332958984375,-0.6695083379745483,1.9559905529022217,-0.626747727394104
1781219407459683600,23.18368359375,-0.5314527750015259,2.6254987716674805,-1.5613715648651123
1781219407469784800,23.193784912109376,-0.5338962078094482,2.6389379501342773,-1.4453071355819702
1781219407510068200,23.234068115234376,-0.18814650177955627,2.746450185775757,-1.1276572942733765
1781219407520108300,23.2441083984375,-0.13927727937698364,2.6206119060516357,-1.3084733486175537
1781219407530209800,23.254209716796876,-0.23090706765651703,2.3994786739349365,-0.9382890462875366
1781219407540250000,23.26425,-0.32131510972976685,2.172236919403076,-0.48869219422340393
1781219407550005000,23.2740048828125,-0.30543261766433716,1.9792033433914185,-0.1918116807937622
1781219407559506200,23.283506103515624,-0.16493362188339233,1.9022343158721924,0.1062905490398407
1781219407588018700,23.312018798828124,0.40683624148368835,1.4929546117782593,-0.21135938167572021
1781219407597720000,23.321719970703125,0.24434609711170197,1.2302825450897217,-0.2773328125476837
1781219407616861400,23.340861328125,0.2321287989616394,0.7660250067710876,-0.44104471802711487
1781219407626701800,23.350701904296876,0.3591887652873993,0.5216789245605469,-0.2675589919090271
1781219407636603100,23.36060302734375,0.5510004758834839,0.3127630054950714,0.012217304669320583
1781219407646504400,23.37050439453125,0.6670648455619812,0.14538592100143433,0.19914206862449646
1781219407656575200,23.3805751953125,0.6585127115249634,-0.004886921960860491,0.2565633952617645
1781219407666646000,23.39064599609375,0.5803219676017761,-0.18814650177955627,0.26511552929878235
1781219407696919600,23.42091943359375,0.49357911944389343,-0.8698720932006836,-0.07941248267889023
1781219407706990300,23.430990234375,0.5400048494338989,-1.1191051006317139,-0.1062905490398407
1781219407717091600,23.441091552734374,0.5754350423812866,-1.3646728992462158,-0.05864306539297104
1781219407727162400,23.451162353515624,0.6194173693656921,-1.5809192657470703,0.01466076634824276
1781219407737202700,23.46120263671875,0.6438519954681396,-1.7654005289077759,0.14905111491680145
1781219407747243000,23.471242919921874,0.6352998614311218,-1.958433985710144,0.3445279896259308
1781219407757344300,23.48134423828125,0.6316346526145935,-2.138028383255005,0.48380526900291443
1781219407767415000,23.4914150390625,0.6279694437980652,-2.2565362453460693,0.5167919993400574
1781219407777485800,23.50148583984375,0.6133087277412415,-2.3493876457214355,0.4288274049758911
1781219407797627400,23.52162744140625,0.6475171446800232,-2.5411994457244873,0.13072516024112701
1781219407807729000,23.53172900390625,0.6426302194595337,-2.5998425483703613,0.13439035415649414
1781219407817830100,23.541830078125,0.5962044596672058,-2.671924591064453,0.29565876722335815
1781219407827901000,23.55190087890625,0.5265658497810364,-2.752558708190918,0.5925393104553223
1781219407837971700,23.5619716796875,0.46792277693748474,-2.7928760051727295,1.0128145217895508
1781219407848073000,23.572072998046874,0.4691445231437683,-2.7061331272125244,1.282817006111145
1781219407868275700,23.592275634765624,0.6792821288108826,-2.3164010047912598,0.8063421249389648
1781219407878346500,23.602346435546874,0.7183775305747986,-2.2064452171325684,0.7623597979545593
1781219407888417300,23.612417236328124,0.6145304441452026,-2.0781636238098145,1.037249207496643
1781219407898488000,23.622488037109374,0.4948008358478546,-1.929112434387207,1.5845844745635986
1781219407908558800,23.632558837890624,0.5155702829360962,-1.7067575454711914,2.1197023391723633
1781219407918660000,23.64266015625,0.6230825781822205,-1.3952162265777588,2.2394320964813232
1781219407928761600,23.65276171875,0.5864306092262268,-1.1410962343215942,1.9608774185180664
1781219407938832400,23.662832275390624,0.3677408695220947,-0.9993755221366882,1.6481144428253174
1781219407948933600,23.67293359375,0.13316862285137177,-0.8943067193031311,1.7776178121566772
1781219407959035000,23.683034912109374,0.09896016865968704,-0.7452555894851685,2.2101104259490967
1781219407969105700,23.693105712890624,0.32498031854629517,-0.5558874011039734,2.4581217765808105
1781219408009480400,23.73348046875,0.2528982162475586,0.3078760802745819,0.4092797040939331
1781219408019582000,23.74358203125,0.22602014243602753,0.36651915311813354,-0.2528982162475586
1781219408029683200,23.75368310546875,0.15271630883216858,0.3481931984424591,-0.4447098970413208
1781219408039815000,23.76381494140625,0.06841690838336945,0.4349360466003418,-0.010995574295520782
1781219408060017700,23.784017578125,0.1820378452539444,0.7293730974197388,0.685390830039978
1781219408070119000,23.794118896484374,0.21624629199504852,0.8894197940826416,0.4544837474822998
1781219408080220200,23.80422021484375,0.1869247704744339,1.0506882667541504,-0.2064724564552307
1781219408130757400,23.85475732421875,0.11850785464048386,1.0922271013259888,0.9517280459403992
1781219408140889300,23.864889404296875,0.2028072625398636,1.2705997228622437,0.0354301854968071
1781219408150990600,23.874990478515624,0.07330382615327835,1.341460108757019,-0.48869219422340393
1781219408161091800,23.885091796875,-0.11972958594560623,1.3390166759490967,-0.8417723178863525
1781219408171193000,23.895193115234374,-0.3090978264808655,1.225395679473877,-1.037249207496643
1781219408181325000,23.905324951171874,-0.42638394236564636,1.0885618925094604,-0.8845328688621521
1781219408191456800,23.915456787109374,-0.3799581825733185,0.9920451641082764,-0.4789183437824249
1781219408201588700,23.925588623046874,-0.25045475363731384,0.9566149711608887,0.05497787147760391
1781219408231862000,23.955862060546874,-0.006108652334660292,1.076344609260559,-0.009773843921720982
1781219408241994000,23.965993896484374,-0.13439035415649414,1.0445796251296997,-0.4080579876899719
1781219408252095200,23.97609521484375,-0.28466320037841797,0.9077457785606384,-0.5729916095733643
1781219408262196500,23.986196533203124,-0.31154128909111023,0.7550294399261475,-0.5021312236785889
1781219408272328400,23.996328369140624,-0.2883284091949463,0.6340781450271606,-0.38117989897727966
1781219408282429700,24.0064296875,-0.19792033731937408,0.5693264007568359,-0.24434609711170197
1781219408292531000,24.016531005859374,-0.004886921960860491,0.5522221922874451,-0.09040805697441101
1781219408302632400,24.026632568359375,0.24190263450145721,0.608421802520752,0.00366519158706069
1781219408322835000,24.0468349609375,0.08918632566928864,0.7000515460968018,-0.05253441259264946
1781219408332936400,24.0569365234375,-0.15882496535778046,0.6597344875335693,-0.2076941877603531
1781219408343037700,24.06703759765625,-0.2993239760398865,0.588874101638794,-0.3677408695220947
1781219408353139000,24.077138916015624,-0.2626720666885376,0.4447098970413208,-0.37262779474258423
1781219408363240200,24.087240234375,-0.09407325088977814,0.24678955972194672,-0.23945917189121246
1781219408373341700,24.097341796875,0.09162978827953339,0.13439035415649414,-0.13439035415649414
1781219408383443000,24.10744287109375,0.19914206862449646,0.16859880089759827,-0.09407325088977814
1781219408393544200,24.117544189453124,0.17470745742321014,0.2590068578720093,-0.11728613078594208
1781219408403645700,24.127645751953125,0.07208210229873657,0.35674530267715454,-0.17104226350784302
1781219408413747000,24.137746826171874,-0.018325956538319588,0.4129449129104614,-0.1722639948129654
1781219408433949400,24.157949462890624,-0.06841690838336945,0.3543018400669098,-0.08552113175392151
1781219408444051000,24.168051025390625,-0.06352998316287994,0.2785545587539673,-0.09773843735456467
1781219408454182700,24.1781826171875,-0.019547687843441963,0.22602014243602753,-0.08674286305904388
1781219408464314600,24.188314697265625,0.05253441259264946,0.21624629199504852,-0.0757472887635231
1781219408474415900,24.198415771484374,0.12217304855585098,0.24434609711170197,-0.0659734457731247
1781219408484547600,24.208547607421874,0.16982053220272064,0.27000242471694946,0.006108652334660292
1781219408494649000,24.218649169921875,0.17104226350784302,0.28466320037841797,0.10506882518529892
1781219408504750300,24.228750244140624,0.1417207419872284,0.3029891550540924,0.12217304855585098
1781219408535054300,24.259054443359375,0.08307767659425735,0.26145032048225403,0.009773843921720982
1781219408545094700,24.2690947265625,0.06719517707824707,0.26145032048225403,0.0024434609804302454
1781219408555226400,24.279226318359374,0.025656340643763542,0.25045475363731384,0.0024434609804302454
1781219408565327600,24.28932763671875,-0.00366519158706069,0.24190263450145721,0.01466076634824276
1781219408575398400,24.2993984375,-0.02687807008624077,0.21868975460529327,0.025656340643763542
1781219408585438700,24.309438720703124,-0.02687807008624077,0.19792033731937408,0.02687807008624077
1781219408595540200,24.319540283203125,-0.03787364438176155,0.18570303916931152,0.0024434609804302454
1781219408605611000,24.329611083984375,-0.05497787147760391,0.15882496535778046,0.019547687843441963
1781219408615712300,24.339712158203124,-0.05864306539297104,0.1258382350206375,0.07696902006864548
1781219408645955000,24.369955078125,0.0024434609804302454,0.025656340643763542,-0.11362093687057495
1781219408666096600,24.3900966796875,0.02076941914856434,-0.018325956538319588,-0.13805554807186127
1781219408676198100,24.4001982421875,0.05375614017248154,-0.042760565876960754,-0.00855211354792118
1781219408686269000,24.41026904296875,0.09773843735456467,-0.036651913076639175,0.09773843735456467
1781219408696370200,24.4203701171875,0.10384709388017654,-0.0354301854968071,0.1417207419872284
1781219408706441000,24.43044091796875,0.1062905490398407,-0.02687807008624077,0.17348572611808777
1781219408716511700,24.44051171875,0.11850785464048386,0.006108652334660292,0.18936823308467865
1781219408726582500,24.45058251953125,0.12461651116609573,0.039095375686883926,0.20036379992961884
1781219408736683800,24.460683837890624,0.12217304855585098,0.0659734457731247,0.22479841113090515
1781219408756856000,24.48085595703125,0.10262536257505417,0.10384709388017654,0.3017674386501312
1781219408766957300,24.490957275390624,0.07452555745840073,0.11850785464048386,0.27000242471694946
1781219408777028000,24.501028076171874,0.0403171069920063,0.1368338167667389,0.1771509200334549
1781219408787099000,24.511098876953124,-0.004886921960860491,0.14782938361167908,-0.013439035043120384
1781219408797169700,24.521169677734374,-0.03420845419168472,0.1417207419872284,-0.12461651116609573
1781219408807240400,24.531240478515624,-0.030543262138962746,0.1258382350206375,-0.1258382350206375
1781219408817311200,24.541311279296874,-0.015882495790719986,0.10751228034496307,-0.06230825558304787
1781219408827443200,24.551443115234374,-0.013439035043120384,0.07941248267889023,0.03787364438176155
1781219408837514000,24.561513916015624,0.004886921960860491,0.04886921867728233,0.11362093687057495
1781219408847584800,24.571584716796874,0.02321287989616394,0.05009094998240471,0.05619960278272629
1781219408857655600,24.581655517578124,0.02076941914856434,0.042760565876960754,-0.006108652334660292
1781219408867695900,24.59169580078125,0.02932153269648552,0.036651913076639175,0.00855211354792118
1781219408877797000,24.601797119140624,0.06841690838336945,0.05497787147760391,0.09651670604944229
1781219408887868000,24.611867919921874,0.05375614017248154,0.05864306539297104,0.2028072625398636
1781219408897969400,24.621969482421875,0.03787364438176155,0.04886921867728233,0.2834414839744568
1781219408908070700,24.632070556640624,0.03298672288656235,0.05619960278272629,0.28588494658470154
1781219408918172000,24.642171875,0.03298672288656235,0.07819075137376785,0.24923302233219147
1781219408928273200,24.652273193359374,0.04398229718208313,0.12095131725072861,0.2565633952617645
1781219408938344000,24.662343994140624,0.051312681287527084,0.17959438264369965,0.35674530267715454
1781219408948415000,24.6724150390625,0.0659734457731247,0.19547687470912933,0.7782423496246338
1781219408958485800,24.68248583984375,0.03787364438176155,0.15760323405265808,0.8906415104866028
1781219408968556500,24.692556640625,-0.019547687843441963,0.16493362188339233,0.7770205736160278
1781219408978657800,24.70265771484375,-0.1160643994808197,0.12217304855585098,0.4398229718208313
1781219408988728600,24.712728515625,-0.14538592100143433,0.01466076634824276,0.024434609338641167
1781219408998799400,24.72279931640625,-0.1014036312699318,-0.0659734457731247,-0.3628539443016052
1781219409008870100,24.7328701171875,-0.08674286305904388,-0.06475171446800232,-0.6010913848876953
1781219409018971400,24.742971435546874,-0.10506882518529892,-0.0012217304902151227,-0.6401867866516113
1781219409029042200,24.753042236328124,-0.08429940044879913,0.00366519158706069,-0.38240164518356323
1781219409059315700,24.783315673828124,-0.02932153269648552,-0.10018189996480942,0.018325956538319588
1781219409069417000,24.7934169921875,-0.10995574295520782,-0.08796459436416626,-0.2272418737411499
1781219409079487700,24.80348779296875,-0.17348572611808777,-0.08307767659425735,-0.43737950921058655
1781219409089589200,24.81358935546875,-0.17104226350784302,-0.10018189996480942,-0.40194934606552124
1781219409099690500,24.8236904296875,-0.13439035415649414,-0.10995574295520782,-0.2480112910270691
1781219409109761300,24.83376123046875,-0.11850785464048386,-0.09040805697441101,-0.11239920556545258
1781219409119832000,24.84383203125,-0.14416420459747314,-0.08307767659425735,-0.0757472887635231
1781219409129902800,24.85390283203125,-0.16737708449363708,-0.07696902006864548,-0.12339477986097336
1781219409139973600,24.8639736328125,-0.16737708449363708,-0.07941248267889023,-0.18448130786418915
1781219409160115200,24.884115234375,-0.20402899384498596,-0.09040805697441101,-0.2871066629886627
1781219409170186000,24.89418603515625,-0.2028072625398636,-0.08918632566928864,-0.21502456068992615
1781219409180287500,24.90428759765625,-0.18448130786418915,-0.09651670604944229,-0.06841690838336945
1781219409190358300,24.914358154296874,-0.18448130786418915,-0.13316862285137177,0.059864792972803116
1781219409200429000,24.924428955078124,-0.15760323405265808,-0.1771509200334549,0.15271630883216858
1781219409210499800,24.934499755859374,-0.11972958594560623,-0.1966986060142517,0.20525072515010834
1781219409220601000,24.94460107421875,-0.11972958594560623,-0.19303341209888458,0.14294247329235077
1781219409230672000,24.954671875,-0.2015855312347412,-0.22846360504627228,-0.030543262138962746
1781219409240742700,24.96474267578125,-0.26511552929878235,-0.31154128909111023,-0.07452555745840073
1781219409260915000,24.9849150390625,-0.1771509200334549,-0.4398229718208313,0.09529497474431992
1781219409281056500,25.005056396484374,-0.1514945775270462,-0.5057964324951172,0.1319468915462494
1781219409291127300,25.015127197265624,-0.18325957655906677,-0.5766568183898926,0.14538592100143433
1781219409301198000,25.025197998046874,-0.2076941877603531,-0.7110471725463867,0.26022860407829285
1781219409311238400,25.03523828125,-0.20036379992961884,-0.8808676600456238,0.23945917189121246
1781219409321339600,25.045339599609374,-0.21013765037059784,-1.086118459701538,-0.0403171069920063
1781219409331441000,25.05544091796875,-0.2675589919090271,-1.292590856552124,-0.4031710624694824
1781219409341511700,25.06551171875,-0.31642818450927734,-1.4624114036560059,-0.6927211880683899
1781219409351582500,25.07558251953125,-0.3787364661693573,-1.6090190410614014,-0.8210029006004333
1781219409371693600,25.095693603515624,-0.475253164768219,-1.7055357694625854,-0.4899139404296875
1781219409381795000,25.105795166015625,-0.4960225820541382,-1.7067575454711914,-0.38728857040405273
1781219409391865900,25.115865966796875,-0.4996877610683441,-1.7275269031524658,-0.33108896017074585
1781219409401936600,25.1259365234375,-0.48258355259895325,-1.7446311712265015,-0.2981022298336029
1781219409412007400,25.13600732421875,-0.44593164324760437,-1.7153096199035645,-0.31154128909111023
1781219409422078200,25.146078125,-0.42271876335144043,-1.673770785331726,-0.34086281061172485
1781219409432149000,25.15614892578125,-0.4031710624694824,-1.6615535020828247,-0.3885102868080139
1781219409442219800,25.1662197265625,-0.4129449129104614,-1.6872098445892334,-0.28466320037841797
1781219409452290600,25.17629052734375,-0.3995058834552765,-1.6664403676986694,-0.09407325088977814
1781219409482594600,25.206594482421874,-0.3078760802745819,-1.5125023126602173,-0.07330382615327835
1781219409492635000,25.216634765625,-0.20891591906547546,-1.4391984939575195,0.0012217304902151227
1781219409502736100,25.226736083984374,-0.14294247329235077,-1.3634512424468994,0.1319468915462494
1781219409512837400,25.23683740234375,-0.13072516024112701,-1.2779301404953003,0.21135938167572021
1781219409522999800,25.246999755859374,-0.1820378452539444,-1.1484266519546509,0.2626720666885376
1781219409533070600,25.257070556640624,-0.2724458873271942,-1.0201449394226074,0.17470745742321014
1781219409543171800,25.267171875,-0.34697145223617554,-0.9431759119033813,0.08552113175392151
1781219409553242600,25.27724267578125,-0.3384193480014801,-0.8552113175392151,0.025656340643763542
1781219409573415000,25.297414794921874,-0.304210901260376,-0.5155702829360962,-0.06108652427792549
1781219409583485700,25.307485595703124,-0.33719760179519653,-0.37629300355911255,-0.08796459436416626
1781219409593526000,25.317526123046875,-0.3127630054950714,-0.26022860407829285,0.030543262138962746
1781219409603596800,25.3275966796875,-0.24434609711170197,-0.11728613078594208,0.09773843735456467
1781219409613667600,25.33766748046875,-0.2064724564552307,0.10873401165008545,0.07819075137376785
1781219409623738400,25.34773828125,-0.20402899384498596,0.38728857040405273,-0.012217304669320583
1781219409633809200,25.35780908203125,-0.21013765037059784,0.6597344875335693,-0.0659734457731247
1781219409643910400,25.367910400390624,-0.1722639948129654,0.8649851679801941,-0.17837265133857727
1781219409653981200,25.377981201171874,-0.1368338167667389,1.0421360731124878,-0.19425514340400696
1781219409664052000,25.388052001953124,-0.17959438264369965,1.2608258724212646,-0.394618958234787
1781219409704396300,25.428396240234374,-0.2174680233001709,2.063502788543701,-0.7660250067710876
1781219409714467000,25.438467041015624,-0.2773328125476837,2.168571710586548,-1.3561208248138428
1781219409724568300,25.448568359375,-0.2773328125476837,2.168571710586548,-1.3561208248138428
1781219409734639000,25.45863916015625,-0.4740314185619354,2.364048480987549,-1.3524556159973145
1781219409744618500,25.468618408203124,-0.5852088928222656,2.509434461593628,-1.3267992734909058
1781219409754719700,25.4787197265625,-0.6035348773002625,2.5839600563049316,-1.2877039909362793
1781219409764821000,25.488821044921874,-0.5070181488990784,2.654820442199707,-1.3182471990585327
1781219409795033600,25.51903369140625,-0.38606682419776917,2.48988676071167,-1.1594222784042358
1781219409805104400,25.5291044921875,-0.3029891550540924,2.3970351219177246,-0.7049384713172913
1781219409815205600,25.53920556640625,-0.19425514340400696,2.324953079223633,-0.2834414839744568
1781219409825276400,25.5492763671875,-0.1869247704744339,2.3188445568084717,-0.17959438264369965
1781219409835377700,25.559377685546874,-0.13072516024112701,2.3102922439575195,-0.31154128909111023
1781219409845479200,25.569479248046875,0.013439035043120384,2.2577579021453857,-0.49724429845809937
1781219409855580400,25.579580322265624,0.11484266817569733,2.102598190307617,-0.4544837474822998
1781219409865620700,25.589620849609375,0.17104226350784302,1.8558086156845093,-0.3323107063770294
1781219409905903900,25.62990380859375,0.31520646810531616,0.979827880859375,-0.18081611394882202
1781219409915974700,25.639974609375,0.36163222789764404,0.7831292152404785,-0.1869247704744339
1781219409926076000,25.650075927734374,0.4031710624694824,0.5644394755363464,-0.1417207419872284
1781219409936146700,25.660146728515624,0.46303585171699524,0.3628539443016052,-0.1111774742603302
1781219409946248200,25.670248291015625,0.48747047781944275,0.13439035415649414,-0.09773843735456467
1781219409956319000,25.680319091796875,0.4349360466003418,-0.11484266817569733,-0.0757472887635231
1781219409966420200,25.690420166015624,0.36163222789764404,-0.34086281061172485,-0.13316862285137177
1781219409976521500,25.700521484375,0.32009339332580566,-0.5558874011039734,-0.22602014243602753
1781219409996693800,25.72069384765625,0.34208452701568604,-1.0067058801651,-0.22113321721553802
1781219410016865800,25.74086572265625,0.4386012554168701,-1.4306464195251465,0.028099801391363144
1781219410026936600,25.7509365234375,0.5351179838180542,-1.6383405923843384,0.21502456068992615
1781219410047108600,25.771108642578124,0.618195652961731,-1.9620991945266724,0.4239404797554016
1781219410057149000,25.78114892578125,0.6450737118721008,-2.0622811317443848,0.3995058834552765
1781219410067250400,25.79125048828125,0.6707300543785095,-2.1587977409362793,0.3799581825733185
1781219410077351700,25.8013515625,0.6548475623130798,-2.2907447814941406,0.42271876335144043
1781219410087422500,25.81142236328125,0.6206390857696533,-2.448347806930542,0.5155702829360962
1781219410107594500,25.831594482421874,0.618195652961731,-2.5754079818725586,0.9321803450584412
1781219410127766800,25.851766845703125,0.6243042945861816,-2.342057466506958,0.5583308339118958
1781219410137837600,25.861837646484375,0.6536257863044739,-2.356718063354492,0.22113321721553802
1781219410147938800,25.871938720703124,0.6878342628479004,-2.4104743003845215,0.22357667982578278
1781219410168110800,25.89211083984375,0.7195992469787598,-2.196671485900879,1.5137240886688232
1781219410188283100,25.912283203125,0.7391469478607178,-1.6187928915023804,1.813048005104065
1781219410198354000,25.92235400390625,0.7098253965377808,-1.4282029867172241,1.156978726387024
1781219410208455200,25.932455078125,0.6609562039375305,-1.330464482307434,0.6291912198066711
1781219410218556400,25.942556396484374,0.618195652961731,-1.214400053024292,0.5229006409645081
1781219410228627200,25.952627197265624,0.5510004758834839,-1.0751228332519531,0.789237916469574
1781219410248768800,25.972768798828124,0.5754350423812866,-0.6487388610839844,1.340238332748413
1781219410258839600,25.982839599609374,0.5717698931694031,-0.5314527750015259,1.4282029867172241
1781219410268880000,25.9928798828125,0.5302310585975647,-0.32131510972976685,1.4587461948394775
1781219410278950700,26.00295068359375,0.4434881806373596,-0.11362093687057495,1.016479730606079
1781219410289052200,26.01305224609375,0.26511552929878235,-0.021991148591041565,0.4105014503002167
1781219410299123000,26.023123046875,0.12828169763088226,0.07330382615327835,0.01466076634824276
1781219410309163300,26.033163330078125,0.10506882518529892,0.1111774742603302,-0.08796459436416626
1781219410329365800,26.05336572265625,0.2125810980796814,0.09407325088977814,0.978606104850769
1781219410339467000,26.063467041015624,0.3225368559360504,0.4813618063926697,1.4245377779006958
1781219410349568500,26.073568603515625,0.3017674386501312,0.7464773058891296,0.8979719281196594
1781219410359669800,26.083669677734374,0.08307767659425735,0.6646214127540588,-0.2028072625398636
1781219410369801500,26.093801513671874,-0.1563815027475357,0.5485569834709167,-0.9676105380058289
1781219410379841800,26.103841796875,-0.12461651116609573,0.5876523852348328,-0.9492846131324768
1781219410389943300,26.113943359375,0.08429940044879913,0.6340781450271606,-0.43615779280662537
1781219410400044500,26.12404443359375,0.2883284091949463,0.6401867866516113,0.15271630883216858
1781219410420247000,26.1442470703125,0.22846360504627228,0.7916813492774963,0.5656611919403076
1781219410430317800,26.15431787109375,0.22846360504627228,0.7916813492774963,0.5656611919403076
1781219410440419300,26.16441943359375,-0.11850785464048386,0.8014551997184753,-0.18936823308467865
1781219410450520600,26.1745205078125,-0.25045475363731384,0.7819074988365173,-0.4813618063926697
1781219410460621800,26.184621826171874,-0.23090706765651703,0.7611380815505981,-0.6633996367454529
1781219410470692600,26.194692626953124,-0.12828169763088226,0.7586946487426758,-0.5937610268592834
1781219410480824600,26.204824462890624,-0.07696902006864548,0.8527678847312927,-0.3530801236629486
1781219410490925800,26.21492578125,-0.0403171069920063,0.9468411207199097,-0.07696902006864548
1781219410501027000,26.225027099609374,-0.03420845419168472,0.9566149711608887,0.1160643994808197
1781219410511128600,26.235128662109375,-0.09651670604944229,0.9615018963813782,0.24434609711170197
1781219410521229800,26.245229736328124,-0.19425514340400696,0.978606104850769,0.25045475363731384
1781219410531300600,26.255300537109374,-0.25045475363731384,0.9639453291893005,0.08429940044879913
1781219410541371400,26.265371337890624,-0.21502456068992615,0.9517280459403992,-0.13805554807186127
1781219410551472600,26.27547265625,-0.1319468915462494,0.9810495972633362,-0.24678955972194672
1781219410561574100,26.28557421875,-0.06352998316287994,1.0128145217895508,-0.3139847218990326
1781219410571645000,26.29564501953125,-0.07941248267889023,0.9871582388877869,-0.3836233615875244
1781219410642293000,26.36629296875,0.02076941914856434,0.685390830039978,-0.02321287989616394
1781219410652394200,26.376394287109374,-0.05009094998240471,0.5913175344467163,-0.1062905490398407
1781219410662495700,26.386495849609375,-0.11728613078594208,0.48380526900291443,-0.1771509200334549
1781219410682698200,26.4066982421875,-0.0403171069920063,0.3701843321323395,-0.17348572611808777
1781219410692799700,26.4167998046875,0.03420845419168472,0.384845107793808,-0.09651670604944229
1781219410702839800,26.42683984375,0.10873401165008545,0.4056145250797272,-0.024434609338641167
1781219410733205000,26.457205078125,0.0403171069920063,0.35185837745666504,0.09651670604944229
1781219410753377000,26.477376953125,-0.07452555745840073,0.27977627515792847,-0.18570303916931152
1781219410763478300,26.487478271484374,-0.024434609338641167,0.26022860407829285,-0.13439035415649414
1781219410773610200,26.4976103515625,0.05497787147760391,0.294437050819397,-0.05619960278272629
1781219410783711500,26.50771142578125,0.10384709388017654,0.3225368559360504,-0.013439035043120384
1781219410793812700,26.517812744140624,0.1563815027475357,0.3836233615875244,0.11484266817569733
1781219410803944700,26.52794482421875,0.1319468915462494,0.4434881806373596,0.24068090319633484
1781219410814076400,26.538076416015624,0.04153883829712868,0.45814892649650574,0.21135938167572021
1781219410834279200,26.558279052734374,-0.09040805697441101,0.3628539443016052,0.1111774742603302
1781219410844380400,26.56838037109375,-0.06230825558304787,0.2993239760398865,0.028099801391363144
1781219410854512400,26.578512451171875,-0.021991148591041565,0.2541199326515198,-0.03420845419168472
1781219410864583200,26.588583251953125,0.00366519158706069,0.2382374405860901,-0.02687807008624077
1781219410874684400,26.598684326171874,0.03298672288656235,0.2382374405860901,-0.0024434609804302454
1781219410884785700,26.60878564453125,0.05497787147760391,0.24678955972194672,0.05742133408784866
1781219410894917600,26.618917724609375,0.06963863968849182,0.26145032048225403,0.10995574295520782
1781219410905019000,26.629018798828124,0.06108652427792549,0.2626720666885376,0.14049901068210602
1781219410915120000,26.6391201171875,0.02932153269648552,0.24556782841682434,0.21013765037059784
1781219410935353300,26.659353271484374,-0.02932153269648552,0.1466076523065567,0.3078760802745819
1781219410955586600,26.679586669921875,0.03298672288656235,0.0757472887635231,0.14294247329235077
1781219410965687800,26.689687744140624,0.04398229718208313,0.05497787147760391,-0.015882495790719986
1781219410975819500,26.699819580078124,0.0012217304902151227,0.03298672288656235,-0.11850785464048386
1781219410985921000,26.709921142578125,-0.04153883829712868,0.012217304669320583,-0.08307767659425735
1781219410996022300,26.720022216796874,-0.02687807008624077,-0.010995574295520782,0.019547687843441963
1781219411006123500,26.73012353515625,0.03176499158143997,-0.02076941914856434,0.10873401165008545
1781219411016225000,26.74022509765625,0.036651913076639175,-0.019547687843441963,0.09407325088977814
1781219411046528800,26.77052880859375,0.051312681287527084,0.039095375686883926,0.07819075137376785
1781219411056630300,26.78063037109375,0.06108652427792549,0.025656340643763542,0.1661553531885147
1781219411066762000,26.790761962890624,0.07941248267889023,0.018325956538319588,0.2736676335334778
1781219411076863200,26.80086328125,0.06963863968849182,0.01466076634824276,0.31154128909111023
1781219411086995200,26.8109951171875,0.06963863968849182,0.01710422709584236,0.2590068578720093
1781219411097096400,26.821096435546874,0.08307767659425735,0.018325956538319588,0.17348572611808777
1781219411107197700,26.83119775390625,0.08552113175392151,0.02687807008624077,0.10506882518529892
1781219411117299200,26.84129931640625,0.07696902006864548,0.04642575979232788,0.0757472887635231
1781219411127400400,26.851400390625,0.0757472887635231,0.036651913076639175,0.1417207419872284
1781219411157735000,26.88173486328125,0.08796459436416626,0.025656340643763542,0.26633724570274353
1781219411167836200,26.891836181640624,0.07452555745840073,0.04764748737215996,0.1771509200334549
1781219411177937700,26.901937744140625,0.06352998316287994,0.09040805697441101,0.07941248267889023
1781219411188039000,26.912038818359374,0.05742133408784866,0.12217304855585098,0.06352998316287994
1781219411198170600,26.922170654296874,0.059864792972803116,0.14782938361167908,0.14782938361167908
1781219411208272100,26.932272216796875,0.06841690838336945,0.1722639948129654,0.19792033731937408
1781219411218373400,26.942373291015624,0.05497787147760391,0.1722639948129654,0.14905111491680145
1781219411228474600,26.952474609375,0.05619960278272629,0.16004669666290283,0.0403171069920063
1781219411248707800,26.972707763671874,0.03420845419168472,0.20402899384498596,-0.08918632566928864
1781219411258778600,26.982778564453124,0.036651913076639175,0.21868975460529327,-0.02932153269648552
1781219411268880000,26.9928798828125,0.06841690838336945,0.2565633952617645,0.1062905490398407
1781219411278950700,27.00295068359375,0.07819075137376785,0.2981022298336029,0.21380282938480377
1781219411289052200,27.01305224609375,0.05619960278272629,0.3176499307155609,0.30054569244384766
1781219411299123000,27.023123046875,-0.004886921960860491,0.3078760802745819,0.27122417092323303
1781219411309224200,27.03322412109375,-0.04642575979232788,0.2675589919090271,0.19425514340400696
1781219411319295000,27.043294921875,-0.025656340643763542,0.21013765037059784,0.12339477986097336
1781219411329365800,27.05336572265625,0.01466076634824276,0.17104226350784302,0.09651670604944229
1781219411339467000,27.063467041015624,0.025656340643763542,0.17470745742321014,0.08796459436416626
1781219411379811300,27.103811279296874,-0.01466076634824276,0.09896016865968704,0.04642575979232788
1781219411389912600,27.11391259765625,-0.02687807008624077,0.08552113175392151,0.012217304669320583
1781219411399983400,27.1239833984375,-0.05253441259264946,0.1062905490398407,-0.0659734457731247
1781219411410054100,27.13405419921875,-0.06719517707824707,0.10873401165008545,-0.13805554807186127
1781219411420125200,27.144125244140625,-0.045204028487205505,0.10751228034496307,-0.1771509200334549
1781219411430196000,27.154196044921875,-0.025656340643763542,0.12339477986097336,-0.14294247329235077
1781219411440266800,27.164266845703125,-0.042760565876960754,0.12950342893600464,-0.11850785464048386
1781219411450368000,27.174367919921874,-0.09040805697441101,0.13316862285137177,-0.14416420459747314
1781219411460469200,27.18446923828125,-0.1258382350206375,0.1319468915462494,-0.18325957655906677
1781219411480641500,27.2046416015625,-0.1062905490398407,0.14049901068210602,-0.1270599663257599
1781219411490712300,27.21471240234375,-0.12950342893600464,0.1258382350206375,-0.04764748737215996
1781219411500783000,27.224783203125,-0.12095131725072861,0.07330382615327835,-0.028099801391363144
1781219411510854000,27.23485400390625,-0.1062905490398407,0.04642575979232788,-0.10018189996480942
1781219411520924700,27.244924560546874,-0.15515977144241333,0.03420845419168472,-0.3090978264808655
1781219411530995500,27.254995361328124,-0.24923302233219147,0.018325956538319588,-0.5216789245605469
1781219411541096700,27.2650966796875,-0.2871066629886627,-0.018325956538319588,-0.5057964324951172
1781219411551137000,27.275136962890624,-0.2272418737411499,-0.08674286305904388,-0.2590068578720093
1781219411591481300,27.3154814453125,-0.30054569244384766,-0.15027284622192383,-0.2785545587539673
1781219411601582600,27.32558251953125,-0.29077184200286865,-0.21624629199504852,-0.2174680233001709
1781219411611653400,27.3356533203125,-0.2223549485206604,-0.24556782841682434,-0.17470745742321014
1781219411621724200,27.34572412109375,-0.17959438264369965,-0.24434609711170197,-0.2223549485206604
1781219411631795000,27.355794921875,-0.21502456068992615,-0.29565876722335815,-0.25534167885780334
1781219411641896200,27.365896240234374,-0.22357667982578278,-0.43615779280662537,-0.028099801391363144
1781219411651967200,27.37596728515625,-0.13805554807186127,-0.6328563690185547,0.32986724376678467
1781219411682179600,27.4061796875,-0.0024434609804302454,-0.8710938692092896,0.21135938167572021
1781219411692250400,27.41625048828125,-0.13072516024112701,-0.9529497623443604,-0.2431243658065796
1781219411702260000,27.426260009765624,-0.22357667982578278,-1.0629055500030518,-0.4899139404296875
1781219411712392000,27.436391845703124,-0.23579397797584534,-1.1606439352035522,-0.3628539443016052
1781219411722462700,27.446462646484374,-0.18325957655906677,-1.2205088138580322,-0.06230825558304787
1781219411732533500,27.456533447265624,-0.08307767659425735,-1.2473868131637573,0.17470745742321014
1781219411742543400,27.46654345703125,-0.0012217304902151227,-1.274264931678772,0.31154128909111023
1781219411772816600,27.496816650390624,-0.20402899384498596,-1.5027284622192383,-0.24556782841682434
1781219411782857000,27.50685693359375,-0.15515977144241333,-1.6566665172576904,-0.20525072515010834
1781219411792958200,27.516958251953124,0.010995574295520782,-1.7996090650558472,0.0659734457731247
1781219411803059700,27.527059814453125,0.16493362188339233,-1.8790215253829956,0.2480112910270691
1781219411813130500,27.537130615234375,0.17470745742321014,-1.8753563165664673,0.23090706765651703
1781219411823170800,27.5471708984375,0.09407325088977814,-1.8460347652435303,0.00366519158706069
1781219411833272000,27.55727197265625,0.036651913076639175,-1.8655824661254883,-0.14049901068210602
1781219411843342800,27.5673427734375,0.028099801391363144,-1.8570303916931152,-0.06230825558304787
1781219411853413600,27.57741357421875,0.08307767659425735,-1.7886134386062622,0.09162978827953339
1781219411873555200,27.59755517578125,0.05497787147760391,-1.587027907371521,0.29565876722335815
1781219411883656400,27.607656494140624,-0.0354301854968071,-1.4685200452804565,0.2675589919090271
1781219411893727200,27.617727294921874,-0.09040805697441101,-1.36955988407135,0.1417207419872284
1781219411903798300,27.62779833984375,-0.12461651116609573,-1.2754865884780884,0.08429940044879913
1781219411913899500,27.6378994140625,-0.24923302233219147,-1.0201449394226074,-0.0403171069920063
1781219411923939800,27.64793994140625,-0.2834414839744568,-0.9077457785606384,-0.03787364438176155
1781219411934041000,27.658041015625,-0.25045475363731384,-0.7415903806686401,-0.04153883829712868
1781219411944051000,27.668051025390625,-0.24678955972194672,-0.5632177591323853,-0.10018189996480942
1781219411954152200,27.678152099609374,-0.28955012559890747,-0.4105014503002167,-0.19303341209888458
1781219411984395000,27.70839501953125,-0.43615779280662537,0.23335053026676178,0.051312681287527084
1781219411994465800,27.7184658203125,-0.45326200127601624,0.4092797040939331,-0.08185594528913498
1781219412004536600,27.72853662109375,-0.4349360466003418,0.5742133259773254,-0.2370157092809677
1781219412014607400,27.738607421875,-0.3933972120285034,0.7745771408081055,-0.32009339332580566
1781219412024678400,27.748678466796875,-0.4092797040939331,1.0018190145492554,-0.37140607833862305
1781219412034749200,27.758749267578125,-0.46547931432724,1.1948524713516235,-0.608421802520752
1781219412044820000,27.768820068359375,-0.4789183437824249,1.321912407875061,-0.7489207983016968
1781219412054890800,27.778890869140625,-0.43127086758613586,1.5369369983673096,-0.7745771408081055
1781219412075062800,27.799062744140624,-0.3738495409488678,2.0060815811157227,-1.036027431488037
1781219412095234800,27.81923486328125,-0.32009339332580566,2.328618288040161,-1.0335839986801147
1781219412105336300,27.82933642578125,-0.2321287989616394,2.495995283126831,-1.1362093687057495
1781219412115437600,27.8394375,-0.2541199326515198,2.6083946228027344,-1.4428637027740479
1781219412125508400,27.84950830078125,-0.3481931984424591,2.64138126373291,-1.7690657377243042
1781219412135609600,27.859609619140624,-0.3982841372489929,2.6511552333831787,-1.9022343158721924
1781219412145680400,27.869680419921874,-0.37629300355911255,2.700024366378784,-1.881464958190918
1781219412155782000,27.879781982421875,-0.3139847218990326,2.8014280796051025,-1.5259413719177246
1781219412165852700,27.889852783203125,-0.23090706765651703,2.8515188694000244,-1.1032226085662842
1781219412175954000,27.899953857421874,-0.07452555745840073,2.9040534496307373,-0.9541715383529663
1781219412186024700,27.910024658203124,0.0403171069920063,3.023782968521118,-1.1398745775222778
1781219412196095500,27.920095458984374,0.09162978827953339,3.1056389808654785,-1.359786033630371
1781219412206166300,27.930166259765624,0.16493362188339233,3.1361820697784424,-1.3683381080627441
1781219412216237000,27.940237060546874,0.17470745742321014,3.065321683883667,-1.1081095933914185
1781219412226307800,27.950307861328124,0.13439035415649414,2.850297212600708,-0.7012733221054077
1781219412236378600,27.960378662109374,0.05864306539297104,2.515542984008789,-0.08552113175392151
1781219412246480100,27.970480224609375,0.0024434609804302454,2.068389654159546,0.6719517707824707
1781219412256551000,27.980551025390625,0.12095131725072861,1.577254056930542,1.3658946752548218
1781219412266652200,27.990652099609374,0.32986724376678467,1.1239920854568481,2.009746551513672
1781219412296925700,28.02092578125,1.2779301404953003,0.3396410644054413,2.4410176277160645
1781219412306996500,28.03099658203125,1.5344934463500977,0.3604104816913605,1.8264870643615723
1781219412317097700,28.04109765625,1.8448129892349243,0.49235737323760986,1.0494664907455444
1781219412327199000,28.051198974609374,2.1038198471069336,0.5522221922874451,0.36529740691185
1781219412337269800,28.061269775390624,2.415361166000366,0.607200026512146,0.09651670604944229
1781219412347340500,28.071340576171874,2.7476718425750732,0.5510004758834839,0.2675589919090271
1781219412357411300,28.081411376953124,3.02622652053833,0.37629300355911255,0.7244861721992493
1781219412367512800,28.091512939453125,3.324328660964966,0.17104226350784302,1.2620476484298706
1781219412377583600,28.10158349609375,3.554013967514038,-0.09651670604944229,1.794722080230713
1781219412387684900,28.111684814453124,3.7421605587005615,-0.3127630054950714,2.1954495906829834
1781219412397755600,28.121755615234374,3.7641515731811523,-0.5009095072746277,2.2040019035339355
1781219412417927700,28.141927734375,1.722640037536621,-1.6945401430130005,0.23945917189121246
1781219412428029200,28.152029296875,1.0506882667541504,-1.4599679708480835,1.4636331796646118
1781219412438100000,28.162099853515624,-0.2785545587539673,-1.5247195959091187,0.598647952079773
1781219412448170800,28.172170654296874,-1.722640037536621,-1.6200146675109863,-1.1117748022079468
1781219412458272000,28.18227197265625,-2.0561723709106445,-2.107485055923462,-3.4599406719207764
1781219412468312300,28.192312255859374,-2.1148154735565186,-2.618168354034424,-4.720766544342041
1781219412478383000,28.202383056640624,-1.6627751588821411,-2.713463306427002,-4.687779903411865
1781219412488454000,28.212453857421874,-1.156978726387024,-2.7391197681427,-4.5937066078186035
1781219412498524700,28.222524658203124,-0.6682865619659424,-2.930931329727173,-4.95778226852417
1781219412508626000,28.2326259765625,-0.3078760802745819,-2.7342329025268555,-4.637689113616943
1781219412518727400,28.2427275390625,-0.30543261766433716,-2.1734585762023926,-3.87532901763916
1781219412528798200,28.252798095703124,-0.34574973583221436,-2.105041742324829,-2.674368143081665
1781219412538869000,28.262868896484374,-0.15515977144241333,-2.3383922576904297,-1.310916781425476
1781219412548939800,28.272939697265624,0.10873401165008545,-2.5363125801086426,0.24923302233219147
1781219412559041000,28.283041015625,0.2382374405860901,-2.637716054916382,1.4880677461624146
1781219412569142300,28.293142333984374,0.18570303916931152,-2.585181713104248,1.9168951511383057
1781219412579213300,28.30321337890625,0.1111774742603302,-2.324953079223633,1.8374826908111572
1781219412609456000,28.3334560546875,-0.0659734457731247,-1.518610954284668,0.46792277693748474
1781219412619557400,28.343557373046874,-0.00733038317412138,-1.4966198205947876,0.5839871764183044
1781219412629628200,28.353628173828124,0.02932153269648552,-1.5051720142364502,1.4294246435165405
1781219412639729700,28.363729736328125,0.030543262138962746,-1.380555510520935,2.2687535285949707
1781219412649831000,28.373830810546874,-0.019547687843441963,-1.0714576244354248,2.5558602809906006
1781219412659901700,28.383901611328124,-0.1417207419872284,-0.6792821288108826,2.166128158569336
1781219412669972500,28.393972412109374,-0.28955012559890747,-0.4447098970413208,1.1924089193344116
1781219412690144500,28.41414453125,-0.39706242084503174,-0.31520646810531616,0.42149701714515686
1781219412700215300,28.42421533203125,-0.36529740691185,-0.22357667982578278,0.8735373020172119
1781219412710286000,28.4342861328125,-0.37629300355911255,-0.11728613078594208,1.1398745775222778
1781219412720326400,28.444326416015624,-0.4544837474822998,0.05742133408784866,1.0519099235534668
1781219412730428000,28.454427978515625,-0.5949827432632446,0.25534167885780334,0.5363397002220154
1781219412740498700,28.464498779296875,-0.7220427393913269,0.4043927788734436,-0.22602014243602753
1781219412750569500,28.474569580078125,-0.817337691783905,0.504574716091156,-0.7379252314567566
1781219412760640300,28.48464013671875,-0.8381071090698242,0.5766568183898926,-0.7110471725463867
1781219412770711000,28.4947109375,-0.779464066028595,0.6010913848876953,-0.45814892649650574
1781219412780781800,28.50478173828125,-0.7379252314567566,0.6279694437980652,-0.2370157092809677
1781219412811024600,28.535024658203124,-0.6768386960029602,0.616973876953125,0.14782938361167908
1781219412821126100,28.545126220703125,-0.5827654600143433,0.5998696684837341,0.12950342893600464
1781219412831197000,28.555197021484375,-0.588874101638794,0.5717698931694031,-0.030543262138962746
1781219412841267700,28.565267822265625,-0.7269296646118164,0.5668829679489136,-0.09651670604944229
1781219412851338500,28.57533837890625,-0.8112290501594543,0.5485569834709167,-0.28099802136421204
1781219412861378800,28.58537890625,-0.7672467231750488,0.5400048494338989,-0.3995058834552765
1781219412871449600,28.59544970703125,-0.6768386960029602,0.5803219676017761,-0.3286454975605011
1781219412881520400,28.605520263671874,-0.5400048494338989,0.5937610268592834,-0.21135938167572021
1781219412891621600,28.61562158203125,-0.4251621961593628,0.5998696684837341,-0.1417207419872284
1781219412921834000,28.645833984375,-0.7122688889503479,0.8881980776786804,0.02932153269648552
1781219412931874300,28.655874267578124,-0.7733554244041443,0.8869763612747192,0.15515977144241333
1781219412941884200,28.66588427734375,-0.7257078886032104,0.8417723178863525,0.2480112910270691
1781219412951985400,28.6759853515625,-0.6585127115249634,0.7929030656814575,0.33597588539123535
1781219412962056200,28.68605615234375,-0.5815436840057373,0.7159340381622314,0.41661009192466736
1781219412972157400,28.696157470703124,-0.5106833577156067,0.6646214127540588,0.3237585723400116
1781219412982228200,28.706228271484374,-0.5143485069274902,0.6927211880683899,0.2028072625398636
1781219412992329700,28.716329833984375,-0.5167919993400574,0.7000515460968018,0.09651670604944229
1781219413012471300,28.73647119140625,-0.3640756905078888,0.5962044596672058,0.16004669666290283
1781219413022542000,28.7465419921875,-0.28466320037841797,0.5522221922874451,0.3885102868080139
1781219413032673800,28.756673828125,-0.2370157092809677,0.5351179838180542,0.6206390857696533
1781219413042775300,28.766775390625,-0.19547687470912933,0.5192354321479797,0.7941248416900635
1781219413052876500,28.77687646484375,-0.16982053220272064,0.49235737323760986,0.8405506014823914
1781219413062947300,28.786947265625,-0.1368338167667389,0.50335294008255,0.7354817390441895
1781219413073048600,28.797048583984374,-0.13561208546161652,0.5070181488990784,0.5754350423812866
1781219413083119400,28.807119384765624,-0.14538592100143433,0.46792277693748474,0.42149701714515686
1781219413103291600,28.827291748046875,-0.10018189996480942,0.32498031854629517,0.2981022298336029
1781219413123494100,28.847494140625,-0.012217304669320583,0.2431243658065796,0.18448130786418915
1781219413133534500,28.857534423828124,0.018325956538319588,0.23335053026676178,0.07696902006864548
1781219413143635700,28.8676357421875,0.015882495790719986,0.2370157092809677,-0.00855211354792118
1781219413153737200,28.8777373046875,-0.01466076634824276,0.25045475363731384,-0.0403171069920063
1781219413163808000,28.88780810546875,-0.04886921867728233,0.27122417092323303,-0.025656340643763542
1781219413173878800,28.897878662109374,-0.0708603709936142,0.28099802136421204,0.042760565876960754
1781219413183949600,28.907949462890624,-0.07330382615327835,0.2919935882091522,0.1466076523065567
1781219413204121600,28.92812158203125,-0.05375614017248154,0.23945917189121246,0.3677408695220947
1781219413214222800,28.938222900390624,-0.028099801391363144,0.20036379992961884,0.38606682419776917
1781219413224263200,28.94826318359375,-0.012217304669320583,0.17959438264369965,0.3494149148464203
1781219413234395100,28.95839501953125,0.00366519158706069,0.15393804013729095,0.294437050819397
1781219413244496400,28.968496337890624,0.036651913076639175,0.10995574295520782,0.27122417092323303
1781219413254628400,28.97862841796875,0.07330382615327835,0.04642575979232788,0.2822197377681732
1781219413264699100,28.98869921875,0.10018189996480942,-0.004886921960860491,0.28588494658470154
1781219413274800400,28.99880029296875,0.11362093687057495,-0.019547687843441963,0.304210901260376
1781219413284901600,29.008901611328124,0.11728613078594208,-0.03298672288656235,0.3335324227809906
1781219413295003000,29.0190029296875,0.12950342893600464,-0.0403171069920063,0.39217549562454224
1781219413305104400,29.0291044921875,0.13927727937698364,-0.05742133408784866,0.455705463886261
1781219413325307000,29.049306884765624,0.1563815027475357,-0.10873401165008545,0.4398229718208313
1781219413335438800,29.05943896484375,0.17104226350784302,-0.12828169763088226,0.3787364661693573
1781219413345540000,29.0695400390625,0.17470745742321014,-0.1319468915462494,0.3017674386501312
1781219413355641300,29.079641357421874,0.16371189057826996,-0.1062905490398407,0.2638937830924988
1781219413365742800,29.089742919921875,0.13439035415649414,-0.08552113175392151,0.22479841113090515
1781219413375844000,29.099843994140624,0.10873401165008545,-0.06841690838336945,0.2382374405860901
1781219413385945300,29.1099453125,0.09040805697441101,-0.06108652427792549,0.2541199326515198
1781219413416279800,29.14027978515625,0.06108652427792549,0.00733038317412138,0.2125810980796814
1781219413426381000,29.150381103515624,0.05864306539297104,0.021991148591041565,0.27611109614372253
1781219413436482600,29.160482666015625,0.05742133408784866,0.03420845419168472,0.3237585723400116
1781219413446583800,29.170583740234374,0.05009094998240471,0.06108652427792549,0.3066543638706207
1781219413456715500,29.180715576171874,0.021991148591041565,0.09773843735456467,0.2541199326515198
1781219413466817000,29.190817138671875,-0.012217304669320583,0.11728613078594208,0.2272418737411499
1781219413476918300,29.200918212890624,-0.021991148591041565,0.1111774742603302,0.21380282938480377
1781219413487019500,29.21101953125,-0.013439035043120384,0.10262536257505417,0.1918116807937622
1781219413497121000,29.22112109375,0,0.08674286305904388,0.13805554807186127
1781219413527455500,29.25145556640625,0.03176499158143997,0.08796459436416626,0.036651913076639175
1781219413537556700,29.261556640625,0.04886921867728233,0.1014036312699318,0.08796459436416626
1781219413547658000,29.271657958984374,0.06352998316287994,0.12828169763088226,0.19547687470912933
1781219413557759200,29.28175927734375,0.06963863968849182,0.13561208546161652,0.31154128909111023
1781219413567860700,29.29186083984375,0.07452555745840073,0.14782938361167908,0.384845107793808
1781219413577962000,29.3019619140625,0.04153883829712868,0.16493362188339233,0.35674530267715454
1781219413588063200,29.312063232421874,0.010995574295520782,0.14782938361167908,0.3323107063770294
1781219413598164700,29.322164794921875,0.01466076634824276,0.10995574295520782,0.2773328125476837
1781219413618367200,29.3423671875,0,0.10384709388017654,0.08307767659425735
1781219413628468500,29.352468505859374,-0.02932153269648552,0.14049901068210602,0.05742133408784866
1781219413638570000,29.362570068359375,-0.05619960278272629,0.15760323405265808,0.09651670604944229
1781219413648671200,29.372671142578124,-0.08185594528913498,0.12217304855585098,0.13805554807186127
1781219413658772500,29.3827724609375,-0.1014036312699318,0.09407325088977814,0.14905111491680145
1781219413668904400,29.392904541015625,-0.11239920556545258,0.07819075137376785,0.01466076634824276
1781219413679036200,29.4030361328125,-0.11239920556545258,0.045204028487205505,-0.19547687470912933
1781219413689168100,29.413168212890625,-0.08307767659425735,0.01466076634824276,-0.3494149148464203
1781219413699269400,29.423269287109374,-0.04398229718208313,0.03176499158143997,-0.3701843321323395
1781219413729573400,29.453573486328125,-0.015882495790719986,0.03787364438176155,0.059864792972803116
1781219413739674600,29.463674560546874,-0.06230825558304787,-0.009773843921720982,-0.015882495790719986
1781219413749776000,29.47377587890625,-0.1111774742603302,-0.03176499158143997,-0.20402899384498596
1781219413759907800,29.483907958984375,-0.12950342893600464,-0.030543262138962746,-0.28099802136421204
1781219413769978600,29.493978515625,-0.1258382350206375,-0.05619960278272629,-0.23945917189121246
1781219413780049400,29.50404931640625,-0.11362093687057495,-0.05864306539297104,-0.14294247329235077
1781219413790120200,29.5141201171875,-0.11728613078594208,-0.04764748737215996,-0.08185594528913498
1781219413800191000,29.52419091796875,-0.14538592100143433,-0.02321287989616394,-0.1319468915462494
1781219413810231300,29.534231201171874,-0.19425514340400696,0.012217304669320583,-0.20891591906547546
1781219413820332500,29.54433251953125,-0.21991148591041565,0.019547687843441963,-0.22479841113090515
1781219413840504600,29.564504638671874,-0.21013765037059784,-0.05619960278272629,-0.13805554807186127
1781219413850575600,29.57457568359375,-0.18936823308467865,-0.0757472887635231,-0.11484266817569733
1781219413860615700,29.58461572265625,-0.17470745742321014,-0.09162978827953339,-0.1062905490398407
1781219413870686500,29.5946865234375,-0.16737708449363708,-0.10751228034496307,-0.0403171069920063
1781219413880757500,29.604757568359375,-0.16493362188339233,-0.1319468915462494,0.06841690838336945
1781219413890828300,29.614828369140625,-0.1417207419872284,-0.14905111491680145,0.09162978827953339
1781219413900868400,29.624868408203124,-0.11972958594560623,-0.1612684279680252,-0.019547687843441963
1781219413910939400,29.634939453125,-0.13927727937698364,-0.18814650177955627,-0.2028072625398636
1781219413921040600,29.64504052734375,-0.16859880089759827,-0.1869247704744339,-0.32131510972976685
1781219413931111400,29.655111328125,-0.16371189057826996,-0.19058994948863983,-0.2272418737411499
1781219413941182200,29.66518212890625,-0.1258382350206375,-0.23945917189121246,-0.06719517707824707
1781219413951253000,29.6752529296875,-0.13805554807186127,-0.3176499307155609,-0.00855211354792118
1781219413961354200,29.685354248046874,-0.14538592100143433,-0.38606682419776917,-0.0757472887635231
1781219413971425000,29.695425048828124,-0.13072516024112701,-0.45326200127601624,-0.09896016865968704
1781219413981495800,29.705495849609374,-0.10995574295520782,-0.5546656250953674,-0.17592918872833252
1781219413991566600,29.715566650390624,-0.13316862285137177,-0.6548475623130798,-0.31520646810531616
1781219414001637600,29.7256376953125,-0.1466076523065567,-0.7318165898323059,-0.2724458873271942
1781219414011708400,29.73570849609375,-0.14538592100143433,-0.8429940342903137,-0.1966986060142517
1781219414021748500,29.74574853515625,-0.13072516024112701,-0.9492846131324768,-0.11239920556545258
1781219414031819500,29.755819580078125,-0.07696902006864548,-1.0433578491210938,0.07819075137376785
1781219414041890300,29.765890380859375,-0.010995574295520782,-1.1789699792861938,0.25534167885780334
1781219414051961000,29.775961181640625,0.028099801391363144,-1.3231340646743774,0.38240164518356323
1781219414072102700,29.7961025390625,-0.0354301854968071,-1.5430456399917603,0.2675589919090271
1781219414082204000,29.806203857421874,-0.0012217304902151227,-1.5968017578125,0.24556782841682434
1781219414092274700,29.816274658203124,0.04153883829712868,-1.6236798763275146,0.2125810980796814
1781219414102315000,29.82631494140625,0.02321287989616394,-1.6383405923843384,0.05253441259264946
1781219414112416300,29.836416259765624,-0.05864306539297104,-1.6468926668167114,-0.18936823308467865
1781219414122487000,29.846487060546874,-0.13805554807186127,-1.6578882932662964,-0.16737708449363708
1781219414132588500,29.856588623046875,-0.10751228034496307,-1.6982053518295288,0.22479841113090515
1781219414142659300,29.866659423828125,-0.03420845419168472,-1.7654005289077759,0.6597344875335693
1781219414152730000,29.876730224609375,-0.06352998316287994,-1.7727309465408325,0.4715879559516907
1781219414162801000,29.88680078125,-0.06352998316287994,-1.7727309465408325,0.4715879559516907
1781219414172871700,29.89687158203125,-0.17837265133857727,-1.5320500135421753,-0.17470745742321014
1781219414182942500,29.9069423828125,-0.19547687470912933,-1.4343116283416748,-0.4862487316131592
1781219414193013200,29.91701318359375,-0.17104226350784302,-1.351233959197998,-0.4862487316131592
1781219414203084000,29.927083984375,-0.09896016865968704,-1.225395679473877,-0.23945917189121246
1781219414213185300,29.937185302734374,-0.08307767659425735,-1.0531316995620728,-0.059864792972803116
1781219414223256000,29.947256103515624,-0.15882496535778046,-0.8723155856132507,-0.08185594528913498
1781219414233326800,29.957326904296874,-0.21380282938480377,-0.6731734871864319,-0.13561208546161652
1781219414243428400,29.967428466796875,-0.22357667982578278,-0.45326200127601624,-0.24068090319633484
1781219414253499100,29.9774990234375,-0.24190263450145721,-0.22968533635139465,-0.8710938692092896
1781219414263539500,29.98753955078125,-0.2736676335334778,0.00366519158706069,-1.966986060142517
1781219414273640700,29.997640625,-0.3139847218990326,0.1514945775270462,-2.6206119060516357
1781219414283742000,30.007741943359374,-0.3090978264808655,0.2675589919090271,-2.6083946228027344
1781219414293812700,30.017812744140624,-0.2871066629886627,0.4300491213798523,-2.269975185394287
1781219414303883500,30.027883544921874,-0.2736676335334778,0.626747727394104,-1.938886284828186
1781219414313954300,30.037954345703124,-0.2871066629886627,0.817337691783905,-1.6090190410614014
1781219414324025000,30.048025146484374,-0.35552358627319336,0.9663888216018677,-1.313360333442688
1781219414344227800,30.068227783203124,-0.4288274049758911,1.243721604347229,-1.1985175609588623
1781219414354298600,30.078298583984374,-0.49357911944389343,1.3573426008224487,-0.9101892113685608
1781219414364369400,30.088369384765624,-0.5119050741195679,1.4196507930755615,-0.5949827432632446
1781219414374470700,30.098470703125,-0.49846604466438293,1.5247195959091187,-0.4789183437824249
1781219414384541700,30.108541748046875,-0.5522221922874451,1.654223084449768,-0.5485569834709167
1781219414394612500,30.118612548828125,-0.6279694437980652,1.7287486791610718,-0.7024950385093689
1781219414404683300,30.128683349609375,-0.7183775305747986,1.813048005104065,-0.9272934198379517
1781219414414754000,30.138754150390625,-0.8588765263557434,1.9254472255706787,-1.3194689750671387
1781219414424855300,30.148855224609374,-0.911410927772522,1.9718730449676514,-1.7519614696502686
1781219414455128800,30.17912890625,-0.9908234477043152,1.9828685522079468,-0.8967501521110535
1781219414465199600,30.18919970703125,-1.0335839986801147,2.191784381866455,-1.0751228332519531
1781219414475270400,30.1992705078125,-1.0800096988677979,2.2846360206604004,-1.2754865884780884
1781219414485371600,30.20937158203125,-1.0604621171951294,2.2479841709136963,-1.3475687503814697
1781219414495442400,30.2194423828125,-0.9321803450584412,2.27852725982666,-1.302364706993103
1781219414505513200,30.22951318359375,-0.8600982427597046,2.3457224369049072,-1.0335839986801147
1781219414515614500,30.239614501953124,-0.8405506014823914,2.344500780105591,-0.8100073337554932
1781219414525685200,30.249685302734374,-0.8784242272377014,2.3017401695251465,-0.6890559792518616
1781219414535786800,30.259786865234375,-0.93095862865448,2.2382102012634277,-0.6572909951210022
1781219414555897900,30.27989794921875,-0.788016140460968,2.241875410079956,-0.9162978529930115
1781219414576070000,30.30006982421875,-0.5290092825889587,1.9083430767059326,0.3335324227809906
1781219414586110200,30.310110107421874,-0.35674530267715454,1.7250834703445435,1.1728612184524536
1781219414596181000,30.320180908203124,-0.23579397797584534,1.5528194904327393,1.7544050216674805
1781219414606251800,30.330251708984374,-0.18936823308467865,1.3939944505691528,1.7812830209732056
1781219414616353000,30.34035302734375,-0.16982053220272064,1.2962560653686523,1.2571606636047363
1781219414626423800,30.350423828125,-0.11239920556545258,1.214400053024292,0.5522221922874451
1781219414636494600,30.36049462890625,-0.03298672288656235,1.0983357429504395,0.042760565876960754
1781219414646565400,30.3705654296875,0.07696902006864548,0.9468411207199097,-0.1771509200334549
1781219414666737700,30.390737548828124,0.375071257352829,0.6255260109901428,-0.06475171446800232
1781219414676808400,30.400808349609374,0.4813618063926697,0.39217549562454224,0.14538592100143433
1781219414686879200,30.410879150390624,0.5387831330299377,0.10751228034496307,0.39217549562454224
1781219414696950000,30.420949951171874,0.5363397002220154,-0.1722639948129654,0.5729916095733643
1781219414707051300,30.43105126953125,0.49357911944389343,-0.4153883755207062,0.6047565937042236
1781219414717122000,30.4411220703125,0.5106833577156067,-0.626747727394104,0.44104471802711487
1781219414727192800,30.45119287109375,0.6377432942390442,-0.8246681094169617,0.19914206862449646
1781219414737263600,30.461263671875,0.8026769161224365,-1.0152580738067627,0.08796459436416626
1781219414757405400,30.481405517578125,0.9541715383529663,-1.4110987186431885,0.4764748811721802
1781219414767476200,30.491476318359375,0.9712757468223572,-1.665218710899353,0.750142514705658
1781219414777577500,30.501577392578124,0.9834930300712585,-1.8741345405578613,0.8026769161224365
1781219414787648300,30.511648193359374,1.0103710889816284,-2.0170769691467285,0.5913175344467163
1781219414797749500,30.52174951171875,1.0946705341339111,-2.1478021144866943,0.37262779474258423
1781219414807851000,30.53185107421875,1.2180652618408203,-2.29440975189209,0.3017674386501312
1781219414817921800,30.541921875,1.3548991680145264,-2.4324653148651123,0.394618958234787
1781219414828023000,30.55202294921875,1.4819591045379639,-2.5277602672576904,0.6805039048194885
1781219414838093800,30.56209375,1.539380431175232,-2.593733787536621,1.1191051006317139
1781219414868336600,30.592336669921874,1.176526427268982,-2.819753885269165,2.2211060523986816
1781219414878407400,30.602407470703124,1.1337659358978271,-2.6975808143615723,1.6041321754455566
1781219414888478200,30.612478271484374,1.1496484279632568,-2.5692992210388184,0.6707300543785095
1781219414898549200,30.62254931640625,1.2681562900543213,-2.4300220012664795,0.18325957655906677
1781219414908650500,30.632650390625,1.3817771673202515,-2.2650883197784424,0.3433062732219696
1781219414918721300,30.64272119140625,1.4391984939575195,-2.1673498153686523,0.8625417351722717
1781219414928792000,30.6527919921875,1.3561208248138428,-2.0867156982421875,1.49906325340271
1781219414948903200,30.672903076171874,0.675616979598999,-1.4343116283416748,2.5900685787200928
1781219414959004400,30.68300439453125,0.5497786998748779,-1.215621829032898,1.8680258989334106
1781219414969105700,30.693105712890624,0.46547931432724,-1.0042624473571777,1.1386528015136719
1781219414979176700,30.7031767578125,0.4764748811721802,-0.7757988572120667,0.6230825781822205
1781219414989247500,30.71324755859375,0.5290092825889587,-0.6059783101081848,0.5070181488990784
1781219414999318300,30.723318359375,0.4789183437824249,-0.3885102868080139,0.7709119319915771
1781219415009389000,30.73338916015625,0.34574973583221436,-0.1820378452539444,0.7782423496246338
1781219415019459800,30.7434599609375,0.21380282938480377,-0.10262536257505417,0.8222246170043945
1781219415029561000,30.75356103515625,0.06475171446800232,0.010995574295520782,1.1655309200286865
1781219415039632000,30.7636318359375,0.09040805697441101,0.2370157092809677,1.1582005023956299
1781219415069844200,30.79384423828125,0.09773843735456467,0.7391469478607178,0.7855727076530457
1781219415079945700,30.80394580078125,0.059864792972803116,0.7586946487426758,0.15760323405265808
1781219415090016500,30.8140166015625,-0.05619960278272629,0.7757988572120667,-0.19058994948863983
1781219415100056800,30.824056884765625,-0.15882496535778046,0.8246681094169617,-0.14416420459747314
1781219415110158000,30.834157958984374,-0.18570303916931152,0.8161159753799438,-0.04642575979232788
1781219415120228900,30.844228759765624,-0.31520646810531616,0.807563841342926,0.38728857040405273
1781219415130269200,30.854269287109375,-0.44837507605552673,0.8674286603927612,1.0409144163131714
1781219415140340000,30.864340087890625,-0.4740314185619354,0.93095862865448,1.2119566202163696
1781219415160481500,30.8844814453125,-0.5754350423812866,0.960280179977417,0.5204572081565857
1781219415170582800,30.894582763671874,-0.5534439086914062,0.9944885969161987,0.1319468915462494
1781219415180623000,30.904623046875,-0.45692721009254456,1.0311405658721924,-0.3127630054950714
1781219415190694000,30.91469384765625,-0.38606682419776917,1.0604621171951294,-0.6279694437980652
1781219415200764700,30.9247646484375,-0.39706242084503174,1.0946705341339111,-0.6585127115249634
1781219415210866000,30.934865966796874,-0.48380526900291443,1.0946705341339111,-0.48258355259895325
1781219415220875800,30.944875732421874,-0.5314527750015259,1.0494664907455444,-0.33108896017074585
1781219415230977000,30.95497705078125,-0.4899139404296875,0.9896016716957092,-0.2541199326515198
1781219415241078500,30.96507861328125,-0.38728857040405273,0.9639453291893005,-0.08429940044879913
1781219415261189600,30.985189697265625,-0.04642575979232788,1.036027431488037,0.28466320037841797
1781219415271291000,30.995290771484374,-0.01710422709584236,1.0409144163131714,0.2577851414680481
1781219415281361700,31.005361572265624,-0.19547687470912933,0.9663888216018677,0.13927727937698364
1781219415291463000,31.015462890625,-0.37751471996307373,0.856433093547821,0.06475171446800232
1781219415301503200,31.025503173828124,-0.43127086758613586,0.7086036801338196,-0.045204028487205505
1781219415311604500,31.0356044921875,-0.32986724376678467,0.5290092825889587,-0.030543262138962746
1781219415321675300,31.04567529296875,-0.17104226350784302,0.3799581825733185,0.06841690838336945
1781219415331746000,31.05574609375,-0.04764748737215996,0.3078760802745819,0.06841690838336945
1781219415341816800,31.06581689453125,0.04398229718208313,0.2968805134296417,0.03176499158143997
1781219415351888000,31.075887939453125,0.09896016865968704,0.2785545587539673,-0.018325956538319588
1781219415361989000,31.085989013671874,0.07941248267889023,0.24190263450145721,-0.06108652427792549
1781219415372060000,31.096059814453124,-0.012217304669320583,0.2370157092809677,-0.059864792972803116
1781219415382130700,31.106130615234374,-0.08796459436416626,0.24678955972194672,-0.10384709388017654
1781219415392232000,31.11623193359375,-0.09896016865968704,0.2174680233001709,-0.17837265133857727
1781219415402302700,31.126302734375,-0.05375614017248154,0.1563815027475357,-0.1563815027475357
1781219415412404200,31.136404296875,0.030543262138962746,0.11850785464048386,-0.018325956538319588
1781219415422505500,31.14650537109375,0.12095131725072861,0.14049901068210602,0.11972958594560623
1781219415432576300,31.156576171875,0.14294247329235077,0.1918116807937622,0.1111774742603302
1781219415442677500,31.166677490234374,0.09773843735456467,0.251676470041275,0.00855211354792118
1781219415452748300,31.176748291015624,0.036651913076639175,0.2932153046131134,-0.09651670604944229
1781219415462819000,31.186819091796874,0.006108652334660292,0.32620203495025635,-0.12950342893600464
1781219415472889900,31.196889892578124,0.010995574295520782,0.32009339332580566,-0.0806342139840126
1781219415482960600,31.206960693359374,0.03420845419168472,0.30054569244384766,0.0708603709936142
1781219415493031700,31.21703173828125,0.03298672288656235,0.2981022298336029,0.1722639948129654
1781219415503071700,31.22707177734375,0.012217304669320583,0.32498031854629517,0.23579397797584534
1781219415513173200,31.23717333984375,0.004886921960860491,0.3543018400669098,0.26022860407829285
1781219415523244000,31.247244140625,-0.00366519158706069,0.34208452701568604,0.19792033731937408
1781219415533345300,31.25734521484375,-0.025656340643763542,0.29565876722335815,0.1563815027475357
1781219415543446500,31.267446533203124,-0.03787364438176155,0.24190263450145721,0.21502456068992615
1781219415553548000,31.277548095703125,0.024434609338641167,0.18448130786418915,0.2370157092809677
1781219415573720000,31.297719970703124,0.1319468915462494,0.0708603709936142,0.1869247704744339
1781219415583821300,31.3078212890625,0.19058994948863983,0.0806342139840126,0.23579397797584534
1781219415593892000,31.31789208984375,0.19914206862449646,0.1319468915462494,0.19425514340400696
1781219415603963000,31.327962890625,0.16371189057826996,0.1918116807937622,0.1918116807937622
1781219415614033700,31.33803369140625,0.08429940044879913,0.1514945775270462,0.3176499307155609
1781219415624165600,31.34816552734375,0.07696902006864548,0.10384709388017654,0.40194934606552124
1781219415634267000,31.358266845703124,0.09040805697441101,0.09162978827953339,0.4129449129104614
1781219415644368100,31.3683681640625,0.07819075137376785,0.08185594528913498,0.34086281061172485
1781219415664571000,31.38857080078125,0.09651670604944229,0.1160643994808197,0.2968805134296417
1781219415674672000,31.398672119140624,0.07208210229873657,0.15271630883216858,0.394618958234787
1781219415684773400,31.4087734375,0.05619960278272629,0.16982053220272064,0.5448917746543884
1781219415694905300,31.4189052734375,0.051312681287527084,0.10995574295520782,0.6487388610839844
1781219415705006600,31.429006591796874,0.08552113175392151,0.012217304669320583,0.6866125464439392
1781219415715138600,31.439138671875,0.1160643994808197,-0.039095375686883926,0.5497786998748779
1781219415725270300,31.449270263671874,0.07452555745840073,-0.02687807008624077,0.25045475363731384
1781219415735402200,31.45940234375,0.0012217304902151227,-0.012217304669320583,-0.04398229718208313
1781219415765767200,31.48976708984375,0.07330382615327835,-0.08185594528913498,0.13927727937698364
1781219415775868400,31.499868408203124,0.08796459436416626,-0.09285151958465576,0.19792033731937408
1781219415785969700,31.5099697265625,0.10384709388017654,-0.10995574295520782,0.23457226157188416
1781219415796101600,31.5201015625,0.12217304855585098,-0.09407325088977814,0.26145032048225403
1781219415806233300,31.5302333984375,0.10873401165008545,-0.06719517707824707,0.22357667982578278
1781219415816334800,31.5403349609375,0.10995574295520782,-0.045204028487205505,0.13072516024112701
1781219415826436000,31.55043603515625,0.09285151958465576,-0.03298672288656235,0.06230825558304787
1781219415836537300,31.560537353515624,0.06108652427792549,-0.006108652334660292,0.06108652427792549
1781219415846669300,31.57066943359375,0.06108652427792549,0.015882495790719986,0.14416420459747314
1781219415866902500,31.590902587890625,0.0757472887635231,0,0.31031954288482666
1781219415877003800,31.601003662109374,0.04886921867728233,0.024434609338641167,0.27488934993743896
1781219415887105000,31.61110498046875,0.028099801391363144,0.05009094998240471,0.2064724564552307
1781219415897206300,31.621206298828124,0.02076941914856434,0.05864306539297104,0.14294247329235077
1781219415907338200,31.631338134765624,0.012217304669320583,0.05742133408784866,0.09773843735456467
1781219415917439500,31.641439453125,0.012217304669320583,0.05742133408784866,0.09773843735456467
1781219415927540700,31.651540771484374,0.030543262138962746,0.04886921867728233,0.14416420459747314
1781219415937642200,31.661642333984375,0.06719517707824707,0.0354301854968071,0.20891591906547546
1781219415947743500,31.671743408203124,0.0806342139840126,0.039095375686883926,0.2272418737411499
1781219415957844700,31.6818447265625,0.07208210229873657,0.05497787147760391,0.2174680233001709
1781219415988179200,31.71217919921875,0.06230825558304787,0.07330382615327835,0.16249015927314758
1781219415998280700,31.72228076171875,0.04153883829712868,0.0659734457731247,0.13927727937698364
1781219416008382000,31.7323818359375,0.03176499158143997,0.05864306539297104,0.13927727937698364
1781219416018483200,31.742483154296874,0.0403171069920063,0.03787364438176155,0.18325957655906677
1781219416028584400,31.75258447265625,0.05253441259264946,0.02321287989616394,0.22357667982578278
1781219416038716400,31.76271630859375,0.06230825558304787,0.028099801391363144,0.24068090319633484
1781219416048848100,31.77284814453125,0.05742133408784866,0.04764748737215996,0.23335053026676178
1781219416069020400,31.7930205078125,0.00733038317412138,0.05253441259264946,0.20525072515010834
1781219416079121700,31.80312158203125,0.00733038317412138,0.04398229718208313,0.22113321721553802
1781219416089253400,31.81325341796875,-0.018325956538319588,0.02932153269648552,0.21991148591041565
1781219416099293700,31.823293701171874,-0.012217304669320583,0.01466076634824276,0.2272418737411499
1781219416109425700,31.83342578125,0.009773843921720982,-0.00855211354792118,0.18570303916931152
1781219416119527000,31.84352685546875,0.042760565876960754,-0.030543262138962746,0.14538592100143433
1781219416129628200,31.853628173828124,0.0806342139840126,-0.039095375686883926,0.08674286305904388
1781219416139668500,31.86366845703125,0.09040805697441101,-0.05497787147760391,0.06841690838336945
1781219416149800400,31.873800537109375,0.059864792972803116,-0.0757472887635231,0.08918632566928864
1781219416170003000,31.8940029296875,0.059864792972803116,-0.10018189996480942,0.2565633952617645
1781219416180073700,31.90407373046875,0.051312681287527084,-0.13439035415649414,0.33719760179519653
1781219416190205700,31.914205810546875,0.05497787147760391,-0.11972958594560623,0.3188716471195221
1781219416200307000,31.924306884765624,-0.00855211354792118,-0.015882495790719986,0.09651670604944229
1781219416210408200,31.934408203125,-0.00855211354792118,-0.015882495790719986,0.09651670604944229
1781219416220448500,31.944448486328124,-0.036651913076639175,0.00855211354792118,-0.00855211354792118
1781219416230549800,31.9545498046875,-0.04153883829712868,0.006108652334660292,-0.05864306539297104
1781219416240620500,31.96462060546875,-0.03420845419168472,0.00855211354792118,-0.0354301854968071
1781219416250691600,31.974691650390625,-0.0012217304902151227,0.036651913076639175,-0.045204028487205505
1781219416260731600,31.984731689453124,0.018325956538319588,0.045204028487205505,-0.09285151958465576
1781219416270802400,31.994802490234374,0.015882495790719986,0.06230825558304787,-0.025656340643763542
1781219416290974700,32.014974609375,0.09040805697441101,0.0659734457731247,0.21135938167572021
1781219416301076000,32.02507592773438,0.12339477986097336,0.024434609338641167,0.26022860407829285
1781219416311146800,32.03514672851563,0.1270599663257599,0.0024434609804302454,0.2638937830924988
1781219416321217500,32.04521752929688,0.1270599663257599,0.02321287989616394,0.21624629199504852
1781219416331318800,32.05531884765625,0.12339477986097336,0.04764748737215996,0.10873401165008545
1781219416341389800,32.065389892578125,0.1319468915462494,0.0757472887635231,-0.00855211354792118
1781219416351430000,32.07542993164063,0.13439035415649414,0.08307767659425735,-0.030543262138962746
1781219416361531400,32.085531494140625,0.1062905490398407,0.09285151958465576,0.03176499158143997
1781219416381734000,32.10573388671875,0.11484266817569733,0.05619960278272629,0.15760323405265808
1781219416391835400,32.11583544921875,0.07330382615327835,0.06719517707824707,0.02932153269648552
1781219416412007400,32.13600732421875,-0.025656340643763542,0.02687807008624077,-0.394618958234787
1781219416422078200,32.146078125,0.19058994948863983,-0.16493362188339233,-0.485027015209198
1781219416432149000,32.15614892578125,0.2541199326515198,-0.4349360466003418,-0.4398229718208313
1781219416442219800,32.1662197265625,-0.025656340643763542,-0.46792277693748474,-0.6597344875335693
1781219416452321000,32.17632104492188,-0.32986724376678467,-0.1258382350206375,-1.1655309200286865
1781219416462391800,32.18639184570313,-0.3738495409488678,0.19914206862449646,-1.310916781425476
1781219416472462600,32.19646264648438,-0.2064724564552307,0.1270599663257599,-0.7586946487426758
1781219416492635000,32.216634765625,0.1270599663257599,-0.2174680233001709,0.3494149148464203
1781219416502705700,32.22670556640625,0.036651913076639175,-0.051312681287527084,0.2626720666885376
1781219416512776400,32.2367763671875,-0.09285151958465576,0.045204028487205505,0.11239920556545258
1781219416522847200,32.24684716796875,-0.11362093687057495,-0.018325956538319588,0.24678955972194672
1781219416532948500,32.25694848632813,-0.045204028487205505,-0.09651670604944229,0.42760565876960754
1781219416543019300,32.26701928710938,0.05497787147760391,-0.12095131725072861,0.4447098970413208
1781219416553090000,32.27709008789063,0.06841690838336945,-0.17348572611808777,0.37262779474258423
1781219416563191600,32.287191650390625,0.004886921960860491,-0.22479841113090515,0.4056145250797272
1781219416573292800,32.29729272460938,-0.009773843921720982,-0.21135938167572021,0.6145304441452026
1781219416583363600,32.30736352539063,0.07452555745840073,-0.21502456068992615,0.827111542224884
1781219416603505200,32.32750512695313,0.12461651116609573,-0.3225368559360504,0.5387831330299377
1781219416613576000,32.33757592773438,0.06108652427792549,-0.3689626157283783,0.2431243658065796
1781219416623677200,32.34767724609375,-0.009773843921720982,-0.46181413531303406,0.08674286305904388
1781219416633778700,32.35777880859375,-0.028099801391363144,-0.5277875661849976,0.1062905490398407
1781219416643849500,32.36784936523438,0.042760565876960754,-0.5913175344467163,0.05497787147760391
1781219416653920300,32.37792016601563,0.16859880089759827,-0.7452555894851685,-0.31642818450927734
1781219416663991000,32.38799096679688,0.2785545587539673,-0.9224064946174622,-0.8491026759147644
1781219416674092300,32.39809228515625,0.3225368559360504,-1.0201449394226074,-1.2290608882904053
1781219416684132600,32.40813256835938,0.4288274049758911,-1.0971139669418335,-1.3194689750671387
1781219416704243700,32.42824365234375,0.8063421249389648,-1.0592403411865234,-0.9822713136672974
1781219416714345000,32.43834497070313,0.846659243106842,-0.9663888216018677,-0.7086036801338196
1781219416724415700,32.44841577148438,0.7745771408081055,-0.8393288254737854,-0.2590068578720093
1781219416734486500,32.45848657226563,0.7122688889503479,-0.6719517707824707,0.3530801236629486
1781219416744588000,32.468588134765625,0.6597344875335693,-0.4948008358478546,0.9651671051979065
1781219416754658800,32.478658935546875,0.6243042945861816,-0.37262779474258423,1.310916781425476
1781219416764729600,32.4887294921875,0.607200026512146,-0.3127630054950714,1.2290608882904053
1781219416774800400,32.49880029296875,0.5693264007568359,-0.26022860407829285,0.789237916469574
1781219416784901600,32.50890161132813,0.50335294008255,-0.19058994948863983,0.17104226350784302
1781219416805043200,32.52904321289063,0.3127630054950714,-0.00733038317412138,-0.9358455538749695
1781219416815114000,32.53911401367188,0.2687807083129883,0.10262536257505417,-1.236391305923462
1781219416825184800,32.54918481445313,0.26022860407829285,0.24068090319633484,-1.398881435394287
1781219416835255600,32.55925561523438,0.2626720666885376,0.40072759985923767,-1.4611896276474
1781219416845326600,32.56932666015625,0.2822197377681732,0.5754350423812866,-1.5027284622192383
1781219416855427800,32.579427734375,0.3225368559360504,0.7452555894851685,-1.5552629232406616
1781219416865529000,32.58952905273438,0.375071257352829,0.8906415104866028,-1.5845844745635986
1781219416875600000,32.59959985351563,0.4190535545349121,0.9993755221366882,-1.5625933408737183
1781219416895772200,32.619772216796875,0.41661009192466736,1.1618657112121582,-1.4880677461624146
1781219416905873400,32.62987329101563,0.3445279896259308,1.243721604347229,-1.4856243133544922
1781219416916005000,32.64000512695313,0.25534167885780334,1.3231340646743774,-1.4734070301055908
1781219416926076000,32.65007592773438,0.24068090319633484,1.3781119585037231,-1.4489723443984985
1781219416936146700,32.66014672851563,0.3090978264808655,1.3829989433288574,-1.3878858089447021
1781219416946248200,32.670248291015625,0.3933972120285034,1.350012183189392,-1.207069754600525
1781219416956319000,32.680319091796875,0.46303585171699524,1.302364706993103,-0.8967501521110535
1781219416966389800,32.6903896484375,0.504574716091156,1.2424999475479126,-0.5290092825889587
1781219416976491000,32.70049096679688,0.5510004758834839,1.1740829944610596,-0.16982053220272064
1781219416996632600,32.72063256835938,0.66584312915802,1.1068878173828125,0.3738495409488678
1781219417016804900,32.740804931640625,0.6426302194595337,1.0836749076843262,0.6023131608963013
1781219417026845000,32.75084497070313,0.5876523852348328,1.0482447147369385,0.750142514705658
1781219417036946400,32.760946533203125,0.6120869517326355,1.0396926403045654,1.0299187898635864
1781219417047017200,32.771017333984375,0.6951646208763123,1.0506882667541504,1.4208725690841675
1781219417057118500,32.78111840820313,0.8038986921310425,1.0885618925094604,1.7788395881652832
1781219417067219700,32.7912197265625,0.8955284357070923,1.1325441598892212,2.0170769691467285
1781219417077321200,32.8013212890625,0.9553932547569275,1.1679743528366089,2.1587977409362793
1781219417087392000,32.81139208984375,0.9920451641082764,1.2021827697753906,2.261423110961914
1781219417097462800,32.821462890625,1.027475357055664,1.2791517972946167,2.4104743003845215
1781219417107564000,32.83156396484375,1.0348057746887207,1.3683381080627441,2.6010642051696777
1781219417117604400,32.84160424804688,0.8576548099517822,1.263269305229187,2.900388240814209
1781219417127675100,32.85167504882813,0.35674530267715454,0.8930850028991699,3.274237632751465
1781219417137746000,32.86174584960938,0.03420845419168472,0.36529740691185,3.621209144592285
1781219417147847200,32.87184716796875,0.042760565876960754,-0.11484266817569733,3.5100317001342773
1781219417157918000,32.88191796875,0.17104226350784302,-0.20525072515010834,2.8539624214172363
1781219417168019500,32.89201953125,-0.09896016865968704,0.00733038317412138,0.6927211880683899
1781219417178120700,32.90212060546875,-0.3078760802745819,-0.11484266817569733,-0.24068090319633484
1781219417188161000,32.9121611328125,-0.37262779474258423,-0.2028072625398636,-0.6597344875335693
1781219417208272100,32.932272216796875,0.03176499158143997,-0.15515977144241333,-0.4386012554168701
1781219417218281700,32.94228173828125,0.1771509200334549,-0.030543262138962746,-0.1258382350206375
1781219417228383200,32.95238330078125,0.22846360504627228,0.11850785464048386,0.1563815027475357
1781219417238484500,32.962484375,0.29077184200286865,0.18448130786418915,0.3628539443016052
1781219417248555300,32.97255517578125,0.3885102868080139,0.19914206862449646,0.5180137157440186
1781219417258595600,32.982595703125,0.4764748811721802,0.2028072625398636,0.646295428276062
1781219417268696800,32.99269677734375,0.5351179838180542,0.17104226350784302,0.7342600226402283
1781219417278767600,33.002767578125,0.5766568183898926,0.10384709388017654,0.8087855577468872
1781219417288868900,33.01286889648438,0.6108652353286743,0.030543262138962746,0.8478809595108032
1781219417309041200,33.033041259765625,0.6646214127540588,-0.09529497474431992,0.7024950385093689
1781219417319112000,33.04311181640625,0.6633996367454529,-0.14416420459747314,0.5265658497810364
1781219417329182700,33.0531826171875,0.6499606370925903,-0.1563815027475357,0.3323107063770294
1781219417349293800,33.0732939453125,0.5864306092262268,-0.14782938361167908,0.036651913076639175
1781219417359364600,33.08336450195313,0.5326744914054871,-0.11850785464048386,-0.0354301854968071
1781219417369435400,33.09343530273438,0.48258355259895325,-0.08918632566928864,-0.024434609338641167
1781219417379506200,33.10350610351563,0.4349360466003418,-0.07452555745840073,0.004886921960860491
1781219417389607400,33.113607421875,0.37262779474258423,-0.05375614017248154,0.05864306539297104
1781219417409749000,33.1337490234375,0.2528982162475586,-0.025656340643763542,0.10018189996480942
1781219417429951700,33.15395166015625,0.17592918872833252,0.01466076634824276,0.03176499158143997
1781219417440053000,33.16405297851563,0.16004669666290283,0.03787364438176155,-0.02687807008624077
1781219417450154200,33.174154296875,0.14049901068210602,0.0708603709936142,-0.07330382615327835
1781219417460225300,33.184225341796875,0.12339477986097336,0.09529497474431992,-0.12461651116609573
1781219417470296000,33.194296142578125,0.09896016865968704,0.12828169763088226,-0.1612684279680252
1781219417480397300,33.20439721679688,0.07941248267889023,0.1368338167667389,-0.19058994948863983
1781219417490468000,33.21446801757813,0.06230825558304787,0.13927727937698364,-0.21502456068992615
1781219417510640000,33.23464013671875,-0.0024434609804302454,0.1270599663257599,-0.23090706765651703
1781219417520711000,33.2447109375,-0.009773843921720982,0.10751228034496307,-0.2272418737411499
1781219417530751200,33.25475122070313,-0.01710422709584236,0.10506882518529892,-0.2382374405860901
1781219417540791600,33.26479150390625,-0.02076941914856434,0.10873401165008545,-0.23945917189121246
1781219417550862300,33.2748623046875,-0.010995574295520782,0.09651670604944229,-0.251676470041275
1781219417560933000,33.28493310546875,-0.0024434609804302454,0.0806342139840126,-0.2638937830924988
1781219417571004000,33.29500390625,0.0024434609804302454,0.0806342139840126,-0.2638937830924988
1781219417581105400,33.30510546875,0.009773843921720982,0.07941248267889023,-0.251676470041275
1781219417591176200,33.31517626953125,0.018325956538319588,0.0659734457731247,-0.25534167885780334
1781219417601247000,33.3252470703125,0.01466076634824276,0.06230825558304787,-0.2382374405860901
1781219417621419000,33.3454189453125,0.04642575979232788,0.036651913076639175,-0.15515977144241333
1781219417631489800,33.35548974609375,0.0659734457731247,0.01466076634824276,-0.12461651116609573
1781219417641591000,33.36559106445313,0.06963863968849182,0.004886921960860491,-0.08307767659425735
1781219417651661800,33.37566186523438,0.07330382615327835,-0.009773843921720982,-0.045204028487205505
1781219417661763300,33.385763427734375,0.08796459436416626,-0.0354301854968071,-0.0403171069920063
1781219417671834000,33.395834228515625,0.09773843735456467,-0.036651913076639175,-0.03787364438176155
1781219417681905000,33.40590478515625,0.1014036312699318,-0.025656340643763542,-0.036651913076639175
1781219417692006100,33.41600610351563,0.10384709388017654,-0.028099801391363144,-0.05742133408784866
1781219417712178200,33.43617822265625,0.09773843735456467,-0.021991148591041565,-0.10995574295520782
1781219417722249000,33.4462490234375,0.08552113175392151,-0.01710422709584236,-0.10384709388017654
1781219417732320000,33.456320068359375,0.09162978827953339,-0.024434609338641167,-0.09773843735456467
1781219417742390800,33.466390869140625,0.09040805697441101,-0.02076941914856434,-0.09529497474431992
1781219417752492000,33.47649194335938,0.07696902006864548,-0.009773843921720982,-0.09896016865968704
1781219417762562800,33.48656274414063,0.06963863968849182,-0.006108652334660292,-0.11728613078594208
1781219417772633600,33.49663354492188,0.059864792972803116,-0.00366519158706069,-0.13927727937698364
1781219417782674000,33.506673828125,0.05742133408784866,-0.00733038317412138,-0.15882496535778046
1781219417792775200,33.51677514648438,0.05497787147760391,-0.004886921960860491,-0.16982053220272064
1781219417802876400,33.52687646484375,0.04642575979232788,0.004886921960860491,-0.17470745742321014
1781219417822987500,33.54698754882813,0.045204028487205505,0.010995574295520782,-0.1661553531885147
1781219417833058300,33.55705834960938,0.045204028487205505,0.00855211354792118,-0.15027284622192383
1781219417843129000,33.56712915039063,0.04642575979232788,0.010995574295520782,-0.13561208546161652
1781219417853200100,33.5772001953125,0.04642575979232788,0.00855211354792118,-0.13072516024112701
1781219417863271000,33.58727099609375,0.05375614017248154,0.004886921960860491,-0.13072516024112701
1781219417873341700,33.597341796875,0.05619960278272629,0.010995574295520782,-0.12095131725072861
1781219417883412500,33.60741259765625,0.06230825558304787,0.019547687843441963,-0.10873401165008545
1781219417893513700,33.617513671875,0.06841690838336945,0.021991148591041565,-0.09773843735456467
1781219417903584500,33.62758447265625,0.07696902006864548,0.028099801391363144,-0.08674286305904388
1781219417933858000,33.657858154296875,0.08429940044879913,0.06719517707824707,-0.12461651116609573
1781219417943928800,33.6679287109375,0.09162978827953339,0.0757472887635231,-0.1319468915462494
1781219417954030000,33.67803002929688,0.1014036312699318,0.08429940044879913,-0.1270599663257599
