time,seconds_elapsed,y,z,x
1781039349415365600,2.45236572265625,-0.2492330223321914,0.0757472887635231,0.4825835525989532
1781039349425406000,2.462406005859375,-0.2443460971117019,-0.0122173046693205,0.5595525503158569
1781039349435507200,2.472507080078125,-0.2480112910270691,-0.117286130785942,0.6035348773002625
1781039349445608400,2.4826083984375,-0.2541199326515198,-0.2296853363513946,0.6243042945861816
1781039349455709700,2.492709716796875,-0.2528982162475586,-0.3457497358322143,0.6133087277412415
1781039349465811200,2.502811279296875,-0.2370157092809677,-0.4728097021579742,0.5705481171607971
1781039349475912400,2.512912353515625,-0.2150245606899261,-0.5998696684837341,0.5070181488990784
1781039349486013700,2.523013671875,-0.2015855312347412,-0.7183775305747986,0.4288274049758911
1781039349496084500,2.53308447265625,-0.1954768747091293,-0.8417723178863525,0.3628539443016052
1781039349506186000,2.54318603515625,-0.1930334120988845,-0.9737191796302797,0.3457497358322143
1781039349516287200,2.553287353515625,-0.1734857261180877,-1.0922271013259888,0.4056145250797272
1781039349526358000,2.56335791015625,-0.1099557429552078,-1.1948524713516235,0.5436700582504272
1781039349546499600,2.58349951171875,0.0171042270958423,-1.4306464195251465,0.9101892113685608
1781039349596975600,2.6339755859375,0.0916297882795333,-2.048841953277588,1.5308283567428589
1781039349607077000,2.6440771484375,0.0403171069920063,-2.0806069374084473,1.6713273525238037
1781039349637380900,2.674380859375,-0.1099557429552078,-2.112371921539306,2.4129176139831543
1781039349647482400,2.684482421875,-0.1148426681756973,-2.094046115875244,2.659707307815552
1781039349657553200,2.69455322265625,-0.1246165111660957,-2.0977113246917725,2.765997886657715
1781039349667654400,2.704654296875,-0.147829383611679,-2.144136905670166,2.7171285152435303
1781039349677755600,2.714755615234375,-0.1820378452539444,-2.196671485900879,2.5326473712921143
1781039349687857200,2.724857177734375,-0.2199114859104156,-2.230879783630371,2.263866662979126
1781039349697958400,2.73495849609375,-0.2724458873271942,-2.2492058277130127,1.977981686592102
1781039349708059600,2.7450595703125,-0.3494149148464203,-2.2687535285949707,1.7605136632919312
1781039349718161000,2.755160888671875,-0.4129449129104614,-2.305405378341675,1.6859880685806274
1781039349728262400,2.765262451171875,-0.4178318381309509,-2.3664920330047607,1.794722080230713
1781039349748465000,2.78546484375,-0.2504547536373138,-2.4666738510131836,2.375044107437134
1781039349758566100,2.795566162109375,-0.1930334120988845,-2.4972171783447266,2.6206119060516357
1781039349788870100,2.8258701171875,-0.2638937830924988,-2.660928964614868,2.138028383255005
1781039349839377000,2.876376953125,-0.3885102868080139,-2.492330312728882,1.4196507930755615
1781039349899893200,2.936893310546875,-0.5155702829360962,-2.12703275680542,0.3433062732219696
1781039349910025000,2.94702490234375,-0.4960225820541382,-2.101376533508301,0.2504547536373138
1781039349960440000,2.997440185546875,-0.1820378452539444,-2.057394027709961,0.5729916095733643
1781039350051230000,3.08822998046875,0.1441642045974731,-1.4025466442108154,-0.1954768747091293
1781039350081503200,3.118503173828125,0.0549778714776039,-1.243721604347229,-0.8051204085350037
1781039350091574000,3.128573974609375,0.0928515195846557,-1.1081095933914185,-0.5082398653030396
1781039350121786400,3.158786376953125,0.2663372457027435,-0.7049384713172913,-0.4691445231437683
1781039350141958700,3.178958740234375,-0.0293215326964855,-0.6805039048194885,-1.5650367736816406
1781039350152029400,3.189029541015625,-0.1001818999648094,-0.7440338730812073,-1.9914207458496096
1781039350162100200,3.199100341796875,-0.1698205322027206,-0.788016140460968,-2.1710150241851807
1781039350172201500,3.209201416015625,-0.2345722615718841,-0.7733554244041443,-2.068389654159546
1781039350182241800,3.21924169921875,-0.2993239760398865,-0.7452555894851685,-1.7373007535934448
1781039350192312600,3.2293125,-0.3371976017951965,-0.6914994716644287,-1.19607412815094
1781039350202383400,3.23938330078125,-0.2333505302667617,-0.5607742667198181,-0.5351179838180542
1781039350212423700,3.249423583984375,-0.1014036312699318,-0.4141666293144226,0.1026253625750541
1781039350242575000,3.2795751953125,-0.2101376503705978,-0.2052507251501083,0.7489207983016968
1781039350262747100,3.2997470703125,-0.1429424732923507,-0.2186897546052932,0.7562511563301086
1781039350272879000,3.309879150390625,-0.090408056974411,-0.2382374405860901,0.6670648455619812
1781039350333364700,3.37036474609375,-0.2040289938449859,-0.3298672437667846,-0.2003637999296188
1781039350343466200,3.38046630859375,-0.1930334120988845,-0.2968805134296417,-0.0452040284872055
1781039350353537000,3.390537109375,-0.167377084493637,-0.2345722615718841,0.1343903541564941
1781039350363607800,3.40060791015625,-0.1441642045974731,-0.1624901592731475,0.2834414839744568
1781039350373678600,3.4106787109375,-0.130725160241127,-0.0244346093386411,0.3225368559360504
1781039350383779800,3.42077978515625,-0.130725160241127,-0.0244346093386411,0.3225368559360504
1781039350393850600,3.4308505859375,-0.1441642045974731,0.0916297882795333,0.0329867228865623
1781039350403921400,3.44092138671875,-0.1991420686244964,0.1466076523065567,-0.130725160241127
1781039350413961700,3.450961669921875,-0.2345722615718841,0.1966986060142517,-0.2638937830924988
1781039350424032500,3.461032470703125,-0.2321287989616394,0.2223549485206604,-0.3225368559360504
1781039350454336500,3.49133642578125,-0.1857030391693115,0.2748893499374389,-0.1661553531885147
1781039350474478000,3.51147802734375,-0.1429424732923507,0.2015855312347412,-0.1368338167667389
1781039350484548900,3.521548828125,-0.1258382350206375,0.1392772793769836,-0.1771509200334549
1781039350494619600,3.53161962890625,-0.1123992055654525,0.1038470938801765,-0.2223549485206604
1781039350504690400,3.5416904296875,-0.117286130785942,0.0940732508897781,-0.2541199326515198
1781039350514761200,3.55176123046875,-0.1221730485558509,0.0842994004487991,-0.2736676335334778
1781039350524801500,3.561801513671875,-0.1319468915462494,0.0647517144680023,-0.2687807083129883
1781039350544973800,3.581973876953125,-0.140499010682106,0.0232128798961639,-0.2370157092809677
1781039350585257000,3.622257080078125,-0.1563815027475357,-0.1014036312699318,-0.2748893499374389
1781039350615469300,3.65246923828125,-0.1197295859456062,-0.0965167060494422,-0.2064724564552307
1781039350625509600,3.662509521484375,-0.0867428630590438,-0.0769690200686454,-0.147829383611679
1781039350655722000,3.692721923828125,-0.0317649915814399,0.0195476878434419,-0.1527163088321685
1781039350665823200,3.7028232421875,-0.0146607663482427,0.0390953756868839,-0.2455678284168243
1781039350675894300,3.712894287109375,0.0,0.0549778714776039,-0.3555235862731933
1781039350685965000,3.722965087890625,0.0048869219608604,0.0720821022987365,-0.4630358517169952
1781039350706106600,3.743106689453125,0.0061086523346602,0.1038470938801765,-0.607200026512146
1781039350726217700,3.7632177734375,0.0452040284872055,0.1466076523065567,-0.5436700582504272
1781039350776632600,3.813632568359375,0.2296853363513946,0.4202753007411957,-0.7024950385093689
1781039350837118500,3.874118408203125,0.2419026345014572,1.1068878173828125,-1.508837103843689
1781039350847189200,3.884189208984375,0.2064724564552307,1.2327260971069336,-1.6786576509475708
1781039350857260000,3.894260009765625,0.1869247704744339,1.3854423761367798,-1.7812830209732056
1781039350867330800,3.904330810546875,0.1698205322027206,1.5699236392974854,-1.8203784227371216
1781039350957937700,3.994937744140625,-0.1380555480718612,3.980397939682007,-1.9511035680770872
1781039350968008400,4.005008544921875,-0.171042263507843,4.175874710083008,-1.9120081663131712
1781039350978048800,4.015048828125,-0.1795943826436996,4.315152168273926,-1.854586839675903
1781039350988119600,4.02511962890625,-0.1734857261180877,4.410447120666504,-1.7629570960998535
1781039350998190300,4.0351904296875,-0.1551597714424133,4.488637924194336,-1.587027907371521
1781039351008261000,4.04526123046875,-0.1368338167667389,4.548502445220947,-1.3280210494995115
1781039351018332000,4.055331787109375,-0.090408056974411,4.604701995849609,-0.9908234477043152
1781039351028433200,4.06543310546875,0.0109955742955207,4.675562381744385,-0.5729916095733643
1781039351048574700,4.08557470703125,0.3824016451835632,4.913800239562988,0.3396410644054413
1781039351058584600,4.09558447265625,0.618195652961731,5.048190593719482,0.6829473376274109
1781039351068685800,4.105685791015625,0.8662069439888,5.145928859710693,0.807563841342926
1781039351078726100,4.11572607421875,1.099557399749756,5.218010902404785,0.6792821288108826
1781039351088797000,4.125796875,1.291369080543518,5.316971302032471,0.3433062732219696
1781039351098806800,4.135806884765625,1.4538593292236328,5.4648003578186035,-0.130725160241127
1781039351108908000,4.145907958984375,1.563814997673035,5.63950777053833,-0.6548475623130798
1781039351118978800,4.155978759765625,1.578475832939148,5.809328556060791,-1.1643091440200806
1781039351169271800,4.206271728515625,1.4550809860229492,6.455624103546143,-2.389704942703247
1781039351179342600,4.216342529296875,1.5552629232406616,6.464176177978516,-2.4410176277160645
1781039351189443800,4.22644384765625,1.6468926668167114,6.445849895477295,-2.403143882751465
1781039351209585700,4.246585693359375,1.703092336654663,6.3774333000183105,-2.196671485900879
1781039351280111600,4.317111572265625,0.8527678847312927,5.45013952255249,-2.6230554580688477
1781039351330465800,4.3674658203125,0.4337143301963806,4.169765949249268,-0.5192354321479797
1781039351340536600,4.37753662109375,0.4911356568336487,3.7751471996307377,-0.0623082555830478
1781039351350607400,4.387607421875,0.5705481171607971,3.3731977939605713,0.3371976017951965
1781039351360617000,4.397616943359375,0.6572909951210022,2.9749138355255127,0.6499606370925903
1781039351370687700,4.407687744140625,0.7354817390441895,2.582738161087036,0.8478809595108032
1781039351380758500,4.417758544921875,0.7929030656814575,2.2088887691497803,0.9150761365890504
1781039351390829600,4.42782958984375,0.8063421249389648,1.8570303916931152,0.8613200187683105
1781039351400900400,4.437900390625,0.7550294399261475,1.529606580734253,0.7183775305747986
1781039351481558300,4.518558349609375,0.4581489264965057,0.197920337319374,-0.8429940342903137
1781039351542135600,4.579135498046875,-0.0818559452891349,-0.0916297882795333,-2.1368067264556885
1781039351612692200,4.649692138671875,0.1734857261180877,-0.371406078338623,-1.0604621171951294
1781039351663107300,4.700107421875,0.4960225820541382,-0.3591887652873993,-0.0757472887635231
1781039351693380600,4.730380615234375,0.3579670190811157,-0.3408628106117248,0.0635299831628799
1781039351713553000,4.750552978515625,0.3127630054950714,-0.2675589919090271,0.1624901592731475
1781039351794363400,4.83136328125,-0.0195476878434419,-0.4190535545349121,0.3995058834552765
1781039351885336300,4.92233642578125,-0.2822197377681732,-0.9908234477043152,0.4471533596515655
1781039351935842800,4.9728427734375,-0.4838052690029144,-1.2107349634170532,0.5082398653030396
1781039351945944300,4.9829443359375,-0.5314527750015259,-1.320690631866455,0.5302310585975647
1781039351956015000,4.99301513671875,-0.5729916095733643,-1.4660766124725342,0.5497786998748779
1781039351966146800,5.003146728515625,-0.5925393104553223,-1.654223084449768,0.608421802520752
1781039351976248000,5.013248046875,-0.6120869517326355,-1.874134540557861,0.759916365146637
1781039351986349600,5.023349609375,-0.6487388610839844,-2.0622811317443848,1.045801281929016
1781039352006582500,5.04358251953125,-0.6866125464439392,-2.459343433380127,1.6762142181396484
1781039352016684000,5.05368408203125,-0.6890559792518616,-2.6975808143615723,1.8008307218551636
1781039352047018500,5.0840185546875,-0.797789990901947,-3.2730159759521484,1.4856243133544922
1781039352057119700,5.09411962890625,-0.8417723178863525,-3.393967390060425,1.3976596593856812
1781039352067221000,5.104220947265625,-0.8918632864952087,-3.478266716003418,1.447750687599182
1781039352077353000,5.11435302734375,-0.95783668756485,-3.5356879234313965,1.633453607559204
1781039352097555500,5.134555419921875,-1.1093312501907349,-3.604104995727539,2.2101104259490967
1781039352107657000,5.144656982421875,-1.1484266519546509,-3.655417680740357,2.383596181869507
1781039352127859500,5.164859375,-1.1789699792861938,-3.766595125198364,2.364048480987549
1781039352137960700,5.174960693359375,-1.177748203277588,-3.8179078102111816,2.213775634765625
1781039352148031500,5.185031494140625,-1.1814134120941162,-3.841120719909668,2.085494041442871
1781039352158163500,5.19516357421875,-1.19607412815094,-3.8508944511413574,1.9694294929504397
1781039352168264700,5.2052646484375,-1.240056395530701,-3.8728857040405273,1.881464958190918
1781039352178305000,5.215304931640625,-1.303586483001709,-3.920533180236816,1.822821855545044
1781039352188437000,5.22543701171875,-1.36955988407135,-3.97306752204895,1.8093829154968264
1781039352198507800,5.2355078125,-1.4245377779006958,-4.014606475830078,1.8643606901168823
1781039352208609000,5.245609130859375,-1.4379768371582031,-4.0463714599609375,1.9352210760116575
1781039352218619000,5.255618896484375,-1.3939944505691528,-4.063475608825684,1.9535470008850095
1781039352228720000,5.26572021484375,-1.330464482307434,-4.084245204925537,1.8484781980514529
1781039352248892200,5.28589208984375,-1.313360333442688,-4.162436008453369,1.4343116283416748
1781039352258963000,5.295962890625,-1.340238332748413,-4.206418037414551,1.3267992734909058
1781039352269064200,5.306064208984375,-1.3475687503814695,-4.214970111846924,1.3976596593856812
1781039352289236500,5.326236572265625,-1.2754865884780884,-4.127005577087402,1.832595705986023
1781039352299307300,5.336307373046875,-1.1899654865264893,-4.100127696990967,1.9339994192123413
1781039352309408500,5.346408447265625,-1.10444438457489,-4.090353488922119,1.8863518238067627
1781039352319479300,5.356479248046875,-1.0299187898635864,-4.062253952026367,1.7348573207855225
1781039352329550000,5.366550048828125,-0.9590584635734558,-4.030488967895508,1.501506805419922
1781039352349691600,5.386691650390625,-0.8784242272377014,-3.892433404922486,1.1410962343215942
1781039352359762400,5.396762451171875,-0.846659243106842,-3.7873644828796382,1.1105530261993408
1781039352369864000,5.406864013671875,-0.7831292152404785,-3.7030651569366455,1.147204875946045
1781039352390005500,5.427005615234375,-0.6023131608963013,-3.5552356243133545,1.3060299158096311
1781039352400076300,5.437076171875,-0.5351179838180542,-3.4965927600860596,1.291369080543518
1781039352410147000,5.44714697265625,-0.5290092825889587,-3.4599406719207764,1.1997393369674685
1781039352420217900,5.4572177734375,-0.5461135506629944,-3.4037411212921143,1.1142182350158691
1781039352440390000,5.477389892578125,-0.6035348773002625,-3.1398472785949707,1.2131783962249756
1781039352450460700,5.487460693359375,-0.5815436840057373,-3.0140092372894287,1.246165156364441
1781039352460531700,5.49753173828125,-0.5375614166259766,-2.886949062347412,1.282817006111145
1781039352470602500,5.5076025390625,-0.4972442984580993,-2.7427849769592285,1.247386813163757
1781039352480673300,5.51767333984375,-0.4960225820541382,-2.6145031452178955,1.1142182350158691
1781039352490744000,5.527744140625,-0.5290092825889587,-2.487443208694458,0.9566149711608888
1781039352500814800,5.53781494140625,-0.5351179838180542,-2.3603832721710205,0.7574729323387146
1781039352510885600,5.5478857421875,-0.5412266254425049,-2.250427484512329,0.5974262356758118
1781039352520956400,5.557956298828125,-0.5558874011039734,-2.1233675479888916,0.5534439086914062
1781039352541067500,5.578067626953125,-0.5400048494338989,-1.880243182182312,0.6927211880683899
1781039352551168800,5.588168701171875,-0.5180137157440186,-1.8020524978637695,0.8246681094169617
1781039352571310300,5.608310302734375,-0.4105014503002167,-1.7275269031524658,0.740368664264679
1781039352581411800,5.618411865234375,-0.394618958234787,-1.7751743793487549,0.4031710624694824
1781039352591513000,5.62851318359375,-0.3897320330142975,-1.7666223049163818,0.0635299831628799
1781039352631857200,5.668857177734375,-0.4532620012760162,-1.8069393634796145,-0.5803219676017761
1781039352712423700,5.749423583984375,-0.3677408695220947,-0.9920451641082764,-0.5717698931694031
1781039352772787500,5.809787353515625,-0.1844813078641891,-0.940732479095459,0.384845107793808
1781039352823172000,5.860172119140625,-0.058643065392971,-0.9138544201850892,0.0305432621389627
1781039352863424800,5.9004248046875,0.1038470938801765,-0.8515461683273315,0.5253441333770752
1781039352934012000,5.971011962890625,0.1429424732923507,-0.6511823534965515,0.4483750760555267
1781039352944052200,5.98105224609375,0.1490511149168014,-0.6194173693656921,0.4019493460655212
1781039352954092300,5.99109228515625,0.1563815027475357,-0.5705481171607971,0.3396410644054413
1781039352964193800,6.00119384765625,0.1600466966629028,-0.5229006409645081,0.2370157092809677
1781039352974234000,6.011234130859375,0.1319468915462494,-0.4679227769374847,0.1026253625750541
1781039352984335400,6.02133544921875,0.0720821022987365,-0.3872885704040527,-0.0085521135479211
1781039353004477000,6.041476806640625,-0.0342084541916847,-0.3005456924438476,-0.1893682330846786
1781039353014547700,6.051547607421875,-0.0879645943641662,-0.2956587672233581,-0.1942551434040069
1781039353024649000,6.06164892578125,-0.1356120854616165,-0.2858849465847015,-0.1380555480718612
1781039353034719700,6.0717197265625,-0.1759291887283325,-0.2761110961437225,-0.0293215326964855
1781039353044821200,6.0818212890625,-0.171042263507843,-0.2736676335334778,0.0891863256692886
1781039353064962800,6.101962890625,-0.1123992055654525,-0.2651155292987823,0.1246165111660957
1781039353075033600,6.11203369140625,-0.1099557429552078,-0.2602286040782928,0.0329867228865623
1781039353085104400,6.1221044921875,-0.1136209368705749,-0.2492330223321914,-0.0952949747443199
1781039353095144700,6.132144775390625,-0.1343903541564941,-0.2186897546052932,-0.1942551434040069
1781039353105215500,6.142215576171875,-0.1466076523065567,-0.1698205322027206,-0.2235766798257827
1781039353115316700,6.152316650390625,-0.1466076523065567,-0.1270599663257599,-0.2064724564552307
1781039353125357000,6.162357177734375,-0.1319468915462494,-0.0952949747443199,-0.1734857261180877
1781039353135458300,6.172458251953125,-0.1136209368705749,-0.0610865242779254,-0.1539380401372909
1781039353155569400,6.1925693359375,-0.1099557429552078,0.0109955742955207,-0.1954768747091293
1781039353165670700,6.202670654296875,-0.0977384373545646,0.0476474873721599,-0.2333505302667617
1781039353185781800,6.22278173828125,-0.0635299831628799,0.1185078546404838,-0.2626720666885376
1781039353195883300,6.23288330078125,-0.0525344125926494,0.147829383611679,-0.2455678284168243
1781039353205984500,6.242984619140625,-0.0439822971820831,0.171042263507843,-0.2186897546052932
1781039353216024800,6.25302490234375,-0.0329867228865623,0.167377084493637,-0.2089159190654754
1781039353226126000,6.2631259765625,-0.0280998013913631,0.1466076523065567,-0.1930334120988845
1781039353236136000,6.273135986328125,-0.0268780700862407,0.1295034289360046,-0.1612684279680252
1781039353316916000,6.353916015625,0.0635299831628799,0.1160643994808197,0.0256563406437635
1781039353337088000,6.374087890625,0.0195476878434419,0.1295034289360046,0.130725160241127
1781039353417654300,6.454654296875,-0.0415388382971286,0.2015855312347412,0.0146607663482427
1781039353478140200,6.51514013671875,-0.0952949747443199,0.1295034289360046,0.304210901260376
1781039353488211000,6.5252109375,-0.098960168659687,0.1246165111660957,0.3103195428848266
1781039353498251300,6.535251220703125,-0.1111774742603302,0.1795943826436996,0.2834414839744568
1781039353508352800,6.545352783203125,-0.1111774742603302,0.1795943826436996,0.2834414839744568
1781039353518392800,6.555392822265625,-0.0757472887635231,0.2541199326515198,0.2871066629886627
1781039353538565000,6.575565185546875,-0.0488692186772823,0.371406078338623,0.2162462919950485
1781039353588919000,6.6259189453125,0.1246165111660957,0.8417723178863525,-0.2247984111309051
1781039353598959400,6.63595947265625,0.1185078546404838,1.0128145217895508,-0.4043927788734436
1781039353649343700,6.68634375,-0.0256563406437635,1.7275269031524658,-1.319468975067139
1781039353679586800,6.7165869140625,-0.0171042270958423,2.0561723709106445,-1.7580702304840088
1781039353730062800,6.767062744140625,-0.0305432621389627,2.6731462478637695,-1.8839083909988403
1781039353740164000,6.7771640625,0.0317649915814399,2.7843236923217773,-1.8594738245010376
1781039353750265600,6.787265625,0.1014036312699318,2.9211575984954834,-1.9046778678894043
1781039353770437600,6.807437744140625,0.1820378452539444,3.1618385314941406,-2.172236919403076
1781039353790579200,6.8275791015625,0.1551597714424133,3.288898468017578,-2.400700330734253
1781039353810751200,6.847751220703125,0.1343903541564941,3.402519464492798,-2.0610592365264893
1781039353820822000,6.857822021484375,0.167377084493637,3.34509801864624,-1.72630512714386
1781039353830892800,6.867892822265625,0.2260201424360275,3.254689931869507,-1.3463469743728638
1781039353840963800,6.8779638671875,0.304210901260376,3.154508113861084,-0.979827880859375
1781039353851065000,6.888065185546875,0.3958406746387481,3.043330669403076,-0.6866125464439392
1781039353881277400,6.91827734375,0.6548475623130798,2.8490755558013916,-0.3115412890911102
1781039353891378700,6.928378662109375,0.7134906053543091,2.8686232566833496,-0.3506366610527038
1781039353901449500,6.938449462890625,0.7476990818977356,2.934596538543701,-0.4471533596515655
1781039353911551000,6.948551025390625,0.7464773058891296,3.032335042953491,-0.588874101638794
1781039353921652200,6.95865234375,0.7134906053543091,3.134960412979126,-0.7367035150527954
1781039353931753500,6.96875341796875,0.675616979598999,3.232698917388916,-0.8429940342903137
1781039353941854700,6.978854736328125,0.6511823534965515,3.3255503177642822,-0.8943067193031311
1781039353962027000,6.999027099609375,0.6536257863044739,3.539353132247925,-0.8552113175392151
1781039353982199000,7.019198974609375,0.7904596328735352,3.784921169281006,-0.8637634515762329
1781039353992331000,7.0293310546875,0.8796459436416626,3.882659435272217,-0.9834930300712584
1781039354002462700,7.039462646484375,0.9297369122505188,3.969402313232422,-1.1887437105178833
1781039354012564000,7.04956396484375,0.9431759119033812,4.028045654296875,-1.4159855842590332
1781039354022665500,7.05966552734375,0.9272934198379515,4.050036430358887,-1.585806131362915
1781039354032766700,7.0697666015625,0.8747590184211731,4.0549235343933105,-1.683544635772705
1781039354042868000,7.079867919921875,0.8063421249389648,4.04270601272583,-1.7373007535934448
1781039354053000000,7.09,0.740368664264679,4.017049789428711,-1.711644411087036
1781039354063101200,7.10010107421875,0.7061602473258972,3.984063148498535,-1.633453607559204
1781039354073233000,7.11023291015625,0.6988298296928406,3.971845865249634,-1.5173892974853516
1781039354103537000,7.140536865234375,0.8674286603927612,4.014606475830078,-1.0885618925094604
1781039354113668900,7.1506689453125,0.8674286603927612,4.014606475830078,-1.0885618925094604
1781039354123770000,7.16077001953125,0.9822713136672974,3.941302537918091,-1.1643091440200806
1781039354133871400,7.170871337890625,1.0555751323699951,3.944967746734619,-1.226617455482483
1781039354143972900,7.180972900390625,1.1679743528366089,3.91320276260376,-1.3854423761367798
1781039354154074000,7.19107421875,1.2901474237442017,3.85333800315857,-1.6016886234283447
1781039354164175400,7.20117529296875,1.3524556159973145,3.8154642581939697,-1.794722080230713
1781039354174276600,7.211276611328125,1.3267992734909058,3.830125093460083,-1.927890658378601
1781039354184378000,7.221378173828125,1.253495454788208,3.870442152023315,-2.012190103530884
1781039354194479400,7.231479248046875,1.1838568449020386,3.8851029872894287,-2.0586159229278564
1781039354204611000,7.241611083984375,1.1325441598892212,3.8679988384246826,-2.043955087661743
1781039354255117800,7.292117919921875,1.086118459701538,3.7165040969848633,-0.8026769161224365
1781039354265219000,7.302218994140625,1.0922271013259888,3.628539562225342,-0.4312708675861358
1781039354335867400,7.372867431640625,1.0396926403045654,2.654820442199707,0.5619960427284241
1781039354366171100,7.403171142578125,0.5497786998748779,2.2211060523986816,-0.117286130785942
1781039354376272600,7.413272705078125,0.4312708675861358,2.101376533508301,-0.2700024247169494
1781039354436758500,7.473758544921875,-0.2443460971117019,1.1020009517669678,-1.6957619190216064
1781039354477041700,7.514041748046875,-0.4679227769374847,0.6743952035903931,-2.012190103530884
1781039354527456800,7.564456787109375,-0.4874704778194427,0.1087340116500854,-1.874134540557861
1781039354557638700,7.594638671875,-0.5485569834709167,-0.1747074574232101,-1.6945401430130005
1781039354567740000,7.604739990234375,-0.6218608021736145,-0.2541199326515198,-1.7214182615280151
1781039354577780200,7.6147802734375,-0.6731734871864319,-0.3323107063770294,-1.742187738418579
1781039354587851000,7.62485107421875,-0.6914994716644287,-0.4166100919246673,-1.7434093952178955
1781039354597952300,7.6349521484375,-0.7024950385093689,-0.5155702829360962,-1.7177530527114868
1781039354618063400,7.6550634765625,-0.6646214127540588,-0.7367035150527954,-1.6762142181396484
1781039354628134100,7.665134033203125,-0.6279694437980652,-0.8417723178863525,-1.6847662925720217
1781039354638205000,7.675204833984375,-0.6035348773002625,-0.9272934198379515,-1.6872098445892334
1781039354648306200,7.68530615234375,-0.5998696684837341,-0.9957103729248048,-1.654223084449768
1781039354658377000,7.695376953125,-0.6035348773002625,-1.0531316995620728,-1.5809192657470703
1781039354668447700,7.70544775390625,-0.5852088928222656,-1.0885618925094604,-1.4501941204071045
1781039354678549200,7.71554931640625,-0.5436700582504272,-1.1068878173828125,-1.2388347387313845
1781039354688620000,7.7256201171875,-0.4886921942234039,-1.123992085456848,-0.9712757468223572
1781039354698690800,7.73569091796875,-0.4251621961593628,-1.138652801513672,-0.6890559792518616
1781039354708761600,7.74576171875,-0.36529740691185,-1.1496484279632568,-0.4190535545349121
1781039354718832400,7.755832275390625,-0.3200933933258056,-1.1557570695877075,-0.1832595765590667
1781039354738943500,7.775943603515625,-0.2822197377681732,-1.1362093687057495,0.2174680233001709
1781039354819509800,7.856509765625,-0.3090978264808655,-0.9834930300712584,0.5338962078094482
1781039354829550000,7.866550048828125,-0.2919935882091522,-1.0103710889816284,0.3958406746387481
1781039354839651600,7.876651611328125,-0.2700024247169494,-1.0775662660598757,0.180816113948822
1781039354869864000,7.906864013671875,-0.230907067656517,-1.2498302459716797,-0.5595525503158569
1781039354879934700,7.916934814453125,-0.2382374405860901,-1.247386813163757,-0.6120869517326355
1781039354890005500,7.927005615234375,-0.2565633952617645,-1.2180652618408203,-0.5155702829360962
1781039354900106800,7.937106689453125,-0.2748893499374389,-1.214400053024292,-0.3408628106117248
1781039354910177500,7.947177490234375,-0.2785545587539673,-1.273043155670166,-0.1490511149168014
1781039354920248300,7.957248291015625,-0.2663372457027435,-1.3768903017044067,0.0354301854968071
1781039354930319000,7.967319091796875,-0.2394591718912124,-1.4697418212890625,0.2528982162475586
1781039354940390000,7.977389892578125,-0.1918116807937622,-1.5149458646774292,0.5338962078094482
1781039354960501000,7.9975009765625,-0.0561996027827262,-1.6041321754455566,1.2034045457839966
1781039354990774500,8.0277744140625,-0.0537561401724815,-2.0146336555480957,1.5968017578125
1781039355000845300,8.03784521484375,-0.1502728462219238,-2.2235496044158936,1.4367550611495972
1781039355010916000,8.047916015625,-0.2968805134296417,-2.5778512954711914,1.0702359676361084
1781039355020987000,8.05798681640625,-0.3029891550540924,-2.707354784011841,0.9993755221366882
1781039355031057700,8.0680576171875,-0.2834414839744568,-2.8038713932037354,1.0775662660598757
1781039355091452000,8.128451904296876,-0.5241223573684692,-3.4990360736846924,2.417804718017578
1781039355101492200,8.1384921875,-0.513126790523529,-3.6334264278411865,2.328618288040161
1781039355121633800,8.1586337890625,-0.504574716091156,-3.9009854793548584,1.987755537033081
1781039355131704600,8.16870458984375,-0.5448917746543884,-4.030488967895508,1.8509217500686648
1781039355141775600,8.178775634765625,-0.6047565937042236,-4.167322635650635,1.7837265729904177
1781039355151785200,8.18878515625,-0.6695083379745483,-4.311486721038818,1.8216001987457275
1781039355161886500,8.198886474609376,-0.7293730974197388,-4.453207492828369,1.940108060836792
1781039355171957500,8.20895751953125,-0.7770205736160278,-4.568050384521484,2.120924234390259
1781039355192099000,8.22909912109375,-0.7709119319915771,-4.765970706939697,2.3359487056732178
1781039355202169900,8.239169921875,-0.7733554244041443,-4.794070243835449,2.3664920330047607
1781039355212179500,8.249179443359376,-0.8148942589759827,-4.742757797241211,2.372600555419922
1781039355222281000,8.259281005859375,-0.8662069439888,-4.6938886642456055,2.263866662979126
1781039355242422500,8.279422607421875,-1.0128145217895508,-4.640132427215576,1.8362609148025513
1781039355252493300,8.289493408203125,-1.0604621171951294,-4.60103702545166,1.6212363243103027
1781039355282797300,8.31979736328125,-0.96883225440979,-4.467868328094482,1.2510520219802856
1781039355292868000,8.3298681640625,-0.9297369122505188,-4.401895046234131,1.348790407180786
1781039355313040100,8.3500400390625,-0.8759807348251343,-4.145331382751465,1.7385225296020508
1781039355323141400,8.360141357421876,-0.8393288254737854,-4.019493103027344,1.835039138793945
1781039355333151200,8.370151123046876,-0.8038986921310425,-3.907094001770019,1.8167132139205933
1781039355383505200,8.420505126953126,-0.8869763612747192,-3.3964107036590576,1.1911872625350952
1781039355403677400,8.440677490234375,-0.9566149711608888,-3.2485814094543457,1.4538593292236328
1781039355413778700,8.45077880859375,-0.9175195693969728,-3.174055814743042,1.587027907371521
1781039355423849500,8.460849365234376,-0.8894197940826416,-3.084869384765625,1.629788517951965
1781039355433859300,8.470859375,-0.90408056974411,-2.995683193206787,1.4941763877868652
1781039355443960600,8.480960693359375,-0.9676105380058287,-2.9272663593292236,1.2009611129760742
1781039355454001000,8.4910009765625,-1.0225883722305298,-2.8771753311157227,0.8393288254737854
1781039355464102100,8.50110205078125,-1.0335839986801147,-2.8148670196533203,0.5412266254425049
1781039355474142500,8.511142578125,-1.027475357055664,-2.73301100730896,0.3359758853912353
1781039355484213200,8.521213134765626,-1.0042624473571775,-2.635272741317749,0.1954768747091293
1781039355494314500,8.531314453125,-0.9468411207199096,-2.537534236907959,0.0891863256692886
1781039355504416000,8.541416015625,-0.8393288254737854,-2.456900119781494,0.0366519130766391
1781039355564810200,8.601810302734375,-0.4068362414836883,-1.7605136632919312,0.442266434431076
1781039355574881000,8.611881103515625,-0.3567453026771545,-1.7873916625976562,0.2370157092809677
1781039355584982300,8.621982177734376,-0.2834414839744568,-1.7898352146148682,-0.0232128798961639
1781039355665457200,8.70245703125,0.0329867228865623,-1.0482447147369385,0.2113593816757202
1781039355705649000,8.74264892578125,-0.2773328125476837,-1.0042624473571775,-0.0122173046693205
1781039355745932000,8.78293212890625,-0.0818559452891349,-0.7916813492774963,0.4092797040939331
1781039355766104000,8.80310400390625,0.0024434609804302,-0.7330383062362671,0.5326744914054871
1781039355776144400,8.813144287109376,0.0048869219608604,-0.7293730974197388,0.4996877610683441
1781039355786215200,8.823215087890626,-0.0158824957907199,-0.7428121566772461,0.4569272100925445
1781039355796316400,8.83331640625,-0.0415388382971286,-0.7635815739631653,0.4410447180271148
1781039355806387200,8.84338720703125,-0.0574213340878486,-0.7660250067710876,0.4703662395477295
1781039355816458000,8.8534580078125,-0.0500909499824047,-0.6951646208763123,0.6731734871864319
1781039355826559500,8.8635595703125,-0.0342084541916847,-0.656069278717041,0.7672467231750488
1781039355836630300,8.87363037109375,-0.0122173046693205,-0.6120869517326355,0.8405506014823914
1781039355846701000,8.883701171875,-0.0036651915870606,-0.5387831330299377,0.8735373020172119
1781039355866873000,8.903873046875,0.0183259565383195,-0.4361577928066253,0.8197811841964722
1781039355917318700,8.954318603515626,-0.0378736443817615,-0.0317649915814399,0.7110471725463867
1781039355927420000,8.964419921875,-0.0549778714776039,0.0158824957907199,0.7525860071182251
1781039355937491000,8.974490966796875,-0.0757472887635231,0.0598647929728031,0.8038986921310425
1781039355947561700,8.984561767578125,-0.0830776765942573,0.0818559452891349,0.8222246170043945
1781039355957632500,8.994632568359375,-0.0757472887635231,0.0537561401724815,0.769690215587616
1781039355997946000,9.034946044921876,-0.0635299831628799,-0.0745255574584007,0.2199114859104156
1781039356008017000,9.045016845703126,-0.0452040284872055,-0.0561996027827262,0.1148426681756973
1781039356018118100,9.0551181640625,-0.0635299831628799,-0.0293215326964855,0.0195476878434419
1781039356028219600,9.0652197265625,-0.1099557429552078,-0.0048869219608604,-0.0855211317539215
1781039356038351400,9.075351318359376,-0.1698205322027206,0.0036651915870606,-0.1783726513385772
1781039356048452900,9.085452880859377,-0.2431243658065796,0.0280998013913631,-0.2089159190654754
1781039356058554000,9.09555419921875,-0.3078760802745819,0.0574213340878486,-0.1563815027475357
1781039356068655400,9.1056552734375,-0.3371976017951965,0.0610865242779254,-0.0500909499824047
1781039356098959400,9.13595947265625,-0.3103195428848266,0.0916297882795333,-0.0256563406437635
1781039356109060600,9.146060546875,-0.3237585723400116,0.1209513172507286,-0.1966986060142517
1781039356119161900,9.156161865234376,-0.3640756905078888,0.1258382350206375,-0.384845107793808
1781039356129263400,9.166263427734377,-0.3909537494182586,0.1185078546404838,-0.5106833577156067
1781039356139364600,9.176364501953126,-0.3628539443016052,0.1014036312699318,-0.5253441333770752
1781039356149465900,9.1864658203125,-0.294437050819397,0.0769690200686454,-0.4813618063926697
1781039356159567400,9.1965673828125,-0.2455678284168243,0.0867428630590438,-0.3995058834552765
1781039356220175000,9.257175048828126,-0.0122173046693205,0.2138028293848037,-0.4349360466003418
1781039356240377900,9.2773779296875,0.1869247704744339,0.251676470041275,-0.6866125464439392
1781039356301016300,9.338016357421877,0.4874704778194427,0.9175195693969728,-0.9492846131324768
1781039356331320000,9.368320068359376,0.5742133259773254,1.2583824396133425,-0.7709119319915771
1781039356341421600,9.378421630859377,0.5729916095733643,1.3524556159973145,-0.9676105380058287
1781039356351522800,9.388522705078126,0.5400048494338989,1.4294246435165403,-1.266934514045715
1781039356361593600,9.398593505859376,0.5094616413116455,1.5051720142364502,-1.578475832939148
1781039356371725600,9.4087255859375,0.4459316432476043,1.6004669666290283,-1.7739527225494385
1781039356381826800,9.418826904296877,0.3775147199630737,1.7165313959121704,-1.813048005104065
1781039356391928000,9.428927978515626,0.3726277947425842,1.82404363155365,-1.7287486791610718
1781039356402060000,9.43906005859375,0.475253164768219,2.0390682220458984,-1.1716395616531372
1781039356412161300,9.449161376953125,0.5546656250953674,2.1502456665039062,-0.8845328688621521
1781039356422232000,9.459232177734377,0.6352998614311218,2.2003366947174072,-0.7147123217582703
1781039356432363800,9.46936376953125,0.7232644557952881,2.2382102012634277,-0.6633996367454529
1781039356442465300,9.47946533203125,0.8026769161224365,2.2992968559265137,-0.7586946487426758
1781039356452566500,9.48956640625,0.8723155856132507,2.3738224506378174,-1.0396926403045654
1781039356462667800,9.499667724609376,0.9162978529930116,2.442239284515381,-1.4831807613372805
1781039356472769000,9.50976904296875,0.8649851679801941,2.5326473712921143,-1.833817481994629
1781039356482870500,9.51987060546875,0.7623597979545593,2.687807083129883,-1.882686734199524
1781039356493002200,9.530002197265626,0.6939429044723511,2.869844913482666,-1.6004669666290283
1781039356503103700,9.540103759765625,0.6499606370925903,3.0469958782196045,-1.0482447147369385
1781039356513174500,9.550174560546877,0.6670648455619812,3.1227431297302246,-0.5216789245605469
1781039356523306200,9.56030615234375,0.7122688889503479,3.084869384765625,-0.058643065392971
1781039356533346600,9.5703466796875,0.7122688889503479,3.084869384765625,-0.058643065392971
1781039356543417300,9.580417236328126,0.8869763612747192,3.1777210235595703,0.598647952079773
1781039356553427200,9.59042724609375,0.9627236127853394,3.3341023921966553,0.5595525503158569
1781039356563528400,9.600528564453125,0.9847147464752196,3.4831535816192627,0.2956587672233581
1781039356644094700,9.6810947265625,1.4208725690841677,4.8111748695373535,-0.1832595765590667
1781039356654196200,9.6911962890625,1.510058879852295,4.803844451904297,-0.2064724564552307
1781039356664297500,9.70129736328125,1.5467108488082886,4.773301124572754,-0.2590068578720093
1781039356674337800,9.711337890625,1.5540411472320557,4.76230525970459,-0.2492330223321914
1781039356684439000,9.72143896484375,1.5723671913146973,4.786739826202393,-0.1771509200334549
1781039356724691700,9.761691650390626,1.7910568714141846,4.571715354919434,-0.513126790523529
1781039356765005600,9.802005615234377,1.8863518238067627,4.403116703033447,-1.940108060836792
1781039356795218000,9.832218017578125,2.1172590255737305,4.805066108703613,-2.7452285289764404
1781039356805288700,9.842288818359377,2.244318962097168,5.028642654418945,-3.012787342071533
1781039356815329000,9.8523291015625,2.3322834968566895,5.321857929229736,-3.258355140686035
1781039356825430300,9.86243017578125,2.3628268241882324,5.707924842834473,-3.441614866256714
1781039356845571800,9.88257177734375,2.31640100479126,6.469062805175781,-3.749490976333618
1781039356865713400,9.90271337890625,1.9792033433914185,6.539923191070557,-4.239404678344727
1781039356875753700,9.912753662109376,1.587027907371521,6.23571252822876,-4.547280788421631
1781039356885824500,9.922824462890626,1.0787880420684814,5.880188941955566,-4.794070243835449
1781039356895895300,9.932895263671876,0.5204572081565857,5.684711933135986,-4.748866558074951
1781039356966391000,10.00339111328125,1.2889256477355957,3.3121113777160645,0.5644394755363464
1781039356976461800,10.0134619140625,1.490511178970337,2.970026731491089,1.224173903465271
1781039356986563000,10.02356298828125,1.607797384262085,2.637716054916382,1.7238616943359375
1781039356996633900,10.0336337890625,1.645671010017395,2.317622661590576,2.026850938796997
1781039357006674200,10.043674072265626,1.6407840251922607,2.037846565246582,2.1111502647399902
1781039357016745000,10.053744873046876,1.6310101747512815,1.8106045722961424,1.9901989698410032
1781039357026846200,10.06384619140625,1.626123309135437,1.6236798763275146,1.703092336654663
1781039357036917000,10.0739169921875,1.6004669666290283,1.4721852540969849,1.282817006111145
1781039357057089300,10.09408935546875,1.4062118530273438,1.3842206001281738,0.4068362414836883
1781039357067099000,10.104098876953126,1.2705997228622437,1.4294246435165403,0.0623082555830478
1781039357077200400,10.114200439453125,1.1447614431381226,1.4795156717300415,-0.2467895597219467
1781039357087210000,10.1242099609375,1.0323622226715088,1.518610954284668,-0.5412266254425049
1781039357097311500,10.1343115234375,0.9248499870300292,1.5418238639831543,-0.8161159753799438
1781039357107382300,10.14438232421875,0.8332201838493347,1.5442672967910769,-1.06657075881958
1781039357167807000,10.204806884765626,0.3335324227809906,1.10444438457489,-1.1814134120941162
1781039357198019300,10.235019287109376,0.3433062732219696,0.5204572081565857,-0.7721336483955383
1781039357208059600,10.2450595703125,0.2846632003784179,0.2956587672233581,-0.675616979598999
1781039357218100000,10.255099853515626,0.221133217215538,0.098960168659687,-0.5962044596672058
1781039357228201200,10.265201171875,0.1282816976308822,-0.0916297882795333,-0.5351179838180542
1781039357238272000,10.27527197265625,0.0012217304902151,-0.294437050819397,-0.475253164768219
1781039357258413600,10.29541357421875,-0.1942551434040069,-0.7379252314567566,-0.2663372457027435
1781039357268515000,10.30551513671875,-0.2040289938449859,-0.9749409556388856,-0.1136209368705749
1781039357278616300,10.3156162109375,-0.2052507251501083,-1.2229522466659546,0.0378736443817615
1781039357288717600,10.325717529296876,-0.2223549485206604,-1.4587461948394775,0.1514945775270462
1781039357298819000,10.335819091796877,-0.2541199326515198,-1.665218710899353,0.2150245606899261
1781039357308859100,10.345859130859376,-0.2919935882091522,-1.832595705986023,0.2394591718912124
1781039357318899500,10.3558994140625,-0.3384193480014801,-1.968207836151123,0.2247984111309051
1781039357339071700,10.37607177734375,-0.4813618063926697,-2.1710150241851807,0.1136209368705749
1781039357349142500,10.386142578125,-0.5387831330299377,-2.2406537532806396,0.0610865242779254
1781039357359213300,10.39621337890625,-0.5693264007568359,-2.2821924686431885,0.0439822971820831
1781039357369314600,10.406314453125,-0.5949827432632446,-2.3151793479919434,0.0610865242779254
1781039357389364500,10.426364501953126,-0.6340781450271606,-2.3909265995025635,0.1050688251852989
1781039357409567200,10.446567138671876,-0.5974262356758118,-2.291966438293457,0.1099557429552078
1781039357419607600,10.456607666015625,-0.5412266254425049,-2.216219186782837,0.1185078546404838
1781039357429678300,10.46667822265625,-0.4923573732376098,-2.144136905670166,0.1319468915462494
1781039357439718700,10.47671875,-0.4776966273784637,-2.0757200717926025,0.140499010682106
1781039357520315600,10.557315673828125,-0.2296853363513946,-1.282817006111145,0.6743952035903931
1781039357540487700,10.57748779296875,-0.1136209368705749,-1.2877039909362793,0.4813618063926697
1781039357550589000,10.5875888671875,-0.1905899494886398,-1.3561208248138428,0.3530801236629486
1781039357560659700,10.59765966796875,-0.3323107063770294,-1.428202986717224,0.3811798989772796
1781039357570700000,10.607699951171876,-0.452040284872055,-1.5247195959091189,0.5448917746543884
1781039357580801300,10.61780126953125,-0.5216789245605469,-1.6615535020828247,0.8454375267028809
1781039357590872000,10.6278720703125,-0.5644394755363464,-1.7763961553573608,1.2791517972946167
1781039357600942800,10.63794287109375,-0.5668829679489136,-1.8594738245010376,1.7018705606460571
1781039357611014000,10.648013916015625,-0.5387831330299377,-1.9559905529022217,1.9938641786575315
1781039357621054000,10.658053955078126,-0.5302310585975647,-2.094046115875244,2.1087067127227783
1781039357631155500,10.668155517578125,-0.5510004758834839,-2.27852725982666,2.0610592365264893
1781039357641226200,10.678226318359377,-0.588874101638794,-2.495995283126831,1.9352210760116575
1781039357651297000,10.688297119140625,-0.6255260109901428,-2.7207937240600586,1.7812830209732056
1781039357661367800,10.698367919921877,-0.6524040699005127,-2.926044464111328,1.6090190410614014
1781039357671438600,10.7084384765625,-0.6841690540313721,-3.0909781455993652,1.4404202699661257
1781039357681509400,10.71850927734375,-0.7464773058891296,-3.213151216506958,1.3255776166915894
1781039357711752200,10.748752197265626,-1.0238101482391355,-3.4794883728027344,1.629788517951965
1781039357721823000,10.758822998046876,-1.0531316995620728,-3.554013967514038,1.7996090650558472
1781039357741934000,10.77893408203125,-1.1484266519546509,-3.681073904037475,1.9511035680770872
1781039357752035600,10.78903564453125,-1.2095131874084473,-3.7372734546661377,1.9034560918807983
1781039357772207600,10.80920751953125,-1.3524556159973145,-3.9009854793548584,1.6566665172576904
1781039357792288300,10.829288330078125,-1.447750687599182,-3.949854612350464,1.6982053518295288
1781039357802389500,10.839389404296876,-1.4489723443984983,-3.9767327308654785,1.7580702304840088
1781039357822531000,10.859531005859376,-1.3939944505691528,-4.001167297363281,1.7556266784667969
1781039357832601900,10.869601806640626,-1.3585642576217651,-3.969402313232422,1.6004669666290283
1781039357852713000,10.889712890625,-1.4147639274597168,-3.915646314620972,1.0506882667541504
1781039357862814200,10.899814208984376,-1.4648548364639282,-3.8655552864074703,0.8820894360542297
1781039357872915700,10.909915771484377,-1.4697418212890625,-3.8093557357788086,0.8356636762619019
1781039357882986500,10.919986572265625,-1.4269812107086182,-3.756821155548096,0.8845328688621521
1781039357893057300,10.930057373046877,-1.36955988407135,-3.698178291320801,1.0335839986801147
1781039357913198800,10.95019873046875,-1.1704177856445312,-3.6224308013916016,1.15820050239563
1781039357923269600,10.96026953125,-1.0580185651779177,-3.617543935775757,1.0690141916275024
1781039357943441700,10.980441650390626,-0.940732479095459,-3.5967745780944824,0.8161159753799438
1781039357963614000,11.000614013671877,-0.856433093547821,-3.5295794010162354,0.8026769161224365
1781039357983755500,11.020755615234377,-0.7562511563301086,-3.375641345977783,1.2571606636047363
1781039357993826300,11.030826416015625,-0.6878342628479004,-3.293785333633423,1.6041321754455566
1781039358003927600,11.040927490234376,-0.6218608021736145,-3.2400293350219727,1.892460584640503
1781039358013968000,11.0509677734375,-0.5412266254425049,-3.2143728733062744,2.032959461212158
1781039358034140000,11.071139892578126,-0.4190535545349121,-3.1080822944641113,2.059837579727173
1781039358044180200,11.08118017578125,-0.394618958234787,-3.0360002517700195,1.892460584640503
1781039358084494000,11.121494140625,-0.4178318381309509,-2.7965409755706787,1.2229522466659546
1781039358094534400,11.131534423828125,-0.3310889601707458,-2.6193902492523193,1.3292428255081177
1781039358124838100,11.161838134765626,-0.2528982162475586,-2.4190263748168945,1.227839112281799
1781039358145041000,11.182041015625,-0.2626720666885376,-2.4239132404327393,1.06657075881958
1781039358155142100,11.19214208984375,-0.2345722615718841,-2.4300220012664795,1.0152580738067627
1781039358205649000,11.24264892578125,-0.1282816976308822,-2.3652701377868652,0.7281513810157776
1781039358225851400,11.262851318359376,-0.1905899494886398,-2.283414363861084,0.3933972120285034
1781039358326895000,11.36389501953125,-0.5216789245605469,-1.7641788721084597,-0.0696386396884918
1781039358377401600,11.414401611328126,-0.8185594081878662,-1.246165156364441,-0.3665191531181335
1781039358397634800,11.434634765625,-0.7684684991836548,-0.8930850028991699,-0.0647517144680023
1781039358407736000,11.444736083984376,-0.7269296646118164,-0.7354817390441895,-0.058643065392971
1781039358417837600,11.454837646484377,-0.7648032903671265,-0.6194173693656921,-0.1918116807937622
1781039358427908400,11.464908447265625,-0.846659243106842,-0.5448917746543884,-0.4410447180271148
1781039358438040000,11.4750400390625,-0.9395107626914978,-0.5338962078094482,-0.7122688889503479
1781039358448141600,11.4851416015625,-0.96883225440979,-0.5448917746543884,-0.8930850028991699
1781039358458242800,11.495242919921877,-0.9346238374710084,-0.5338962078094482,-0.9553932547569276
1781039358468344000,11.505343994140626,-0.8759807348251343,-0.4715879559516907,-0.8417723178863525
1781039358478445300,11.5154453125,-0.7806857824325562,-0.3530801236629486,-0.6133087277412415
1781039358508749300,11.545749267578126,-0.5009095072746277,-0.0879645943641662,0.0134390350431203
1781039358549185300,11.586185302734377,-0.3921754956245422,-0.0085521135479211,-0.1783726513385772
1781039358559317000,11.59631689453125,-0.3103195428848266,0.0,-0.1343903541564941
1781039358569418200,11.606418212890626,-0.221133217215538,0.0256563406437635,-0.1062905490398407
1781039358579519700,11.616519775390625,-0.1563815027475357,0.0158824957907199,-0.1429424732923507
1781039358589621000,11.62662109375,-0.1429424732923507,0.0085521135479211,-0.2150245606899261
1781039358599722200,11.63672216796875,-0.157603234052658,0.0378736443817615,-0.2919935882091522
1781039358609793000,11.64679296875,-0.1502728462219238,0.0574213340878486,-0.3701843321323395
1781039358619925000,11.656925048828125,-0.130725160241127,0.0684169083833694,-0.3799581825733185
1781039358630026200,11.667026123046876,-0.1136209368705749,0.1123992055654525,-0.2907718420028686
1781039358640127500,11.67712744140625,-0.098960168659687,0.140499010682106,-0.1661553531885147
1781039358670401000,11.707401123046877,-0.1062905490398407,0.0366519130766391,0.0122173046693205
1781039358680471800,11.717471923828125,-0.107512280344963,-0.0195476878434419,0.0097738439217209
1781039358690573000,11.727572998046876,-0.1062905490398407,-0.0696386396884918,0.0268780700862407
1781039358700613400,11.73761328125,-0.0757472887635231,-0.0769690200686454,0.058643065392971
1781039358710714600,11.747714599609376,-0.0207694191485643,-0.0916297882795333,0.0659734457731247
1781039358720755000,11.7577548828125,0.0048869219608604,-0.1099557429552078,0.0390953756868839
1781039358730856200,11.767856201171876,0.0024434609804302,-0.107512280344963,-0.0280998013913631
1781039358740927200,11.77792724609375,-0.0280998013913631,-0.0977384373545646,-0.0623082555830478
1781039358801382400,11.83838232421875,-0.0549778714776039,-0.0366519130766391,0.0647517144680023
1781039358811483600,11.848483642578126,-0.0623082555830478,-0.0244346093386411,0.0122173046693205
1781039358821524000,11.85852392578125,-0.0537561401724815,0.0,-0.0244346093386411
1781039358861807000,11.89880712890625,-0.0134390350431203,0.1539380401372909,-0.0061086523346602
1781039358902121000,11.939120849609376,-0.1185078546404838,0.3103195428848266,-0.0952949747443199
1781039358912191700,11.949191650390626,-0.0928515195846557,0.3005456924438476,-0.117286130785942
1781039358922262500,11.959262451171876,-0.0733038261532783,0.2919935882091522,-0.1563815027475357
1781039358932363800,11.96936376953125,-0.0280998013913631,0.271224170923233,-0.2015855312347412
1781039358942434600,11.9794345703125,0.0012217304902151,0.2553416788578033,-0.2382374405860901
1781039358952505600,11.989505615234377,0.0354301854968071,0.2492330223321914,-0.2504547536373138
1781039358962576400,11.999576416015625,0.0659734457731247,0.2260201424360275,-0.2394591718912124
1781039358972647200,12.009647216796877,0.0610865242779254,0.2003637999296188,-0.2431243658065796
1781039358982718000,12.019718017578125,0.0268780700862407,0.1698205322027206,-0.2296853363513946
1781039358992788700,12.029788818359377,-0.0024434609804302,0.1356120854616165,-0.1832595765590667
1781039359002859500,12.039859619140625,-0.0085521135479211,0.1087340116500854,-0.1038470938801765
1781039359012899800,12.04989990234375,0.0,0.1014036312699318,-0.0109955742955207
1781039359022970600,12.059970703125,0.0195476878434419,0.098960168659687,0.0452040284872055
1781039359033041400,12.07004150390625,0.0329867228865623,0.0928515195846557,0.0268780700862407
1781039359043112200,12.0801123046875,0.0403171069920063,0.098960168659687,-0.0500909499824047
1781039359053122000,12.0901220703125,0.0342084541916847,0.1209513172507286,-0.1551597714424133
1781039359063223300,12.100223388671877,0.0268780700862407,0.140499010682106,-0.2541199326515198
1781039359073294000,12.110294189453125,0.0390953756868839,0.157603234052658,-0.3225368559360504
1781039359093435600,12.130435546875,0.0891863256692886,0.2333505302667617,-0.432492583990097
1781039359103537000,12.140536865234376,0.0879645943641662,0.2968805134296417,-0.4862487316131592
1781039359113607700,12.150607666015626,0.0867428630590438,0.3775147199630737,-0.5021312236785889
1781039359123678500,12.160678466796876,0.0891863256692886,0.4874704778194427,-0.4593706727027893
1781039359133688300,12.170688232421876,0.1087340116500854,0.6230825781822205,-0.4007275998592376
1781039359143759000,12.180759033203126,0.1490511149168014,0.750142514705658,-0.3958406746387481
1781039359153830000,12.190829833984376,0.1942551434040069,0.8894197940826416,-0.4691445231437683
1781039359194143700,12.231143798828125,0.1588249653577804,1.8264870643615725,-0.9443976879119872
1781039359204214500,12.241214599609377,0.0623082555830478,2.0757200717926025,-1.0005972385406494
1781039359224325600,12.26132568359375,-0.0097738439217209,2.431243658065796,-0.9480628371238708
1781039359234396400,12.271396484375,-0.0488692186772823,2.5754079818725586,-0.9871582388877868
1781039359244497700,12.28149755859375,-0.107512280344963,2.6401596069335938,-1.1887437105178833
1781039359264639200,12.30163916015625,-0.1820378452539444,2.585181713104248,-1.7556266784667969
1781039359304922400,12.34192236328125,0.0146607663482427,2.630385637283325,-1.431868076324463
1781039359314993200,12.3519931640625,0.0940732508897781,2.5509731769561768,-1.2791517972946167
1781039359335104300,12.372104248046876,0.1771509200334549,2.3628268241882324,-1.4734070301055908
1781039359345205800,12.382205810546877,0.157603234052658,2.277305603027344,-1.673770785331726
1781039359355276500,12.392276611328125,0.0952949747443199,2.2382102012634277,-1.843591332435608
1781039359365347300,12.402347412109377,0.0390953756868839,2.2565362453460693,-1.8668042421340945
1781039359375418000,12.412418212890625,0.0024434609804302,2.2565362453460693,-1.692096710205078
1781039359395498800,12.432498779296877,-0.0830776765942573,2.1514673233032227,-0.5351179838180542
1781039359405600000,12.44260009765625,-0.0024434609804302,2.0622811317443848,0.0781907513737678
1781039359415670800,12.4526708984375,0.1233947798609733,1.987755537033081,0.4447098970413208
1781039359425741600,12.462741455078126,0.2113593816757202,1.9853121042251587,0.5864306092262268
1781039359435812400,12.472812255859376,0.2467895597219467,2.0537290573120117,0.5864306092262268
1781039359445883100,12.482883056640626,0.2565633952617645,2.1563544273376465,0.5155702829360962
1781039359466024700,12.503024658203126,0.3274237811565399,2.437352418899536,0.3701843321323395
1781039359486197000,12.523197021484377,0.4605923891067505,2.800206184387207,0.3445279896259308
1781039359516439800,12.553439697265626,0.7586946487426758,3.246137857437134,0.2125810980796814
1781039359586996500,12.62399658203125,1.1789699792861938,3.2962288856506348,-0.7147123217582703
1781039359597067300,12.6340673828125,1.2596040964126587,3.2791247367858887,-0.7819074988365173
1781039359607138000,12.644137939453126,1.313360333442688,3.266907215118408,-0.8283332586288452
1781039359617239300,12.6542392578125,1.36955988407135,3.254689931869507,-0.8686503767967224
1781039359627340800,12.6643408203125,1.4269812107086182,3.238807439804077,-0.9150761365890504
1781039359637411600,12.67441162109375,1.4599679708480835,3.2278120517730713,-0.9590584635734558
1781039359647482400,12.684482421875,1.4672982692718506,3.243694543838501,-0.9676105380058287
1781039359657583600,12.69458349609375,1.4465289115905762,3.2950072288513184,-0.9199630618095398
1781039359667684900,12.704684814453126,1.4184291362762451,3.3903021812438965,-0.827111542224884
1781039359677755600,12.714755615234376,1.4196507930755615,3.52469253540039,-0.7134906053543091
1781039359687826400,12.724826416015626,1.4355332851409912,3.6896259784698486,-0.5949827432632446
1781039359697897200,12.734897216796876,1.4599679708480835,3.838677167892456,-0.5070181488990784
1781039359707968000,12.744968017578126,1.633453607559204,3.9791762828826904,-0.5473352670669556
1781039359718039000,12.7550390625,1.7397441864013672,4.028045654296875,-0.5925393104553223
1781039359728109800,12.76510986328125,1.8203784227371216,4.095240592956543,-0.6145304441452026
1781039359738150000,12.77514990234375,1.8411478996276855,4.169765949249268,-0.6377432942390442
1781039359758291700,12.795291748046877,1.7079792022705078,4.23818302154541,-0.626747727394104
1781039359768393000,12.80539306640625,1.6994271278381348,4.156327247619629,-0.6206390857696533
1781039359778463700,12.815463623046876,1.745852828025818,3.982841491699219,-0.6633996367454529
1781039359798574800,12.835574951171877,1.9083430767059328,3.621209144592285,-0.856433093547821
1781039359828848000,12.86584814453125,2.112371921539306,3.4684927463531494,-1.0714576244354248
1781039359848990000,12.885989990234377,2.13314151763916,3.417180299758911,-1.253495454788208
1781039359869192400,12.9061923828125,2.0390682220458984,3.4428365230560303,-1.1410962343215942
1781039359889334000,12.926333984375,1.8655824661254885,3.3768630027770996,-0.7550294399261475
1781039359899404800,12.93640478515625,1.765400528907776,3.3157765865325928,-0.5229006409645081
1781039359909506300,12.94650634765625,1.6847662925720217,3.2400293350219727,-0.3127630054950714
1781039359919577000,12.9565771484375,1.6407840251922607,3.134960412979126,-0.1551597714424133
1781039359929647900,12.96664794921875,1.610240817070007,3.000570058822632,-0.0415388382971286
1781039359980032300,13.0170322265625,1.247386813163757,2.3518311977386475,0.067195177078247
1781039360070669600,13.107669677734377,0.5717698931694031,1.086118459701538,-0.0794124826788902
1781039360090872000,13.1278720703125,0.2993239760398865,0.8539896011352539,-0.3396410644054413
1781039360100942800,13.13794287109375,0.1588249653577804,0.7281513810157776,-0.4862487316131592
1781039360111014000,13.148013916015625,0.0171042270958423,0.6047565937042236,-0.6145304441452026
1781039360151358000,13.18835791015625,-0.4337143301963806,0.0977384373545646,-0.788016140460968
1781039360161428700,13.1984287109375,-0.513126790523529,-0.0415388382971286,-0.7586946487426758
1781039360171530200,13.2085302734375,-0.5778785347938538,-0.1734857261180877,-0.7012733221054077
1781039360181631500,13.218631591796877,-0.6279694437980652,-0.2932153046131134,-0.6279694437980652
1781039360201803500,13.238803466796876,-0.7110471725463867,-0.4960225820541382,-0.5229006409645081
1781039360211874300,13.248874267578126,-0.7733554244041443,-0.5913175344467163,-0.5204572081565857
1781039360221914600,13.25891455078125,-0.8600982427597046,-0.685390830039978,-0.5424483418464661
1781039360231955000,13.268954833984376,-0.9443976879119872,-0.7733554244041443,-0.5693264007568359
1781039360242025700,13.279025634765626,-1.0067058801651,-0.8552113175392151,-0.5827654600143433
1781039360252066000,13.289066162109377,-1.0409144163131714,-0.9443976879119872,-0.5852088928222656
1781039360262136800,13.29913671875,-1.0555751323699951,-1.0445796251296997,-0.5876523852348328
1781039360272146700,13.309146728515625,-1.0604621171951294,-1.1557570695877075,-0.5937610268592834
1781039360282248000,13.319248046875,-1.0629055500030518,-1.274264931678772,-0.6010913848876953
1781039360302420000,13.339419921875,-1.0433578491210938,-1.4953981637954712,-0.608421802520752
1781039360312552000,13.349552001953125,-1.0299187898635864,-1.5943583250045776,-0.607200026512146
1781039360322622700,13.359622802734377,-1.0140362977981567,-1.6872098445892334,-0.607200026512146
1781039360332663000,13.3696630859375,-0.9944885969161988,-1.7727309465408323,-0.608421802520752
1781039360342794800,13.379794677734376,-0.9639453291893004,-1.852143406867981,-0.6304129362106323
1781039360373068300,13.410068359375,-0.8454375267028809,-2.1111502647399902,-0.779464066028595
1781039360383200000,13.420199951171876,-0.7965682744979858,-2.140471935272217,-0.7562511563301086
1781039360393301200,13.43030126953125,-0.7269296646118164,-2.1563544273376465,-0.6890559792518616
1781039360403372300,13.440372314453125,-0.6450737118721008,-2.1600193977355957,-0.5717698931694031
1781039360413473500,13.4504736328125,-0.5497786998748779,-2.1539108753204346,-0.4349360466003418
1781039360423605200,13.460605224609376,-0.4508185386657715,-2.1673498153686523,-0.3335324227809906
1781039360433706800,13.470706787109377,-0.3469714522361755,-2.2186625003814697,-0.3176499307155609
1781039360474142500,13.511142578125,-0.2834414839744568,-2.387261390686035,-0.2003637999296188
1781039360514517200,13.551517333984377,-0.4935791194438934,-2.90649676322937,0.656069278717041
1781039360524618500,13.561618408203126,-0.485027015209198,-2.9834659099578857,0.7428121566772461
1781039360534719700,13.5717197265625,-0.4825835525989532,-2.9773571491241455,0.8527678847312927
1781039360544821200,13.5818212890625,-0.4948008358478546,-2.9639182090759277,0.9676105380058287
1781039360554922500,13.591922607421877,-0.504574716091156,-2.959031343460083,1.0983357429504397
1781039360565023700,13.602023681640626,-0.5338962078094482,-2.9126055240631104,1.3096951246261597
1781039360575125000,13.612125,-0.5900958180427551,-2.861292839050293,1.518610954284668
1781039360585226500,13.6222265625,-0.6633996367454529,-2.8967230319976807,1.5723671913146973
1781039360595327700,13.63232763671875,-0.7525860071182251,-3.0213394165039062,1.4379768371582031
1781039360615499800,13.652499755859376,-0.9627236127853394,-3.288898468017578,0.8491026759147644
1781039360625601300,13.662601318359377,-1.0824532508850098,-3.343876361846924,0.6621779203414917
1781039360635733000,13.67273291015625,-1.1704177856445312,-3.3536500930786133,0.6597344875335693
1781039360645834200,13.682834228515626,-1.1899654865264893,-3.327993869781494,0.8014551997184753
1781039360746817000,13.783817138671877,-1.1508700847625732,-2.9052751064300537,1.1227703094482422
1781039360767019500,13.80401953125,-0.788016140460968,-2.869844913482666,1.4844025373458862
1781039360777090600,13.814090576171877,-0.6414085030555725,-2.8576276302337646,1.529606580734253
1781039360787191800,13.82419189453125,-0.5644394755363464,-2.8796188831329346,1.4379768371582031
1781039360807303000,13.844302978515625,-0.6023131608963013,-3.00423526763916,1.1484266519546509
1781039360817373700,13.854373779296877,-0.6487388610839844,-3.005456924438477,1.2424999475479126
1781039360827444500,13.864444580078125,-0.6438519954681396,-2.9407052993774414,1.5173892974853516
1781039360837515300,13.874515380859377,-0.607200026512146,-2.867401361465454,1.8509217500686648
1781039360847586000,13.8845859375,-0.5473352670669556,-2.819753885269165,2.096489429473877
1781039360857596000,13.894595947265625,-0.4911356568336487,-2.7904324531555176,2.230879783630371
1781039360867697200,13.904697265625,-0.4459316432476043,-2.7598891258239746,2.2198843955993652
1781039360877798400,13.91479833984375,-0.4239404797554016,-2.726902484893799,2.072054862976074
1781039360887899600,13.924899658203126,-0.4398229718208313,-2.6841418743133545,1.8387043476104736
1781039360897970700,13.934970703125,-0.4862487316131592,-2.64138126373291,1.587027907371521
1781039360948294100,13.985294189453125,-0.8087855577468872,-2.6254987716674805,0.8662069439888
1781039360958395400,13.9953955078125,-0.797789990901947,-2.687807083129883,0.7672467231750488
1781039360978537000,14.015536865234376,-0.6401867866516113,-2.6206119060516357,0.8429940342903137
1781039361038992400,14.075992431640625,-0.3445279896259308,-2.737898111343384,0.3921754956245422
1781039361049063200,14.086063232421877,-0.2455678284168243,-2.726902484893799,0.2956587672233581
1781039361059103500,14.096103515625,-0.147829383611679,-2.685363531112671,0.230907067656517
1781039361069204700,14.106204833984377,-0.0818559452891349,-2.5900685787200928,0.2125810980796814
1781039361079275500,14.116275634765625,-0.0696386396884918,-2.476447820663452,0.2638937830924988
1781039361089346300,14.12634619140625,-0.0867428630590438,-2.389704942703247,0.4214970171451568
1781039361099417000,14.1364169921875,-0.098960168659687,-2.342057466506958,0.6401867866516113
1781039361109518300,14.146518310546876,-0.0952949747443199,-2.324953079223633,0.8906415104866028
1781039361119589000,14.156589111328126,-0.0928515195846557,-2.309070587158203,1.1288789510726929
1781039361149832200,14.186832275390625,-0.1844813078641891,-2.2064452171325684,1.2119566202163696
1781039361159903000,14.196903076171877,-0.2382374405860901,-2.116037130355835,1.1288789510726929
1781039361169973800,14.206973876953125,-0.2785545587539673,-1.99752938747406,1.0140362977981567
1781039361180044500,14.21704443359375,-0.3090978264808655,-1.891238808631897,0.8698720932006836
1781039361190115300,14.227115234375,-0.3213151097297668,-1.7861700057983398,0.7318165898323059
1781039361200186000,14.23718603515625,-0.304210901260376,-1.674992561340332,0.6438519954681396
1781039361210287400,14.247287353515626,-0.3066543638706207,-1.5467108488082886,0.6377432942390442
1781039361230490000,14.267489990234376,-0.3164281845092773,-1.156978726387024,0.5815436840057373
1781039361240561000,14.277560791015626,-0.36529740691185,-1.0299187898635864,0.608421802520752
1781039361250662100,14.287662109375,-0.4178318381309509,-0.9162978529930116,0.6695083379745483
1781039361260733000,14.29773291015625,-0.4544837474822998,-0.8295549750328064,0.7452555894851685
1781039361270803700,14.3078037109375,-0.4373795092105865,-0.7574729323387146,0.8014551997184753
1781039361280905200,14.3179052734375,-0.3958406746387481,-0.6841690540313721,0.8258898258209229
1781039361290976000,14.32797607421875,-0.375071257352829,-0.6035348773002625,0.8100073337554932
1781039361301046800,14.338046875,-0.3604104816913605,-0.5241223573684692,0.7428121566772461
1781039361311117600,14.34811767578125,-0.371406078338623,-0.4935791194438934,0.7244861721992493
1781039361321188400,14.358188232421876,-0.3921754956245422,-0.4948008358478546,0.8234463334083557
1781039361331259100,14.368259033203126,-0.3054326176643371,-0.5057964324951172,1.0005972385406494
1781039361341299500,14.378299560546877,-0.1588249653577804,-0.5253441333770752,1.1911872625350952
1781039361361502000,14.398501953125,0.0317649915814399,-0.504574716091156,1.4391984939575195
1781039361371511800,14.40851171875,0.0610865242779254,-0.4813618063926697,1.510058879852295
1781039361381613000,14.418613037109376,0.0916297882795333,-0.461814135313034,1.5039502382278442
1781039361391714600,14.428714599609377,0.098960168659687,-0.4263839423656463,1.4685200452804563
1781039361401754600,14.438754638671876,0.1001818999648094,-0.342084527015686,1.4196507930755615
1781039361411795000,14.448794921875,0.1099557429552078,-0.2247984111309051,1.348790407180786
1781039361421896400,14.458896484375,0.1270599663257599,-0.1062905490398407,1.2608258724212646
1781039361431906000,14.468906005859376,0.1527163088321685,0.0,1.0946705341339111
1781039361442007600,14.479007568359377,0.1392772793769836,0.0855211317539215,0.8906415104866028
1781039361452078300,14.489078369140625,0.0928515195846557,0.1417207419872284,0.6866125464439392
1781039361462179600,14.4991796875,0.0488692186772823,0.1368338167667389,0.5229006409645081
1781039361472250400,14.50925048828125,0.0378736443817615,0.0745255574584007,0.4483750760555267
1781039361532705800,14.569705810546877,0.2040289938449859,-0.1209513172507286,0.7489207983016968
1781039361572989000,14.609989013671877,0.1233947798609733,-0.1014036312699318,0.2406809031963348
1781039361583090200,14.620090087890626,0.1111774742603302,-0.0891863256692886,0.2602286040782928
1781039361593130500,14.630130615234377,0.1111774742603302,-0.067195177078247,0.3384193480014801
1781039361603170800,14.6401708984375,0.1099557429552078,-0.0305432621389627,0.4410447180271148
1781039361613211100,14.650211181640625,0.1062905490398407,0.0012217304902151,0.4923573732376098
1781039361623312400,14.6603125,0.0855211317539215,0.0305432621389627,0.4459316432476043
1781039361633413600,14.67041357421875,0.0354301854968071,0.0769690200686454,0.3139847218990326
1781039361643484400,14.680484375,-0.0293215326964855,0.140499010682106,0.1197295859456062
1781039361653555200,14.69055517578125,-0.0842994004487991,0.2040289938449859,-0.1233947798609733
1781039361693869000,14.730869140625,-0.1771509200334549,0.4080579876899719,-0.3970624208450317
1781039361714010600,14.7510107421875,-0.2431243658065796,0.4434881806373596,-0.3824016451835632
1781039361764364500,14.801364501953126,-0.3188716471195221,0.3543018400669098,-0.2736676335334778
1781039361784475600,14.8214755859375,-0.2602286040782928,0.3371976017951965,-0.2467895597219467
1781039361794546400,14.83154638671875,-0.2321287989616394,0.3469714522361755,-0.2296853363513946
1781039361804617200,14.8416171875,-0.2089159190654754,0.3384193480014801,-0.2260201424360275
1781039361814718700,14.85171875,-0.1844813078641891,0.2968805134296417,-0.2504547536373138
1781039361824789500,14.86178955078125,-0.1637118905782699,0.2370157092809677,-0.3005456924438476
1781039361834860300,14.8718603515625,-0.1392772793769836,0.1844813078641891,-0.3726277947425842
1781039361844900600,14.881900634765625,-0.1136209368705749,0.1380555480718612,-0.4434881806373596
1781039361855032300,14.8920322265625,-0.0928515195846557,0.1111774742603302,-0.4801400899887085
1781039361865103000,14.90210302734375,-0.0830776765942573,0.0952949747443199,-0.4544837474822998
1781039361875204400,14.912204345703126,-0.0610865242779254,0.0757472887635231,-0.3726277947425842
1781039361895407000,14.932406982421876,-0.0232128798961639,0.0745255574584007,-0.2467895597219467
1781039361905478000,14.942477783203126,-0.0256563406437635,0.0623082555830478,-0.2590068578720093
1781039361915548700,14.952548583984376,-0.0390953756868839,0.0464257597923278,-0.2858849465847015
1781039361925619500,14.962619384765626,-0.0537561401724815,0.0317649915814399,-0.2993239760398865
1781039361935690200,14.972690185546876,-0.0452040284872055,0.0134390350431203,-0.2773328125476837
1781039361945761000,14.982760986328126,-0.0232128798961639,-0.0036651915870606,-0.2394591718912124
1781039361955831800,14.992831787109376,-0.0109955742955207,-0.0219911485910415,-0.2199114859104156
1781039361965872000,15.0028720703125,-0.0244346093386411,-0.0378736443817615,-0.2235766798257827
1781039361975943000,15.01294287109375,-0.0390953756868839,-0.058643065392971,-0.2357939779758453
1781039361986013700,15.023013671875,-0.0317649915814399,-0.0806342139840126,-0.2357939779758453
1781039362006186000,15.04318603515625,0.0,-0.0696386396884918,-0.167377084493637
1781039362016256800,15.0532568359375,0.0268780700862407,-0.0635299831628799,-0.1490511149168014
1781039362026327600,15.06332763671875,0.0476474873721599,-0.0537561401724815,-0.1637118905782699
1781039362036398300,15.0733984375,0.0647517144680023,-0.0268780700862407,-0.2089159190654754
1781039362056509400,15.093509521484377,0.0879645943641662,0.0855211317539215,-0.452040284872055
1781039362076681500,15.113681396484376,0.1417207419872284,0.1795943826436996,-0.6548475623130798
1781039362086752300,15.123752197265626,0.1295034289360046,0.2455678284168243,-0.7244861721992493
1781039362106893800,15.143893798828126,0.1282816976308822,0.3213151097297668,-0.8527678847312927
1781039362116964600,15.153964599609376,0.1527163088321685,0.3689626157283783,-0.8857545852661133
1781039362137137000,15.174136962890625,0.1820378452539444,0.5742133259773254,-0.8356636762619019
1781039362207662800,15.244662841796876,0.1771509200334549,1.3365731239318848,-2.1820106506347656
1781039362237966800,15.274966796875,-0.0794124826788902,1.3768903017044067,-1.633453607559204
1781039362248037600,15.28503759765625,0.0097738439217209,1.4672982692718506,-1.0018190145492554
1781039362258078000,15.295077880859376,0.1111774742603302,1.5796974897384644,-0.4263839423656463
1781039362268179200,15.30517919921875,0.1893682330846786,1.6847662925720217,-0.0830776765942573
1781039362278250000,15.31525,0.2577851414680481,1.7922786474227903,-0.0280998013913631
1781039362298422300,15.33542236328125,0.3469714522361755,2.054950714111328,-0.5522221922874451
1781039362308523500,15.3455234375,0.3738495409488678,2.230879783630371,-0.9248499870300292
1781039362318594300,15.35559423828125,0.432492583990097,2.4300220012664795,-1.2608258724212646
1781039362328695600,15.365695556640626,0.5155702829360962,2.643824815750122,-1.5467108488082886
1781039362358877400,15.39587744140625,0.5302310585975647,3.3096678256988525,-2.031737804412842
1781039362368979000,15.40597900390625,0.4715879559516907,3.5381314754486084,-2.0586159229278564
1781039362379049700,15.4160498046875,0.4190535545349121,3.761708259582519,-2.0195205211639404
1781039362389120500,15.42612060546875,0.4019493460655212,3.9510765075683594,-1.9364428520202637
1781039362459707600,15.496707763671877,0.7965682744979858,4.326147556304932,-0.7929030656814575
1781039362469778400,15.5067783203125,0.8283332586288452,4.262617588043213,-0.8307767510414124
1781039362479879700,15.516879638671876,0.8442157506942749,4.219857215881348,-0.8197811841964722
1781039362489981200,15.526981201171877,0.8894197940826416,4.211305141448975,-0.7574729323387146
1781039362500082400,15.53708251953125,0.9932668805122375,4.240626335144043,-0.7318165898323059
1781039362520285000,15.557284912109376,1.1997393369674685,4.440990447998047,-0.7916813492774963
1781039362530386400,15.567386474609377,1.2693779468536377,4.587597846984863,-0.8210029006004333
1781039362540487700,15.57748779296875,1.3548991680145264,4.748866558074951,-0.8662069439888
1781039362550589000,15.5875888671875,1.447750687599182,4.927238941192627,-0.9627236127853394
1781039362560690200,15.597690185546876,1.5344934463500977,5.119050979614258,-1.1166616678237915
1781039362580832000,15.61783203125,1.6811012029647827,5.629734039306641,-1.389107584953308
1781039362601034500,15.638034423828126,1.7873916625976562,6.337116241455078,-1.3903292417526243
1781039362611105300,15.648105224609376,1.949881911277771,6.6511006355285645,-1.4782938957214355
1781039362621206500,15.65820654296875,2.2064452171325684,6.852686405181885,-1.653001308441162
1781039362631308000,15.66830810546875,2.478891134262085,6.979746341705322,-1.8411478996276855
1781039362651480000,15.68847998046875,2.7293457984924316,7.117801666259766,-2.2259929180145264
1781039362661581300,15.698581298828126,2.3799309730529785,6.481280326843262,-2.6401596069335938
1781039362671682800,15.708682861328125,2.1148154735565186,6.155078411102295,-2.867401361465454
1781039362681784000,15.7187841796875,1.8875735998153689,5.9644880294799805,-2.9834659099578857
1781039362691854800,15.728854736328126,1.6395623683929443,5.646838188171387,-2.9162707328796387
1781039362701956000,15.7389560546875,1.3561208248138428,5.302310466766357,-2.704911231994629
1781039362742361300,15.779361328125,1.0983357429504397,3.503922939300537,-0.5729916095733643
1781039362772665300,15.809665283203126,1.674992561340332,1.99752938747406,0.3457497358322143
1781039362843374600,15.88037451171875,1.0299187898635864,0.4960225820541382,0.5644394755363464
1781039362883749400,15.920749267578126,0.4532620012760162,0.455705463886261,-0.8234463334083557
1781039362934103300,15.971103271484376,0.0916297882795333,0.616973876953125,-1.1887437105178833
1781039363014669800,16.051669921875,-0.4153883755207062,0.7110471725463867,-1.0787880420684814
1781039363034750500,16.07175048828125,-0.351858377456665,0.5876523852348328,-1.0311405658721924
1781039363044821200,16.0818212890625,-0.3164281845092773,0.5253441333770752,-0.9615018963813782
1781039363054922500,16.091922607421875,-0.294437050819397,0.4667010605335235,-0.8723155856132507
1781039363064962800,16.101962890625,-0.2797762751579284,0.4031710624694824,-0.7745771408081055
1781039363075033600,16.11203369140625,-0.2724458873271942,0.3298672437667846,-0.6951646208763123
1781039363085134800,16.122134765625,-0.2822197377681732,0.251676470041275,-0.6328563690185547
1781039363095205600,16.13220556640625,-0.3078760802745819,0.171042263507843,-0.5778785347938538
1781039363105276400,16.1422763671875,-0.342084527015686,0.0830776765942573,-0.5338962078094482
1781039363115347200,16.15234716796875,-0.3787364661693573,-0.0232128798961639,-0.5180137157440186
1781039363125418000,16.16241796875,-0.4166100919246673,-0.1490511149168014,-0.5229006409645081
1781039363135488800,16.17248876953125,-0.4532620012760162,-0.2907718420028686,-0.5192354321479797
1781039363145559600,16.1825595703125,-0.4813618063926697,-0.4373795092105865,-0.4886921942234039
1781039363155630600,16.192630615234375,-0.4923573732376098,-0.5717698931694031,-0.4263839423656463
1781039363165701400,16.202701416015625,-0.4862487316131592,-0.6890559792518616,-0.3249803185462951
1781039363175772200,16.212772216796875,-0.455705463886261,-0.7953465580940247,-0.197920337319374
1781039363185843000,16.222843017578125,-0.394618958234787,-0.9004153609275818,-0.0720821022987365
1781039363206015000,16.243014892578124,-0.2272418737411499,-1.1007791757583618,0.1148426681756973
1781039363216085800,16.253085693359374,-0.1600466966629028,-1.1911872625350952,0.1881465017795562
1781039363226126000,16.2631259765625,-0.1111774742603302,-1.264491081237793,0.2687807083129883
1781039363236227300,16.273227294921874,-0.0745255574584007,-1.313360333442688,0.36529740691185
1781039363246328800,16.283328857421875,-0.0464257597923278,-1.3475687503814695,0.4862487316131592
1781039363256399600,16.293399658203125,-0.0122173046693205,-1.379333734512329,0.6304129362106323
1781039363266439700,16.303439697265624,0.0268780700862407,-1.4110987186431885,0.789237916469574
1781039363276449500,16.313449462890624,0.0500909499824047,-1.451415777206421,0.9517280459403992
1781039363286550800,16.32355078125,0.0488692186772823,-1.510058879852295,1.099557399749756
1781039363296621600,16.33362158203125,0.0476474873721599,-1.605353832244873,1.1948524713516235
1781039363357046500,16.394046630859375,-0.230907067656517,-2.3664920330047607,1.205847978591919
1781039363367147800,16.404147705078124,-0.294437050819397,-2.495995283126831,1.176526427268982
1781039363377249000,16.4142490234375,-0.3237585723400116,-2.6426031589508057,1.1679743528366089
1781039363387319800,16.42431982421875,-0.3371976017951965,-2.8148670196533203,1.197295904159546
1781039363397390800,16.434390869140625,-0.3799581825733185,-2.978579044342041,1.3158037662506104
1781039363407461600,16.444461669921875,-0.4386012554168701,-3.1190779209136963,1.5320500135421753
1781039363417501700,16.454501708984374,-0.461814135313034,-3.271794319152832,1.7873916625976562
1781039363427572700,16.46457275390625,-0.4691445231437683,-3.43672776222229,1.996307611465454
1781039363437612800,16.47461279296875,-0.5229006409645081,-3.605326652526855,2.0806069374084473
1781039363447653000,16.484653076171874,-0.636521577835083,-3.771481990814209,2.026850938796997
1781039363457663000,16.4946630859375,-0.789237916469574,-3.8985419273376465,1.8875735998153689
1781039363467764200,16.50476416015625,-0.9358455538749696,-3.986506700515747,1.7006487846374512
1781039363477835000,16.5148349609375,-1.047023057937622,-4.059810638427734,1.5332717895507812
1781039363487905800,16.52490576171875,-1.119105100631714,-4.103792667388916,1.4526375532150269
1781039363497976600,16.5349765625,-1.1435397863388062,-4.125783920288086,1.4538593292236328
1781039363528158500,16.565158447265624,-1.1484266519546509,-4.097683906555176,1.6224581003189087
1781039363538260000,16.575260009765625,-1.186300277709961,-4.087910175323486,1.5051720142364502
1781039363548330800,16.585330810546875,-1.2498302459716797,-4.091575622558594,1.339016675949097
1781039363588644400,16.625644287109374,-1.588249683380127,-4.017049789428711,1.4245377779006958
1781039363598715100,16.635715087890624,-1.6126842498779297,-3.9681806564331055,1.67254900932312
1781039363608786000,16.645785888671874,-1.4159855842590332,-3.758043050765991,1.9901989698410032
1781039363618887400,16.655887451171875,-1.3060299158096311,-3.656639337539673,1.947438359260559
1781039363628958200,16.665958251953125,-1.235169529914856,-3.597996234893799,1.7739527225494385
1781039363639029000,16.676029052734375,-1.2229522466659546,-3.567453145980835,1.5992451906204224
1781039363649099800,16.686099853515625,-1.2034045457839966,-3.5527923107147217,1.4587461948394775
1781039363689352400,16.7263525390625,-0.7843509912490845,-3.4098498821258545,1.5308283567428589
1781039363719534300,16.756534423828125,-0.1881465017795562,-3.280346393585205,1.9242255687713623
1781039363729574700,16.76657470703125,-0.1001818999648094,-3.246137857437134,2.0415115356445312
1781039363739645400,16.7766455078125,-0.0781907513737678,-3.2290337085723877,2.068389654159546
1781039363749746700,16.78674658203125,-0.0891863256692886,-3.238807439804077,1.9694294929504397
1781039363759848000,16.796847900390624,-0.1160643994808197,-3.258355140686035,1.8570303916931152
1781039363769857800,16.80685791015625,-0.1282816976308822,-3.238807439804077,1.80816113948822
1781039363779959000,16.816958984375,-0.1356120854616165,-3.165503740310669,1.852143406867981
1781039363790029800,16.82702978515625,-0.1380555480718612,-3.0689868927001953,1.9364428520202637
1781039363800100600,16.8371005859375,-0.130725160241127,-2.981022357940674,2.0170769691467285
1781039363810110500,16.8471103515625,-0.1050688251852989,-2.902831554412842,2.048841953277588
1781039363820181200,16.85718115234375,-0.0781907513737678,-2.838079929351806,1.9645426273345947
1781039363830252000,16.867251953125,-0.0830776765942573,-2.800206184387207,1.7495180368423462
1781039363840322800,16.87732275390625,-0.1160643994808197,-2.780658483505249,1.4343116283416748
1781039363860464400,16.89746435546875,-0.2406809031963348,-2.6865854263305664,0.9382890462875366
1781039363870504700,16.907504638671874,-0.2797762751579284,-2.5973989963531494,0.8515461683273315
1781039363880575500,16.917575439453124,-0.2932153046131134,-2.495995283126831,0.8723155856132507
1781039363890646300,16.927646240234374,-0.2700024247169494,-2.3909265995025635,0.9834930300712584
1781039363941061400,16.978061279296874,-0.1942551434040069,-2.0280725955963135,0.6438519954681396
1781039363951101700,16.988101806640625,-0.342084527015686,-2.0024163722991943,0.4984660446643829
1781039363961172500,16.99817236328125,-0.455705463886261,-2.007303237915039,0.4764748811721802
1781039363971212800,17.008212890625,-0.4972442984580993,-2.018298864364624,0.5717698931694031
1781039363981314000,17.01831396484375,-0.5375614166259766,-1.9816468954086304,0.7709119319915771
1781039363991415300,17.028415283203124,-0.6010913848876953,-1.881464958190918,0.970054030418396
1781039364001486000,17.038486083984374,-0.6695083379745483,-1.822821855545044,1.1948524713516235
1781039364011556900,17.048556884765624,-0.7012733221054077,-1.8509217500686648,1.226617455482483
1781039364021628000,17.0586279296875,-0.7122688889503479,-1.8570303916931152,1.1276572942733765
1781039364031698700,17.06869873046875,-0.6682865619659424,-1.7886134386062622,1.0225883722305298
1781039364041769500,17.07876953125,-0.588874101638794,-1.7189748287200928,0.8747590184211731
1781039364051840300,17.08884033203125,-0.5229006409645081,-1.7043139934539795,0.6218608021736145
1781039364061880600,17.098880615234375,-0.4996877610683441,-1.7250834703445437,0.3139847218990326
1781039364071981800,17.10898193359375,-0.5167919993400574,-1.7360789775848389,0.067195177078247
1781039364082052600,17.119052490234374,-0.5754350423812866,-1.7043139934539795,-0.0635299831628799
1781039364092153900,17.12915380859375,-0.6047565937042236,-1.6200146675109863,-0.0354301854968071
1781039364102224600,17.139224609375,-0.5363397002220154,-1.4966198205947876,0.130725160241127
1781039364112326100,17.149326171875,-0.4214970171451568,-1.3585642576217651,0.3506366610527038
1781039364122427400,17.159427490234375,-0.4031710624694824,-1.246165156364441,0.5485569834709167
1781039364132437000,17.16943701171875,-0.4923573732376098,-1.186300277709961,0.6023131608963013
1781039364152578800,17.189578857421875,-0.6279694437980652,-1.2986994981765747,0.2773328125476837
1781039364162680000,17.19968017578125,-0.6670648455619812,-1.3439035415649414,0.0561996027827262
1781039364172750800,17.209750732421874,-0.7171558141708374,-1.3084733486175537,-0.0207694191485643
1781039364192892400,17.229892333984374,-0.6023131608963013,-1.2681562900543213,0.2663372457027435
1781039364202963200,17.239963134765624,-0.4691445231437683,-1.240056395530701,0.5595525503158569
1781039364213034000,17.250033935546874,-0.3701843321323395,-1.2217304706573486,0.7904596328735352
1781039364223074300,17.26007421875,-0.2993239760398865,-1.235169529914856,0.90408056974411
1781039364233145000,17.27014501953125,-0.2113593816757202,-1.2559388875961304,0.9541715383529664
1781039364243216000,17.2802158203125,-0.1429424732923507,-1.253495454788208,1.009149432182312
1781039364253286700,17.29028662109375,-0.1209513172507286,-1.2302825450897217,1.1227703094482422
1781039364263388200,17.30038818359375,-0.1050688251852989,-1.1899654865264893,1.2681562900543213
1781039364273489400,17.310489501953125,-0.0867428630590438,-1.1594222784042358,1.4001030921936035
1781039364283560200,17.320560302734375,-0.0659734457731247,-1.1533136367797852,1.4795156717300415
1781039364293570000,17.330570068359375,-0.0158824957907199,-1.1374311447143557,1.4306464195251465
1781039364303671300,17.34067138671875,0.058643065392971,-1.0836749076843262,1.2583824396133425
1781039364384359700,17.421359619140624,0.180816113948822,-0.2492330223321914,0.4667010605335235
1781039364465048300,17.50204833984375,-0.0769690200686454,-0.0207694191485643,-0.1453859210014343
1781039364576162800,17.613162841796875,-0.4483750760555267,0.5021312236785889,-0.607200026512146
1781039364626669300,17.66366943359375,-0.461814135313034,0.6206390857696533,-0.0024434609804302
1781039364636770600,17.6737705078125,-0.4043927788734436,0.6633996367454529,-0.0012217304902151
1781039364646871800,17.683871826171874,-0.3995058834552765,0.6988298296928406,-0.0952949747443199
1781039364656973300,17.693973388671875,-0.4300491213798523,0.6951646208763123,-0.2431243658065796
1781039364667074600,17.704074462890624,-0.4667010605335235,0.6499606370925903,-0.371406078338623
1781039364677175800,17.71417578125,-0.4764748811721802,0.5913175344467163,-0.4471533596515655
1781039364717581000,17.7545810546875,-0.1331686228513717,0.4105014503002167,-0.0219911485910415
1781039364727682600,17.7646826171875,-0.067195177078247,0.4276056587696075,0.058643065392971
1781039364737783800,17.77478369140625,-0.0464257597923278,0.4263839423656463,0.0769690200686454
1781039364747885000,17.784885009765624,-0.0488692186772823,0.3897320330142975,0.0427605658769607
1781039364757986300,17.794986328125,-0.0452040284872055,0.3310889601707458,-0.0024434609804302
1781039364768057300,17.805057373046875,-0.0183259565383195,0.261450320482254,-0.0232128798961639
1781039364778128100,17.815128173828125,0.0366519130766391,0.2101376503705978,-0.0146607663482427
1781039364798330600,17.83533056640625,0.2052507251501083,0.1881465017795562,0.0366519130766391
1781039364818533400,17.855533447265625,0.2834414839744568,0.2455678284168243,-0.051312681287527
1781039364828634600,17.865634521484374,0.2626720666885376,0.251676470041275,-0.1319468915462494
1781039364838736000,17.87573583984375,0.2492330223321914,0.2419026345014572,-0.1661553531885147
1781039364848867800,17.885867919921875,0.2748893499374389,0.2370157092809677,-0.1417207419872284
1781039364858908200,17.895908203125,0.3176499307155609,0.2553416788578033,-0.1050688251852989
1781039364879110700,17.916110595703124,0.351858377456665,0.371406078338623,-0.1588249653577804
1781039364889151000,17.92615087890625,0.3323107063770294,0.4544837474822998,-0.2700024247169494
1781039364929495300,17.966495361328125,0.2101376503705978,0.9651671051979064,-0.788016140460968
1781039364969778400,18.0067783203125,0.2174680233001709,1.4233160018920898,-1.2877039909362793
1781039365000082400,18.03708251953125,0.171042263507843,1.7519614696502686,-1.2693779468536377
1781039365070608400,18.1076083984375,0.0219911485910415,2.2626447677612305,-2.213775634765625
1781039365090719500,18.12771948242187,-0.0342084541916847,2.2369885444641113,-1.7544050216674805
1781039365110891800,18.147891845703125,0.0781907513737678,2.015855312347412,-1.3720033168792725
1781039365120993000,18.15799291992187,0.1160643994808197,1.8753563165664673,-1.292590856552124
1781039365131033300,18.168033447265625,0.1527163088321685,1.7629570960998535,-1.3170254230499268
1781039365141104000,18.178104248046875,0.1869247704744339,1.6847662925720217,-1.4440854787826538
1781039365151175000,18.1881748046875,0.2345722615718841,1.6517796516418457,-1.7702875137329102
1781039365161276200,18.19827612304687,0.2541199326515198,1.6896532773971558,-1.853365182876587
1781039365171377700,18.208377685546875,0.2724458873271942,1.7605136632919312,-1.8509217500686648
1781039365201590000,18.238590087890625,0.2724458873271942,2.138028383255005,-1.5308283567428589
1781039365211660800,18.248660888671875,0.271224170923233,2.3102922439575195,-1.4172073602676392
1781039365221762000,18.258761962890624,0.2724458873271942,2.492330312728882,-1.340238332748413
1781039365231832800,18.26883276367187,0.2663372457027435,2.6816983222961426,-1.2950342893600464
1781039365241903600,18.278903564453124,0.2565633952617645,2.867401361465454,-1.284038782119751
1781039365251944000,18.28894384765625,0.2528982162475586,3.038443803787231,-1.3145819902420044
1781039365262045200,18.299045166015624,0.2590068578720093,3.182607889175415,-1.36955988407135
1781039365272116000,18.30911596679687,0.280998021364212,3.29134202003479,-1.4233160018920898
1781039365282186800,18.319186767578124,0.3200933933258056,3.36708927154541,-1.4575244188308716
1781039365292257800,18.3292578125,0.36529740691185,3.4184019565582275,-1.441641926765442
1781039365342581200,18.379581298828125,0.5253441333770752,3.3377676010131836,-0.6304129362106323
1781039365352682500,18.3896826171875,0.5644394755363464,3.2962288856506348,-0.3396410644054413
1781039365362753300,18.399753173828124,0.6487388610839844,3.2620203495025635,-0.0940732508897781
1781039365372824000,18.409823974609377,0.750142514705658,3.246137857437134,-0.0024434609804302
1781039365382894800,18.419894775390624,0.8344419002532959,3.274237632751465,-0.0598647929728031
1781039365393026800,18.43002685546875,0.8894197940826416,3.34509801864624,-0.1832595765590667
1781039365423239200,18.4602392578125,1.0836749076843262,3.8985419273376465,-0.5852088928222656
1781039365433340400,18.47034033203125,1.19607412815094,4.206418037414551,-0.6450737118721008
1781039365443411200,18.4804111328125,1.3048081398010254,4.483750820159912,-0.6682865619659424
1781039365453451500,18.490451416015624,1.3854423761367798,4.696331977844238,-0.6841690540313721
1781039365463522300,18.50052221679687,1.428202986717224,4.882035255432129,-0.7086036801338196
1781039365473593000,18.510593017578124,1.431868076324463,5.077511787414551,-0.7354817390441895
1781039365483694300,18.5206943359375,1.4184291362762451,5.268101692199707,-0.7916813492774963
1781039365493795800,18.5307958984375,1.4062118530273438,5.3475141525268555,-0.9224064946174622
1781039365513967900,18.5509677734375,1.4013248682022097,5.246110916137695,-1.1740829944610596
1781039365524038700,18.56103857421875,1.379333734512329,5.279097557067871,-1.1557570695877075
1781039365534109400,18.571109375,1.341460108757019,5.356066703796387,-1.1142182350158691
1781039365544180200,18.58118017578125,1.3084733486175537,5.365840435028076,-1.1020009517669678
1781039365554220500,18.591220458984377,1.3182471990585327,5.257106304168701,-1.1166616678237915
1781039365564321800,18.60132177734375,1.3781119585037231,5.106833457946777,-1.1447614431381226
1781039365574392600,18.611392578125,1.4770721197128296,5.000543117523193,-1.1276572942733765
1781039365584463400,18.62146337890625,1.585806131362915,4.9260172843933105,-1.0714576244354248
1781039365594564900,18.63156494140625,1.6664403676986694,4.835609436035156,-1.0690141916275024
1781039365604666000,18.641666015625,1.6493362188339231,4.704884052276611,-1.1252137422561646
1781039365614737000,18.65173681640625,1.5332717895507812,4.555832862854004,-1.2119566202163696
1781039365685324000,18.722323974609377,1.065348982810974,3.4159584045410156,-1.4355332851409912
1781039365695425300,18.73242529296875,0.9627236127853394,3.2278120517730713,-1.4575244188308716
1781039365705496300,18.742496337890625,0.8918632864952087,3.032335042953491,-1.4196507930755615
1781039365715597600,18.75259765625,0.8637634515762329,2.824640989303589,-1.341460108757019
1781039365776083500,18.81308349609375,0.6866125464439392,1.794722080230713,-1.263269305229187
1781039365786154200,18.823154296875,0.6059783101081848,1.7006487846374512,-1.3744467496871948
1781039365796225000,18.83322509765625,0.5302310585975647,1.6236798763275146,-1.4758504629135132
1781039365806295800,18.8432958984375,0.4679227769374847,1.557706356048584,-1.5540411472320557
1781039365816397000,18.85339697265625,0.4166100919246673,1.4941763877868652,-1.6041321754455566
1781039365826467800,18.8634677734375,0.3726277947425842,1.4306464195251465,-1.6175711154937744
1781039365836569000,18.87356909179687,0.342084527015686,1.3732250928878784,-1.5894713401794434
1781039365866781700,18.90378173828125,0.2260201424360275,1.1679743528366089,-1.441641926765442
1781039365886984200,18.923984130859377,0.1014036312699318,0.9627236127853394,-1.4330898523330688
1781039365897024500,18.9340244140625,0.0525344125926494,0.8356636762619019,-1.442863702774048
1781039365907125800,18.94412573242187,-0.0012217304902151,0.6890559792518616,-1.447750687599182
1781039365917196500,18.954196533203124,-0.058643065392971,0.5277875661849976,-1.447750687599182
1781039365927267300,18.964267333984377,-0.0965167060494422,0.3555235862731933,-1.4404202699661257
1781039365937338000,18.974338134765624,-0.0842994004487991,-0.0134390350431203,-1.3817771673202517
1781039365947378400,18.98437841796875,-0.0488692186772823,-0.1905899494886398,-1.3048081398010254
1781039365957480000,18.99447998046875,0.0061086523346602,-0.3457497358322143,-1.197295904159546
1781039365987692300,19.0246923828125,0.1368338167667389,-0.7171558141708374,-0.7574729323387146
1781039365997763000,19.03476318359375,0.1331686228513717,-0.8148942589759827,-0.6096435189247131
1781039366007803400,19.044803466796875,0.098960168659687,-0.9089674949645996,-0.4899139404296875
1781039366038046200,19.075046142578124,-0.0549778714776039,-1.1728612184524536,-0.1795943826436996
1781039366098471200,19.13547119140625,-0.1661553531885147,-1.711644411087036,-0.0280998013913631
1781039366128653000,19.165653076171875,-0.2382374405860901,-1.9242255687713623,-0.2260201424360275
1781039366138754300,19.17575439453125,-0.1857030391693115,-1.9901989698410032,-0.140499010682106
1781039366148794600,19.185794677734375,-0.1038470938801765,-2.0500638484954834,0.0305432621389627
1781039366158865400,19.195865478515625,-0.0073303831741213,-2.096489429473877,0.261450320482254
1781039366168905700,19.20590576171875,0.0647517144680023,-2.12703275680542,0.5375614166259766
1781039366178976500,19.2159765625,0.1233947798609733,-2.138028383255005,0.8185594081878662
1781039366189047300,19.22604736328125,0.1893682330846786,-2.1282544136047363,1.0641272068023682
1781039366249533200,19.286533203125,-0.157603234052658,-1.9999728202819824,1.216843605041504
1781039366269705200,19.306705322265625,-0.1783726513385772,-1.854586839675903,0.9920451641082764
1781039366289846800,19.3268466796875,-0.180816113948822,-1.765400528907776,0.8393288254737854
1781039366330191000,19.367191162109375,-0.2981022298336029,-1.6945401430130005,0.9724974632263184
1781039366340262000,19.377261962890625,-0.36529740691185,-1.693318486213684,1.1349875926971436
1781039366350271500,19.387271484375,-0.4459316432476043,-1.6982053518295288,1.3329079151153564
1781039366360373000,19.397373046875,-0.5265658497810364,-1.7385225296020508,1.4636331796646118
1781039366370474200,19.40747412109375,-0.5913175344467163,-1.813048005104065,1.4941763877868652
1781039366380545000,19.417544921875,-0.6291912198066711,-1.9022343158721924,1.4526375532150269
1781039366420919800,19.457919921875,-0.6927211880683899,-2.018298864364624,1.5271631479263306
1781039366430990600,19.467990478515624,-0.779464066028595,-2.063502788543701,1.4734070301055908
1781039366441091800,19.478091796875,-0.8710938692092896,-2.1197023391723633,1.3842206001281738
1781039366451162600,19.48816259765625,-0.9456194043159484,-2.1649065017700195,1.319468975067139
1781039366461264100,19.49826416015625,-0.996932089328766,-2.194227933883667,1.301142930984497
1781039366471365400,19.508365478515625,-1.0494664907455444,-2.2492058277130127,1.291369080543518
1781039366481466600,19.518466552734377,-1.1276572942733765,-2.333505153656006,1.2596040964126587
1781039366491537400,19.528537353515624,-1.236391305923462,-2.4165828227996826,1.236391305923462
1781039366501638700,19.538638671875,-1.3439035415649414,-2.492330312728882,1.2229522466659546
1781039366511740200,19.548740234375,-1.4098769426345823,-2.5497515201568604,1.2290608882904053
1781039366521811000,19.55881103515625,-1.4184291362762451,-2.5839600563049316,1.2718214988708496
1781039366531881700,19.5688818359375,-1.3927727937698364,-2.6108381748199463,1.348790407180786
1781039366541952500,19.578952392578124,-1.3817771673202517,-2.6450464725494385,1.4269812107086182
1781039366552023300,19.589023193359377,-1.408655285835266,-2.700024366378784,1.4746286869049072
1781039366562124500,19.59912451171875,-1.4465289115905762,-2.7733283042907715,1.4795156717300415
1781039366572226000,19.60922607421875,-1.4685200452804563,-2.8515188694000244,1.4233160018920898
1781039366582327300,19.619327392578125,-1.4758504629135132,-2.9272663593292236,1.3145819902420044
1781039366592398000,19.629398193359375,-1.4892895221710205,-2.9969048500061035,1.1948524713516235
1781039366602438400,19.6394384765625,-1.5357152223587036,-3.0665435791015625,1.1020009517669678
1781039366693045000,19.730044921875,-1.610240817070007,-3.308446168899536,1.3243558406829834
1781039366743521000,19.78052099609375,-1.3451253175735474,-3.4245104789733887,1.9645426273345947
1781039366753622500,19.79062255859375,-1.216843605041504,-3.3903021812438965,2.074498414993286
1781039366763723800,19.800723876953125,-1.1056660413742063,-3.3536500930786133,2.0610592365264893
1781039366773825000,19.81082495117187,-1.0409144163131714,-3.358537197113037,1.8558086156845093
1781039366783926300,19.82092626953125,-1.0531316995620728,-3.4049627780914307,1.610240817070007
1781039366793997000,19.8309970703125,-1.065348982810974,-3.4550538063049316,1.4526375532150269
1781039366804129000,19.84112890625,-1.037249207496643,-3.5051448345184326,1.3756685256958008
1781039366814230300,19.851230224609377,-1.0067058801651,-3.547905445098877,1.4343116283416748
1781039366824331500,19.86133154296875,-1.003040790557861,-3.562566041946411,1.629788517951965
1781039366834433000,19.87143310546875,-0.988379955291748,-3.545461893081665,1.822821855545044
1781039366864767500,19.901767578125,-1.0580185651779177,-3.38297176361084,1.9132299423217771
1781039366925375200,19.962375244140624,-1.1557570695877075,-2.860071182250977,0.9615018963813782
1781039366945578000,19.982577880859377,-1.045801281929016,-2.579072952270508,0.5607742667198181
1781039366955648800,19.992648681640624,-0.9480628371238708,-2.450791358947754,0.3958406746387481
1781039366965780700,20.00278076171875,-0.8649851679801941,-2.324953079223633,0.3481931984424591
1781039366975851500,20.0128515625,-0.7489207983016968,-2.14902400970459,0.3909537494182586
1781039366985983200,20.02298315429687,-0.6389650702476501,-1.9901989698410032,0.4288274049758911
1781039366996084500,20.03308447265625,-0.5558874011039734,-1.9058995246887207,0.4495968222618103
1781039367006186000,20.04318603515625,-0.4960225820541382,-1.8777997493743896,0.5009095072746277
1781039367036489700,20.07348974609375,-0.3762930035591125,-1.731192111968994,1.1545352935791016
1781039367046591200,20.08359130859375,-0.280998021364212,-1.6884315013885498,1.3927727937698364
1781039367076895200,20.113895263671875,0.0305432621389627,-1.4795156717300415,1.2767083644866943
1781039367086996500,20.12399658203125,0.0623082555830478,-1.4233160018920898,0.8197811841964722
1781039367097097700,20.13409765625,0.0415388382971286,-1.3781119585037231,0.2871066629886627
1781039367107229700,20.144229736328125,0.0342084541916847,-1.341460108757019,-0.2333505302667617
1781039367137503000,20.1745029296875,0.140499010682106,-1.1313223838806152,-0.6291912198066711
1781039367147573800,20.18457373046875,0.1466076523065567,-1.027475357055664,-0.4813618063926697
1781039367157705700,20.194705810546875,0.1233947798609733,-0.9896016716957092,-0.3604104816913605
1781039367167746000,20.20474609375,0.1282816976308822,-0.9395107626914978,-0.3591887652873993
1781039367177877800,20.21487768554687,0.0928515195846557,-0.8552113175392151,-0.442266434431076
1781039367187979000,20.22497900390625,0.0158824957907199,-0.7782423496246338,-0.5778785347938538
1781039367198080500,20.23508056640625,-0.0317649915814399,-0.7391469478607178,-0.7415903806686401
1781039367208120800,20.245120849609375,-0.0696386396884918,-0.6878342628479004,-0.8210029006004333
1781039367218252500,20.25525244140625,-0.1258382350206375,-0.5778785347938538,-0.7525860071182251
1781039367228353800,20.265353759765624,-0.171042263507843,-0.475253164768219,-0.5656611919403076
1781039367248495400,20.285495361328124,-0.2724458873271942,-0.3457497358322143,-0.1136209368705749
1781039367258596900,20.295596923828125,-0.2919935882091522,-0.3200933933258056,0.0488692186772823
1781039367268667600,20.305667724609375,-0.2785545587539673,-0.304210901260376,0.1197295859456062
1781039367278769000,20.315768798828124,-0.2406809031963348,-0.2638937830924988,0.107512280344963
1781039367288809200,20.325809326171875,-0.2040289938449859,-0.2064724564552307,0.0171042270958423
1781039367298910500,20.335910400390624,-0.2064724564552307,-0.1356120854616165,-0.1197295859456062
1781039367308981200,20.34598120117187,-0.221133217215538,-0.0855211317539215,-0.2822197377681732
1781039367319052000,20.356052001953124,-0.2247984111309051,-0.0855211317539215,-0.4459316432476043
1781039367329122800,20.366122802734377,-0.2138028293848037,-0.1185078546404838,-0.5632177591323853
1781039367339224300,20.376224365234375,-0.1991420686244964,-0.1368338167667389,-0.608421802520752
1781039367349295000,20.386295166015625,-0.1661553531885147,-0.1209513172507286,-0.6059783101081848
1781039367359366000,20.396365966796875,-0.1380555480718612,-0.0879645943641662,-0.5656611919403076
1781039367379538000,20.41653784179687,-0.1087340116500854,0.0293215326964855,-0.294437050819397
1781039367389608700,20.426608642578124,-0.0720821022987365,0.0842994004487991,-0.117286130785942
1781039367399679500,20.436679443359377,-0.0366519130766391,0.1001818999648094,-0.0073303831741213
1781039367419851800,20.456851806640625,-0.0232128798961639,0.0403171069920063,-0.0867428630590438
1781039367429922600,20.466922607421875,-0.0561996027827262,0.0244346093386411,-0.197920337319374
1781039367440023800,20.47702392578125,-0.1209513172507286,0.0085521135479211,-0.361632227897644
1781039367450125000,20.487125,-0.1111774742603302,-0.0036651915870606,-0.3543018400669098
1781039367460195800,20.49719580078125,-0.0830776765942573,-0.0109955742955207,-0.294437050819397
1781039367470236200,20.507236083984377,-0.0684169083833694,-0.0061086523346602,-0.2260201424360275
1781039367480307000,20.517306884765624,-0.067195177078247,0.0036651915870606,-0.1905899494886398
1781039367490347300,20.52734716796875,-0.0794124826788902,0.0061086523346602,-0.167377084493637
1781039367550833200,20.587833251953125,-0.1270599663257599,-0.0879645943641662,0.0476474873721599
1781039367591177500,20.628177490234375,-0.2272418737411499,-0.0830776765942573,-0.0232128798961639
1781039367601278700,20.63827880859375,-0.2480112910270691,-0.0879645943641662,-0.0806342139840126
1781039367691977000,20.72897705078125,-0.2235766798257827,0.2724458873271942,-0.2052507251501083
1781039367702047700,20.7390478515625,-0.2186897546052932,0.3164281845092773,-0.3017674386501312
1781039367742422500,20.779422607421875,0.0232128798961639,0.5815436840057373,-0.3970624208450317
1781039367752493300,20.789493408203125,0.0855211317539215,0.6805039048194885,-0.432492583990097
1781039367772635000,20.809634765625,0.1857030391693115,0.9334021210670472,-0.6279694437980652
1781039367782736100,20.819736083984377,0.230907067656517,1.084896683692932,-0.7586946487426758
1781039367792837600,20.829837646484375,0.2956587672233581,1.2559388875961304,-0.8894197940826416
1781039367802908400,20.839908447265625,0.3787364661693573,1.4196507930755615,-1.045801281929016
1781039367812979200,20.849979248046875,0.4386012554168701,1.5552629232406616,-1.247386813163757
1781039367823080400,20.86008056640625,0.455705463886261,1.6994271278381348,-1.4563027620315552
1781039367833151200,20.87015112304687,0.4483750760555267,1.8582520484924316,-1.6774359941482544
1781039367843222000,20.880221923828124,0.4410447180271148,1.986533761024475,-1.9156733751296997
1781039367853323300,20.8903232421875,0.4214970171451568,2.083050489425659,-2.1539108753204346
1781039367863394000,20.90039404296875,0.3665191531181335,2.2296581268310547,-2.317622661590576
1781039367873464800,20.91046484375,0.3078760802745819,2.4446825981140137,-2.383596181869507
1781039367913870300,20.950870361328125,0.4043927788734436,3.1141910552978516,-2.2406537532806396
1781039367974356000,21.01135595703125,0.4972442984580993,3.858224868774414,-1.843591332435608
1781039368044912600,21.08191259765625,1.6420058012008667,4.123340606689453,0.0830776765942573
1781039368115377700,21.15237768554687,0.598647952079773,4.692667007446289,-2.4043655395507812
1781039368125479200,21.162479248046875,0.3457497358322143,4.7806315422058105,-2.3188445568084717
1781039368196005000,21.233005126953124,-0.5082398653030396,5.517334938049316,-2.6755897998809814
1781039368236288500,21.27328857421875,-0.0122173046693205,5.258327960968018,-1.3732250928878784
1781039368246298000,21.283298095703124,0.1099557429552078,5.26077127456665,-0.9517280459403992
1781039368266439700,21.303439697265624,0.3897320330142975,5.341405868530273,-0.167377084493637
1781039368276541200,21.313541259765625,0.5522221922874451,5.433035373687744,0.1282816976308822
1781039368286612000,21.323612060546875,0.7269296646118164,5.524665355682373,0.2223549485206604
1781039368336996400,21.373996337890624,1.351233959197998,5.156924247741699,-1.4746286869049072
1781039368377188000,21.41418798828125,1.1142182350158691,4.178318500518799,-1.264491081237793
1781039368387289300,21.424289306640624,1.1899654865264893,3.754377841949463,-1.0677924156188965
1781039368397360000,21.43436010742187,1.274264931678772,3.349985122680664,-0.7745771408081055
1781039368407370000,21.44436987304687,1.359786033630371,2.999348402023315,-0.3433062732219696
1781039368417501700,21.454501708984377,1.4648548364639282,2.66337251663208,0.0280998013913631
1781039368427603200,21.464603271484375,1.585806131362915,2.3542747497558594,0.2174680233001709
1781039368437704400,21.474704345703124,1.6908750534057615,2.109928607940674,0.2700024247169494
1781039368447775200,21.484775146484377,1.7482963800430298,1.9120081663131712,0.2419026345014572
1781039368457876500,21.49487646484375,1.745852828025818,1.731192111968994,0.1551597714424133
1781039368477987600,21.514987548828124,1.595579981803894,1.5112806558609009,-0.0232128798961639
1781039368488028000,21.52502783203125,1.5076154470443726,1.4831807613372805,-0.0965167060494422
1781039368498129200,21.535129150390624,1.4367550611495972,1.4746286869049072,-0.2089159190654754
1781039368508230700,21.545230712890625,1.3573426008224487,1.4734070301055908,-0.3604104816913605
1781039368568625000,21.605625,0.5803219676017761,1.576032280921936,-0.9419541954994202
1781039368578695700,21.61569580078125,0.4740314185619354,1.5039502382278442,-1.0787880420684814
1781039368588766500,21.62576635742187,0.3689626157283783,1.398881435394287,-1.1557570695877075
1781039368598806800,21.635806884765625,0.3005456924438476,1.2779301404953003,-1.1618657112121582
1781039368608877600,21.645877685546875,0.2700024247169494,1.1496484279632568,-1.0873401165008545
1781039368649191200,21.686191162109377,0.1624901592731475,0.5644394755363464,-0.1588249653577804
1781039368709646600,21.746646484375,-0.3506366610527038,-0.6976081132888794,0.1502728462219238
1781039368760000500,21.79700048828125,-0.5803219676017761,-1.6273449659347534,-0.1698205322027206
1781039368780203300,21.817203369140625,-0.5558874011039734,-1.9339994192123413,-0.051312681287527
1781039368790335000,21.8273349609375,-0.5119050741195679,-2.048841953277588,0.2687807083129883
1781039368800436500,21.8374365234375,-0.513126790523529,-2.1783454418182373,0.6902777552604675
1781039368810537700,21.847537841796875,-0.588874101638794,-2.3359487056732178,1.3072515726089478
1781039368820639000,21.857638916015624,-0.6866125464439392,-2.5033257007598877,2.0561723709106445
1781039368830740200,21.867740234375,-0.846659243106842,-2.56563401222229,2.598620653152466
1781039368840841700,21.877841796875,-1.0421360731124878,-2.470339059829712,2.7366762161254883
1781039368850943000,21.88794287109375,-1.1459832191467283,-2.348165988922119,2.481334686279297
1781039368861044200,21.898044189453124,-1.1398745775222778,-2.305405378341675,1.8594738245010376
1781039368871115000,21.908114990234377,-1.1032226085662842,-2.1978931427001953,0.996932089328766
1781039368881185800,21.918185791015624,-1.0506882667541504,-1.9364428520202637,0.098960168659687
1781039368961844000,21.998843994140625,0.797789990901947,0.8674286603927612,-0.0171042270958423
1781039368982016000,22.01901611328125,0.8417723178863525,1.1178834438323977,-0.0794124826788902
1781039368992086800,22.02908666992187,0.7733554244041443,1.1753047704696655,-0.1209513172507286
1781039369002188000,22.03918798828125,0.7110471725463867,1.2217304706573486,-0.1417207419872284
1781039369012289500,22.04928955078125,0.685390830039978,1.2791517972946167,-0.1282816976308822
1781039369022360300,22.0593603515625,0.6939429044723511,1.350012183189392,-0.0696386396884918
1781039369032492000,22.069491943359377,0.7305948138237,1.4245377779006958,-0.0061086523346602
1781039369042593300,22.07959326171875,0.7770205736160278,1.480737328529358,0.0073303831741213
1781039369052694800,22.08969482421875,0.7953465580940247,1.508837103843689,-0.051312681287527
1781039369062796000,22.099796142578125,0.7538077235221863,1.52105450630188,-0.1600466966629028
1781039369072866800,22.10986669921875,0.675616979598999,1.519832730293274,-0.3017674386501312
1781039369093069300,22.1300693359375,0.46547931432724,1.4892895221710205,-0.5485569834709167
1781039369103140400,22.140140380859375,0.3567453026771545,1.4685200452804563,-0.608421802520752
1781039369113211100,22.150211181640625,0.2687807083129883,1.442863702774048,-0.6499606370925903
1781039369123181800,22.160181884765624,0.2052507251501083,1.408655285835266,-0.7086036801338196
1781039369133313800,22.170313720703124,0.1490511149168014,1.3573426008224487,-0.7831292152404785
1781039369143415000,22.1804150390625,0.0806342139840126,1.281595230102539,-0.8539896011352539
1781039369153485800,22.19048583984375,-0.0109955742955207,1.186300277709961,-0.8991936445236206
1781039369163587000,22.200587158203124,-0.117286130785942,1.0775662660598757,-0.911410927772522
1781039369173688300,22.210688232421877,-0.2186897546052932,0.9419541954994202,-0.9272934198379515
1781039369183789800,22.22078979492187,-0.3066543638706207,0.7843509912490845,-0.979827880859375
1781039369214093800,22.25109375,-0.5021312236785889,0.3225368559360504,-1.0213667154312134
1781039369224195000,22.261195068359378,-0.5302310585975647,0.1441642045974731,-0.9712757468223572
1781039369234296300,22.27129638671875,-0.5619960427284241,-0.0635299831628799,-0.9260717034339904
1781039369244397600,22.2813974609375,-0.6206390857696533,-0.2761110961437225,-0.8417723178863525
1781039369254499000,22.2914990234375,-0.6805039048194885,-0.485027015209198,-0.6927211880683899
1781039369264600300,22.30160034179687,-0.7134906053543091,-0.7012733221054077,-0.4825835525989532
1781039369274701600,22.31170166015625,-0.740368664264679,-0.921184778213501,-0.1905899494886398
1781039369284802800,22.321802734375,-0.740368664264679,-1.1508700847625732,0.1282816976308822
1781039369294904300,22.331904296875,-0.6976081132888794,-1.379333734512329,0.4190535545349121
1781039369365552400,22.402552490234378,-0.7782423496246338,-2.4642302989959717,1.1691961288452148
1781039369456372700,22.493372802734378,-1.3585642576217651,-3.8166861534118657,0.9566149711608888
1781039369486585000,22.523585205078124,-1.3732250928878784,-4.2919392585754395,1.351233959197998
1781039369496686600,22.5336865234375,-1.3768903017044067,-4.4788641929626465,1.3768903017044067
1781039369506757400,22.54375732421875,-1.370781660079956,-4.662123680114746,1.3854423761367798
1781039369516828200,22.553828125,-1.351233959197998,-4.829500675201416,1.4257594347000122
1781039369526868500,22.563868408203124,-1.3353514671325684,-5.000543117523193,1.5173892974853516
1781039369536969700,22.5739697265625,-1.3842206001281738,-5.185024261474609,1.6872098445892334
1781039369547071000,22.58407104492187,-1.4966198205947876,-5.360953330993652,1.947438359260559
1781039369557141800,22.594141845703124,-1.598023533821106,-5.502674102783203,2.2125539779663086
1781039369567151600,22.604151611328124,-1.6591099500656128,-5.616294860839844,2.3933699131011963
1781039369597394400,22.63439453125,-1.693318486213684,-5.831319808959961,2.0891592502593994
1781039369607495700,22.64449560546875,-1.6713273525238037,-5.823989391326904,1.9413297176361084
1781039369617536000,22.654535888671877,-1.643227458000183,-5.7885589599609375,1.892460584640503
1781039369627606800,22.664606689453127,-1.6310101747512815,-5.7604594230651855,1.9120081663131712
1781039369637647000,22.67464721679687,-1.692096710205078,-5.771454811096191,1.9132299423217771
1781039369647748600,22.68474853515625,-1.7861700057983398,-5.789780616760254,1.9034560918807983
1781039369657819400,22.6948193359375,-1.833817481994629,-5.764124393463135,1.9217820167541504
1781039369667859500,22.704859375,-1.8203784227371216,-5.676159858703613,1.9315558671951296
1781039369738294300,22.775294189453124,-1.578475832939148,-4.627914905548096,2.1795670986175537
1781039369758466300,22.79546630859375,-1.576032280921936,-4.359134197235107,1.428202986717224
1781039369768567600,22.805567626953124,-1.5234979391098022,-4.207639694213867,1.2889256477355957
1781039369778668800,22.815668701171877,-1.4379768371582031,-4.031710624694824,1.176526427268982
1781039369788739600,22.825739501953127,-1.339016675949097,-3.89121150970459,0.9871582388877868
1781039369808912000,22.845911865234378,-1.2302825450897217,-3.692069530487061,0.6426302194595337
1781039369829053400,22.86605346679687,-1.224173903465271,-3.5332446098327637,0.4923573732376098
1781039369839154700,22.87615478515625,-1.1520918607711792,-3.4318408966064453,0.4630358517169952
1781039369849256000,22.886255859375,-1.0323622226715088,-3.2950072288513184,0.50335294008255
1781039369859327000,22.89632690429687,-0.9138544201850892,-3.104417085647583,0.5717698931694031
1781039369869428200,22.90642822265625,-0.7709119319915771,-2.8906142711639404,0.5167919993400574
1781039369879468500,22.916468505859378,-0.6230825781822205,-2.6926939487457275,0.3249803185462951
1781039369889539300,22.926539306640624,-0.5155702829360962,-2.481334686279297,0.1209513172507286
1781039369909619700,22.94661962890625,-0.4227187633514404,-1.9645426273345947,-0.2577851414680481
1781039369919721200,22.95672119140625,-0.3995058834552765,-1.7495180368423462,-0.4886921942234039
1781039369929761500,22.966761474609378,-0.3799581825733185,-1.6090190410614014,-0.5754350423812866
1781039369939832300,22.976832275390624,-0.3225368559360504,-1.4978415966033936,-0.4459316432476043
1781039369949903000,22.98690307617187,-0.2431243658065796,-1.4074335098266602,-0.1734857261180877
1781039369960004400,22.99700439453125,-0.171042263507843,-1.351233959197998,0.1392772793769836
1781039369970075100,23.0070751953125,-0.147829383611679,-1.302364706993103,0.4239404797554016
1781039369980176400,23.01717626953125,-0.1551597714424133,-1.2229522466659546,0.636521577835083
1781039369990247200,23.0272470703125,-0.1502728462219238,-1.1288789510726929,0.7318165898323059
1781039370000318000,23.03731787109375,-0.1160643994808197,-1.0323622226715088,0.7281513810157776
1781039370020459800,23.05745971679687,-0.0280998013913631,-0.8698720932006836,0.2700024247169494
1781039370030530600,23.067530517578124,-0.0977384373545646,-0.817337691783905,-0.1331686228513717
1781039370040601300,23.077601318359378,-0.2028072625398636,-0.8185594081878662,-0.5448917746543884
1781039370050641700,23.0876416015625,-0.2687807083129883,-0.8943067193031311,-0.9077457785606384
1781039370060712400,23.09771240234375,-0.280998021364212,-0.9920451641082764,-1.1740829944610596
1781039370070783200,23.107783203125,-0.2748893499374389,-1.0739010572433472,-1.3439035415649414
1781039370080884500,23.117884521484378,-0.2553416788578033,-1.1533136367797852,-1.4489723443984983
1781039370090985700,23.12798583984375,-0.2028072625398636,-1.2412781715393066,-1.481959104537964
1781039370101026000,23.13802612304687,-0.1026253625750541,-1.310916781425476,-1.4782938957214355
1781039370111096800,23.148096923828124,-0.0134390350431203,-1.3573426008224487,-1.4550809860229492
1781039370121198000,23.158197998046877,0.0122173046693205,-1.3573426008224487,-1.348790407180786
1781039370131269000,23.16826904296875,-0.0415388382971286,-1.3243558406829834,-1.1264355182647705
1781039370141370400,23.178370361328124,-0.1466076523065567,-1.2803735733032229,-0.7684684991836548
1781039370161572900,23.19857275390625,-0.2382374405860901,-1.2217304706573486,0.1942551434040069
1781039370171613200,23.20861328125,-0.2089159190654754,-1.1618657112121582,0.6499606370925903
1781039370181714400,23.21871435546875,-0.1514945775270462,-1.0604621171951294,0.9529497623443604
1781039370191785500,23.228785400390624,-0.1026253625750541,-0.9272934198379515,1.0445796251296997
1781039370201825500,23.238825439453127,-0.0855211317539215,-0.7929030656814575,0.9553932547569276
1781039370211896300,23.248896240234377,-0.0855211317539215,-0.6829473376274109,0.789237916469574
1781039370252149200,23.28914916992187,-0.1588249653577804,-0.3958406746387481,0.3274237811565399
1781039370332807200,23.36980712890625,-0.1258382350206375,-0.3213151097297668,-0.0647517144680023
1781039370393232000,23.43023193359375,-0.0965167060494422,-0.0842994004487991,0.0928515195846557
1781039370453656600,23.490656494140627,-0.1282816976308822,0.2040289938449859,-0.0024434609804302
1781039370504041200,23.541041259765624,-0.0537561401724815,0.3811798989772796,0.0146607663482427
1781039370544354800,23.581354736328127,0.0256563406437635,0.36529740691185,-0.0061086523346602
1781039370554425900,23.59142578125,0.0708603709936142,0.3640756905078888,0.0525344125926494
1781039370564466000,23.6014658203125,0.1111774742603302,0.3591887652873993,0.0769690200686454
1781039370574536700,23.61153662109375,0.167377084493637,0.3005456924438476,-0.0635299831628799
1781039370584638200,23.62163818359375,0.1685988008975982,0.2651155292987823,-0.1771509200334549
1781039370594709000,23.631708984375,0.1771509200334549,0.2247984111309051,-0.2736676335334778
1781039370634992000,23.6719921875,0.2003637999296188,0.1258382350206375,-0.2993239760398865
1781039370645002000,23.682001953125,0.1881465017795562,0.1466076523065567,-0.2199114859104156
1781039370655072800,23.69207275390625,0.1661553531885147,0.1722639948129654,-0.1539380401372909
1781039370665174000,23.702174072265624,0.1343903541564941,0.1759291887283325,-0.1551597714424133
1781039370675244800,23.71224487304687,0.0806342139840126,0.1832595765590667,-0.1869247704744339
1781039370685254700,23.72225463867187,0.0146607663482427,0.2162462919950485,-0.2199114859104156
1781039370695356000,23.73235595703125,-0.0403171069920063,0.2736676335334778,-0.2565633952617645
1781039370705396200,23.742396240234378,-0.0696386396884918,0.3298672437667846,-0.2858849465847015
1781039370775922400,23.81292236328125,0.0537561401724815,1.0922271013259888,-0.8295549750328064
1781039370785962500,23.82296240234375,0.0342084541916847,1.2290608882904053,-1.018923282623291
1781039370796064000,23.83306396484375,-0.0109955742955207,1.3732250928878784,-1.1691961288452148
1781039370806104300,23.84310424804687,-0.067195177078247,1.4929546117782593,-1.246165156364441
1781039370826276400,23.8632763671875,-0.1918116807937622,1.7397441864013672,-0.8686503767967224
1781039370836347100,23.87334716796875,-0.2284636050462722,1.814269781112671,-0.5937610268592834
1781039370846418000,23.88341796875,-0.2199114859104156,1.7959438562393188,-0.3824016451835632
1781039370856519200,23.893519287109378,-0.1820378452539444,1.7605136632919312,-0.1685988008975982
1781039370866559500,23.9035595703125,-0.130725160241127,1.7580702304840088,-0.0268780700862407
1781039370896802600,23.933802490234378,0.0855211317539215,1.86191725730896,-0.1343903541564941
1781039370906873300,23.943873291015624,0.1368338167667389,1.9217820167541504,-0.2333505302667617
1781039370977399300,24.0143994140625,0.3762930035591125,2.124589204788208,1.663996934890747
1781039371048078000,24.085078125,1.3072515726089478,3.2009339332580566,-0.5778785347938538
1781039371118695700,24.15569580078125,1.7275269031524658,4.576602458953857,-1.9242255687713623
1781039371138837200,24.175837158203127,1.742187738418579,4.7635273933410645,-1.7275269031524658
1781039371148938800,24.185938720703124,1.7519614696502686,4.785518169403076,-1.6468926668167114
1781039371159040000,24.1960400390625,1.745852828025818,4.8111748695373535,-1.5796974897384644
1781039371169110800,24.20611083984375,1.7287486791610718,4.840496063232422,-1.5259413719177246
1781039371179212000,24.2162119140625,1.7006487846374512,4.842939853668213,-1.5076154470443726
1781039371189313500,24.2263134765625,1.663996934890747,4.809952735900879,-1.5247195959091189
1781039371199414800,24.23641479492187,1.606575608253479,4.757418632507324,-1.5650367736816406
1781039371209516000,24.24651611328125,1.5564846992492676,4.695110321044922,-1.6774359941482544
1781039371219617300,24.2566171875,1.5173892974853516,4.6242499351501465,-1.8875735998153689
1781039371229718800,24.26671875,1.4208725690841677,4.720766544342041,-2.1954495906829834
1781039371239759000,24.276759033203124,1.4013248682022097,4.960225582122803,-2.161241292953491
1781039371249890800,24.286890869140624,1.3927727937698364,5.237558841705322,-2.0036380290985107
1781039371259992000,24.296991943359377,1.4245377779006958,5.441587448120117,-1.8008307218551636
1781039371270062800,24.307062744140627,1.508837103843689,5.51611328125,-1.6713273525238037
1781039371320600000,24.35760009765625,1.8362609148025513,5.4953436851501465,-1.3952162265777588
1781039371330701300,24.367701416015624,1.8387043476104736,5.435479164123535,-1.4526375532150269
1781039371421643800,24.458643798828124,1.9071213006973269,4.1612138748168945,-0.1233947798609733
1781039371502423800,24.539423828125,1.853365182876587,2.14902400970459,0.7452555894851685
1781039371532697300,24.569697265625,1.540602207183838,1.528384804725647,0.2565633952617645
1781039371542798600,24.579798583984378,1.387885808944702,1.359786033630371,0.0048869219608604
1781039371552899800,24.58989990234375,1.2229522466659546,1.215621829032898,-0.2284636050462722
1781039371563001000,24.6000009765625,1.0787880420684814,1.1020009517669678,-0.4227187633514404
1781039371573072000,24.61007177734375,0.979827880859375,1.0067058801651,-0.5717698931694031
1781039371583112200,24.6201123046875,0.912632703781128,0.9101892113685608,-0.6817256212234497
1781039371593213700,24.63021362304687,0.8442157506942749,0.8136724829673767,-0.7831292152404785
1781039371623426000,24.660426025390624,0.4776966273784637,0.5448917746543884,-1.1154398918151855
1781039371653668900,24.6906689453125,0.0806342139840126,0.2138028293848037,-1.3451253175735474
1781039371673841000,24.7108408203125,-0.1368338167667389,-0.0574213340878486,-1.566258430480957
1781039371683881200,24.720881103515627,-0.2638937830924988,-0.1954768747091293,-1.6774359941482544
1781039371693982700,24.730982666015624,-0.3677408695220947,-0.3249803185462951,-1.7739527225494385
1781039371764417300,24.801417236328124,-0.4984660446643829,-1.027475357055664,-1.590693116188049
1781039371774488000,24.811488037109378,-0.4935791194438934,-1.086118459701538,-1.4233160018920898
1781039371784589300,24.82158935546875,-0.50335294008255,-1.1398745775222778,-1.246165156364441
1781039371794690600,24.831690673828124,-0.5082398653030396,-1.1753047704696655,-1.065348982810974
1781039371804731000,24.84173095703125,-0.4935791194438934,-1.1801916360855105,-0.8576548099517822
1781039371814832000,24.85183203125,-0.4667010605335235,-1.1557570695877075,-0.6438519954681396
1781039371824872400,24.86187255859375,-0.4398229718208313,-1.1288789510726929,-0.4434881806373596
1781039371834974000,24.871973876953124,-0.4227187633514404,-1.1093312501907349,-0.2443460971117019
1781039371845014000,24.882013916015627,-0.4092797040939331,-1.084896683692932,-0.0317649915814399
1781039371855054300,24.892054443359378,-0.3921754956245422,-1.0531316995620728,0.1771509200334549
1781039371865155800,24.90215576171875,-0.3640756905078888,-1.0238101482391355,0.3530801236629486
1781039371875196000,24.91219580078125,-0.3371976017951965,-0.998153805732727,0.4996877610683441
1781039371895368200,24.9323681640625,-0.3066543638706207,-0.9297369122505188,0.7330383062362671
1781039371905408500,24.942408447265624,-0.2981022298336029,-0.8869763612747192,0.8112290501594543
1781039371915509800,24.952509765625,-0.2919935882091522,-0.8503243923187256,0.8600982427597046
1781039371925580500,24.96258056640625,-0.2822197377681732,-0.8161159753799438,0.8930850028991699
1781039371935681800,24.972681884765624,-0.2724458873271942,-0.7941248416900635,0.911410927772522
1781039371945783000,24.982782958984377,-0.2724458873271942,-0.7965682744979858,0.8991936445236206
1781039371955854000,24.99285400390625,-0.2785545587539673,-0.817337691783905,0.8393288254737854
1781039371965924900,25.0029248046875,-0.2968805134296417,-0.8539896011352539,0.7330383062362671
1781039371986097000,25.023096923828124,-0.4007275998592376,-0.9443976879119872,0.4862487316131592
1781039371996167700,25.033167724609378,-0.4605923891067505,-1.0103710889816284,0.3762930035591125
1781039372006208000,25.0432080078125,-0.5057964324951172,-1.0934487581253052,0.2968805134296417
1781039372016278800,25.05327880859375,-0.5277875661849976,-1.1936306953430176,0.2541199326515198
1781039372026349600,25.063349609375,-0.5351179838180542,-1.3292428255081177,0.2382374405860901
1781039372056531500,25.093531494140624,-0.6401867866516113,-1.7898352146148682,0.6743952035903931
1781039372076703500,25.113703369140627,-0.6805039048194885,-2.054950714111328,1.4721852540969849
1781039372096845000,25.133844970703127,-0.5717698931694031,-2.263866662979126,2.1392500400543213
1781039372106885400,25.14388549804687,-0.598647952079773,-2.3970351219177246,2.222327709197998
1781039372116987000,25.15398681640625,-0.7941248416900635,-2.711019992828369,1.8985692262649536
1781039372127057700,25.1640576171875,-0.8967501521110535,-2.8551840782165527,1.7104226350784302
1781039372157270000,25.19427001953125,-1.0238101482391355,-3.2815680503845215,1.4172073602676392
1781039372207593500,25.244593505859378,-1.253495454788208,-3.880216121673584,1.4636331796646118
1781039372247876600,25.284876708984378,-1.3622294664382937,-4.002388954162598,1.3426817655563354
1781039372257977900,25.294977783203127,-1.3817771673202517,-4.028045654296875,1.2693779468536377
1781039372268049000,25.305048828125,-1.4196507930755615,-4.039041042327881,1.197295904159546
1781039372278119700,25.31511962890625,-1.4660766124725342,-4.034153938293457,1.1423180103302002
1781039372288190500,25.3251904296875,-1.490511178970337,-4.031710624694824,1.086118459701538
1781039372338483500,25.3754833984375,-1.3060299158096311,-4.002388954162598,1.1178834438323977
1781039372419049700,25.4560498046875,-1.0115928649902344,-3.769038677215576,1.6786576509475708
1781039372479505200,25.516505126953124,-0.5644394755363464,-3.63220477104187,1.2559388875961304
1781039372509748000,25.546748046875,-0.294437050819397,-3.347541570663452,1.8448129892349243
1781039372519849200,25.55684912109375,-0.2223549485206604,-3.266907215118408,2.007303237915039
1781039372529920000,25.566919921875,-0.1954768747091293,-3.2253684997558594,2.087937355041504
1781039372539991000,25.57699096679687,-0.2247984111309051,-3.210707664489746,2.0085248947143555
1781039372550061800,25.587061767578124,-0.2748893499374389,-3.2143728733062744,1.813048005104065
1781039372560132600,25.597132568359378,-0.3017674386501312,-3.1984903812408447,1.6016886234283447
1781039372570203400,25.607203369140624,-0.2968805134296417,-3.1703906059265137,1.3341296911239624
1781039372580274200,25.61727416992187,-0.371406078338623,-3.1447343826293945,1.1142182350158691
1781039372590375400,25.62737548828125,-0.4984660446643829,-3.121521472930908,0.9724974632263184
1781039372600446200,25.6374462890625,-0.6108652353286743,-3.09586501121521,0.8637634515762329
1781039372610517000,25.64751708984375,-0.6792821288108826,-3.0408871173858643,0.8124507665634155
1781039372620587800,25.657587890625,-0.7073819637298584,-2.9138271808624268,0.8258898258209229
1781039372630658600,25.667658447265627,-0.7648032903671265,-2.711019992828369,0.950506329536438
1781039372640760000,25.677760009765624,-0.8515461683273315,-2.472782611846924,1.0421360731124878
1781039372650830800,25.68783081054687,-0.9077457785606384,-2.313957452774048,0.9199630618095398
1781039372721387500,25.75838745117187,-0.9553932547569276,-1.7360789775848389,-0.3787364661693573
1781039372761670700,25.79867065429687,-0.7122688889503479,-1.0433578491210938,0.0830776765942573
1781039372771772000,25.80877197265625,-0.6524040699005127,-0.9187413454055786,0.1954768747091293
1781039372781842700,25.8188427734375,-0.5791002511978149,-0.8356636762619019,0.2968805134296417
1781039372791852500,25.8288525390625,-0.5522221922874451,-0.7709119319915771,0.4214970171451568
1781039372801953800,25.83895385742187,-0.4960225820541382,-0.7232644557952881,0.5351179838180542
1781039372822156500,25.859156494140624,-0.2895501255989074,-0.6633996367454529,0.66584312915802
1781039372832196600,25.869196533203127,-0.1820378452539444,-0.5949827432632446,0.66584312915802
1781039372892621600,25.92962158203125,0.1783726513385772,-0.5265658497810364,0.3824016451835632
1781039372953076700,25.99007666015625,0.0940732508897781,-0.4715879559516907,0.5387831330299377
1781039372983350300,26.02035034179687,0.0207694191485643,-0.3799581825733185,0.8869763612747192
1781039372993390600,26.030390625,-0.0073303831741213,-0.3359758853912353,0.9138544201850892
1781039373003461400,26.04046142578125,-0.0329867228865623,-0.3237585723400116,0.8747590184211731
1781039373013562600,26.050562744140624,-0.0623082555830478,-0.3567453026771545,0.8112290501594543
1781039373023603000,26.06060302734375,-0.1233947798609733,-0.3775147199630737,0.7281513810157776
1781039373033673700,26.070673828125,-0.1991420686244964,-0.384845107793808,0.6291912198066711
1781039373043683600,26.08068359375,-0.2687807083129883,-0.3897320330142975,0.5949827432632446
1781039373053784800,26.090784912109378,-0.3127630054950714,-0.3836233615875244,0.6450737118721008
1781039373063886000,26.100885986328127,-0.3164281845092773,-0.3885102868080139,0.7305948138237
1781039373073926400,26.11092651367187,-0.2846632003784179,-0.3982841372489929,0.8038986921310425
1781039373104169500,26.14116943359375,-0.2150245606899261,-0.3274237811565399,0.6805039048194885
1781039373114240300,26.151240234375,-0.2150245606899261,-0.2993239760398865,0.6255260109901428
1781039373124280600,26.161280517578124,-0.2138028293848037,-0.2651155292987823,0.6120869517326355
1781039373134381800,26.1713818359375,-0.2015855312347412,-0.2284636050462722,0.6414085030555725
1781039373144483000,26.18148315429687,-0.1942551434040069,-0.180816113948822,0.6682865619659424
1781039373154584300,26.191584228515627,-0.1783726513385772,-0.1246165111660957,0.6572909951210022
1781039373164685800,26.201685791015624,-0.147829383611679,-0.0647517144680023,0.6291912198066711
1781039373184888300,26.221888427734378,-0.0818559452891349,0.0439822971820831,0.5094616413116455
1781039373194989800,26.23198974609375,-0.0427605658769607,0.0623082555830478,0.452040284872055
1781039373205030000,26.24202978515625,0.0,0.0794124826788902,0.394618958234787
1781039373215131400,26.25213134765625,0.0366519130766391,0.0879645943641662,0.3359758853912353
1781039373225232600,26.262232666015624,0.0696386396884918,0.1001818999648094,0.2761110961437225
1781039373235334000,26.272333984375,0.0916297882795333,0.107512280344963,0.1966986060142517
1781039373245374200,26.282374267578124,0.0952949747443199,0.0842994004487991,0.0842994004487991
1781039373255445000,26.292445068359378,0.0977384373545646,0.0280998013913631,-0.051312681287527
1781039373265577000,26.30257690429687,0.1038470938801765,-0.051312681287527,-0.2052507251501083
1781039373285779500,26.322779541015624,0.058643065392971,-0.1185078546404838,-0.3200933933258056
1781039373300946700,26.33794677734375,0.0280998013913631,-0.1295034289360046,-0.261450320482254
1781039373316053000,26.353052978515624,0.0061086523346602,-0.0403171069920063,0.0171042270958423
1781039373326154200,26.363154296875,-0.0085521135479211,-0.0085521135479211,0.0867428630590438
1781039373336255500,26.37325537109375,-0.0354301854968071,0.0293215326964855,0.0952949747443199
1781039373346357000,26.38335693359375,-0.0659734457731247,0.0720821022987365,0.0500909499824047
1781039373356458200,26.393458251953124,-0.1014036312699318,0.1209513172507286,-0.0378736443817615
1781039373366559500,26.4035595703125,-0.1331686228513717,0.167377084493637,-0.1197295859456062
1781039373386731500,26.4237314453125,-0.1209513172507286,0.2394591718912124,-0.1539380401372909
1781039373396833000,26.4338330078125,-0.1282816976308822,0.294437050819397,-0.090408056974411
1781039373406934300,26.44393432617187,-0.1368338167667389,0.3323107063770294,0.0012217304902151
1781039373417035500,26.454035400390627,-0.1356120854616165,0.3323107063770294,0.0867428630590438
1781039373427137000,26.464136962890624,-0.1221730485558509,0.3090978264808655,0.1417207419872284
1781039373437238300,26.47423828125,-0.1026253625750541,0.2761110961437225,0.140499010682106
1781039373447339500,26.484339599609378,-0.0794124826788902,0.230907067656517,0.0806342139840126
1781039373462476300,26.499476318359378,-0.0488692186772823,0.1795943826436996,-0.0207694191485643
1781039373477643500,26.5146435546875,0.0329867228865623,0.1014036312699318,-0.2174680233001709
1781039373487744800,26.52474487304687,0.0623082555830478,0.0916297882795333,-0.2993239760398865
1781039373497846300,26.53484619140625,0.0647517144680023,0.1001818999648094,-0.3347541689872741
1781039373507917000,26.5449169921875,0.0610865242779254,0.1038470938801765,-0.2480112910270691
1781039373518048800,26.555048828125,0.0720821022987365,0.1014036312699318,-0.1747074574232101
1781039373528150000,26.56514990234375,0.0806342139840126,0.098960168659687,-0.1295034289360046
1781039373538251500,26.57525146484375,0.0952949747443199,0.098960168659687,-0.1136209368705749
1781039373548352800,26.585352783203124,0.1197295859456062,0.1136209368705749,-0.1123992055654525
1781039373558454000,26.5954541015625,0.1539380401372909,0.1514945775270462,-0.1295034289360046
1781039373568555300,26.60555517578125,0.1893682330846786,0.2101376503705978,-0.1820378452539444
1781039373598828800,26.63582885742187,0.271224170923233,0.5558874011039734,-0.5925393104553223
1781039373608899600,26.645899658203124,0.2553416788578033,0.7147123217582703,-0.7623597979545593
1781039373624036400,26.661036376953124,0.2443460971117019,0.8869763612747192,-0.8930850028991699
1781039373639142700,26.676142578125,0.2602286040782928,1.0641272068023682,-0.9724974632263184
1781039373649213400,26.68621337890625,0.3127630054950714,1.240056395530701,-1.0445796251296997
1781039373659314700,26.696314697265624,0.432492583990097,1.576032280921936,-1.3072515726089478
1781039373669385500,26.70638549804687,0.4862487316131592,1.7165313959121704,-1.563814997673035
1781039373679456300,26.716456298828124,0.5094616413116455,1.833817481994629,-1.9315558671951296
1781039373699628300,26.736628173828127,0.4373795092105865,2.1392500400543213,-2.6841418743133545
1781039373709699000,26.746698974609377,0.3872885704040527,2.3469443321228027,-2.883283853530884
1781039373719769900,26.756769775390627,0.3506366610527038,2.574186086654663,-2.908940315246582
1781039373729841000,26.7668408203125,0.3445279896259308,2.8319711685180664,-2.757445812225342
1781039373739911700,26.77691162109375,0.3665191531181335,3.11785626411438,-2.4911084175109863
1781039373749951700,26.78695166015625,0.4190535545349121,3.4012975692749023,-2.213775634765625
1781039373760022800,26.797022705078124,0.4838052690029144,3.645643711090088,-1.986533761024475
1781039373770062800,26.807062744140627,0.5094616413116455,3.855781316757202,-1.8264870643615725
1781039373780133600,26.817133544921877,0.4911356568336487,4.068362712860107,-1.7434093952178955
1781039373790235100,26.82723510742187,0.4776966273784637,4.272391319274902,-1.7360789775848389
1781039373800306000,26.837305908203124,0.5094616413116455,4.438546657562256,-1.7763961553573608
1781039373810376700,26.847376708984378,0.5766568183898926,4.580267429351807,-1.8118263483047483
1781039373820447500,26.857447509765624,0.6255260109901428,4.742757797241211,-1.7702875137329102
1781039373830518300,26.86751831054687,0.656069278717041,4.9565606117248535,-1.624901533126831
1781039373840589000,26.877589111328124,0.7269296646118164,5.189910888671875,-1.441641926765442
1781039373850659800,26.887659912109378,0.817337691783905,5.404935836791992,-1.264491081237793
1781039373860730600,26.897730712890624,0.8894197940826416,5.599190711975098,-1.0971139669418335
1781039373870771000,26.90777099609375,0.9492846131324768,5.756793975830078,-0.9712757468223572
1781039373880841700,26.917841796875,1.0250319242477417,5.902180194854736,-0.8930850028991699
1781039373901044500,26.93804443359375,1.2290608882904053,6.2686991691589355,-0.685390830039978
1781039373911115300,26.948115234375,1.303586483001709,6.426302433013916,-0.5216789245605469
1781039373921186000,26.95818603515625,1.33168625831604,6.491054058074951,-0.3836233615875244
1781039373931256800,26.9682568359375,1.3084733486175537,6.449515342712402,-0.2932153046131134
1781039373941327600,26.97832763671875,1.2290608882904053,6.334672451019287,-0.2174680233001709
1781039373951428900,26.988428955078124,1.1435397863388062,6.212499618530273,-0.1502728462219238
1781039373961530000,26.998530029296877,1.084896683692932,6.104987144470215,-0.1136209368705749
1781039373971631600,27.00863159179687,1.0494664907455444,5.969375133514404,-0.1270599663257599
1781039373981732900,27.01873291015625,1.0311405658721924,5.7800068855285645,-0.2089159190654754
1781039373991803600,27.0288037109375,1.0592403411865234,5.5539870262146,-0.3494149148464203
1781039374011945200,27.0489453125,1.2046263217926023,5.1043901443481445,-0.5705481171607971
1781039374022046500,27.05904638671875,1.2889256477355957,4.9480085372924805,-0.4483750760555267
1781039374032117500,27.069117431640624,1.4648548364639282,4.868596076965332,-0.1942551434040069
1781039374042127000,27.079127197265624,1.7482963800430298,4.836831092834473,-0.0073303831741213
1781039374052198000,27.08919799804687,2.048841953277588,4.820948600769043,0.0109955742955207
1781039374062268700,27.0992685546875,2.261423110961914,4.819726943969727,-0.1160643994808197
1781039374072370200,27.1093701171875,2.3652701377868652,4.825835227966309,-0.2919935882091522
1781039374082410200,27.11941015625,2.4251351356506348,4.846604824066162,-0.4581489264965057
1781039374092511700,27.12951171875,2.487443208694458,4.895473957061768,-0.5900958180427551
1781039374102582500,27.13958251953125,2.563190460205078,4.943121433258057,-0.6719517707824707
1781039374122663200,27.1596630859375,2.6841418743133545,4.853935241699219,-0.6475171446800232
1781039374132764400,27.16976440429687,2.685363531112671,4.640132427215576,-0.5937610268592834
1781039374142835200,27.179835205078124,2.604729413986206,4.3395867347717285,-0.4972442984580993
1781039374152906000,27.189906005859378,2.5057692527770996,4.0158281326293945,-0.3335324227809906
1781039374162976800,27.199976806640624,2.4446825981140137,3.720169305801392,-0.0720821022987365
1781039374173078000,27.210078125,2.5033257007598877,3.4929275512695312,0.2638937830924988
1781039374183179500,27.220179443359378,2.6865854263305664,3.2730159759521484,0.5852088928222656
1781039374193280800,27.23028076171875,2.856405973434448,2.984687566757202,0.7733554244041443
1781039374203321000,27.24032104492187,2.9272663593292236,2.674368143081665,0.7635815739631653
1781039374213422300,27.25042236328125,2.900388240814209,2.3884830474853516,0.513126790523529
1781039374223493000,27.2604931640625,2.797762870788574,2.155132532119751,0.0464257597923278
1781039374233564000,27.27056396484375,2.656042098999023,1.9926424026489256,-0.5265658497810364
1781039374243634700,27.280634765625,2.546086311340332,1.8936822414398191,-1.0873401165008545
1781039374253736000,27.29073583984375,2.470339059829712,1.832595705986023,-1.567480206489563
1781039374263806700,27.300806640625,2.3799309730529785,1.8069393634796145,-1.892460584640503
1781039374273908200,27.310908203125,2.244318962097168,1.8216001987457275,-2.0622811317443848
1781039374283917800,27.320917724609377,2.1148154735565186,1.843591332435608,-2.2259929180145264
1781039374294019300,27.331019287109378,1.9987510442733765,1.825265407562256,-2.426356792449951
1781039374304120600,27.34112060546875,1.8374826908111572,1.7959438562393188,-2.6340508460998535
1781039374314161000,27.35116088867187,1.6187928915023804,1.803274154663086,-2.811201810836792
1781039374324231700,27.361231689453124,1.3903292417526243,1.853365182876587,-2.8881709575653076
1781039374334272000,27.37127197265625,1.215621829032898,1.9181169271469116,-2.841745138168335
1781039374344312300,27.381312255859378,1.0885618925094604,1.9633208513259888,-2.6841418743133545
1781039374354383000,27.391383056640624,0.9676105380058287,1.977981686592102,-2.4239132404327393
1781039374364484400,27.401484375,0.8649851679801941,1.9718730449676511,-2.083050489425659
1781039374374555100,27.41155517578125,0.7782423496246338,1.9327776432037351,-1.7104226350784302
1781039374384626000,27.4216259765625,0.7293730974197388,1.853365182876587,-1.4184291362762451
1781039374394727200,27.43172705078125,0.6878342628479004,1.7385225296020508,-1.2620476484298706
1781039374414899500,27.4518994140625,0.5436700582504272,1.4098769426345823,-1.2522737979888916
1781039374424970200,27.46197021484375,0.4202753007411957,1.2009611129760742,-1.350012183189392
1781039374445111800,27.48211181640625,0.1417207419872284,0.797789990901947,-1.5112806558609009
1781039374455213000,27.492213134765624,0.0733038261532783,0.6279694437980652,-1.538158655166626
1781039374465314300,27.502314208984377,0.0439822971820831,0.2883284091949463,-1.528384804725647
1781039374475385000,27.512385009765627,0.0439822971820831,0.2883284091949463,-1.528384804725647
1781039374495527000,27.53252685546875,-0.0024434609804302,-0.0940732508897781,-1.3145819902420044
1781039374515699000,27.552698974609378,-0.1062905490398407,-0.2846632003784179,-0.977384388446808
1781039374525769700,27.562769775390624,-0.1649336218833923,-0.3897320330142975,-0.7660250067710876
1781039374535840500,27.57284057617187,-0.2272418737411499,-0.50335294008255,-0.5387831330299377
1781039374545911300,27.582911376953124,-0.2919935882091522,-0.6291912198066711,-0.3017674386501312
1781039374556012500,27.593012451171877,-0.3481931984424591,-0.7464773058891296,-0.0769690200686454
1781039374566083300,27.603083251953127,-0.3811798989772796,-0.8600982427597046,0.1148426681756973
1781039374576154400,27.613154296875,-0.4129449129104614,-0.998153805732727,0.2553416788578033
1781039374586194400,27.6231943359375,-0.4605923891067505,-1.1557570695877075,0.3567453026771545
1781039374596296000,27.6332958984375,-0.5143485069274902,-1.3158037662506104,0.4239404797554016
1781039374616437500,27.6534375,-0.6682865619659424,-1.6578882932662964,0.384845107793808
1781039374636548600,27.673548583984378,-0.8112290501594543,-1.9315558671951296,0.2700024247169494
1781039374656720600,27.693720703125,-0.7672467231750488,-2.1038198471069336,0.2321287989616394
1781039374666791400,27.70379150390625,-0.7574729323387146,-2.191784381866455,0.221133217215538
1781039374686933000,27.72393310546875,-0.8515461683273315,-2.3383922576904297,0.1356120854616165
1781039374707074600,27.744074462890627,-0.9285151958465576,-2.367713689804077,-0.0390953756868839
1781039374717145300,27.754145263671877,-0.9419541954994202,-2.3151793479919434,-0.1111774742603302
1781039374727185700,27.764185546875,-0.9199630618095398,-2.2296581268310547,-0.1148426681756973
1781039374737287200,27.774287109375,-0.846659243106842,-2.124589204788208,-0.0720821022987365
1781039374747358000,27.78435791015625,-0.7391469478607178,-2.018298864364624,-0.0061086523346602
1781039374767560400,27.804560546875,-0.4886921942234039,-1.8167132139205933,0.0207694191485643
1781039374787702000,27.824701904296877,-0.351858377456665,-1.6468926668167114,0.0158824957907199
1781039374838025500,27.875025390625,-0.0842994004487991,-1.6823228597640991,0.4899139404296875
1781039374908521200,27.945521240234378,-0.4789183437824249,-3.18749475479126,1.6615535020828247
1781039374928662800,27.96566284179687,-0.504574716091156,-3.5515706539154053,1.7715091705322266
1781039374948774000,27.98577392578125,-0.5656611919403076,-3.878994226455689,1.4978415966033936
1781039374958875100,27.995875244140624,-0.5827654600143433,-3.9816195964813232,1.4343116283416748
1781039375029371000,28.066370849609378,-0.836885392665863,-4.131892681121826,1.9694294929504397
1781039375059613700,28.09661376953125,-1.0690141916275024,-4.295604228973389,1.1105530261993408
1781039375079816400,28.11681640625,-1.0555751323699951,-4.317595481872559,1.0592403411865234
1781039375150342400,28.18734228515625,-0.779464066028595,-4.5240678787231445,0.8649851679801941
1781039375190717200,28.22771728515625,-0.5180137157440186,-4.599815368652344,1.5161675214767456
1781039375200788000,28.2377880859375,-0.4214970171451568,-4.631580352783203,1.6420058012008667
1781039375220960300,28.257960205078124,-0.107512280344963,-4.665788650512695,1.7275269031524658
1781039375231031000,28.268031005859378,-0.067195177078247,-4.646241188049316,1.711644411087036
1781039375271344600,28.3083447265625,-0.3164281845092773,-4.3786821365356445,2.0146336555480957
1781039375281385000,28.318385009765624,-0.3677408695220947,-4.227187633514404,2.285857677459717
1781039375291455700,28.32845581054687,-0.375071257352829,-4.043928146362305,2.4935519695281982
1781039375301557000,28.338556884765627,-0.3824016451835632,-3.8508944511413574,2.5778512954711914
1781039375331769600,28.36876953125,-0.5106833577156067,-3.327993869781494,2.004859685897827
1781039375351941600,28.388941650390624,-0.769690215587616,-3.0531044006347656,1.6566665172576904
1781039375362012400,28.39901245117187,-0.8258898258209229,-2.9492573738098145,1.6481144428253174
1781039375372113700,28.40911376953125,-0.8161159753799438,-2.8319711685180664,1.7324138879776
1781039375382184400,28.419184326171877,-0.7611380815505981,-2.7061331272125244,1.8362609148025513
1781039375392316400,28.42931640625,-0.7049384713172913,-2.5900685787200928,1.909564733505249
1781039375402387200,28.43938720703125,-0.6548475623130798,-2.492330312728882,1.833817481994629
1781039375412488400,28.449488525390624,-0.6291912198066711,-2.4544565677642822,1.490511178970337
1781039375422620400,28.459620361328124,-0.7086036801338196,-2.4837779998779297,0.988379955291748
1781039375432721700,28.4697216796875,-0.8222246170043945,-2.506990909576416,0.5717698931694031
1781039375442823000,28.47982299804687,-0.8759807348251343,-2.5216517448425293,0.351858377456665
1781039375452924200,28.489924072265627,-0.8588765263557434,-2.557081937789917,0.2040289938449859
1781039375463025700,28.500025634765624,-0.8637634515762329,-2.604729413986206,0.1380555480718612
1781039375473127000,28.510126953125,-0.9101892113685608,-2.632829189300537,0.2394591718912124
1781039375493329700,28.53032958984375,-1.0396926403045654,-2.665815830230713,0.7098253965377808
1781039375503431000,28.540430908203124,-0.9920451641082764,-2.6193902492523193,0.9615018963813782
1781039375513532200,28.5505322265625,-0.8649851679801941,-2.516764879226685,1.1068878173828125
1781039375523633400,28.56063330078125,-0.7330383062362671,-2.3799309730529785,1.10444438457489
1781039375533704200,28.5707041015625,-0.6536257863044739,-2.216219186782837,0.9932668805122375
1781039375543836200,28.580836181640624,-0.607200026512146,-2.0512855052948,0.8014551997184753
1781039375553937400,28.5909375,-0.5864306092262268,-1.8839083909988403,0.588874101638794
1781039375564038700,28.60103857421875,-0.6096435189247131,-1.6811012029647827,0.455705463886261
1781039375574170600,28.61117065429687,-0.646295428276062,-1.462411403656006,0.4434881806373596
1781039375584272000,28.62127197265625,-0.6255260109901428,-1.2754865884780884,0.4862487316131592
1781039375594373000,28.631373046875,-0.5937610268592834,-1.123992085456848,0.4581489264965057
1781039375604444200,28.64144409179687,-0.5607742667198181,-1.0286970138549805,0.2638937830924988
1781039375624646700,28.661646728515624,-0.5021312236785889,-1.0286970138549805,-0.3555235862731933
1781039375634748000,28.671747802734377,-0.4300491213798523,-0.979827880859375,-0.6145304441452026
1781039375644849400,28.681849365234378,-0.3494149148464203,-0.8808676600456238,-0.7648032903671265
1781039375665052000,28.702052001953124,-0.2675589919090271,-0.740368664264679,-0.626747727394104
1781039375675153200,28.712153076171877,-0.1857030391693115,-0.7232644557952881,-0.4214970171451568
1781039375685254700,28.72225463867187,-0.1099557429552078,-0.7232644557952881,-0.2638937830924988
1781039375695356000,28.73235595703125,-0.0561996027827262,-0.7232644557952881,-0.1734857261180877
1781039375745832000,28.78283203125,0.2089159190654754,-0.2541199326515198,0.2455678284168243
1781039375796186000,28.83318603515625,0.0146607663482427,-0.0073303831741213,0.0794124826788902
1781039375866742500,28.903742431640627,-0.051312681287527,-0.0219911485910415,0.3066543638706207
1781039375927137000,28.964136962890624,0.0439822971820831,-0.3469714522361755,0.4312708675861358
1781039375977552000,29.0145517578125,-0.1698205322027206,-0.0280998013913631,0.0329867228865623
1781039375997724200,29.03472412109375,-0.1795943826436996,0.0390953756868839,-0.0891863256692886
1781039376007795000,29.044794921875,-0.1881465017795562,0.0733038261532783,-0.1759291887283325
1781039376017865700,29.05486572265625,-0.1637118905782699,0.2040289938449859,-0.3090978264808655
1781039376027936500,29.0649365234375,-0.1502728462219238,0.2871066629886627,-0.3555235862731933
1781039376037976800,29.074976806640624,-0.1637118905782699,0.3628539443016052,-0.4166100919246673
1781039376048017200,29.08501708984375,-0.1747074574232101,0.4068362414836883,-0.4569272100925445
1781039376058088000,29.095087890625,-0.167377084493637,0.4129449129104614,-0.4728097021579742
1781039376068158700,29.10515869140625,-0.1514945775270462,0.4007275998592376,-0.4386012554168701
1781039376078229500,29.1152294921875,-0.1185078546404838,0.3787364661693573,-0.3628539443016052
1781039376088269800,29.125269775390624,-0.0855211317539215,0.3677408695220947,-0.2480112910270691
1781039376108472300,29.145472412109378,-0.0158824957907199,0.3262020349502563,-0.1221730485558509
1781039376148786200,29.1857861328125,-0.1111774742603302,0.1857030391693115,-0.2162462919950485
1781039376209241300,29.246241455078124,-0.0574213340878486,0.1123992055654525,0.2076941877603531
1781039376279706600,29.31670654296875,0.0415388382971286,0.1771509200334549,-0.2455678284168243
1781039376299878700,29.336878662109378,-0.0232128798961639,0.2138028293848037,-0.0928515195846557
1781039376340161800,29.377161865234378,0.0794124826788902,0.3604104816913605,0.280998021364212
1781039376420636700,29.45763671875,0.1123992055654525,0.1441642045974731,0.4728097021579742
1781039376460889300,29.49788940429687,0.1111774742603302,0.0427605658769607,0.0574213340878486
1781039376470990600,29.507990478515627,0.1001818999648094,0.0171042270958423,0.1160643994808197
1781039376481031000,29.518031005859378,0.1148426681756973,-0.0476474873721599,0.2223549485206604
1781039376491101700,29.528101806640624,0.1490511149168014,-0.0965167060494422,0.3640756905078888
1781039376501172500,29.53817236328125,0.1844813078641891,-0.1282816976308822,0.5057964324951172
1781039376531354400,29.568354248046877,0.2467895597219467,-0.2761110961437225,0.4386012554168701
1781039376541425200,29.578425048828127,0.2858849465847015,-0.2651155292987823,0.2993239760398865
1781039376551496000,29.588495849609377,0.3213151097297668,-0.2174680233001709,0.1392772793769836
1781039376561567000,29.59856689453125,0.3225368559360504,-0.1527163088321685,-0.0073303831741213
1781039376571668200,29.608668212890624,0.3078760802745819,-0.0696386396884918,-0.0745255574584007
1781039376581769500,29.61876953125,0.3029891550540924,0.0158824957907199,-0.0561996027827262
1781039376591840300,29.62884033203125,0.3054326176643371,0.0769690200686454,-0.0073303831741213
1781039376622052600,29.659052490234377,0.3457497358322143,0.2675589919090271,0.0403171069920063
1781039376642194200,29.679194091796877,0.3958406746387481,0.4667010605335235,-0.2919935882091522
1781039376652295700,29.68929565429687,0.3811798989772796,0.5962044596672058,-0.4923573732376098
1781039376662366500,29.699366455078124,0.3347541689872741,0.7782423496246338,-0.5852088928222656
1781039376682477600,29.7194775390625,0.351858377456665,1.1032226085662842,-0.513126790523529
1781039376692518000,29.729517822265624,0.4227187633514404,1.2486085891723633,-0.4349360466003418
1781039376702588700,29.73958862304687,0.4972442984580993,1.4184291362762451,-0.4105014503002167
1781039376732801000,29.769801025390624,0.5742133259773254,1.874134540557861,-1.0250319242477417
1781039376742902300,29.77990234375,0.5290092825889587,2.0024163722991943,-1.3463469743728638
1781039376752973000,29.78997314453125,0.452040284872055,2.087937355041504,-1.6615535020828247
1781039376763074300,29.80007421875,0.361632227897644,2.109928607940674,-1.93766450881958
1781039376773175800,29.81017578125,0.2761110961437225,2.0696115493774414,-2.1587977409362793
1781039376783216000,29.820216064453124,0.2101376503705978,1.9804251194000244,-2.312735795974731
1781039376793317400,29.8303173828125,0.1514945775270462,1.870469331741333,-2.3689353466033936
1781039376803388200,29.84038818359375,0.0965167060494422,1.7544050216674805,-2.2931880950927734
1781039376853772500,29.8907724609375,0.2626720666885376,1.5344934463500977,-0.2956587672233581
1781039376863843600,29.900843505859378,0.2797762751579284,1.6481144428253174,-0.0647517144680023
1781039376873914400,29.910914306640624,0.2651155292987823,1.825265407562256,0.0280998013913631
1781039376883985200,29.92098510742187,0.2419026345014572,2.0341813564300537,-0.0073303831741213
1781039376894086400,29.93108642578125,0.2186897546052932,2.2540926933288574,-0.1502728462219238
1781039376964704000,30.0017041015625,0.5791002511978149,3.6199874877929688,-1.2657127380371094
1781039377025159400,30.062159423828124,1.0629055500030518,4.648684501647949,-0.8417723178863525
1781039377035230200,30.072230224609378,1.205847978591919,4.7696356773376465,-0.7122688889503479
1781039377045301000,30.082301025390624,1.3829989433288574,4.890587329864502,-0.6646214127540588
1781039377055371800,30.09237182617187,1.568701982498169,5.018868923187256,-0.6792821288108826
1781039377065412000,30.102412109375,1.7360789775848389,5.144707202911377,-0.7464773058891296
1781039377145978400,30.182978271484377,2.177123785018921,5.4672441482543945,-1.0592403411865234
1781039377156049200,30.193049072265627,2.207667112350464,5.550321578979492,-0.8063421249389648
1781039377186261800,30.22326171875,2.3848178386688232,5.524665355682373,-0.2138028293848037
1781039377246747400,30.283747314453127,3.393967390060425,4.8783698081970215,-0.2284636050462722
1781039377266919700,30.303919677734378,3.202155590057373,4.59492826461792,-0.0610865242779254
1781039377287091700,30.324091796875,2.9834659099578857,4.205196380615234,0.2919935882091522
1781039377297162500,30.33416259765625,2.9553661346435547,4.034153938293457,0.4410447180271148
1781039377307264000,30.344263916015624,2.973691940307617,3.838677167892456,0.5351179838180542
1781039377317334800,30.35433471679687,2.9688050746917725,3.608991861343384,0.5290092825889587
1781039377327436000,30.36443603515625,2.8991663455963135,3.38297176361084,0.4056145250797272
1781039377337506800,30.3745068359375,2.774549961090088,3.1703906059265137,0.2003637999296188
1781039377347547100,30.384547119140624,2.632829189300537,2.961474657058716,-0.0561996027827262
1781039377357648400,30.3946484375,2.4935519695281982,2.7562239170074463,-0.3237585723400116
1781039377438306300,30.475306396484378,1.7800613641738892,1.7189748287200928,-0.6414085030555725
1781039377448407600,30.485407470703127,1.6896532773971558,1.606575608253479,-0.656069278717041
1781039377458509000,30.495509033203124,1.5112806558609009,1.4917329549789429,-0.7122688889503479
1781039377468579800,30.505579833984378,1.2486085891723633,1.3768903017044067,-0.7550294399261475
1781039377478681000,30.51568115234375,0.9321803450584412,1.2498302459716797,-0.7538077235221863
1781039377488751900,30.525751953125,0.2993239760398865,0.8747590184211731,-0.6890559792518616
1781039377529187600,30.5661875,-0.0342084541916847,-0.0354301854968071,0.1905899494886398
1781039377539289000,30.5762890625,-0.0952949747443199,-0.2015855312347412,0.4838052690029144
1781039377549390300,30.586390380859378,-0.2736676335334778,-0.3579670190811157,0.7183775305747986
