time,seconds_elapsed,y,z,x
1780530658662095600,0.685095703125,11.34000015258789,-31.61999893188477,-11.81999969482422
1780530658672136000,0.695135986328125,12.179999351501465,-32.52000045776367,-11.639999389648438
1780530658692308000,0.715307861328125,13.619999885559082,-30.779998779296875,-12.779999732971191
1780530658702378800,0.725378662109375,15.179999351501465,-29.63999938964844,-12.300000190734863
1780530658752824300,0.77582421875,21.420000076293945,-28.01999855041504,-12.179999351501465
1780530658783097900,0.806097900390625,24.65999984741211,-26.939998626708984,-11.279999732971191
1780530658793168600,0.816168701171875,26.34000015258789,-26.21999931335449,-10.800000190734863
1780530658803209000,0.826208984375,26.279998779296875,-26.57999992370605,-10.800000190734863
1780530658823381000,0.846381103515625,26.76000022888184,-25.979999542236328,-10.31999969482422
1780530658833482500,0.856482421875,26.099998474121094,-26.69999885559082,-9.779999732971191
1780530658843583700,0.866583740234375,26.69999885559082,-26.399999618530277,-8.9399995803833
1780530658883927800,0.906927734375,26.399999618530277,-25.5,-8.639999389648438
1780530658904130600,0.927130615234375,25.3799991607666,-25.5,-8.579999923706055
1780530658914231800,0.937231689453125,24.959999084472656,-25.799999237060547,-8.880000114440918
1780530658924333300,0.947333251953125,24.71999931335449,-25.13999938964844,-8.279999732971191
1780530658934373400,0.957373291015625,24.65999984741211,-25.19999885559082,-8.09999942779541
1780530658984819000,1.00781884765625,22.799999237060547,-27.18000030517578,-7.859999656677246
1780530658994889700,1.0178896484375,23.279998779296875,-27.299999237060547,-7.440000057220459
1780530659015062000,1.03806201171875,23.34000015258789,-26.8799991607666,-7.259999752044678
1780530659045335300,1.068335205078125,23.34000015258789,-24.53999900817871,-7.139999866485596
1780530659065507600,1.088507568359375,23.81999969482422,-25.739999771118164,-7.139999866485596
1780530659105882400,1.12888232421875,24.959999084472656,-26.76000022888184,-6.659999847412109
1780530659126084900,1.1490849609375,25.61999893188477,-25.739999771118164,-6.059999942779541
1780530659136186000,1.15918603515625,26.76000022888184,-24.959999084472656,-5.87999963760376
1780530659146287600,1.16928759765625,27.420000076293945,-24.65999984741211,-5.940000057220459
1780530659156388900,1.179388916015625,28.07999992370605,-24.71999931335449,-6.179999828338623
1780530659176591600,1.199591552734375,28.979999542236328,-25.01999855041504,-5.579999923706055
1780530659186631700,1.209631591796875,30.11999893188477,-24.84000015258789,-4.739999771118164
1780530659237169000,1.2601689453125,36.119998931884766,-24.779998779296875,4.619999885559082
1780530659247270100,1.270270263671875,36.41999816894531,-24.479999542236328,6.960000038146973
1780530659297777000,1.32077685546875,33.959999084472656,-22.799999237060547,25.01999855041504
1780530659388688600,1.411688720703125,12.65999984741211,-13.019999504089355,39.47999954223633
1780530659398790000,1.421789794921875,10.800000190734863,-13.25999927520752,39.59999847412109
1780530659439195400,1.4621953125,3.299999952316284,-12.239999771118164,39.05999755859375
1780530659459398000,1.48239794921875,0.959999978542328,-11.09999942779541,39.23999786376953
1780530659489702000,1.512701904296875,-0.7199999690055847,-9.779999732971191,37.79999923706055
1780530659530076700,1.55307666015625,-4.019999980926514,-9.59999942779541,35.70000076293945
1780530659540178000,1.563177978515625,-3.839999914169312,-10.139999389648438,35.099998474121094
1780530659590531800,1.61353173828125,-4.559999942779541,-12.059999465942385,32.939998626708984
1780530659610734600,1.633734619140625,-4.5,-14.09999942779541,32.939998626708984
1780530659620805400,1.643805419921875,-5.21999979019165,-14.09999942779541,32.81999969482422
1780530659650987300,1.6739873046875,-6.059999942779541,-17.100000381469727,31.01999855041504
1780530659711381500,1.734381591796875,-7.37999963760376,-25.01999855041504,32.279998779296875
1780530659721452300,1.744452392578125,-7.919999599456787,-25.920000076293945,32.70000076293945
1780530659741593900,1.76459375,-9.59999942779541,-27.0,33.23999786376953
1780530659761766100,1.78476611328125,-10.739999771118164,-26.279998779296875,35.34000015258789
1780530659771837000,1.7948369140625,-10.679999351501465,-26.279998779296875,36.41999816894531
1780530659781938200,1.804938232421875,-10.019999504089355,-26.63999938964844,37.86000061035156
1780530659791978500,1.814978515625,-8.699999809265137,-27.0,38.63999938964844
1780530659842393600,1.8653935546875,-7.139999866485596,-21.65999984741211,40.2599983215332
1780530659852434000,1.875433837890625,-6.659999847412109,-20.100000381469727,39.959999084472656
1780530659862535200,1.88553515625,-5.460000038146973,-17.8799991607666,40.619998931884766
1780530659872606000,1.89560595703125,-4.139999866485596,-15.960000038146973,40.5
1780530659882676700,1.9056767578125,-3.240000009536743,-14.81999969482422,40.55999755859375
1780530659892747500,1.91574755859375,-2.5799999237060547,-12.899999618530272,40.86000061035156
1780530659912950300,1.9359501953125,-1.4399999380111694,-10.800000190734863,39.77999877929688
1780530659923021000,1.94602099609375,0.0599999986588954,-10.019999504089355,39.29999923706055
1780530659933122300,1.956122314453125,1.9799998998641968,-9.899999618530272,39.119998931884766
1780530659943193000,1.966193115234375,5.039999961853027,-9.59999942779541,39.77999877929688
1780530659953294300,1.97629443359375,5.819999694824219,-9.0,38.93999862670898
1780530659963365000,1.986365234375,7.859999656677246,-8.09999942779541,39.0
1780530659983506700,2.006506591796875,11.460000038146973,-7.319999694824219,37.68000030517578
1780530659993608200,2.016608154296875,13.799999237060549,-7.37999963760376,37.43999862670898
1780530660003709400,2.02670947265625,16.020000457763672,-7.259999752044678,36.540000915527344
1780530660013780200,2.0367802734375,17.69999885559082,-7.199999809265137,36.05999755859375
1780530660023881500,2.046881591796875,19.439998626708984,-7.619999885559082,34.91999816894531
1780530660044084200,2.067084228515625,21.65999984741211,-6.059999942779541,32.7599983215332
1780530660054155000,2.077155029296875,22.739999771118164,-5.460000038146973,32.21999740600586
1780530660064256300,2.08725634765625,24.71999931335449,-6.059999942779541,32.040000915527344
1780530660084367400,2.107367431640625,28.559999465942383,-7.5,30.11999893188477
1780530660094438100,2.117438232421875,30.53999900817871,-8.399999618530273,28.979999542236328
1780530660114549200,2.13754931640625,32.52000045776367,-9.479999542236328,26.51999855041504
1780530660124650500,2.147650390625,34.07999801635742,-9.539999961853027,26.21999931335449
1780530660134721300,2.15772119140625,34.91999816894531,-9.539999961853027,25.3799991607666
1780530660154832400,2.177832275390625,36.0,-9.059999465942385,23.57999992370605
1780530660164903200,2.187903076171875,36.59999847412109,-9.420000076293944,22.799999237060547
1780530660175004700,2.198004638671875,37.07999801635742,-9.779999732971191,22.439998626708984
1780530660185106000,2.20810595703125,37.55999755859375,-9.84000015258789,22.61999893188477
1780530660235521000,2.25852099609375,36.89999771118164,-7.919999599456787,22.920000076293945
1780530660245591800,2.268591796875,37.91999816894531,-8.220000267028809,23.81999969482422
1780530660265794300,2.288794189453125,37.79999923706055,-6.899999618530273,25.68000030517578
1780530660275865000,2.298864990234375,37.73999786376953,-7.559999942779541,27.239999771118164
1780530660285935900,2.308935791015625,36.23999786376953,-7.619999885559082,28.61999893188477
1780530660296007000,2.3190068359375,35.459999084472656,-8.579999923706055,29.279998779296875
1780530660306077700,2.32907763671875,34.20000076293945,-8.819999694824219,30.059999465942383
1780530660316148500,2.3391484375,32.63999938964844,-8.220000267028809,31.439998626708984
1780530660326219300,2.34921923828125,30.65999984741211,-7.5,32.7599983215332
1780530660336290000,2.3592900390625,29.399999618530277,-7.079999923706055,34.31999969482422
1780530660346391300,2.369391357421875,27.059999465942383,-5.400000095367432,35.880001068115234
1780530660356462000,2.379462158203125,25.68000030517578,-5.159999847412109,36.65999984741211
1780530660366532900,2.389532958984375,23.69999885559082,-5.21999979019165,37.2599983215332
1780530660376603600,2.399603759765625,21.65999984741211,-4.799999713897705,38.459999084472656
1780530660386674400,2.40967431640625,19.739999771118164,-5.579999923706055,38.7599983215332
1780530660396745200,2.4197451171875,17.459999084472656,-5.699999809265137,38.63999938964844
1780530660406816000,2.42981591796875,16.31999969482422,-7.019999980926514,39.05999755859375
1780530660416887000,2.439886962890625,14.399999618530272,-7.980000019073486,39.0
1780530660426927000,2.449927001953125,13.019999504089355,-9.84000015258789,39.0
1780530660437028600,2.460028564453125,11.279999732971191,-11.279999732971191,39.05999755859375
1780530660447099400,2.470099365234375,9.59999942779541,-11.34000015258789,39.18000030517578
1780530660457200600,2.48020068359375,8.15999984741211,-11.699999809265137,38.34000015258789
1780530660517717000,2.540717041015625,3.839999914169312,-11.039999961853027,38.040000915527344
1780530660547990500,2.570990478515625,2.039999961853028,-11.81999969482422,35.34000015258789
1780530660608537300,2.631537353515625,2.1599998474121094,-12.960000038146973,33.23999786376953
1780530660699388200,2.72238818359375,-4.920000076293945,-19.3799991607666,30.899999618530277
1780530660709398000,2.73239794921875,-4.920000076293945,-20.76000022888184,30.959999084472656
1780530660790086400,2.81308642578125,-6.539999961853027,-29.8799991607666,33.41999816894531
1780530660880845600,2.903845458984375,-3.7799999713897705,-22.68000030517578,39.36000061035156
1780530660931260700,2.9542607421875,-1.6799999475479126,-17.34000015258789,39.36000061035156
1780530660981706200,3.004706298828125,3.299999952316284,-11.460000038146973,39.36000061035156
1780530661062303200,3.08530322265625,14.34000015258789,-8.399999618530273,37.02000045776367
1780530661072404500,3.095404541015625,15.239999771118164,-8.279999732971191,36.23999786376953
1780530661102678000,3.125677978515625,19.799999237060547,-7.859999656677246,34.79999923706055
1780530661132951300,3.155951416015625,23.279998779296875,-10.079999923706056,32.63999938964844
1780530661153092900,3.1760927734375,25.68000030517578,-12.119999885559082,31.13999938964844
1780530661193345500,3.216345458984375,29.57999992370605,-14.039999961853027,28.5
1780530661233659400,3.256659423828125,32.939998626708984,-14.34000015258789,27.299999237060547
1780530661243760600,3.2667607421875,33.47999954223633,-14.279999732971191,27.11999893188477
1780530661253831400,3.27683154296875,33.89999771118164,-15.059999465942385,26.939998626708984
1780530661263902200,3.286902099609375,34.439998626708984,-14.699999809265137,27.11999893188477
1780530661284043800,3.307043701171875,34.02000045776367,-14.460000038146973,27.479999542236328
1780530661334459000,3.357458984375,32.21999740600586,-12.059999465942385,28.979999542236328
1780530661364671200,3.387671142578125,30.239999771118164,-9.59999942779541,32.459999084472656
1780530661435258600,3.458258544921875,21.53999900817871,-6.299999713897705,36.77999877929688
1780530661485704000,3.508703857421875,13.799999237060549,-8.819999694824219,38.7599983215332
1780530661495775000,3.51877490234375,11.880000114440918,-10.31999969482422,39.119998931884766
1780530661505876200,3.528876220703125,11.219999313354492,-11.15999984741211,39.65999984741211
1780530661546189800,3.56918994140625,6.0,-7.37999963760376,39.05999755859375
1780530661576463400,3.59946337890625,4.019999980926514,-9.779999732971191,38.09999847412109
1780530661606767400,3.629767333984375,3.359999895095825,-9.719999313354492,36.540000915527344
1780530661616838100,3.639838134765625,3.7799999713897705,-10.31999969482422,36.18000030517578
1780530661626939400,3.649939453125,3.5999999046325684,-10.739999771118164,36.0
1780530661667314200,3.690314208984375,3.659999847412109,-11.880000114440918,36.0
1780530661677415400,3.70041552734375,2.879999876022339,-11.460000038146973,36.0
1780530661687517000,3.710516845703125,2.220000028610229,-11.039999961853027,36.36000061035156
1780530661727952600,3.75095263671875,-0.5399999618530273,-15.420000076293944,35.099998474121094
1780530661738054000,3.761053955078125,-1.559999942779541,-16.020000457763672,35.7599983215332
1780530661748155100,3.771155029296875,-2.639999866485596,-17.520000457763672,35.39999771118164
1780530661758256600,3.781256591796875,-3.9599997997283936,-18.420000076293945,35.39999771118164
1780530661768358000,3.79135791015625,-4.619999885559082,-19.13999938964844,35.81999969482422
1780530661788530000,3.811530029296875,-5.87999963760376,-20.399999618530277,37.13999938964844
1780530661798631400,3.82163134765625,-5.460000038146973,-21.35999870300293,38.21999740600586
1780530661808702200,3.8317021484375,-5.87999963760376,-22.31999969482422,38.27999877929688
1780530661818803500,3.841803466796875,-6.659999847412109,-23.03999900817871,38.63999938964844
1780530661828904700,3.85190478515625,-6.119999885559082,-23.51999855041504,39.59999847412109
1780530661839006000,3.862005859375,-6.539999961853027,-23.03999900817871,40.43999862670898
1780530661849107500,3.872107421875,-7.079999923706055,-23.76000022888184,41.52000045776367
1780530661859239200,3.8822392578125,-7.199999809265137,-24.059999465942383,42.77999877929688
1780530661909684700,3.932684814453125,-6.960000038146973,-22.439998626708984,42.77999877929688
1780530661980424400,4.003424560546875,-5.159999847412109,-15.960000038146973,39.59999847412109
1780530661990526000,4.01352587890625,-4.559999942779541,-14.399999618530272,38.87999725341797
1780530662071306000,4.094305908203125,8.460000038146973,-4.980000019073486,34.2599983215332
1780530662081407200,4.1044072265625,9.960000038146973,-4.5,34.31999969482422
1780530662091508500,4.114508544921875,11.699999809265137,-2.639999866485596,33.84000015258789
1780530662101609700,4.124609619140625,13.199999809265137,-2.3399999141693115,33.84000015258789
1780530662111711200,4.134711181640625,14.460000038146973,-1.319999933242798,33.18000030517578
1780530662121812500,4.1448125,16.619998931884766,-0.5399999618530273,33.47999954223633
1780530662131913700,4.154913818359375,18.600000381469727,-2.039999961853028,33.0
1780530662182328800,4.205328857421875,24.71999931335449,-4.380000114440918,30.65999984741211
1780530662272996600,4.29599658203125,31.26000022888184,-8.399999618530273,26.69999885559082
1780530662343461600,4.366461669921875,30.65999984741211,-6.71999979019165,28.26000022888184
1780530662353563000,4.37656298828125,30.65999984741211,-6.71999979019165,28.559999465942383
1780530662363664400,4.386664306640625,30.11999893188477,-8.279999732971191,29.15999984741211
1780530662393846300,4.41684619140625,28.5,-9.479999542236328,31.67999839782715
1780530662403947500,4.426947509765625,27.53999900817871,-9.65999984741211,32.52000045776367
1780530662414048800,4.437048828125,26.34000015258789,-8.699999809265137,32.939998626708984
1780530662424119600,4.44711962890625,23.69999885559082,-8.579999923706055,32.880001068115234
1780530662434190300,4.4571904296875,23.100000381469727,-8.279999732971191,34.31999969482422
1780530662444291600,4.46729150390625,21.18000030517578,-8.399999618530273,34.91999816894531
1780530662454362600,4.477362548828125,19.5,-8.399999618530273,34.91999816894531
1780530662464433400,4.487433349609375,19.07999992370605,-8.460000038146973,36.0
1780530662474504200,4.497504150390625,17.459999084472656,-8.760000228881836,36.05999755859375
1780530662484605400,4.50760546875,15.899999618530272,-7.319999694824219,36.59999847412109
1780530662534959400,4.55795947265625,9.960000038146973,-9.539999961853027,38.39999771118164
1780530662595414800,4.618414794921875,2.819999933242798,-6.659999847412109,36.59999847412109
1780530662655900700,4.678900634765625,2.039999961853028,-9.84000015258789,32.939998626708984
1780530662665971500,4.688971435546875,2.220000028610229,-11.039999961853027,32.880001068115234
1780530662676072700,4.69907275390625,2.0999999046325684,-11.519999504089355,32.57999801635742
1780530662696214300,4.71921435546875,1.559999942779541,-12.179999351501465,31.31999969482422
1780530662706254600,4.729254638671875,1.559999942779541,-10.979999542236328,30.35999870300293
1780530662716355800,4.73935595703125,0.7199999690055847,-10.559999465942385,30.17999839782715
1780530662726426600,4.749426513671875,0.0,-9.84000015258789,30.420000076293945
1780530662736528100,4.759528076171875,0.1199999973177909,-10.31999969482422,30.53999900817871
1780530662746568200,4.769568115234375,-0.2999999821186065,-11.81999969482422,30.65999984741211
1780530662756669700,4.779669677734375,-0.1199999973177909,-13.019999504089355,30.84000015258789
1780530662766771000,4.78977099609375,-0.3599999845027923,-14.519999504089355,30.059999465942383
1780530662776872200,4.7998720703125,-0.959999978542328,-15.719999313354492,29.69999885559082
1780530662807115300,4.830115234375,-4.319999694824219,-18.65999984741211,28.68000030517578
1780530662817155600,4.840155517578125,-5.639999866485596,-19.68000030517578,28.739999771118164
1780530662827226400,4.850226318359375,-6.480000019073486,-20.34000015258789,28.559999465942383
1780530662837297200,4.860297119140625,-7.440000057220459,-21.600000381469727,28.85999870300293
1780530662847398400,4.8703984375,-7.619999885559082,-23.8799991607666,29.279998779296875
1780530662857469200,4.88046923828125,-8.819999694824219,-24.53999900817871,28.85999870300293
1780530662867509500,4.890509521484375,-9.119999885559082,-26.03999900817871,29.15999984741211
1780530662917894000,4.940893798828125,-10.979999542236328,-28.85999870300293,34.380001068115234
1780530662938035700,4.96103564453125,-10.4399995803833,-28.559999465942383,37.43999862670898
1780530662948075800,4.97107568359375,-10.380000114440918,-27.84000015258789,37.31999969482422
1780530662958238200,4.98123828125,-9.960000038146973,-27.53999900817871,37.68000030517578
1780530662968339500,4.99133935546875,-10.199999809265137,-26.76000022888184,37.55999755859375
1780530662978441000,5.00144091796875,-10.139999389648438,-25.61999893188477,37.73999786376953
1780530663028734000,5.05173388671875,-6.659999847412109,-19.31999969482422,39.18000030517578
1780530663038835200,5.061835205078125,-6.239999771118164,-18.18000030517578,38.459999084472656
1780530663048875500,5.07187548828125,-4.199999809265137,-17.03999900817871,38.70000076293945
1780530663058976800,5.081976806640625,-2.819999933242798,-16.440000534057617,38.09999847412109
1780530663069017000,5.09201708984375,-2.220000028610229,-15.719999313354492,37.73999786376953
1780530663079118300,5.102118408203125,-0.2999999821186065,-14.9399995803833,37.97999954223633
1780530663089189000,5.112189208984375,-0.4799999892711639,-13.739999771118164,37.86000061035156
1780530663099260000,5.122260009765625,0.7199999690055847,-12.420000076293944,37.97999954223633
1780530663109300200,5.13230029296875,2.039999961853028,-11.579999923706056,37.55999755859375
1780530663159715300,5.18271533203125,9.059999465942385,-8.460000038146973,36.0
1780530663169816600,5.192816650390625,10.559999465942385,-8.15999984741211,35.939998626708984
1780530663179887400,5.202887451171875,12.779999732971191,-8.09999942779541,35.81999969482422
1780530663200029000,5.22302880859375,16.619998931884766,-7.019999980926514,35.279998779296875
1780530663210099700,5.233099609375,17.520000457763672,-7.019999980926514,34.13999938964844
1780530663240373200,5.263373291015625,20.69999885559082,-8.220000267028809,32.279998779296875
1780530663270646800,5.293646728515625,24.18000030517578,-8.880000114440918,30.65999984741211
1780530663280717600,5.303717529296875,25.19999885559082,-7.739999771118164,30.11999893188477
1780530663310990800,5.333990966796875,28.85999870300293,-9.179999351501465,27.35999870300293
1780530663341294800,5.364294921875,29.15999984741211,-9.899999618530272,25.01999855041504
1780530663351396000,5.37439599609375,30.0,-10.859999656677246,25.31999969482422
1780530663361497600,5.38449755859375,31.31999969482422,-11.9399995803833,24.71999931335449
1780530663371568400,5.394568359375,32.880001068115234,-12.239999771118164,24.899999618530277
1780530663381669600,5.404669677734375,34.07999801635742,-12.239999771118164,25.68000030517578
1780530663391710000,5.4147099609375,34.55999755859375,-12.479999542236328,25.31999969482422
1780530663401719800,5.4247197265625,34.07999801635742,-11.09999942779541,25.13999938964844
1780530663411821000,5.434821044921875,33.0,-10.679999351501465,25.559999465942383
1780530663431962600,5.454962646484375,33.84000015258789,-10.559999465942385,25.739999771118164
1780530663442033400,5.465033447265625,33.65999984741211,-10.380000114440918,26.939998626708984
1780530663452134700,5.475134765625,34.380001068115234,-10.920000076293944,27.599998474121094
1780530663472307000,5.495306884765625,31.61999893188477,-9.65999984741211,30.239999771118164
1780530663482377700,5.505377685546875,31.559999465942383,-10.739999771118164,30.84000015258789
1780530663492479000,5.51547900390625,30.0,-9.359999656677246,31.67999839782715
1780530663502549800,5.5255498046875,28.01999855041504,-9.179999351501465,32.21999740600586
1780530663512651000,5.535651123046875,26.8799991607666,-9.179999351501465,32.279998779296875
1780530663522721800,5.5457216796875,25.3799991607666,-8.639999389648438,33.23999786376953
1780530663532823300,5.5558232421875,24.059999465942383,-9.59999942779541,34.380001068115234
1780530663542894000,5.56589404296875,23.459999084472656,-10.260000228881836,35.57999801635742
1780530663552964900,5.57596484375,22.020000457763672,-10.739999771118164,36.89999771118164
1780530663563035600,5.58603564453125,20.15999984741211,-10.619999885559082,37.5
1780530663613450800,5.63645068359375,11.81999969482422,-8.760000228881836,38.70000076293945
1780530663623552000,5.646552001953125,10.380000114440918,-9.719999313354492,38.09999847412109
1780530663684068400,5.707068359375,6.539999961853027,-10.4399995803833,36.89999771118164
1780530663694169600,5.717169677734375,6.71999979019165,-10.260000228881836,36.77999877929688
1780530663704270800,5.727270751953125,6.599999904632568,-10.739999771118164,36.05999755859375
1780530663714341600,5.737341552734375,4.739999771118164,-11.219999313354492,35.459999084472656
1780530663724412700,5.74741259765625,5.400000095367432,-12.059999465942385,36.0
1780530663734514000,5.757513916015625,4.559999942779541,-13.25999927520752,35.099998474121094
1780530663744584700,5.767584716796875,4.679999828338623,-13.739999771118164,34.91999816894531
1780530663754655500,5.777655517578125,6.119999885559082,-14.579999923706056,34.55999755859375
1780530663784929000,5.807928955078125,4.739999771118164,-15.59999942779541,32.81999969482422
1780530663794999800,5.817999755859375,4.019999980926514,-15.539999961853027,33.29999923706055
1780530663815141400,5.838141357421875,4.259999752044678,-15.420000076293944,33.540000915527344
1780530663825212200,5.848212158203125,4.319999694824219,-15.779999732971191,33.779998779296875
1780530663835313400,5.8583134765625,3.240000009536743,-15.59999942779541,33.05999755859375
1780530663845384200,5.86838427734375,3.059999942779541,-16.739999771118164,33.41999816894531
1780530663855455000,5.878455078125,1.1999999284744265,-15.359999656677246,33.47999954223633
1780530663885728500,5.908728515625,-1.079999923706055,-16.19999885559082,35.15999984741211
1780530663895768800,5.918768798828125,-1.7999999523162842,-17.15999984741211,35.459999084472656
1780530663946214400,5.96921435546875,-7.679999828338623,-22.020000457763672,36.77999877929688
1780530663956285200,5.97928515625,-7.079999923706055,-22.5,38.27999877929688
1780530663996598800,6.019598876953125,-9.239999771118164,-23.459999084472656,39.77999877929688
1780530664047044400,6.07004443359375,-10.559999465942385,-21.71999931335449,41.27999877929688
1780530664057145600,6.0801455078125,-11.15999984741211,-20.34000015258789,40.68000030517578
1780530664067186000,6.09018603515625,-11.15999984741211,-19.26000022888184,40.37999725341797
1780530664077287400,6.100287353515625,-10.979999542236328,-18.059999465942383,39.959999084472656
1780530664097490000,6.120489990234375,-9.179999351501465,-18.18000030517578,40.43999862670898
1780530664107530200,6.1305302734375,-9.239999771118164,-16.19999885559082,40.2599983215332
1780530664117631500,6.140631591796875,-8.09999942779541,-15.839999198913574,39.89999771118164
1780530664127733000,6.15073291015625,-7.559999942779541,-15.359999656677246,38.87999725341797
1780530664147935500,6.170935546875,-4.139999866485596,-14.81999969482422,38.15999984741211
1780530664158036700,6.18103662109375,-3.359999895095825,-13.859999656677246,38.15999984741211
1780530664168138200,6.19113818359375,-1.9799998998641968,-13.25999927520752,37.86000061035156
1780530664178239500,6.201239501953125,-1.0199999809265137,-12.59999942779541,37.5
1780530664188340700,6.2113408203125,0.2399999946355819,-12.0,37.73999786376953
1780530664198442000,6.22144189453125,1.7400000095367432,-11.219999313354492,37.2599983215332
1780530664208543500,6.23154345703125,3.119999885559082,-9.779999732971191,37.5
1780530664228715500,6.251715576171875,5.579999923706055,-9.059999465942385,36.84000015258789
1780530664238816800,6.261816650390625,6.359999656677246,-9.0,36.84000015258789
1780530664248918300,6.271918212890625,7.559999942779541,-9.420000076293944,35.81999969482422
1780530664259050000,6.282050048828125,10.019999504089355,-9.179999351501465,35.279998779296875
1780530664269182000,6.292181884765625,11.579999923706056,-9.239999771118164,34.73999786376953
1780530664289354000,6.31235400390625,15.779999732971191,-10.139999389648438,33.65999984741211
1780530664299485700,6.322485595703125,16.619998931884766,-8.880000114440918,33.119998931884766
1780530664309587200,6.332587158203125,17.279998779296875,-8.819999694824219,32.7599983215332
1780530664319688400,6.3426884765625,18.420000076293945,-9.0,32.279998779296875
1780530664329789700,6.352789794921875,19.799999237060547,-9.300000190734863,31.979999542236328
1780530664339891000,6.362890869140625,21.479999542236328,-10.800000190734863,31.5
1780530664350023000,6.37302294921875,22.61999893188477,-11.519999504089355,30.479999542236328
1780530664430803000,6.453802978515625,27.959999084472656,-13.4399995803833,27.71999931335449
1780530664481340200,6.504340087890625,29.76000022888184,-14.81999969482422,28.799999237060547
1780530664491441400,6.51444140625,29.76000022888184,-14.81999969482422,29.34000015258789
1780530664511644000,6.534643798828125,28.739999771118164,-13.619999885559082,29.76000022888184
1780530664531846700,6.5548466796875,28.01999855041504,-11.34000015258789,31.26000022888184
1780530664541978400,6.564978271484375,27.959999084472656,-10.260000228881836,32.34000015258789
1780530664552080000,6.575079833984375,27.059999465942383,-10.559999465942385,32.939998626708984
1780530664562181000,6.58518115234375,26.63999938964844,-11.519999504089355,33.47999954223633
1780530664572282400,6.595282470703125,25.31999969482422,-11.399999618530272,34.2599983215332
1780530664582383900,6.6053837890625,23.939998626708984,-11.519999504089355,34.13999938964844
1780530664592515600,6.615515625,22.31999969482422,-10.559999465942385,34.55999755859375
1780530664602616800,6.625616943359375,21.059999465942383,-9.300000190734863,34.97999954223633
1780530664612718300,6.63571826171875,19.5,-8.039999961853027,35.39999771118164
1780530664622789000,6.6457890625,18.18000030517578,-8.639999389648438,36.59999847412109
1780530664632920800,6.6559208984375,16.85999870300293,-9.65999984741211,37.2599983215332
1780530664643022000,6.66602197265625,14.75999927520752,-11.34000015258789,37.31999969482422
1780530664663255300,6.68625537109375,12.420000076293944,-11.219999313354492,37.91999816894531
1780530664683458000,6.7064580078125,9.479999542236328,-9.420000076293944,38.70000076293945
1780530664703660500,6.72666064453125,7.980000019073486,-10.4399995803833,37.91999816894531
1780530664713761800,6.73676171875,8.039999961853027,-11.09999942779541,37.86000061035156
1780530664723863300,6.74686328125,7.079999923706055,-11.9399995803833,37.5
1780530664733964500,6.756964599609375,5.639999866485596,-11.460000038146973,37.619998931884766
1780530664754167300,6.777167236328125,4.559999942779541,-10.619999885559082,37.2599983215332
1780530664764268500,6.7872685546875,4.319999694824219,-10.920000076293944,36.65999984741211
1780530664774369800,6.797369873046875,3.9599997997283936,-11.519999504089355,36.23999786376953
1780530664784471000,6.807470947265625,3.240000009536743,-12.539999961853027,35.63999938964844
1780530664794572500,6.817572509765625,3.179999828338623,-13.5,35.21999740600586
1780530664804643300,6.827643310546875,3.119999885559082,-12.779999732971191,35.15999984741211
1780530664814683600,6.83768359375,2.5799999237060547,-12.59999942779541,35.279998779296875
1780530664824785000,6.847784912109375,2.5799999237060547,-12.539999961853027,35.57999801635742
1780530664834855700,6.857855712890625,2.5799999237060547,-12.420000076293944,34.91999816894531
1780530664844896000,6.86789599609375,2.3399999141693115,-13.139999389648438,34.5
1780530664854966800,6.877966796875,2.879999876022339,-13.679999351501465,33.540000915527344
1780530664865037600,6.88803759765625,2.5799999237060547,-14.039999961853027,32.7599983215332
1780530664875138800,6.898138916015625,2.2799999713897705,-14.34000015258789,33.0
1780530664945665000,6.9686650390625,-2.039999961853028,-19.68000030517578,31.979999542236328
1780530664996019000,7.01901904296875,-5.039999961853027,-23.100000381469727,33.65999984741211
1780530665086625800,7.109625732421875,-8.519999504089355,-25.3799991607666,38.27999877929688
1780530665096727000,7.11972705078125,-9.239999771118164,-24.959999084472656,38.34000015258789
1780530665106737000,7.12973681640625,-8.579999923706055,-24.779998779296875,39.05999755859375
1780530665116807700,7.1398076171875,-8.880000114440918,-24.11999893188477,39.47999954223633
1780530665126909000,7.149908935546875,-8.699999809265137,-23.21999931335449,39.84000015258789
1780530665146981000,7.169981201171875,-8.220000267028809,-21.299999237060547,40.02000045776367
1780530665157082400,7.180082275390625,-7.919999599456787,-20.399999618530277,39.89999771118164
1780530665167153200,7.190153076171875,-6.960000038146973,-19.26000022888184,39.36000061035156
1780530665177224000,7.200223876953125,-6.420000076293945,-18.479999542236328,39.23999786376953
1780530665197396000,7.22039599609375,-4.259999752044678,-15.479999542236328,39.47999954223633
1780530665207497500,7.23049755859375,-3.059999942779541,-13.920000076293944,40.07999801635742
1780530665217598700,7.2405986328125,-2.2799999713897705,-12.84000015258789,40.13999938964844
1780530665227639000,7.25063916015625,-2.639999866485596,-11.699999809265137,39.59999847412109
1780530665237709800,7.260709716796875,-1.6799999475479126,-10.079999923706056,39.540000915527344
1780530665257821000,7.280821044921875,0.7199999690055847,-8.760000228881836,38.15999984741211
1780530665267922200,7.290922119140625,2.759999990463257,-8.880000114440918,37.13999938964844
1780530665277993000,7.300992919921875,3.0,-9.119999885559082,36.36000061035156
1780530665308205300,7.331205322265625,8.09999942779541,-9.539999961853027,36.05999755859375
1780530665318276000,7.341276123046875,9.960000038146973,-9.479999542236328,35.880001068115234
1780530665328347000,7.351346923828125,11.09999942779541,-8.399999618530273,35.81999969482422
1780530665338417700,7.361417724609375,11.880000114440918,-9.179999351501465,35.040000915527344
1780530665348519200,7.371519287109375,13.139999389648438,-9.539999961853027,33.779998779296875
1780530665358590000,7.38158984375,14.399999618530272,-10.019999504089355,33.05999755859375
1780530665368691200,7.391691162109375,15.420000076293944,-11.639999389648438,32.70000076293945
1780530665378792400,7.40179248046875,17.459999084472656,-12.420000076293944,32.81999969482422
1780530665398934000,7.42193408203125,20.57999992370605,-11.639999389648438,33.05999755859375
1780530665409005000,7.432005126953125,21.779998779296875,-11.219999313354492,32.34000015258789
1780530665419106300,7.442106201171875,22.739999771118164,-10.199999809265137,31.559999465942383
1780530665429177000,7.452177001953125,22.739999771118164,-10.920000076293944,30.71999931335449
1780530665459420000,7.482419921875,26.279998779296875,-13.979999542236328,28.979999542236328
1780530665469490700,7.49249072265625,27.84000015258789,-14.699999809265137,29.03999900817871
1780530665489693400,7.512693359375,28.26000022888184,-14.75999927520752,28.920000076293945
1780530665529976600,7.5529765625,28.739999771118164,-12.779999732971191,29.81999969482422
1780530665540047400,7.56304736328125,29.76000022888184,-12.359999656677246,30.059999465942383
1780530665550148600,7.573148681640625,29.51999855041504,-13.199999809265137,30.059999465942383
1780530665560219600,7.5832197265625,30.239999771118164,-13.199999809265137,30.65999984741211
1780530665580422100,7.603422119140625,28.5,-13.739999771118164,29.459999084472656
1780530665610604000,7.63360400390625,26.76000022888184,-11.880000114440918,30.779998779296875
1780530665681191200,7.704191162109375,19.920000076293945,-9.719999313354492,34.91999816894531
1780530665691292400,7.71429248046875,17.399999618530273,-9.479999542236328,36.36000061035156
1780530665721474300,7.744474365234375,14.399999618530272,-11.75999927520752,37.55999755859375
1780530665731545300,7.75454541015625,14.039999961853027,-13.4399995803833,37.20000076293945
1780530665741616000,7.7646162109375,13.31999969482422,-12.960000038146973,37.31999969482422
1780530665751717400,7.77471728515625,12.179999351501465,-12.84000015258789,36.959999084472656
1780530665771920000,7.794919921875,9.539999961853027,-11.460000038146973,37.20000076293945
1780530665781990700,7.80499072265625,7.619999885559082,-10.859999656677246,36.65999984741211
1780530665792061700,7.815061767578125,6.539999961853027,-10.859999656677246,36.77999877929688
1780530665802132500,7.825132568359375,5.039999961853027,-9.539999961853027,35.939998626708984
1780530665812233700,7.835233642578125,5.519999980926514,-9.65999984741211,36.71999740600586
1780530665832375300,7.855375244140625,5.279999732971191,-9.960000038146973,36.77999877929688
1780530665842446000,7.865446044921875,3.9599997997283936,-11.279999732971191,36.18000030517578
1780530665852516900,7.875516845703125,3.539999961853028,-11.279999732971191,35.57999801635742
1780530665862557200,7.88555712890625,4.440000057220459,-11.15999984741211,35.459999084472656
1780530665872628000,7.8956279296875,4.199999809265137,-11.699999809265137,34.91999816894531
1780530665902901500,7.925901611328125,3.7799999713897705,-10.920000076293944,36.23999786376953
1780530665923012600,7.9460126953125,3.659999847412109,-11.09999942779541,35.57999801635742
1780530665953255400,7.97625537109375,2.1599998474121094,-13.979999542236328,32.880001068115234
1780530665963326200,7.986326171875,2.2799999713897705,-14.219999313354492,32.939998626708984
1780530665973427500,7.996427490234375,2.5799999237060547,-15.059999465942385,33.0
1780530665983498200,8.006498291015625,1.559999942779541,-14.279999732971191,33.0
1780530666064125700,8.087125732421875,-1.559999942779541,-20.939998626708984,35.81999969482422
1780530666074196500,8.097196533203125,-3.059999942779541,-21.65999984741211,36.47999954223633
1780530666084267300,8.107267333984375,-3.539999961853028,-23.21999931335449,36.23999786376953
1780530666094338300,8.11733837890625,-3.359999895095825,-25.31999969482422,36.65999984741211
1780530666104409000,8.1274091796875,-2.4600000381469727,-24.35999870300293,37.79999923706055
1780530666114510300,8.13751025390625,-2.93999981880188,-25.01999855041504,37.5
1780530666124550700,8.147550537109375,-2.3399999141693115,-24.35999870300293,39.119998931884766
1780530666174996200,8.197996337890626,-6.960000038146973,-21.84000015258789,41.459999084472656
1780530666185036500,8.20803662109375,-5.579999923706055,-21.65999984741211,41.93999862670898
1780530666195107300,8.218107421875,-6.420000076293945,-19.979999542236328,42.18000030517578
1780530666205178000,8.22817822265625,-6.899999618530273,-19.31999969482422,40.97999954223633
1780530666215249000,8.238248779296875,-5.519999980926514,-18.84000015258789,41.21999740600586
1780530666225258500,8.248258544921875,-4.859999656677246,-18.0,41.27999877929688
1780530666235329300,8.258329345703125,-4.079999923706055,-16.68000030517578,40.97999954223633
1780530666245400300,8.268400390625,-2.039999961853028,-15.839999198913574,40.79999923706055
1780530666255471000,8.27847119140625,-1.9799998998641968,-15.359999656677246,39.71999740600586
1780530666265511200,8.28851123046875,-1.6200000047683716,-13.4399995803833,39.36000061035156
1780530666275612700,8.29861279296875,0.0599999986588954,-13.739999771118164,38.63999938964844
1780530666285714000,8.3087138671875,0.0599999986588954,-12.059999465942385,38.39999771118164
1780530666295784700,8.31878466796875,1.1399999856948853,-10.979999542236328,38.27999877929688
1780530666305825000,8.328824951171875,1.4399999380111694,-10.5,38.52000045776367
1780530666315895800,8.338895751953125,1.6799999475479126,-9.420000076293944,38.459999084472656
1780530666325966600,8.348966552734375,3.5999999046325684,-9.479999542236328,38.70000076293945
1780530666336037400,8.359037353515625,4.440000057220459,-9.0,38.39999771118164
1780530666346077700,8.36907763671875,6.0,-8.880000114440918,37.20000076293945
1780530666356118000,8.379117919921875,7.139999866485596,-8.760000228881836,36.41999816894531
1780530666366158300,8.389158447265626,8.279999732971191,-8.519999504089355,35.880001068115234
1780530666376229000,8.39922900390625,10.31999969482422,-7.859999656677246,35.39999771118164
1780530666396401200,8.419401123046875,14.519999504089355,-5.639999866485596,35.939998626708984
1780530666406502400,8.42950244140625,16.079999923706055,-4.980000019073486,35.939998626708984
1780530666416604000,8.43960400390625,17.459999084472656,-4.440000057220459,35.70000076293945
1780530666426674700,8.4496748046875,18.479999542236328,-4.199999809265137,34.97999954223633
1780530666436776000,8.45977587890625,20.520000457763672,-5.87999963760376,34.13999938964844
1780530666446846700,8.4698466796875,22.020000457763672,-6.239999771118164,33.05999755859375
1780530666456887000,8.479886962890625,23.100000381469727,-6.420000076293945,32.57999801635742
1780530666466957800,8.489957763671875,24.479999542236328,-6.420000076293945,32.459999084472656
1780530666487129900,8.5101298828125,26.279998779296875,-4.139999866485596,31.5
1780530666497231400,8.5202314453125,27.899999618530277,-3.299999952316284,31.5
1780530666507302100,8.53030224609375,28.799999237060547,-3.539999961853028,30.779998779296875
1780530666517403400,8.5404033203125,29.399999618530277,-4.259999752044678,30.65999984741211
1780530666527504600,8.550504638671875,30.65999984741211,-5.639999866485596,30.0
1780530666537606000,8.56060595703125,31.13999938964844,-6.839999675750732,29.34000015258789
1780530666547677000,8.570677001953126,31.31999969482422,-6.71999979019165,28.920000076293945
1780530666648537300,8.671537353515625,32.34000015258789,-5.699999809265137,30.299999237060547
1780530666668709600,8.691709716796876,31.19999885559082,-5.759999752044678,31.67999839782715
1780530666759621400,8.782621337890625,21.779998779296875,-5.759999752044678,36.119998931884766
1780530666850563800,8.873563720703125,12.479999542236328,-7.199999809265137,37.55999755859375
1780530666901100800,8.924100830078125,9.899999618530272,-8.220000267028809,36.18000030517578
1780530666911202300,8.934202392578126,9.59999942779541,-9.0,35.7599983215332
1780530666931404800,8.95440478515625,8.579999923706055,-9.479999542236328,35.939998626708984
1780530666961708800,8.984708740234375,8.039999961853027,-10.31999969482422,35.099998474121094
1780530667052620500,9.07562060546875,4.079999923706055,-14.639999389648438,34.5
1780530667072792800,9.095792724609376,3.419999837875366,-17.03999900817871,35.15999984741211
1780530667153633800,9.1766337890625,-0.8999999761581421,-23.15999984741211,39.29999923706055
1780530667234413800,9.257413818359376,-4.199999809265137,-22.31999969482422,42.540000915527344
1780530667284951000,9.307950927734376,-4.559999942779541,-17.579999923706055,40.73999786376953
1780530667335335400,9.35833544921875,-2.3399999141693115,-9.59999942779541,39.119998931884766
1780530667365517300,9.388517333984376,1.1399999856948853,-7.919999599456787,37.619998931884766
1780530667395760400,9.418760498046876,5.819999694824219,-4.559999942779541,38.040000915527344
1780530667436074000,9.459073974609376,8.399999618530273,-3.899999856948853,36.0
1780530667476418300,9.499418212890625,16.079999923706055,-4.019999980926514,35.52000045776367
1780530667496590300,9.51959033203125,17.760000228881836,-4.199999809265137,34.68000030517578
1780530667506661000,9.5296611328125,19.020000457763672,-4.380000114440918,34.07999801635742
1780530667516732000,9.53973193359375,19.31999969482422,-4.199999809265137,33.29999923706055
1780530667526802700,9.549802734375,19.3799991607666,-3.5999999046325684,33.119998931884766
1780530667536904200,9.559904296875,21.299999237060547,-4.139999866485596,32.939998626708984
1780530667546975000,9.56997509765625,22.3799991607666,-3.659999847412109,32.81999969482422
1780530667557045800,9.580045654296876,23.399999618530277,-4.380000114440918,32.81999969482422
1780530667587258000,9.610258056640625,23.76000022888184,-5.279999732971191,31.3799991607666
1780530667597359400,9.620359375,25.3799991607666,-4.980000019073486,31.85999870300293
1780530667607460900,9.6304609375,26.03999900817871,-4.859999656677246,31.67999839782715
1780530667617562000,9.64056201171875,25.439998626708984,-4.739999771118164,31.3799991607666
1780530667637703700,9.66070361328125,27.0,-4.259999752044678,31.559999465942383
1780530667647774500,9.6707744140625,27.959999084472656,-5.099999904632568,32.279998779296875
1780530667657845200,9.68084521484375,28.439998626708984,-5.339999675750732,32.81999969482422
1780530667667916000,9.690916015625,27.239999771118164,-4.920000076293945,33.05999755859375
1780530667677986800,9.70098681640625,26.57999992370605,-5.400000095367432,34.13999938964844
1780530667698159000,9.7211591796875,24.53999900817871,-4.440000057220459,34.31999969482422
1780530667718331100,9.7413310546875,23.8799991607666,-4.980000019073486,35.459999084472656
1780530667728402000,9.75140185546875,22.26000022888184,-4.440000057220459,35.52000045776367
1780530667738503200,9.761503173828125,22.3799991607666,-5.579999923706055,36.18000030517578
1780530667748574000,9.771573974609376,21.35999870300293,-6.539999961853027,36.41999816894531
1780530667758644700,9.781644775390625,20.57999992370605,-6.599999904632568,36.540000915527344
1780530667768715500,9.791715576171876,20.279998779296875,-8.519999504089355,37.31999969482422
1780530667778817000,9.801817138671876,19.26000022888184,-8.399999618530273,38.15999984741211
1780530667788887800,9.8118876953125,18.35999870300293,-8.279999732971191,38.7599983215332
1780530667798958600,9.82195849609375,16.31999969482422,-8.760000228881836,39.29999923706055
1780530667809059800,9.832059814453125,14.81999969482422,-7.739999771118164,39.71999740600586
1780530667819161000,9.8421611328125,13.31999969482422,-6.839999675750732,39.65999984741211
1780530667829231900,9.85223193359375,11.639999389648438,-6.960000038146973,39.41999816894531
1780530667839303000,9.862302978515626,10.5,-6.539999961853027,39.41999816894531
1780530667849404200,9.872404052734376,8.699999809265137,-6.779999732971191,38.87999725341797
1780530667859475000,9.882474853515625,8.399999618530273,-7.619999885559082,39.119998931884766
1780530667869515300,9.892515380859376,7.619999885559082,-6.359999656677246,39.29999923706055
1780530667879616500,9.902616455078125,7.259999752044678,-6.599999904632568,38.34000015258789
1780530667889687300,9.912687255859376,7.37999963760376,-7.259999752044678,38.27999877929688
1780530667899819300,9.9228193359375,6.599999904632568,-7.5,37.68000030517578
1780530667909859300,9.932859375,6.480000019073486,-8.699999809265137,37.07999801635742
1780530667919960800,9.9429609375,6.420000076293945,-9.479999542236328,37.20000076293945
1780530667930031600,9.953031494140625,6.0,-10.139999389648438,37.13999938964844
1780530667990486800,10.01348681640625,7.37999963760376,-10.260000228881836,36.05999755859375
1780530668030831000,10.0538310546875,6.899999618530273,-10.199999809265137,34.97999954223633
1780530668081246200,10.10424609375,6.480000019073486,-10.260000228881836,34.380001068115234
1780530668111489000,10.134489013671876,4.079999923706055,-11.519999504089355,33.71999740600586
1780530668172005400,10.19500537109375,1.8600000143051147,-16.440000534057617,36.959999084472656
1780530668242592500,10.265592529296876,-3.0,-17.81999969482422,41.39999771118164
1780530668313179600,10.3361796875,-6.0,-17.03999900817871,42.71999740600586
1780530668343392300,10.366392333984376,-6.299999713897705,-13.979999542236328,42.41999816894531
1780530668353463000,10.376463134765626,-6.119999885559082,-12.059999465942385,42.18000030517578
1780530668403847400,10.426847412109376,-1.6200000047683716,-12.119999885559082,40.07999801635742
1780530668454232000,10.477232177734376,2.5799999237060547,-10.31999969482422,38.52000045776367
1780530668464272400,10.4872724609375,4.5,-9.479999542236328,37.79999923706055
1780530668474373600,10.49737353515625,6.0,-8.279999732971191,37.5
1780530668484475000,10.507474853515625,6.839999675750732,-6.599999904632568,37.13999938964844
1780530668494545700,10.517545654296876,7.919999599456787,-6.299999713897705,36.23999786376953
1780530668504616400,10.527616455078125,8.9399995803833,-6.71999979019165,36.0
1780530668514718000,10.537718017578126,9.84000015258789,-6.960000038146973,35.7599983215332
1780530668524788700,10.547788818359376,11.579999923706056,-8.15999984741211,35.57999801635742
1780530668544930300,10.567930419921876,14.75999927520752,-8.519999504089355,35.279998779296875
1780530668565102300,10.588102294921876,17.279998779296875,-9.59999942779541,35.459999084472656
1780530668575173000,10.598173095703125,18.299999237060547,-9.899999618530272,34.97999954223633
1780530668585244000,10.608243896484376,18.779998779296875,-10.079999923706056,34.86000061035156
1780530668595345200,10.61834521484375,19.799999237060547,-10.5,33.84000015258789
1780530668605416200,10.628416259765626,20.8799991607666,-10.800000190734863,33.0
1780530668615517400,10.638517333984376,21.53999900817871,-10.859999656677246,32.459999084472656
1780530668625618700,10.64861865234375,23.100000381469727,-10.800000190734863,32.15999984741211
1780530668635659000,10.658658935546876,24.65999984741211,-10.679999351501465,32.39999771118164
1780530668645760300,10.66876025390625,25.61999893188477,-10.559999465942385,32.34000015258789
1780530668726387700,10.7493876953125,29.57999992370605,-10.739999771118164,30.239999771118164
1780530668746529300,10.769529296875,30.84000015258789,-10.079999923706056,30.479999542236328
1780530668756600000,10.77960009765625,31.19999885559082,-10.139999389648438,30.959999084472656
1780530668766640400,10.789640380859376,31.01999855041504,-10.559999465942385,30.84000015258789
1780530668776741600,10.79974169921875,30.35999870300293,-10.559999465942385,31.13999938964844
1780530668786843100,10.809843017578125,30.299999237060547,-10.619999885559082,31.01999855041504
1780530668796914000,10.819913818359376,30.35999870300293,-11.15999984741211,30.899999618530277
1780530668807015200,10.83001513671875,31.439998626708984,-10.859999656677246,31.559999465942383
1780530668817086000,10.8400859375,31.920000076293945,-10.979999542236328,31.67999839782715
1780530668827187200,10.850187255859376,31.920000076293945,-11.399999618530272,32.15999984741211
1780530668837288700,10.860288818359376,30.899999618530277,-10.920000076293944,32.459999084472656
1780530668877632800,10.9006328125,24.899999618530277,-9.300000190734863,34.07999801635742
1780530668887673000,10.910673095703125,23.21999931335449,-8.579999923706055,35.099998474121094
1780530668897774600,10.920774658203126,21.239999771118164,-7.139999866485596,35.81999969482422
1780530668907845400,10.930845458984376,19.799999237060547,-7.139999866485596,37.13999938964844
1780530668917916200,10.940916259765626,18.84000015258789,-6.899999618530273,37.73999786376953
1780530669018563000,11.04156298828125,8.399999618530273,-7.919999599456787,37.86000061035156
1780530669068978200,11.091978271484376,5.460000038146973,-8.819999694824219,37.02000045776367
1780530669079079400,11.102079345703125,4.920000076293945,-8.460000038146973,36.29999923706055
1780530669089150200,11.112150146484376,5.339999675750732,-9.59999942779541,36.0
1780530669109322200,11.132322265625,5.940000057220459,-11.9399995803833,35.70000076293945
1780530669119423700,11.142423828125,6.119999885559082,-13.079999923706056,35.63999938964844
1780530669129494500,11.15249462890625,5.460000038146973,-12.059999465942385,35.70000076293945
1780530669139595800,11.162595703125,5.159999847412109,-12.059999465942385,35.279998779296875
1780530669149697000,11.172697021484376,4.980000019073486,-11.639999389648438,35.099998474121094
1780530669159767800,11.182767822265625,4.380000114440918,-11.279999732971191,35.040000915527344
1780530669169838600,11.192838623046876,4.980000019073486,-12.359999656677246,35.21999740600586
1780530669179940000,11.202940185546876,3.899999856948853,-13.079999923706056,35.15999984741211
1780530669190041300,11.213041259765625,3.419999837875366,-13.799999237060549,35.459999084472656
1780530669200112000,11.223112060546876,3.119999885559082,-15.299999237060549,35.34000015258789
1780530669220314600,11.243314697265625,2.759999990463257,-17.639999389648438,35.39999771118164
1780530669230385700,11.2533857421875,2.039999961853028,-18.299999237060547,35.459999084472656
1780530669240487000,11.26348681640625,1.919999957084656,-19.19999885559082,35.70000076293945
1780530669250588200,11.273588134765625,1.0199999809265137,-17.81999969482422,36.18000030517578
1780530669260659000,11.283658935546876,0.2399999946355819,-17.279998779296875,37.380001068115234
1780530669270760200,11.29376025390625,0.5399999618530273,-17.399999618530273,37.91999816894531
1780530669290932500,11.313932373046876,-0.4199999868869781,-18.11999893188477,38.70000076293945
1780530669301033700,11.32403369140625,-0.3599999845027923,-18.959999084472656,39.36000061035156
1780530669311135000,11.334135009765625,-1.4399999380111694,-18.059999465942383,40.20000076293945
1780530669321205800,11.344205810546876,-1.0199999809265137,-18.239999771118164,41.81999969482422
1780530669381813800,11.404813720703125,-3.4800000190734863,-19.920000076293945,43.91999816894531
1780530669391915000,11.4149150390625,-3.7200000286102295,-19.5,43.97999954223633
1780530669402016500,11.4250166015625,-4.920000076293945,-17.69999885559082,43.79999923706055
1780530669412117800,11.43511767578125,-5.699999809265137,-15.59999942779541,42.89999771118164
1780530669422219000,11.445218994140625,-4.739999771118164,-15.65999984741211,42.47999954223633
1780530669432320300,11.4553203125,-4.679999828338623,-13.679999351501465,42.23999786376953
1780530669442421800,11.465421875,-3.659999847412109,-14.9399995803833,42.18000030517578
1780530669452523000,11.47552294921875,-2.759999990463257,-15.479999542236328,42.119998931884766
1780530669462593800,11.48559375,-1.919999957084656,-13.5,42.119998931884766
1780530669472664600,11.49566455078125,-1.7999999523162842,-13.31999969482422,41.57999801635742
1780530669482765800,11.505765869140625,-2.0999999046325684,-11.880000114440918,40.55999755859375
1780530669492867300,11.515867431640626,-0.959999978542328,-11.09999942779541,40.2599983215332
1780530669502938000,11.525938232421876,-0.2999999821186065,-11.880000114440918,39.77999877929688
1780530669513069800,11.53606982421875,1.2599999904632568,-11.460000038146973,39.77999877929688
1780530669523171000,11.546171142578125,2.3999998569488525,-9.420000076293944,39.71999740600586
1780530669533272600,11.5562724609375,3.119999885559082,-8.639999389648438,39.119998931884766
1780530669553444600,11.576444580078125,6.239999771118164,-7.919999599456787,38.040000915527344
1780530669563545900,11.5865458984375,7.799999713897705,-8.519999504089355,37.91999816894531
1780530669573647400,11.5966474609375,9.65999984741211,-7.440000057220459,38.34000015258789
1780530669583718100,11.60671826171875,10.739999771118164,-5.400000095367432,37.97999954223633
1780530669593789000,11.616788818359376,11.880000114440918,-3.4800000190734863,38.040000915527344
1780530669603890200,11.62689013671875,14.34000015258789,-3.119999885559082,37.07999801635742
1780530669614022100,11.637022216796876,15.839999198913574,-2.639999866485596,36.18000030517578
1780530669634194200,11.657194091796876,21.11999893188477,-4.5,34.86000061035156
1780530669725136600,11.74813671875,31.920000076293945,-6.779999732971191,29.15999984741211
1780530669775643100,11.79864306640625,34.2599983215332,-7.919999599456787,26.459999084472656
1780530669785714000,11.8087138671875,35.040000915527344,-8.699999809265137,26.099998474121094
1780530669795815200,11.818815185546876,35.39999771118164,-8.699999809265137,26.63999938964844
1780530669805916700,11.828916748046876,34.79999923706055,-8.279999732971191,26.76000022888184
1780530669826058200,11.849058349609376,34.68000030517578,-7.199999809265137,28.31999969482422
1780530669836129000,11.85912890625,34.20000076293945,-6.119999885559082,28.26000022888184
1780530669866433000,11.88943310546875,35.52000045776367,-7.5,28.920000076293945
1780530669876503800,11.89950390625,35.57999801635742,-8.639999389648438,29.69999885559082
1780530669886574600,11.90957470703125,33.65999984741211,-7.919999599456787,30.65999984741211
1780530669896645400,11.919645263671876,33.05999755859375,-7.559999942779541,31.739999771118164
1780530669906746600,11.92974658203125,31.26000022888184,-6.059999942779541,32.70000076293945
1780530669916817400,11.9398173828125,29.57999992370605,-4.980000019073486,33.71999740600586
1780530669926888200,11.94988818359375,28.559999465942383,-5.819999694824219,34.79999923706055
1780530669936928500,11.959928466796876,26.399999618530277,-5.579999923706055,35.34000015258789
1780530669946968800,11.96996875,24.65999984741211,-6.599999904632568,35.52000045776367
1780530669967140900,11.990140869140625,22.439998626708984,-7.199999809265137,36.23999786376953
1780530669987252000,12.010251953125,20.57999992370605,-7.980000019073486,37.73999786376953
1780530670007363000,12.030363037109376,18.0,-8.039999961853027,38.52000045776367
1780530670047677000,12.070677001953126,10.739999771118164,-6.480000019073486,38.63999938964844
1780530670067787800,12.090787841796876,10.5,-6.960000038146973,39.59999847412109
1780530670098030800,12.12103076171875,7.980000019073486,-9.239999771118164,38.52000045776367
1780530670118203000,12.141202880859376,6.420000076293945,-9.059999465942385,37.20000076293945
1780530670138375200,12.161375244140626,6.359999656677246,-9.84000015258789,37.07999801635742
1780530670158516700,12.181516845703126,7.139999866485596,-10.859999656677246,36.41999816894531
1780530670168618000,12.191617919921876,7.259999752044678,-10.739999771118164,35.52000045776367
1780530670178658300,12.201658203125,6.420000076293945,-10.859999656677246,35.34000015258789
1780530670219033000,12.242033203125,5.819999694824219,-11.34000015258789,36.119998931884766
1780530670229103900,12.252103759765625,4.920000076293945,-11.699999809265137,36.0
1780530670239174700,12.262174560546876,5.039999961853027,-11.880000114440918,35.57999801635742
1780530670249245400,12.272245361328125,3.659999847412109,-11.399999618530272,34.73999786376953
1780530670259316200,12.282316162109376,1.7999999523162842,-12.059999465942385,34.5
1780530670269387000,12.292386962890625,0.5999999642372131,-11.639999389648438,34.68000030517578
1780530670279457800,12.302457763671876,-1.079999923706055,-11.279999732971191,34.91999816894531
1780530670299599400,12.322599365234376,-1.2599999904632568,-12.65999984741211,35.7599983215332
1780530670319741000,12.342740966796876,-1.5,-15.179999351501465,35.34000015258789
1780530670329811700,12.352811767578125,-1.559999942779541,-16.020000457763672,36.0
1780530670370125600,12.39312548828125,-4.5,-17.940000534057617,36.89999771118164
1780530670380226800,12.403226806640625,-4.5,-19.61999893188477,36.89999771118164
1780530670390297600,12.413297607421876,-4.139999866485596,-20.8799991607666,38.459999084472656
1780530670460915500,12.48391552734375,-7.440000057220459,-19.26000022888184,41.21999740600586
1780530670481057000,12.50405712890625,-7.37999963760376,-17.279998779296875,40.86000061035156
1780530670491127800,12.5141279296875,-7.259999752044678,-16.799999237060547,40.5
1780530670501198600,12.524198486328125,-6.299999713897705,-16.3799991607666,40.13999938964844
1780530670521340200,12.544340087890625,-6.179999828338623,-15.059999465942385,39.540000915527344
1780530670531441400,12.55444140625,-5.279999732971191,-14.34000015258789,39.36000061035156
1780530670541481700,12.564481689453125,-4.319999694824219,-13.5,39.36000061035156
1780530670551552500,12.574552490234376,-3.179999828338623,-12.719999313354492,38.459999084472656
1780530670561592800,12.5845927734375,-0.8999999761581421,-12.65999984741211,38.63999938964844
1780530670571694000,12.594694091796876,-0.1199999973177909,-12.65999984741211,38.34000015258789
1780530670581764900,12.604764892578125,0.6599999666213989,-12.420000076293944,38.15999984741211
1780530670591835600,12.614835693359376,1.6799999475479126,-11.9399995803833,38.57999801635742
1780530670642250800,12.665250732421876,7.919999599456787,-8.519999504089355,37.86000061035156
1780530670652321500,12.675321533203125,9.479999542236328,-8.279999732971191,37.5
1780530670672463000,12.695463134765625,11.699999809265137,-7.739999771118164,37.2599983215332
1780530670682534000,12.705533935546876,13.799999237060549,-7.619999885559082,37.02000045776367
1780530670692604700,12.715604736328125,15.539999961853027,-8.09999942779541,36.23999786376953
1780530670702645000,12.72564501953125,16.619998931884766,-8.279999732971191,35.459999084472656
1780530670712715800,12.7357158203125,18.239999771118164,-9.359999656677246,34.68000030517578
1780530670722817300,12.7458173828125,19.26000022888184,-10.019999504089355,34.31999969482422
1780530670732888000,12.75588818359375,21.35999870300293,-9.59999942779541,34.380001068115234
1780530670742928400,12.765928466796876,23.03999900817871,-9.899999618530272,34.2599983215332
1780530670753029600,12.776029541015625,24.299999237060547,-9.59999942779541,34.20000076293945
1780530670763070000,12.786070068359376,24.299999237060547,-9.119999885559082,33.84000015258789
1780530670773171200,12.796171142578125,24.479999542236328,-9.300000190734863,33.47999954223633
1780530670783150300,12.806150390625,25.26000022888184,-9.059999465942385,33.23999786376953
1780530670823433700,12.846433837890626,29.099998474121094,-10.019999504089355,32.040000915527344
1780530670833535000,12.856534912109376,29.76000022888184,-11.039999961853027,31.67999839782715
1780530670843636200,12.86663623046875,30.479999542236328,-11.880000114440918,31.799999237060547
1780530670863808500,12.88680859375,30.65999984741211,-11.399999618530272,32.52000045776367
1780530670873909800,12.89690966796875,30.53999900817871,-10.920000076293944,32.880001068115234
1780530670884011000,12.907010986328125,29.81999969482422,-10.979999542236328,32.34000015258789
1780530670894112300,12.9171123046875,29.81999969482422,-12.420000076293944,31.61999893188477
1780530670904152600,12.927152587890625,30.35999870300293,-12.779999732971191,32.099998474121094
1780530670914254000,12.937254150390626,30.299999237060547,-11.9399995803833,32.70000076293945
1780530670924324900,12.947324951171876,30.779998779296875,-12.179999351501465,32.880001068115234
1780530670934395600,12.957395751953126,30.0,-10.199999809265137,33.47999954223633
1780530670954598100,12.97759814453125,29.15999984741211,-11.34000015258789,33.779998779296875
1780530670974739700,12.99773974609375,27.420000076293945,-10.139999389648438,33.779998779296875
1780530670984810500,13.007810546875,26.81999969482422,-9.059999465942385,34.380001068115234
1780530670994850800,13.017850830078125,26.399999618530277,-7.440000057220459,34.97999954223633
1780530671004921600,13.027921630859376,25.01999855041504,-6.239999771118164,35.57999801635742
1780530671075325700,13.09832568359375,19.5,-7.919999599456787,37.2599983215332
1780530671085366000,13.108365966796876,18.84000015258789,-8.34000015258789,37.91999816894531
1780530671095436800,13.118436767578125,17.279998779296875,-8.460000038146973,38.52000045776367
1780530671145760300,13.16876025390625,13.559999465942385,-8.039999961853027,36.18000030517578
1780530671186074000,13.20907421875,12.719999313354492,-7.440000057220459,37.86000061035156
1780530671236458500,13.25945849609375,11.09999942779541,-10.139999389648438,35.70000076293945
1780530671276711200,13.299711181640625,9.539999961853027,-11.279999732971191,35.7599983215332
1780530671286812700,13.309812744140626,9.84000015258789,-11.039999961853027,35.81999969482422
1780530671296883500,13.319883544921876,9.239999771118164,-10.619999885559082,34.97999954223633
1780530671306954200,13.329954345703126,8.579999923706055,-10.559999465942385,35.040000915527344
1780530671317025000,13.34002490234375,8.699999809265137,-11.639999389648438,34.86000061035156
1780530671327095800,13.350095703125,7.559999942779541,-12.59999942779541,34.97999954223633
1780530671337136000,13.36013623046875,7.319999694824219,-13.859999656677246,35.459999084472656
1780530671377480200,13.400480224609376,3.179999828338623,-14.399999618530272,37.02000045776367
1780530671387551000,13.410551025390625,2.0999999046325684,-13.979999542236328,37.380001068115234
1780530671397652500,13.420652587890626,0.4199999868869781,-15.179999351501465,38.09999847412109
1780530671407723300,13.43072314453125,1.1399999856948853,-16.619998931884766,38.7599983215332
1780530671427895300,13.450895263671876,0.4199999868869781,-18.420000076293945,39.29999923706055
1780530671437966000,13.460966064453125,0.8399999737739563,-18.0,39.65999984741211
1780530671448067300,13.4710673828125,0.0,-17.520000457763672,40.20000076293945
1780530671458168800,13.4811689453125,-1.0199999809265137,-17.8799991607666,40.31999969482422
1780530671468270000,13.49127001953125,-1.1399999856948853,-17.69999885559082,41.09999847412109
1780530671478371300,13.501371337890625,-0.5399999618530273,-18.35999870300293,41.7599983215332
1780530671488442000,13.511442138671876,-0.8999999761581421,-18.84000015258789,41.52000045776367
1780530671498513000,13.521512939453125,-0.7799999713897705,-18.899999618530277,41.87999725341797
1780530671518715600,13.541715576171876,-2.3999998569488525,-19.020000457763672,41.34000015258789
1780530671548989200,13.5719892578125,-3.9599997997283936,-16.3799991607666,40.97999954223633
1780530671569191700,13.592191650390625,-3.4800000190734863,-14.09999942779541,41.15999984741211
1780530671579232000,13.60223193359375,-3.359999895095825,-13.559999465942385,40.55999755859375
1780530671589333200,13.612333251953125,-3.179999828338623,-11.880000114440918,40.73999786376953
1780530671619637200,13.64263720703125,-1.9799998998641968,-8.579999923706055,39.71999740600586
1780530671639840000,13.662840087890626,-0.0599999986588954,-8.15999984741211,39.47999954223633
1780530671670143700,13.693143798828125,4.619999885559082,-7.919999599456787,39.65999984741211
1780530671680245200,13.703245361328126,5.940000057220459,-6.299999713897705,39.59999847412109
1780530671690346500,13.713346435546876,7.079999923706055,-5.21999979019165,39.0
1780530671700447700,13.72344775390625,8.760000228881836,-5.21999979019165,38.87999725341797
1780530671710549200,13.73354931640625,9.719999313354492,-5.339999675750732,38.27999877929688
1780530671720681000,13.743680908203125,10.979999542236328,-6.779999732971191,37.73999786376953
1780530671730782200,13.7537822265625,12.779999732971191,-7.739999771118164,37.13999938964844
1780530671740883700,13.7638837890625,14.34000015258789,-8.15999984741211,36.18000030517578
1780530671761086200,13.784086181640625,18.239999771118164,-8.579999923706055,35.81999969482422
1780530671771187500,13.7941875,20.100000381469727,-8.880000114440918,36.0
1780530671781289000,13.8042890625,21.239999771118164,-9.239999771118164,35.880001068115234
1780530671791390200,13.81439013671875,23.15999984741211,-9.479999542236328,34.97999954223633
1780530671801522000,13.82452197265625,23.81999969482422,-8.460000038146973,34.13999938964844
1780530671811623400,13.83462353515625,24.299999237060547,-6.899999618530273,33.47999954223633
1780530671821663700,13.844663818359376,25.19999885559082,-6.960000038146973,33.23999786376953
1780530671831795500,13.85479541015625,25.68000030517578,-5.87999963760376,33.23999786376953
1780530671841896700,13.864896728515625,26.51999855041504,-5.579999923706055,33.0
1780530671862130000,13.8851298828125,29.8799991607666,-6.960000038146973,31.739999771118164
1780530671882363100,13.905363037109376,32.39999771118164,-9.65999984741211,31.13999938964844
1780530671892464400,13.91546435546875,32.880001068115234,-9.84000015258789,30.599998474121094
1780530671902535200,13.92553515625,32.70000076293945,-9.479999542236328,30.11999893188477
1780530671912667100,13.935667236328126,33.36000061035156,-9.059999465942385,29.76000022888184
1780530671922768400,13.945768310546876,33.36000061035156,-7.859999656677246,29.459999084472656
1780530671932900000,13.955900146484376,33.36000061035156,-6.599999904632568,29.459999084472656
1780530671943032000,13.966031982421876,34.02000045776367,-7.619999885559082,29.63999938964844
1780530671953133300,13.97613330078125,33.65999984741211,-7.739999771118164,30.11999893188477
1780530671963234600,13.986234619140625,34.380001068115234,-9.179999351501465,30.479999542236328
1780530671973336000,13.996336181640626,34.68000030517578,-10.079999923706056,30.599998474121094
1780530671983406800,14.00640673828125,34.91999816894531,-9.359999656677246,30.959999084472656
1780530671993538600,14.01653857421875,34.439998626708984,-8.279999732971191,31.3799991607666
1780530672003640000,14.02664013671875,34.02000045776367,-7.559999942779541,31.979999542236328
1780530672013741300,14.0367412109375,32.939998626708984,-6.179999828338623,32.81999969482422
1780530672033913300,14.056913330078125,32.279998779296875,-5.519999980926514,34.07999801635742
1780530672044045300,14.06704541015625,30.779998779296875,-4.199999809265137,34.79999923706055
1780530672054177000,14.077177001953125,30.479999542236328,-4.920000076293945,35.70000076293945
1780530672064278300,14.0872783203125,29.34000015258789,-5.639999866485596,36.05999755859375
1780530672074379800,14.0973798828125,27.599998474121094,-6.0,36.71999740600586
1780530672084511500,14.107511474609376,27.11999893188477,-7.37999963760376,37.5
1780530672094612700,14.11761279296875,25.739999771118164,-7.559999942779541,37.31999969482422
1780530672104744700,14.12774462890625,24.779998779296875,-7.859999656677246,37.97999954223633
1780530672114846000,14.137845947265625,23.399999618530277,-8.220000267028809,38.459999084472656
1780530672135048700,14.158048583984376,21.11999893188477,-8.760000228881836,38.81999969482422
1780530672145150000,14.16814990234375,20.15999984741211,-8.880000114440918,38.52000045776367
1780530672175454000,14.198453857421876,17.03999900817871,-8.819999694824219,37.86000061035156
1780530672185555200,14.20855517578125,16.68000030517578,-8.519999504089355,37.73999786376953
1780530672195626000,14.2186259765625,15.359999656677246,-8.639999389648438,37.380001068115234
1780530672205758000,14.228758056640626,13.31999969482422,-8.579999923706055,37.73999786376953
1780530672256295000,14.279294921875,9.239999771118164,-7.980000019073486,36.89999771118164
1780530672266396400,14.289396484375,9.059999465942385,-9.719999313354492,36.65999984741211
1780530672286599000,14.309598876953125,9.239999771118164,-11.460000038146973,36.36000061035156
1780530672306801700,14.3298017578125,9.239999771118164,-11.399999618530272,36.119998931884766
1780530672316903000,14.33990283203125,8.699999809265137,-11.399999618530272,36.29999923706055
1780530672327034600,14.35003466796875,8.220000267028809,-11.09999942779541,36.18000030517578
1780530672347237400,14.3702373046875,6.659999847412109,-11.9399995803833,36.23999786376953
1780530672357338600,14.380338623046876,6.119999885559082,-12.300000190734863,35.81999969482422
1780530672377511000,14.400510986328126,5.21999979019165,-13.619999885559082,35.459999084472656
1780530672387642600,14.410642578125,3.839999914169312,-13.31999969482422,34.97999954223633
1780530672397743900,14.420743896484376,2.5199999809265137,-13.799999237060549,35.15999984741211
1780530672407814700,14.430814697265625,1.6200000047683716,-14.519999504089355,35.459999084472656
1780530672427987000,14.450987060546876,-0.3599999845027923,-16.440000534057617,36.59999847412109
1780530672438057700,14.4610576171875,-0.8999999761581421,-16.979999542236328,36.89999771118164
1780530672448128500,14.47112841796875,-2.4600000381469727,-17.03999900817871,36.41999816894531
1780530672458199300,14.48119921875,-2.700000047683716,-17.8799991607666,36.65999984741211
1780530672468239600,14.491239501953125,-3.059999942779541,-19.31999969482422,37.31999969482422
1780530672478340900,14.5013408203125,-3.899999856948853,-20.279998779296875,37.79999923706055
1780530672498482400,14.521482421875,-4.259999752044678,-22.07999992370605,39.47999954223633
1780530672508583700,14.531583740234376,-4.859999656677246,-21.959999084472656,39.71999740600586
1780530672518624000,14.5416240234375,-5.099999904632568,-22.559999465942383,40.37999725341797
1780530672528725500,14.5517255859375,-5.21999979019165,-22.31999969482422,40.97999954223633
1780530672538796300,14.56179638671875,-7.019999980926514,-21.71999931335449,40.68000030517578
1780530672548897500,14.5718974609375,-7.139999866485596,-22.26000022888184,40.97999954223633
1780530672558968300,14.58196826171875,-7.319999694824219,-21.779998779296875,41.34000015258789
1780530672569039000,14.5920390625,-7.980000019073486,-21.600000381469727,41.27999877929688
1780530672579140400,14.602140380859376,-7.199999809265137,-21.899999618530277,42.23999786376953
1780530672589211100,14.612211181640625,-7.859999656677246,-21.0,41.87999725341797
1780530672629525000,14.65252490234375,-6.839999675750732,-16.739999771118164,40.91999816894531
1780530672639626200,14.662626220703125,-5.819999694824219,-15.899999618530272,40.619998931884766
1780530672649727500,14.6727275390625,-5.339999675750732,-14.460000038146973,39.29999923706055
1780530672659798300,14.68279833984375,-5.159999847412109,-12.239999771118164,38.93999862670898
1780530672679940000,14.702940185546876,-4.440000057220459,-9.239999771118164,38.52000045776367
1780530672690011000,14.713010986328126,-3.7799999713897705,-8.34000015258789,39.0
1780530672710183000,14.733182861328125,-0.6599999666213989,-7.440000057220459,39.84000015258789
1780530672720223200,14.74322314453125,0.0599999986588954,-6.359999656677246,39.23999786376953
1780530672730294000,14.7532939453125,2.2799999713897705,-4.739999771118164,39.18000030517578
1780530672740334300,14.763334228515625,4.139999866485596,-4.559999942779541,37.73999786376953
1780530672750435600,14.773435546875,5.759999752044678,-5.519999980926514,37.5
1780530672760506400,14.78350634765625,8.519999504089355,-5.099999904632568,37.86000061035156
1780530672770607600,14.793607666015625,9.899999618530272,-4.980000019073486,37.43999862670898
1780530672790749400,14.81374951171875,12.960000038146973,-4.5,36.959999084472656
1780530672800820200,14.8238203125,14.399999618530272,-3.839999914169312,36.59999847412109
1780530672820961800,14.8439619140625,17.8799991607666,-4.199999809265137,36.119998931884766
1780530672831063000,14.85406298828125,19.920000076293945,-3.539999961853028,35.81999969482422
1780530672841164300,14.864164306640625,21.239999771118164,-4.5,34.73999786376953
1780530672851235000,14.874235107421876,23.34000015258789,-4.139999866485596,34.55999755859375
1780530672861305900,14.884305908203125,23.8799991607666,-3.7200000286102295,34.07999801635742
1780530672881508600,14.904508544921876,26.63999938964844,-5.159999847412109,33.0
1780530672891609900,14.91460986328125,28.01999855041504,-6.420000076293945,32.34000015258789
1780530672901650200,14.924650146484376,29.939998626708984,-7.440000057220459,31.31999969482422
1780530672911721000,14.934720947265625,31.13999938964844,-7.739999771118164,31.01999855041504
1780530672921822200,14.944822265625,31.799999237060547,-6.960000038146973,30.11999893188477
1780530672992379000,15.01537890625,35.57999801635742,-9.59999942779541,28.739999771118164
1780530673063027200,15.086027099609376,35.459999084472656,-6.71999979019165,30.0
1780530673153847600,15.17684765625,27.11999893188477,-7.319999694824219,37.380001068115234
1780530673163918300,15.18691845703125,26.099998474121094,-7.259999752044678,37.91999816894531
1780530673173989000,15.196989013671876,24.299999237060547,-7.619999885559082,38.34000015258789
1780530673214241800,15.23724169921875,18.18000030517578,-4.980000019073486,39.119998931884766
1780530673224312600,15.2473125,16.979999542236328,-6.119999885559082,39.540000915527344
1780530673264657000,15.287656982421876,13.4399995803833,-8.039999961853027,39.959999084472656
1780530673304940000,15.32793994140625,10.4399995803833,-9.65999984741211,39.05999755859375
1780530673315010800,15.3380107421875,10.559999465942385,-9.719999313354492,38.87999725341797
1780530673335152400,15.35815234375,9.59999942779541,-10.079999923706056,38.040000915527344
1780530673385537000,15.408537109375,7.799999713897705,-10.619999885559082,35.880001068115234
1780530673466195000,15.48919482421875,1.4399999380111694,-13.4399995803833,36.05999755859375
1780530673556862700,15.57986279296875,-2.759999990463257,-18.65999984741211,38.57999801635742
1780530673566933500,15.58993359375,-2.759999990463257,-19.439998626708984,39.119998931884766
1780530673577004300,15.60000439453125,-4.199999809265137,-20.15999984741211,39.71999740600586
1780530673587105500,15.61010546875,-6.420000076293945,-20.459999084472656,39.959999084472656
1780530673597206800,15.620206787109376,-6.779999732971191,-22.020000457763672,39.47999954223633
1780530673607247000,15.6302470703125,-8.09999942779541,-22.3799991607666,40.07999801635742
1780530673617318000,15.64031787109375,-8.460000038146973,-22.439998626708984,40.20000076293945
1780530673647561000,15.67056103515625,-9.59999942779541,-20.279998779296875,41.52000045776367
1780530673667733000,15.69073291015625,-10.019999504089355,-18.18000030517578,41.21999740600586
1780530673677773300,15.700773193359376,-10.139999389648438,-16.920000076293945,41.63999938964844
1780530673687874600,15.71087451171875,-10.199999809265137,-14.460000038146973,41.63999938964844
1780530673697945300,15.7209453125,-9.899999618530272,-12.059999465942385,41.57999801635742
1780530673708016000,15.73101611328125,-9.119999885559082,-11.15999984741211,41.93999862670898
1780530673718087000,15.7410869140625,-7.440000057220459,-10.31999969482422,40.86000061035156
1780530673768502000,15.791501953125,-2.3999998569488525,-9.59999942779541,40.13999938964844
1780530673778603300,15.801603271484376,-1.079999923706055,-7.980000019073486,39.84000015258789
1780530673788674000,15.811674072265625,0.7799999713897705,-6.480000019073486,39.41999816894531
1780530673849099000,15.87209912109375,9.59999942779541,-6.539999961853027,37.79999923706055
1780530673859169800,15.882169677734376,11.519999504089355,-7.259999752044678,37.380001068115234
1780530673869271000,15.89227099609375,13.199999809265137,-5.940000057220459,36.89999771118164
1780530673879372300,15.902372314453125,14.09999942779541,-4.859999656677246,36.65999984741211
1780530673889443000,15.912443115234376,16.079999923706055,-5.039999961853027,36.18000030517578
1780530673899483400,15.9224833984375,18.11999893188477,-5.099999904632568,35.81999969482422
1780530673909585000,15.9325849609375,19.31999969482422,-6.299999713897705,35.57999801635742
1780530673919625000,15.942625,21.420000076293945,-7.5,34.79999923706055
1780530673929695700,15.95269580078125,22.68000030517578,-7.859999656677246,34.68000030517578
1780530673949868000,15.972867919921876,25.85999870300293,-9.239999771118164,33.23999786376953
1780530673969979100,15.992979248046876,27.299999237060547,-8.699999809265137,31.920000076293945
1780530673980019500,16.00301953125,27.71999931335449,-8.039999961853027,31.61999893188477
1780530673990090200,16.01309033203125,28.559999465942383,-7.319999694824219,31.559999465942383
1780530674000161000,16.0231611328125,29.099998474121094,-6.960000038146973,31.13999938964844
1780530674010262300,16.03326220703125,29.8799991607666,-8.039999961853027,30.479999542236328
1780530674020333000,16.0433330078125,30.779998779296875,-7.799999713897705,30.779998779296875
1780530674030434300,16.053434326171875,31.61999893188477,-8.639999389648438,30.239999771118164
1780530674060646700,16.083646728515625,32.7599983215332,-11.219999313354492,30.299999237060547
1780530674080819000,16.10381884765625,31.85999870300293,-10.739999771118164,30.65999984741211
1780530674090920200,16.113920166015625,32.15999984741211,-10.31999969482422,30.959999084472656
1780530674100960500,16.12396044921875,32.21999740600586,-10.380000114440918,31.31999969482422
1780530674111061800,16.134061767578125,31.920000076293945,-9.420000076293944,31.13999938964844
1780530674121132500,16.144132568359375,31.01999855041504,-7.919999599456787,31.799999237060547
1780530674181557500,16.2045576171875,27.899999618530277,-8.699999809265137,35.39999771118164
1780530674191658800,16.21465869140625,26.81999969482422,-9.0,36.05999755859375
1780530674201729500,16.2247294921875,25.3799991607666,-9.0,36.540000915527344
1780530674211830800,16.234830810546875,24.0,-9.119999885559082,37.20000076293945
1780530674221932300,16.244932373046876,22.920000076293945,-8.880000114440918,38.21999740600586
1780530674231972400,16.254972412109375,21.35999870300293,-8.819999694824219,38.39999771118164
1780530674242073900,16.265073974609376,20.21999931335449,-8.460000038146973,38.27999877929688
1780530674262276400,16.2852763671875,17.15999984741211,-8.760000228881836,38.459999084472656
1780530674272377900,16.2953779296875,16.3799991607666,-9.239999771118164,38.7599983215332
1780530674282479000,16.30547900390625,14.75999927520752,-9.899999618530272,39.41999816894531
1780530674292580400,16.315580322265625,14.219999313354492,-9.899999618530272,39.540000915527344
1780530674312722000,16.335721923828125,11.639999389648438,-9.65999984741211,39.36000061035156
1780530674322823200,16.3458232421875,10.5,-9.359999656677246,39.05999755859375
1780530674353066200,16.376066162109375,7.319999694824219,-9.719999313354492,38.52000045776367
1780530674363137000,16.386136962890625,6.359999656677246,-9.719999313354492,38.040000915527344
1780530674383309000,16.40630908203125,5.460000038146973,-10.31999969482422,37.07999801635742
1780530674403481300,16.4264814453125,4.679999828338623,-11.15999984741211,36.29999923706055
1780530674413582600,16.43658251953125,4.319999694824219,-11.460000038146973,36.05999755859375
1780530674423683800,16.446683837890625,3.9599997997283936,-11.579999923706056,35.939998626708984
1780530674433785000,16.45678515625,3.359999895095825,-11.399999618530272,35.57999801635742
1780530674443886600,16.466886474609375,3.299999952316284,-11.519999504089355,34.91999816894531
1780530674453987800,16.47698779296875,2.5199999809265137,-11.9399995803833,34.86000061035156
1780530674464089000,16.487089111328125,1.7400000095367432,-12.119999885559082,34.20000076293945
1780530674474190600,16.497190673828126,1.319999933242798,-12.59999942779541,33.599998474121094
1780530674484291800,16.507291748046875,0.8399999737739563,-13.25999927520752,33.779998779296875
1780530674494423600,16.517423583984375,0.5399999618530273,-13.979999542236328,33.29999923706055
1780530674514626300,16.537626220703125,-0.2999999821186065,-15.119999885559082,33.41999816894531
1780530674524727600,16.5477275390625,-1.0199999809265137,-16.020000457763672,32.7599983215332
1780530674555031600,16.578031494140625,-2.4600000381469727,-18.65999984741211,32.63999938964844
1780530674565132800,16.5881328125,-3.299999952316284,-19.559999465942383,33.119998931884766
1780530674575264800,16.5982646484375,-4.019999980926514,-20.279998779296875,33.23999786376953
1780530674595467300,16.61846728515625,-5.339999675750732,-21.959999084472656,33.540000915527344
1780530674615670000,16.638669921875,-6.659999847412109,-23.100000381469727,34.68000030517578
1780530674656105700,16.679105712890625,-10.019999504089355,-24.71999931335449,36.71999740600586
1780530674666207000,16.68920703125,-10.260000228881836,-24.71999931335449,37.91999816894531
1780530674747109000,16.770109130859375,-9.059999465942385,-18.959999084472656,40.20000076293945
1780530674767342300,16.79034228515625,-7.919999599456787,-16.979999542236328,39.05999755859375
1780530674807747600,16.83074755859375,-2.639999866485596,-12.539999961853027,39.84000015258789
1780530674848183300,16.871183349609375,2.5799999237060547,-8.9399995803833,39.41999816894531
1780530674858315300,16.881315185546875,4.619999885559082,-8.399999618530273,39.119998931884766
1780530674868416500,16.89141650390625,6.299999713897705,-7.980000019073486,38.93999862670898
1780530674878487300,16.9014873046875,8.09999942779541,-7.859999656677246,38.7599983215332
1780530674898690000,16.92168994140625,10.800000190734863,-6.960000038146973,38.34000015258789
1780530674929055000,16.952054931640625,15.539999961853027,-7.440000057220459,37.619998931884766
1780530674949227000,16.97222705078125,19.3799991607666,-7.919999599456787,36.71999740600586
1780530674969429800,16.9924296875,21.600000381469727,-8.579999923706055,35.040000915527344
1780530674979470000,17.002469970703125,23.279998779296875,-9.0,33.84000015258789
1780530674989601800,17.012601806640625,24.71999931335449,-9.239999771118164,33.65999984741211
1780530674999703300,17.022703369140626,25.799999237060547,-10.199999809265137,32.39999771118164
1780530675009804500,17.032804443359375,26.76000022888184,-9.59999942779541,32.040000915527344
1780530675030007000,17.053007080078125,27.779998779296875,-10.019999504089355,30.599998474121094
1780530675040108500,17.063108642578126,27.959999084472656,-9.779999732971191,29.939998626708984
1780530675050209800,17.073209716796875,29.69999885559082,-10.260000228881836,30.0
1780530675060280600,17.083280517578125,31.3799991607666,-10.619999885559082,30.299999237060547
1780530675070381800,17.0933818359375,31.26000022888184,-9.539999961853027,30.059999465942383
1780530675110817800,17.13381787109375,32.15999984741211,-10.679999351501465,29.51999855041504
1780530675120919000,17.1439189453125,32.57999801635742,-11.699999809265137,29.099998474121094
1780530675151192300,17.1741923828125,32.939998626708984,-10.800000190734863,30.0
1780530675161293800,17.1842939453125,32.459999084472656,-9.479999542236328,30.65999984741211
1780530675171364600,17.194364501953125,32.21999740600586,-9.779999732971191,31.01999855041504
1780530675181435400,17.204435302734375,31.979999542236328,-9.84000015258789,31.61999893188477
1780530675191567000,17.214567138671875,31.979999542236328,-9.719999313354492,32.57999801635742
1780530675211708700,17.234708740234375,30.599998474121094,-9.59999942779541,33.36000061035156
1780530675231850500,17.2548505859375,29.69999885559082,-7.619999885559082,34.91999816894531
1780530675241921300,17.26492138671875,28.799999237060547,-7.980000019073486,35.040000915527344
1780530675282204400,17.305204345703125,24.059999465942383,-6.420000076293945,36.89999771118164
1780530675292244700,17.31524462890625,21.84000015258789,-7.079999923706055,37.07999801635742
1780530675302346000,17.325345947265625,19.85999870300293,-7.679999828338623,36.59999847412109
1780530675312447200,17.335447265625,18.299999237060547,-7.619999885559082,36.59999847412109
1780530675322518000,17.34551806640625,17.03999900817871,-7.980000019073486,37.13999938964844
1780530675332558300,17.355558349609375,17.15999984741211,-9.179999351501465,37.31999969482422
1780530675362832000,17.385831787109375,15.960000038146973,-8.880000114440918,38.15999984741211
1780530675372902700,17.395902587890625,14.75999927520752,-7.799999713897705,38.459999084472656
1780530675383004000,17.40600390625,13.019999504089355,-8.639999389648438,37.91999816894531
1780530675393135900,17.416135986328126,10.800000190734863,-9.420000076293944,37.619998931884766
1780530675403206700,17.42620654296875,10.199999809265137,-9.539999961853027,36.65999984741211
1780530675413277400,17.43627734375,9.59999942779541,-9.300000190734863,36.36000061035156
1780530675423378700,17.446378662109375,9.84000015258789,-9.899999618530272,36.18000030517578
1780530675433480000,17.45647998046875,9.119999885559082,-9.059999465942385,36.0
1780530675443581400,17.46658154296875,9.059999465942385,-8.760000228881836,36.84000015258789
1780530675453652200,17.47665234375,8.760000228881836,-9.59999942779541,36.47999954223633
1780530675473824300,17.49682421875,7.679999828338623,-8.880000114440918,36.29999923706055
1780530675524178200,17.54717822265625,7.5,-9.300000190734863,34.619998931884766
1780530675544350500,17.5673505859375,6.659999847412109,-11.519999504089355,34.79999923706055
1780530675554421200,17.577421142578125,5.819999694824219,-10.979999542236328,34.55999755859375
1780530675635109600,17.658109619140625,-0.2999999821186065,-16.799999237060547,35.099998474121094
1780530675645180400,17.668180419921875,-1.5,-16.440000534057617,35.099998474121094
1780530675655281700,17.67828173828125,-1.079999923706055,-17.579999923706055,35.39999771118164
1780530675665383200,17.688383056640625,-1.2599999904632568,-18.600000381469727,35.81999969482422
1780530675675454000,17.698453857421875,-2.4600000381469727,-19.85999870300293,36.23999786376953
1780530675685524700,17.708524658203125,-2.5199999809265137,-21.53999900817871,36.36000061035156
1780530675705696800,17.72869677734375,-4.079999923706055,-21.65999984741211,37.2599983215332
1780530675715798300,17.73879833984375,-5.699999809265137,-20.520000457763672,38.39999771118164
1780530675725869000,17.748869140625,-6.359999656677246,-20.34000015258789,39.29999923706055
1780530675735909000,17.7589091796875,-8.460000038146973,-19.739999771118164,39.959999084472656
1780530675786415900,17.809415771484375,-11.34000015258789,-14.81999969482422,41.52000045776367
1780530675806557400,17.829557373046875,-11.519999504089355,-14.81999969482422,40.20000076293945
1780530675816658700,17.83965869140625,-11.460000038146973,-15.839999198913574,40.2599983215332
1780530675856972500,17.87997265625,-10.979999542236328,-10.079999923706056,40.55999755859375
1780530675907479000,17.93047900390625,-3.9599997997283936,-9.539999961853027,38.52000045776367
1780530675917549800,17.9405498046875,-2.879999876022339,-9.779999732971191,38.81999969482422
1780530675927620600,17.95062060546875,-1.1399999856948853,-9.239999771118164,38.70000076293945
1780530676008248000,18.031248046875,11.09999942779541,-9.239999771118164,36.59999847412109
1780530676018318800,18.04131884765625,13.079999923706056,-9.899999618530272,36.18000030517578
1780530676028420000,18.051420166015625,14.699999809265137,-9.65999984741211,35.52000045776367
1780530676038521600,18.061521484375,16.31999969482422,-9.84000015258789,35.21999740600586
1780530676048622800,18.07162280273437,17.81999969482422,-10.679999351501465,35.040000915527344
1780530676058663200,18.0816630859375,18.779998779296875,-10.859999656677246,34.5
1780530676068825600,18.09182568359375,20.15999984741211,-11.34000015258789,33.779998779296875
1780530676078926800,18.1019267578125,21.600000381469727,-12.0,32.939998626708984
1780530676088997600,18.11199755859375,22.799999237060547,-11.75999927520752,31.85999870300293
1780530676099038000,18.122037841796875,24.059999465942383,-12.179999351501465,31.5
1780530676109139200,18.13213916015625,25.31999969482422,-12.479999542236328,31.13999938964844
1780530676139351600,18.1623515625,28.01999855041504,-12.479999542236328,30.35999870300293
1780530676149453000,18.172453125,28.68000030517578,-12.779999732971191,30.53999900817871
1780530676159554300,18.18255419921875,28.85999870300293,-12.84000015258789,30.35999870300293
1780530676169655600,18.192655517578125,29.69999885559082,-12.960000038146973,30.420000076293945
1780530676179756800,18.2027568359375,30.35999870300293,-12.960000038146973,30.71999931335449
1780530676189858300,18.2128583984375,30.420000076293945,-13.31999969482422,30.599998474121094
1780530676199959600,18.22295947265625,31.19999885559082,-13.619999885559082,31.01999855041504
1780530676210030300,18.2330302734375,31.07999992370605,-13.4399995803833,30.71999931335449
1780530676260415000,18.2834150390625,31.67999839782715,-12.479999542236328,32.459999084472656
1780530676270485800,18.29348583984375,31.439998626708984,-12.300000190734863,33.05999755859375
1780530676280556500,18.303556640625,30.959999084472656,-11.34000015258789,33.23999786376953
1780530676290657800,18.31365771484375,30.17999839782715,-11.219999313354492,33.65999984741211
1780530676341042200,18.364042236328125,25.13999938964844,-9.960000038146973,35.63999938964844
1780530676361245000,18.384244873046875,23.34000015258789,-10.079999923706056,36.29999923706055
1780530676371346200,18.39434619140625,21.84000015258789,-9.59999942779541,36.84000015258789
1780530676381447700,18.40444775390625,20.76000022888184,-10.4399995803833,36.77999877929688
1780530676391518500,18.4145185546875,19.439998626708984,-10.260000228881836,36.59999847412109
1780530676411660000,18.43465991210937,16.31999969482422,-10.019999504089355,36.36000061035156
1780530676421730800,18.444730712890625,14.639999389648438,-8.760000228881836,36.36000061035156
1780530676431801600,18.454801513671875,13.799999237060549,-7.980000019073486,36.71999740600586
1780530676441902800,18.46490283203125,13.25999927520752,-9.65999984741211,35.70000076293945
1780530676452004000,18.475004150390625,12.84000015258789,-8.9399995803833,36.47999954223633
1780530676472146000,18.49514599609375,12.779999732971191,-11.279999732971191,35.7599983215332
1780530676492287500,18.51528759765625,10.859999656677246,-9.899999618530272,36.36000061035156
1780530676502358300,18.525358154296875,9.84000015258789,-9.719999313354492,35.880001068115234
1780530676512459500,18.53545947265625,8.09999942779541,-8.460000038146973,35.57999801635742
1780530676522530300,18.5455302734375,9.059999465942385,-9.0,35.15999984741211
1780530676532631600,18.555631591796875,9.239999771118164,-10.979999542236328,34.5
1780530676542702300,18.565702392578125,8.9399995803833,-11.579999923706056,34.55999755859375
1780530676552773000,18.57577319335937,8.639999389648438,-12.119999885559082,34.86000061035156
1780530676562874600,18.58587451171875,8.09999942779541,-12.779999732971191,34.619998931884766
1780530676572945400,18.5959453125,7.440000057220459,-11.81999969482422,35.040000915527344
1780530676593117400,18.616117431640625,8.039999961853027,-11.9399995803833,35.040000915527344
1780530676603188200,18.626188232421875,6.899999618530273,-10.679999351501465,35.459999084472656
1780530676613259000,18.636259033203125,7.019999980926514,-11.279999732971191,35.279998779296875
1780530676623329800,18.64632983398437,6.71999979019165,-12.65999984741211,35.099998474121094
1780530676633431300,18.656431396484376,5.460000038146973,-11.219999313354492,35.39999771118164
1780530676643502000,18.666502197265626,4.920000076293945,-12.479999542236328,34.619998931884766
1780530676653603300,18.67660327148437,4.739999771118164,-12.59999942779541,34.55999755859375
1780530676734261200,18.75726123046875,-3.359999895095825,-18.0,37.43999862670898
1780530676744332000,18.76733203125,-4.319999694824219,-18.18000030517578,38.21999740600586
1780530676754433300,18.77743334960937,-5.639999866485596,-17.520000457763672,38.34000015258789
1780530676764504300,18.78750439453125,-6.179999828338623,-17.520000457763672,38.87999725341797
1780530676774605600,18.79760546875,-7.199999809265137,-17.15999984741211,39.18000030517578
1780530676814888700,18.837888671875,-9.960000038146973,-19.439998626708984,40.619998931884766
1780530676835091500,18.858091552734376,-9.960000038146973,-18.779998779296875,41.81999969482422
1780530676895546600,18.91854663085937,-11.15999984741211,-12.179999351501465,41.57999801635742
1780530676956032500,18.979032470703125,-4.559999942779541,-9.65999984741211,41.040000915527344
1780530676966103300,18.98910327148437,-3.419999837875366,-9.239999771118164,40.07999801635742
1780530676976174000,18.999174072265625,-2.3999998569488525,-9.359999656677246,39.89999771118164
1780530676986244900,19.009244873046875,-0.6599999666213989,-9.899999618530272,39.23999786376953
1780530676996315600,19.019315673828125,0.1199999973177909,-9.59999942779541,39.47999954223633
1780530677006386400,19.02938647460937,1.5,-10.139999389648438,39.65999984741211
1780530677026528300,19.0495283203125,4.440000057220459,-10.019999504089355,38.70000076293945
1780530677056771000,19.07977099609375,9.59999942779541,-10.4399995803833,36.959999084472656
1780530677066841900,19.089841796875,11.039999961853027,-10.31999969482422,36.84000015258789
1780530677076912600,19.09991259765625,12.719999313354492,-10.079999923706056,36.77999877929688
1780530677086983400,19.1099833984375,14.279999732971191,-8.760000228881836,36.47999954223633
1780530677097084700,19.120084716796875,15.779999732971191,-8.819999694824219,35.63999938964844
1780530677107125000,19.130125,17.8799991607666,-7.739999771118164,35.21999740600586
1780530677117226500,19.1402265625,19.19999885559082,-8.819999694824219,34.619998931884766
1780530677127297300,19.15029736328125,20.8799991607666,-10.260000228881836,33.959999084472656
1780530677137307000,19.160306884765625,21.779998779296875,-9.65999984741211,33.84000015258789
1780530677218056400,19.24105639648437,30.17999839782715,-12.119999885559082,30.959999084472656
1780530677248360400,19.2713603515625,31.01999855041504,-10.979999542236328,30.239999771118164
1780530677258431200,19.28143115234375,31.5,-10.380000114440918,30.65999984741211
1780530677268532500,19.291532470703125,31.01999855041504,-10.260000228881836,30.599998474121094
1780530677298744800,19.321744873046875,30.239999771118164,-9.779999732971191,31.07999992370605
1780530677308876800,19.33187670898437,31.01999855041504,-10.559999465942385,31.920000076293945
1780530677318978000,19.34197802734375,31.979999542236328,-11.219999313354492,32.52000045776367
1780530677329048800,19.352048828125,32.34000015258789,-12.179999351501465,32.459999084472656
1780530677339150000,19.36215014648437,31.85999870300293,-12.059999465942385,32.15999984741211
1780530677349251600,19.37225146484375,30.84000015258789,-11.699999809265137,31.739999771118164
1780530677379464000,19.4024638671875,29.57999992370605,-10.380000114440918,33.36000061035156
1780530677389565200,19.412565185546875,29.03999900817871,-9.479999542236328,34.20000076293945
1780530677399666400,19.42266650390625,27.65999984741211,-8.639999389648438,34.619998931884766
1780530677429940000,19.45293994140625,24.35999870300293,-9.119999885559082,36.29999923706055
1780530677440041200,19.463041259765625,24.479999542236328,-9.84000015258789,37.380001068115234
1780530677450142700,19.473142822265626,22.85999870300293,-10.019999504089355,37.31999969482422
1780530677460244000,19.48324389648437,22.020000457763672,-10.679999351501465,37.55999755859375
1780530677480446500,19.503446533203125,18.959999084472656,-9.59999942779541,38.21999740600586
1780530677490548000,19.5135478515625,18.11999893188477,-9.59999942779541,38.52000045776367
1780530677500649200,19.523649169921875,16.85999870300293,-9.779999732971191,38.459999084472656
1780530677510750500,19.53375048828125,16.079999923706055,-9.479999542236328,38.52000045776367
1780530677520852000,19.54385205078125,15.420000076293944,-10.5,38.7599983215332
1780530677530953200,19.553953125,13.859999656677246,-9.119999885559082,38.81999969482422
1780530677541054500,19.56405444335937,13.019999504089355,-8.880000114440918,38.70000076293945
1780530677551155700,19.57415576171875,12.179999351501465,-8.9399995803833,38.57999801635742
1780530677561226500,19.5842265625,11.039999961853027,-9.420000076293944,38.459999084472656
1780530677571358500,19.5943583984375,10.859999656677246,-10.739999771118164,38.39999771118164
1780530677652230100,19.675230224609376,6.899999618530273,-11.15999984741211,36.47999954223633
1780530677702736600,19.725736572265625,4.739999771118164,-13.139999389648438,35.880001068115234
1780530677712838000,19.735837890625,3.7799999713897705,-12.420000076293944,35.279998779296875
1780530677722939100,19.74593920898437,1.919999957084656,-12.65999984741211,34.619998931884766
1780530677733040600,19.75604052734375,0.5399999618530273,-12.84000015258789,34.380001068115234
1780530677743142000,19.766141845703125,-0.3599999845027923,-14.15999984741211,34.02000045776367
1780530677753273900,19.77627392578125,-0.5999999642372131,-16.31999969482422,34.2599983215332
1780530677763375000,19.786375,-0.3599999845027923,-17.639999389648438,34.91999816894531
1780530677803810800,19.826810791015625,-2.759999990463257,-20.76000022888184,37.02000045776367
1780530677813912000,19.836912109375,-3.659999847412109,-21.479999542236328,37.5
1780530677824013600,19.847013671875,-3.9599997997283936,-21.84000015258789,37.79999923706055
1780530677834145300,19.857145263671875,-4.380000114440918,-22.979999542236328,38.21999740600586
1780530677844246500,19.86724658203125,-4.380000114440918,-23.8799991607666,38.39999771118164
1780530677854378500,19.87737841796875,-4.380000114440918,-24.84000015258789,38.27999877929688
1780530677864479700,19.887479736328125,-5.099999904632568,-25.68000030517578,38.52000045776367
1780530677894783700,19.91778369140625,-7.799999713897705,-24.239999771118164,41.15999984741211
1780530677955391700,19.97839184570313,-10.5,-17.579999923706055,41.15999984741211
1780530677965493000,19.988492919921875,-10.380000114440918,-15.899999618530272,40.91999816894531
1780530677975594200,19.99859423828125,-10.139999389648438,-13.799999237060549,40.02000045776367
1780530677995858000,20.01885791015625,-9.359999656677246,-11.579999923706056,39.540000915527344
1780530678016060700,20.039060791015626,-6.659999847412109,-10.739999771118164,39.84000015258789
1780530678026162000,20.04916186523437,-5.400000095367432,-9.779999732971191,40.02000045776367
1780530678036324400,20.059324462890626,-3.7200000286102295,-9.179999351501465,39.89999771118164
1780530678046425600,20.06942553710937,-2.639999866485596,-8.09999942779541,39.59999847412109
1780530678056496400,20.079496337890625,-1.0199999809265137,-7.679999828338623,39.29999923706055
1780530678066628400,20.08962841796875,0.1799999922513961,-7.679999828338623,38.459999084472656
1780530678076760000,20.099760009765625,1.6200000047683716,-7.199999809265137,37.73999786376953
1780530678086861300,20.109861328125,3.659999847412109,-7.799999713897705,37.07999801635742
1780530678096932000,20.11993212890625,5.639999866485596,-8.09999942779541,36.84000015258789
1780530678107033600,20.13003369140625,7.980000019073486,-7.919999599456787,36.959999084472656
1780530678117134800,20.140134765625,8.519999504089355,-7.980000019073486,36.77999877929688
1780530678127236000,20.15023608398437,10.679999351501465,-7.5,36.23999786376953
1780530678137276400,20.1602763671875,11.75999927520752,-6.839999675750732,35.63999938964844
1780530678147347200,20.17034716796875,12.119999885559082,-6.059999942779541,34.79999923706055
1780530678167519200,20.19051928710937,15.960000038146973,-6.599999904632568,34.380001068115234
1780530678187691500,20.21069140625,20.459999084472656,-8.220000267028809,34.68000030517578
1780530678197792800,20.22079272460937,22.61999893188477,-7.919999599456787,34.619998931884766
1780530678217903900,20.24090380859375,25.07999992370605,-8.34000015258789,33.959999084472656
1780530678228005000,20.251005126953125,25.61999893188477,-8.279999732971191,33.36000061035156
1780530678238045400,20.26104541015625,25.13999938964844,-8.09999942779541,33.23999786376953
1780530678248146700,20.271146728515625,27.059999465942383,-8.399999618530273,32.70000076293945
1780530678268288500,20.29128857421875,28.799999237060547,-9.479999542236328,31.61999893188477
1780530678278359300,20.301359375,29.81999969482422,-9.84000015258789,30.35999870300293
1780530678288460500,20.31146044921875,30.059999465942383,-9.539999961853027,30.17999839782715
1780530678298531300,20.32153125,30.239999771118164,-10.380000114440918,28.5
1780530678318733800,20.34173388671875,30.479999542236328,-10.139999389648438,28.979999542236328
1780530678379219700,20.4022197265625,32.15999984741211,-9.899999618530272,28.920000076293945
1780530678469948400,20.492948486328125,27.11999893188477,-11.09999942779541,34.86000061035156
1780530678560616200,20.5836162109375,14.639999389648438,-9.359999656677246,38.70000076293945
1780530678580757800,20.6037578125,10.5,-8.15999984741211,38.70000076293945
1780530678600960500,20.62396044921875,7.739999771118164,-6.839999675750732,37.79999923706055
1780530678611031300,20.63403125,6.71999979019165,-5.639999866485596,37.5
1780530678621102000,20.64410205078125,5.819999694824219,-6.179999828338623,37.86000061035156
1780530678631172900,20.6541728515625,4.440000057220459,-6.299999713897705,37.07999801635742
1780530678641243600,20.66424365234375,3.659999847412109,-6.119999885559082,36.959999084472656
1780530678651314400,20.674314453125,3.119999885559082,-7.319999694824219,36.59999847412109
1780530678661385200,20.68438525390625,3.0,-7.980000019073486,35.63999938964844
1780530678681526800,20.70452685546875,2.879999876022339,-9.719999313354492,36.0
1780530678691628300,20.714628173828125,3.0,-10.31999969482422,35.939998626708984
1780530678701699000,20.72469897460937,2.700000047683716,-9.59999942779541,36.18000030517578
1780530678711800300,20.73480029296875,1.7999999523162842,-8.760000228881836,36.18000030517578
1780530678721871000,20.74487109375,1.3799999952316284,-7.859999656677246,35.459999084472656
1780530678731972400,20.75497241210937,0.2399999946355819,-7.319999694824219,34.73999786376953
1780530678742073900,20.765073974609376,-0.1799999922513961,-8.15999984741211,34.619998931884766
1780530678752144600,20.77514453125,-0.1799999922513961,-9.84000015258789,34.20000076293945
1780530678762215400,20.78521533203125,-0.7199999690055847,-10.559999465942385,34.02000045776367
1780530678772286200,20.7952861328125,-1.0199999809265137,-11.9399995803833,34.07999801635742
1780530678782387500,20.805387451171875,-1.7400000095367432,-12.960000038146973,33.540000915527344
1780530678792458200,20.815458251953125,-2.3999998569488525,-13.31999969482422,33.65999984741211
1780530678802529000,20.82552905273437,-3.539999961853028,-14.15999984741211,33.65999984741211
1780530678812599800,20.835599853515625,-4.319999694824219,-13.920000076293944,33.29999923706055
1780530678822670600,20.845670654296875,-5.099999904632568,-14.399999618530272,33.18000030517578
1780530678832772000,20.85577221679688,-6.779999732971191,-14.579999923706056,32.39999771118164
1780530678842843000,20.8658427734375,-7.739999771118164,-15.59999942779541,32.939998626708984
1780530678852944100,20.875944091796875,-9.059999465942385,-16.920000076293945,33.36000061035156
1780530678863015000,20.886014892578125,-10.559999465942385,-16.739999771118164,33.36000061035156
1780530678873116200,20.8961162109375,-11.09999942779541,-18.35999870300293,34.2599983215332
1780530678883187000,20.90618701171875,-11.880000114440918,-18.71999931335449,34.31999969482422
1780530678893288400,20.916288330078125,-13.019999504089355,-19.68000030517578,34.68000030517578
1780530678903359200,20.92635913085937,-13.4399995803833,-21.479999542236328,35.57999801635742
1780530678913460500,20.93646044921875,-13.979999542236328,-21.959999084472656,36.29999923706055
1780530678923531300,20.94653125,-14.519999504089355,-23.34000015258789,37.43999862670898
1780530678933632500,20.95663256835937,-14.699999809265137,-23.76000022888184,38.63999938964844
1780530678943703300,20.966703369140625,-15.479999542236328,-23.63999938964844,39.540000915527344
1780530678953774300,20.9767744140625,-16.559999465942383,-23.57999992370605,40.13999938964844
1780530678963845000,20.98684521484375,-16.920000076293945,-22.85999870300293,40.91999816894531
1780530678973916000,20.996916015625,-17.100000381469727,-20.8799991607666,41.27999877929688
1780530678983986700,21.006986572265625,-17.69999885559082,-19.68000030517578,41.34000015258789
1780530678994057500,21.017057373046875,-16.979999542236328,-18.059999465942383,41.52000045776367
1780530679004158700,21.02715869140625,-16.260000228881836,-16.440000534057617,41.34000015258789
1780530679014229500,21.0372294921875,-16.85999870300293,-15.059999465942385,41.15999984741211
1780530679034340600,21.057340576171875,-15.059999465942385,-13.979999542236328,41.39999771118164
1780530679044441900,21.06744189453125,-14.81999969482422,-13.079999923706056,41.09999847412109
1780530679054512600,21.0775126953125,-12.59999942779541,-13.739999771118164,40.91999816894531
1780530679064614100,21.0876142578125,-11.460000038146973,-11.34000015258789,40.55999755859375
1780530679074685000,21.097684814453125,-9.84000015258789,-9.84000015258789,39.84000015258789
1780530679084755700,21.10775561523437,-7.859999656677246,-8.699999809265137,40.13999938964844
1780530679094887400,21.117887451171875,-6.359999656677246,-6.899999618530273,40.2599983215332
1780530679104958200,21.127958251953125,-5.099999904632568,-5.940000057220459,40.2599983215332
1780530679115059700,21.13805981445313,-3.359999895095825,-5.940000057220459,40.619998931884766
1780530679185616400,21.20861645507813,9.539999961853027,-6.659999847412109,37.31999969482422
1780530679276345000,21.299344970703125,25.559999465942383,-7.919999599456787,33.18000030517578
1780530679296517000,21.31951708984375,27.53999900817871,-8.9399995803833,31.799999237060547
1780530679346962700,21.36996264648437,30.84000015258789,-9.59999942779541,28.13999938964844
1780530679357064000,21.38006396484375,31.31999969482422,-10.380000114440918,27.899999618530277
1780530679427681800,21.450681884765626,33.65999984741211,-12.539999961853027,28.61999893188477
1780530679457985500,21.480985595703125,32.81999969482422,-11.699999809265137,30.11999893188477
1780530679498360300,21.5213603515625,28.979999542236328,-9.84000015258789,33.47999954223633
1780530679508431000,21.53143115234375,28.85999870300293,-10.31999969482422,33.959999084472656
1780530679538674200,21.561674072265625,26.57999992370605,-10.800000190734863,36.05999755859375
1780530679558815700,21.581815673828125,22.5,-8.579999923706055,36.59999847412109
1780530679568917000,21.5919169921875,20.939998626708984,-7.919999599456787,37.68000030517578
1780530679578957300,21.601957275390625,18.35999870300293,-7.079999923706055,37.2599983215332
1780530679609261300,21.63226123046875,13.619999885559082,-8.699999809265137,38.459999084472656
1780530679629433300,21.65243334960937,11.039999961853027,-9.119999885559082,38.81999969482422
1780530679639504100,21.662504150390625,9.420000076293944,-8.09999942779541,38.87999725341797
1780530679649605600,21.672605712890626,7.5,-7.019999980926514,39.05999755859375
1780530679659676400,21.68267651367188,6.779999732971191,-6.239999771118164,39.540000915527344
1780530679700020500,21.7230205078125,4.259999752044678,-9.719999313354492,38.70000076293945
1780530679760536800,21.78353686523437,0.5999999642372131,-10.679999351501465,35.15999984741211
1780530679770607600,21.793607666015625,0.6599999666213989,-10.800000190734863,34.68000030517578
1780530679780678400,21.803678466796875,0.8999999761581421,-11.15999984741211,34.97999954223633
1780530679790780000,21.81377978515625,0.1199999973177909,-11.460000038146973,34.79999923706055
1780530679800850700,21.8238505859375,-0.8399999737739563,-11.579999923706056,34.55999755859375
1780530679810952000,21.833951904296875,-1.6799999475479126,-12.0,34.07999801635742
1780530679831154700,21.85415478515625,-2.0999999046325684,-13.019999504089355,33.119998931884766
1780530679841256000,21.864255859375,-1.919999957084656,-13.559999465942385,33.0
1780530679851326700,21.87432666015625,-1.7400000095367432,-14.639999389648438,32.880001068115234
1780530679861428000,21.884427978515625,-2.2799999713897705,-15.299999237060549,32.939998626708984
1780530679871529500,21.894529541015626,-3.539999961853028,-16.139999389648438,32.15999984741211
1780530679891732000,21.91473193359375,-5.099999904632568,-17.34000015258789,32.15999984741211
1780530679901802800,21.924802734375,-5.759999752044678,-18.479999542236328,32.099998474121094
1780530679911873500,21.93487353515625,-5.519999980926514,-19.559999465942383,32.52000045776367
1780530679921974800,21.944974853515625,-6.420000076293945,-20.69999885559082,32.39999771118164
1780530679932106800,21.955106689453125,-7.199999809265137,-21.420000076293945,32.52000045776367
1780530679952248300,21.975248291015625,-9.359999656677246,-22.85999870300293,33.29999923706055
1780530679962349600,21.985349609375,-10.4399995803833,-23.57999992370605,33.84000015258789
1780530679982491400,22.00549145507813,-11.9399995803833,-24.35999870300293,35.279998779296875
1780530680002663400,22.025663330078125,-12.179999351501465,-25.739999771118164,37.380001068115234
1780530680012734200,22.03573413085937,-12.65999984741211,-25.68000030517578,38.21999740600586
1780530680022805000,22.045804931640625,-12.59999942779541,-25.61999893188477,39.18000030517578
1780530680042946600,22.065946533203125,-12.719999313354492,-23.399999618530277,40.97999954223633
1780530680052987000,22.07598681640625,-13.079999923706056,-22.439998626708984,41.27999877929688
1780530680063088000,22.086088134765625,-14.09999942779541,-21.420000076293945,41.70000076293945
1780530680073128400,22.09612841796875,-14.579999923706056,-20.279998779296875,41.63999938964844
1780530680093300500,22.11630053710937,-14.399999618530272,-16.3799991607666,41.63999938964844
1780530680113503200,22.136503173828125,-13.380000114440918,-14.81999969482422,40.86000061035156
1780530680163948800,22.18694873046875,-5.699999809265137,-10.139999389648438,40.79999923706055
1780530680244668000,22.26766796875,8.699999809265137,-4.859999656677246,39.41999816894531
1780530680274971600,22.2979716796875,14.9399995803833,-7.5,38.040000915527344
1780530680335427000,22.358427001953125,23.81999969482422,-10.199999809265137,33.47999954223633
1780530680345558800,22.368558837890625,25.01999855041504,-9.239999771118164,32.939998626708984
1780530680355660300,22.378660400390626,26.15999984741211,-8.399999618530273,32.939998626708984
1780530680365761500,22.38876147460937,27.059999465942383,-7.799999713897705,32.34000015258789
1780530680385933600,22.40893359375,29.63999938964844,-8.09999942779541,31.3799991607666
1780530680396065500,22.4190654296875,30.65999984741211,-9.059999465942385,30.65999984741211
1780530680406166800,22.429166748046875,32.39999771118164,-9.899999618530272,30.11999893188477
1780530680416207000,22.43920703125,32.81999969482422,-10.079999923706056,28.979999542236328
1780530680426338800,22.4493388671875,33.84000015258789,-11.519999504089355,28.5
1780530680446541600,22.46954150390625,33.71999740600586,-11.460000038146973,26.63999938964844
1780530680456642800,22.479642822265625,33.119998931884766,-11.460000038146973,26.279998779296875
1780530680476845600,22.49984545898437,34.07999801635742,-10.619999885559082,26.57999992370605
1780530680486946800,22.50994677734375,34.2599983215332,-10.859999656677246,27.53999900817871
1780530680497048000,22.520048095703125,35.57999801635742,-11.219999313354492,28.26000022888184
1780530680507180000,22.530179931640625,34.439998626708984,-10.679999351501465,28.07999992370605
1780530680527382500,22.55038256835937,35.63999938964844,-11.519999504089355,28.19999885559082
1780530680537484000,22.560484130859376,35.040000915527344,-10.260000228881836,28.439998626708984
1780530680567787800,22.590787841796875,33.0,-8.519999504089355,30.420000076293945
1780530680588021000,22.61102099609375,31.61999893188477,-9.59999942779541,31.920000076293945
1780530680608223700,22.6312236328125,29.099998474121094,-9.420000076293944,35.099998474121094
1780530680648690000,22.67168994140625,23.63999938964844,-9.420000076293944,38.040000915527344
1780530680658791400,22.68179150390625,21.65999984741211,-9.65999984741211,38.459999084472656
1780530680668892700,22.691892578125,20.57999992370605,-9.420000076293944,38.70000076293945
1780530680678994000,22.70199389648437,19.020000457763672,-8.819999694824219,39.119998931884766
1780530680689126000,22.7121259765625,17.100000381469727,-8.34000015258789,39.29999923706055
1780530680699227100,22.72222705078125,15.899999618530272,-7.859999656677246,38.34000015258789
1780530680719460400,22.74246044921875,13.199999809265137,-9.65999984741211,38.87999725341797
1780530680729561600,22.7525615234375,12.119999885559082,-10.5,39.0
1780530680739662800,22.762662841796875,10.739999771118164,-10.4399995803833,39.65999984741211
1780530680749764000,22.77276416015625,10.139999389648438,-10.5,39.119998931884766
1780530680759865600,22.782865478515625,8.880000114440918,-10.4399995803833,38.27999877929688
1780530680769966800,22.792966796875,7.679999828338623,-9.059999465942385,37.380001068115234
1780530680780098600,22.8030986328125,6.960000038146973,-10.380000114440918,37.31999969482422
1780530680790200000,22.813199951171875,5.579999923706055,-10.559999465942385,37.55999755859375
1780530680800301300,22.82330126953125,5.579999923706055,-11.15999984741211,37.55999755859375
1780530680810402600,22.833402587890625,5.400000095367432,-12.65999984741211,37.43999862670898
1780530680840706600,22.86370654296875,4.679999828338623,-11.81999969482422,37.2599983215332
1780530680850807800,22.873807861328125,4.559999942779541,-11.460000038146973,36.84000015258789
1780530680860909300,22.88390942382813,4.079999923706055,-10.4399995803833,35.939998626708984
1780530680871010600,22.894010498046875,2.5799999237060547,-10.199999809265137,35.15999984741211
1780530680881111800,22.90411181640625,2.879999876022339,-10.4399995803833,34.2599983215332
1780530680891213300,22.91421337890625,2.4600000381469727,-10.979999542236328,33.119998931884766
1780530680901314600,22.924314453125,2.1599998474121094,-11.219999313354492,32.880001068115234
1780530680911415800,22.93441577148437,2.5799999237060547,-12.539999961853027,32.70000076293945
1780530680921517000,22.94451708984375,1.0199999809265137,-14.15999984741211,32.21999740600586
1780530680931618600,22.95461865234375,0.0599999986588954,-15.059999465942385,33.119998931884766
1780530680941750300,22.964750244140625,-1.2599999904632568,-17.219999313354492,33.36000061035156
1780530680951851500,22.9748515625,-2.4600000381469727,-17.760000228881836,33.89999771118164
1780530680961953000,22.984953125,-3.240000009536743,-18.059999465942383,34.13999938964844
1780530680972054300,22.99505419921875,-4.259999752044678,-19.31999969482422,33.959999084472656
1780530680982155500,23.005155517578125,-5.21999979019165,-20.520000457763672,33.84000015258789
1780530680992287500,23.01528759765625,-6.0,-21.71999931335449,33.89999771118164
1780530681002388700,23.025388671875,-6.899999618530273,-22.439998626708984,34.2599983215332
1780530681012490000,23.03548999023437,-8.760000228881836,-22.68000030517578,34.79999923706055
1780530681022591500,23.045591552734376,-9.779999732971191,-22.920000076293945,35.70000076293945
1780530681062935600,23.085935546875,-12.119999885559082,-25.19999885559082,37.31999969482422
1780530681133584000,23.156583984375,-16.920000076293945,-21.35999870300293,39.84000015258789
1780530681183998700,23.206998779296875,-13.920000076293944,-13.199999809265137,41.15999984741211
1780530681254464000,23.27746411132813,-3.7799999713897705,-8.34000015258789,39.119998931884766
1780530681284706800,23.30770678710937,1.919999957084656,-7.199999809265137,38.21999740600586
1780530681294716700,23.31771655273437,3.359999895095825,-6.119999885559082,38.21999740600586
1780530681304818000,23.32781787109375,5.159999847412109,-6.480000019073486,37.97999954223633
1780530681314919200,23.337919189453125,7.37999963760376,-6.059999942779541,37.86000061035156
1780530681325020700,23.34802075195313,8.579999923706055,-5.819999694824219,37.380001068115234
1780530681335091500,23.358091552734376,11.219999313354492,-6.539999961853027,37.43999862670898
1780530681345192700,23.368192626953125,12.359999656677246,-6.299999713897705,37.380001068115234
1780530681355263500,23.37826342773437,13.739999771118164,-6.779999732971191,36.18000030517578
1780530681365364700,23.38836474609375,16.85999870300293,-7.5,36.23999786376953
1780530681375405000,23.398405029296875,18.239999771118164,-8.519999504089355,35.15999984741211
1780530681385506300,23.40850634765625,20.63999938964844,-9.059999465942385,34.31999969482422
1780530681395577000,23.4185771484375,22.979999542236328,-9.65999984741211,34.2599983215332
1780530681415688200,23.438688232421875,25.559999465942383,-9.960000038146973,33.0
1780530681466072800,23.48907275390625,31.61999893188477,-10.559999465942385,30.959999084472656
1780530681496346400,23.51934643554688,34.439998626708984,-11.399999618530272,29.15999984741211
1780530681506447600,23.529447509765625,34.619998931884766,-11.699999809265137,28.01999855041504
1780530681516518400,23.539518310546875,34.55999755859375,-11.699999809265137,27.0
1780530681526558700,23.549558837890626,35.040000915527344,-12.119999885559082,26.939998626708984
1780530681536660000,23.55965991210937,34.619998931884766,-12.059999465942385,26.8799991607666
1780530681546761200,23.56976123046875,35.7599983215332,-12.359999656677246,27.299999237060547
1780530681556832000,23.57983203125,35.939998626708984,-13.139999389648438,27.479999542236328
1780530681566933500,23.58993359375,36.05999755859375,-13.079999923706056,27.479999542236328
1780530681577004300,23.60000439453125,35.939998626708984,-14.09999942779541,28.01999855041504
1780530681617348400,23.640348388671875,34.619998931884766,-12.59999942779541,30.599998474121094
1780530681627419100,23.650419189453125,33.89999771118164,-12.479999542236328,30.899999618530277
1780530681637520600,23.66052075195313,33.540000915527344,-12.59999942779541,31.739999771118164
1780530681647652400,23.67065234375,32.57999801635742,-12.0,32.34000015258789
1780530681657723100,23.68072314453125,31.61999893188477,-12.479999542236328,32.81999969482422
1780530681677864700,23.70086474609375,29.459999084472656,-12.479999542236328,34.20000076293945
1780530681687935500,23.710935546875,28.07999992370605,-13.139999389648438,34.68000030517578
1780530681718148000,23.741148193359376,24.779998779296875,-11.75999927520752,37.68000030517578
1780530681748360400,23.7713603515625,19.26000022888184,-10.859999656677246,38.39999771118164
1780530681758431200,23.78143115234375,17.520000457763672,-11.579999923706056,38.040000915527344
1780530681818947600,23.841947509765625,9.119999885559082,-9.65999984741211,38.27999877929688
1780530681839089200,23.862089111328125,7.019999980926514,-10.139999389648438,37.619998931884766
1780530681849160000,23.87215991210937,7.079999923706055,-10.559999465942385,37.31999969482422
1780530681859200300,23.8822001953125,6.179999828338623,-10.079999923706056,36.23999786376953
1780530681869301500,23.892301513671875,5.039999961853027,-10.4399995803833,35.459999084472656
1780530681899483400,23.9224833984375,2.3999998569488525,-9.539999961853027,34.31999969482422
1780530681909585000,23.9325849609375,2.879999876022339,-8.639999389648438,34.02000045776367
1780530681919655700,23.94265576171875,3.359999895095825,-9.539999961853027,34.02000045776367
1780530681929726500,23.9527265625,2.5799999237060547,-11.039999961853027,33.89999771118164
1780530681939827700,23.96282763671875,2.5199999809265137,-10.979999542236328,33.959999084472656
1780530681949929000,23.972928955078125,1.0199999809265137,-12.0,33.36000061035156
1780530681960030200,23.9830302734375,0.4199999868869781,-13.559999465942385,33.05999755859375
1780530681970101200,23.993101318359376,-0.2999999821186065,-13.25999927520752,33.119998931884766
1780530681980172000,24.003172119140626,-0.7799999713897705,-14.039999961853027,33.47999954223633
1780530682000313600,24.02331372070313,-2.2799999713897705,-13.31999969482422,33.89999771118164
1780530682060860400,24.0838603515625,-6.599999904632568,-21.299999237060547,33.959999084472656
1780530682101174000,24.124174072265625,-10.739999771118164,-24.11999893188477,35.57999801635742
1780530682111244800,24.134244873046875,-11.699999809265137,-24.35999870300293,36.119998931884766
1780530682131417000,24.1544169921875,-13.199999809265137,-23.76000022888184,37.13999938964844
1780530682141518300,24.164518310546875,-13.079999923706056,-24.18000030517578,37.02000045776367
1780530682151589000,24.174589111328125,-13.679999351501465,-23.76000022888184,37.43999862670898
1780530682161690400,24.1846904296875,-14.639999389648438,-22.739999771118164,38.27999877929688
1780530682171761400,24.194761474609376,-15.539999961853027,-22.13999938964844,39.0
1780530682181862700,24.204862548828125,-16.559999465942383,-20.399999618530277,39.77999877929688
1780530682191964000,24.2149638671875,-16.85999870300293,-18.35999870300293,39.65999984741211
1780530682202034700,24.22503466796875,-16.68000030517578,-16.920000076293945,39.23999786376953
1780530682212105500,24.23510546875,-16.260000228881836,-15.779999732971191,38.81999969482422
1780530682232247000,24.2552470703125,-14.699999809265137,-14.460000038146973,38.87999725341797
1780530682242317800,24.26531787109375,-13.859999656677246,-13.31999969482422,39.47999954223633
1780530682282570500,24.305570556640625,-8.639999389648438,-9.0,39.89999771118164
1780530682353066200,24.37606616210937,3.899999856948853,-7.319999694824219,40.43999862670898
1780530682363167500,24.38616748046875,6.059999942779541,-7.440000057220459,40.02000045776367
1780530682373177300,24.39617724609375,8.639999389648438,-8.220000267028809,39.18000030517578
1780530682383278600,24.406278564453125,11.880000114440918,-9.119999885559082,38.27999877929688
1780530682393379800,24.4163798828125,13.799999237060549,-9.84000015258789,37.43999862670898
1780530682403450600,24.42645068359375,15.719999313354492,-10.199999809265137,36.959999084472656
1780530682413460500,24.43646044921875,16.920000076293945,-10.4399995803833,36.47999954223633
1780530682423592400,24.44659252929688,18.479999542236328,-11.09999942779541,35.52000045776367
1780530682433693700,24.456693603515625,20.399999618530277,-11.34000015258789,34.380001068115234
1780530682443734000,24.466734130859376,22.19999885559082,-11.399999618530272,33.119998931884766
1780530682463906000,24.48690600585937,26.69999885559082,-11.699999809265137,32.39999771118164
1780530682473976800,24.496976806640625,28.26000022888184,-11.639999389648438,31.61999893188477
1780530682484017200,24.50701708984375,30.059999465942383,-12.059999465942385,30.899999618530277
1780530682494088000,24.517087890625,31.85999870300293,-11.639999389648438,29.76000022888184
1780530682504189200,24.52718920898437,32.63999938964844,-11.699999809265137,28.799999237060547
1780530682514290700,24.537290771484376,34.02000045776367,-11.9399995803833,28.26000022888184
1780530682524392000,24.547391845703125,34.55999755859375,-12.119999885559082,27.71999931335449
1780530682534432300,24.55743237304688,34.73999786376953,-12.84000015258789,26.63999938964844
1780530682554634800,24.577634765625,35.099998474121094,-13.679999351501465,25.5
1780530682564736300,24.587736328125,35.939998626708984,-13.679999351501465,25.559999465942383
1780530682574837500,24.59783740234375,36.77999877929688,-13.739999771118164,25.61999893188477
1780530682584938800,24.607938720703125,37.02000045776367,-14.399999618530272,24.84000015258789
1780530682595040000,24.6180400390625,37.68000030517578,-14.639999389648438,25.5
1780530682605110800,24.62811083984375,37.55999755859375,-14.519999504089355,25.5
1780530682615181600,24.638181640625,37.5,-14.519999504089355,25.559999465942383
1780530682625252600,24.64825268554688,37.43999862670898,-13.859999656677246,26.21999931335449
1780530682635323400,24.65832348632813,37.2599983215332,-13.619999885559082,26.279998779296875
1780530682675576000,24.698576171875,35.939998626708984,-10.5,29.63999938964844
1780530682695656400,24.718656494140625,34.55999755859375,-10.979999542236328,31.5
1780530682705758000,24.728758056640626,33.599998474121094,-11.219999313354492,32.57999801635742
1780530682715828700,24.73882885742188,32.040000915527344,-11.34000015258789,33.41999816894531
1780530682725930000,24.748929931640625,30.17999839782715,-10.800000190734863,34.55999755859375
1780530682736000800,24.759000732421875,28.68000030517578,-10.199999809265137,35.39999771118164
1780530682746071600,24.769071533203125,26.939998626708984,-10.380000114440918,36.29999923706055
1780530682796486700,24.819486572265625,18.299999237060547,-10.739999771118164,39.59999847412109
1780530682806557400,24.829557373046875,16.799999237060547,-9.960000038146973,39.540000915527344
1780530682816658700,24.83965869140625,15.239999771118164,-10.619999885559082,39.05999755859375
1780530682836769800,24.859769775390625,11.81999969482422,-9.960000038146973,39.84000015258789
1780530682867073800,24.89007373046875,8.880000114440918,-9.059999465942385,39.71999740600586
1780530682877175000,24.900175048828125,8.639999389648438,-9.119999885559082,39.18000030517578
1780530682887276500,24.91027661132813,8.09999942779541,-9.719999313354492,38.93999862670898
1780530682897377800,24.920377685546875,7.139999866485596,-9.119999885559082,38.39999771118164
1780530682907479000,24.93047900390625,6.359999656677246,-8.819999694824219,38.57999801635742
1780530682917549800,24.9405498046875,5.519999980926514,-8.880000114440918,38.63999938964844
1780530682957924600,24.980924560546875,4.559999942779541,-9.65999984741211,37.2599983215332
1780530682967995400,24.990995361328125,4.019999980926514,-10.31999969482422,36.77999877929688
1780530682988167400,25.01116748046875,2.700000047683716,-11.579999923706056,35.34000015258789
1780530682998269000,25.02126904296875,2.3999998569488525,-11.81999969482422,35.21999740600586
1780530683008370200,25.0313701171875,1.7400000095367432,-12.0,35.21999740600586
1780530683028573000,25.05157299804688,0.7799999713897705,-12.300000190734863,35.63999938964844
1780530683038674200,25.061674072265625,-0.1799999922513961,-12.65999984741211,34.97999954223633
1780530683099282000,25.122281982421875,-6.179999828338623,-17.15999984741211,34.97999954223633
1780530683119423700,25.142423828125,-8.460000038146973,-19.31999969482422,34.13999938964844
1780530683129525000,25.15252490234375,-8.9399995803833,-19.85999870300293,34.20000076293945
1780530683149697000,25.17269702148437,-10.4399995803833,-19.979999542236328,34.31999969482422
1780530683159767800,25.182767822265625,-11.639999389648438,-18.53999900817871,35.81999969482422
1780530683179970600,25.20297045898437,-13.4399995803833,-19.07999992370605,37.31999969482422
1780530683210274600,25.23327465820313,-13.920000076293944,-20.8799991607666,38.70000076293945
1780530683220375800,25.243375732421875,-14.219999313354492,-20.57999992370605,39.47999954223633
1780530683230477000,25.25347705078125,-14.219999313354492,-20.21999931335449,39.41999816894531
1780530683240547800,25.2635478515625,-14.519999504089355,-19.13999938964844,39.05999755859375
1780530683250679800,25.2736796875,-14.15999984741211,-17.8799991607666,39.18000030517578
1780530683260781000,25.28378100585937,-14.399999618530272,-17.34000015258789,38.39999771118164
1780530683270882300,25.29388232421875,-14.34000015258789,-15.960000038146973,38.34000015258789
1780530683280953000,25.303953125,-13.5,-15.0,38.57999801635742
1780530683311257000,25.334257080078125,-10.139999389648438,-12.420000076293944,38.70000076293945
1780530683331490300,25.354490234375,-7.619999885559082,-10.5,38.34000015258789
1780530683341591600,25.36459155273437,-6.0,-10.260000228881836,37.79999923706055
1780530683351692800,25.37469287109375,-4.559999942779541,-9.239999771118164,38.21999740600586
1780530683361794300,25.384794189453125,-2.93999981880188,-8.880000114440918,37.619998931884766
1780530683371895600,25.3948955078125,-1.9799998998641968,-8.460000038146973,37.86000061035156
1780530683381996800,25.404996826171875,-0.5399999618530273,-8.34000015258789,38.34000015258789
1780530683392159200,25.4151591796875,1.5,-8.699999809265137,38.34000015258789
1780530683422463200,25.445463134765625,7.679999828338623,-9.359999656677246,37.07999801635742
1780530683442727000,25.465726806640625,10.4399995803833,-9.65999984741211,37.07999801635742
1780530683452828200,25.475828125,12.059999465942385,-9.420000076293944,37.380001068115234
1780530683462929400,25.48592944335937,13.139999389648438,-9.59999942779541,37.2599983215332
1780530683473031000,25.496031005859376,14.579999923706056,-9.179999351501465,37.68000030517578
1780530683523567900,25.54656787109375,21.18000030517578,-10.920000076293944,35.279998779296875
1780530683563973000,25.58697314453125,25.799999237060547,-12.0,34.20000076293945
1780530683574074600,25.59707470703125,25.68000030517578,-11.9399995803833,34.5
1780530683584206300,25.607206298828125,26.63999938964844,-12.239999771118164,34.02000045776367
1780530683594307600,25.6173076171875,27.65999984741211,-13.4399995803833,33.18000030517578
1780530683604409000,25.6274091796875,27.899999618530277,-13.799999237060549,32.21999740600586
1780530683614480000,25.63747998046875,28.799999237060547,-14.639999389648438,31.61999893188477
1780530683644814300,25.667814453125,29.399999618530277,-13.5,32.34000015258789
1780530683654915600,25.67791552734375,29.76000022888184,-13.4399995803833,32.15999984741211
1780530683665016800,25.688016845703125,30.779998779296875,-14.579999923706056,32.459999084472656
1780530683675148800,25.698148681640625,29.939998626708984,-14.579999923706056,31.739999771118164
1780530683685250000,25.70825,30.239999771118164,-14.15999984741211,31.31999969482422
1780530683766091000,25.789091064453125,27.779998779296875,-10.619999885559082,35.880001068115234
1780530683776161800,25.79916186523437,26.8799991607666,-10.559999465942385,36.36000061035156
1780530683786293800,25.809293701171875,25.920000076293945,-10.679999351501465,37.07999801635742
1780530683796395000,25.81939501953125,25.07999992370605,-9.719999313354492,37.2599983215332
1780530683816597800,25.83959765625,22.68000030517578,-9.179999351501465,37.97999954223633
1780530683826699000,25.84969897460937,21.11999893188477,-9.539999961853027,37.86000061035156
1780530683836831000,25.8598310546875,19.61999893188477,-9.960000038146973,38.15999984741211
1780530683846932200,25.86993212890625,18.53999900817871,-10.079999923706056,38.21999740600586
1780530683857033500,25.880033447265625,17.34000015258789,-10.5,38.27999877929688
1780530683867165400,25.89016552734375,16.559999465942383,-10.199999809265137,38.7599983215332
1780530683877266700,25.9002666015625,15.420000076293944,-10.4399995803833,39.0
1780530683887368000,25.910367919921875,14.639999389648438,-10.5,39.36000061035156
1780530683897469200,25.92046923828125,13.019999504089355,-10.31999969482422,39.65999984741211
1780530683907570700,25.93057080078125,11.219999313354492,-10.260000228881836,39.18000030517578
1780530683917672000,25.940671875,10.260000228881836,-10.380000114440918,38.70000076293945
1780530683927773200,25.95077319335937,9.0,-10.559999465942385,38.27999877929688
1780530683988381200,26.011381103515625,5.339999675750732,-10.979999542236328,37.73999786376953
1780530683998482400,26.021482421875,4.559999942779541,-11.219999313354492,37.07999801635742
1780530684018654700,26.04165478515625,4.380000114440918,-11.039999961853027,37.31999969482422
1780530684038826800,26.06182666015625,3.839999914169312,-11.09999942779541,36.59999847412109
1780530684048928000,26.071927978515625,2.819999933242798,-11.34000015258789,36.540000915527344
1780530684058998800,26.081998779296875,2.0999999046325684,-11.75999927520752,36.65999984741211
1780530684069069600,26.092069580078125,1.7400000095367432,-12.059999465942385,36.05999755859375
1780530684079140400,26.10214038085937,1.319999933242798,-12.779999732971191,36.18000030517578
1780530684089211100,26.112211181640625,1.079999923706055,-13.199999809265137,36.29999923706055
1780530684099312600,26.122312744140626,0.6599999666213989,-13.619999885559082,35.7599983215332
1780530684109383400,26.13238354492188,-0.7799999713897705,-13.679999351501465,35.880001068115234
1780530684129525000,26.15252490234375,-2.3399999141693115,-15.0,36.29999923706055
1780530684149636000,26.172635986328125,-2.2799999713897705,-16.799999237060547,37.380001068115234
1780530684169808100,26.19280810546875,-4.139999866485596,-18.18000030517578,37.31999969482422
1780530684179909400,26.202909423828125,-5.460000038146973,-18.53999900817871,37.55999755859375
1780530684189949700,26.21294970703125,-6.179999828338623,-19.31999969482422,37.86000061035156
1780530684200020500,26.2230205078125,-7.019999980926514,-19.31999969482422,37.79999923706055
1780530684210122000,26.2331220703125,-6.839999675750732,-20.15999984741211,38.70000076293945
1780530684220223200,26.24322314453125,-6.899999618530273,-20.81999969482422,39.36000061035156
1780530684250496500,26.27349658203125,-8.819999694824219,-19.13999938964844,40.91999816894531
1780530684270607600,26.293607666015625,-9.960000038146973,-18.84000015258789,41.7599983215332
1780530684300728600,26.323728515625,-10.800000190734863,-16.619998931884766,42.23999786376953
1780530684341103400,26.36410327148437,-11.75999927520752,-14.219999313354492,41.15999984741211
1780530684351174100,26.374174072265625,-11.519999504089355,-13.559999465942385,40.5
1780530684371346200,26.39434619140625,-11.279999732971191,-12.179999351501465,39.540000915527344
1780530684381417000,26.4044169921875,-10.920000076293944,-11.639999389648438,39.65999984741211
1780530684391487700,26.41448779296875,-10.920000076293944,-11.399999618530272,39.47999954223633
1780530684401528000,26.424528076171875,-10.260000228881836,-10.979999542236328,39.59999847412109
1780530684411568400,26.434568359375,-8.699999809265137,-10.619999885559082,39.71999740600586
1780530684421639200,26.44463916015625,-7.440000057220459,-10.199999809265137,39.41999816894531
1780530684431740400,26.454740478515625,-5.639999866485596,-10.019999504089355,39.05999755859375
1780530684441811500,26.4648115234375,-3.7799999713897705,-9.59999942779541,38.70000076293945
1780530684451882200,26.47488232421875,-2.220000028610229,-9.300000190734863,37.86000061035156
1780530684461983500,26.4849833984375,-0.8399999737739563,-8.880000114440918,37.5
1780530684522377700,26.545377685546875,8.819999694824219,-8.819999694824219,36.959999084472656
1780530684552590000,26.575590087890625,13.979999542236328,-9.539999961853027,36.41999816894531
1780530684562660900,26.585660888671875,15.420000076293944,-9.420000076293944,35.81999969482422
1780530684572701200,26.595701171875,16.559999465942383,-9.779999732971191,35.040000915527344
1780530684582741500,26.605741455078125,18.959999084472656,-9.239999771118164,35.279998779296875
1780530684592842800,26.6158427734375,20.399999618530277,-8.279999732971191,34.2599983215332
1780530684602913500,26.62591357421875,21.71999931335449,-8.15999984741211,33.540000915527344
1780530684612953900,26.635953857421875,22.85999870300293,-7.980000019073486,33.119998931884766
1780530684633126100,26.65612622070313,24.35999870300293,-10.559999465942385,32.70000076293945
1780530684653267700,26.676267822265626,26.51999855041504,-11.15999984741211,33.29999923706055
1780530684663369000,26.68636889648437,27.53999900817871,-10.800000190734863,33.18000030517578
1780530684683510500,26.706510498046875,28.26000022888184,-11.460000038146973,31.920000076293945
1780530684693550800,26.71655078125,28.739999771118164,-11.219999313354492,31.559999465942383
1780530684703652000,26.72665209960937,29.03999900817871,-11.519999504089355,31.31999969482422
1780530684713753600,26.736753662109376,29.099998474121094,-11.9399995803833,31.19999885559082
1780530684723793700,26.746793701171875,29.51999855041504,-12.960000038146973,31.26000022888184
1780530684743935200,26.76693530273437,30.11999893188477,-14.399999618530272,31.31999969482422
1780530684754036700,26.77703662109375,30.239999771118164,-13.799999237060549,31.799999237060547
1780530684764107500,26.787107421875,29.81999969482422,-12.899999618530272,32.15999984741211
1780530684784310000,26.80731005859375,28.07999992370605,-12.179999351501465,33.18000030517578
1780530684804512800,26.8275126953125,26.81999969482422,-11.460000038146973,34.20000076293945
1780530684814583600,26.83758349609375,26.15999984741211,-10.859999656677246,34.439998626708984
1780530684824654300,26.847654296875,25.739999771118164,-10.679999351501465,34.97999954223633
1780530684834755600,26.85775561523437,24.959999084472656,-10.800000190734863,35.21999740600586
1780530684844857000,26.867857177734376,23.939998626708984,-10.739999771118164,35.70000076293945
1780530684854928000,26.877927978515626,23.15999984741211,-10.679999351501465,36.59999847412109
1780530684864968200,26.88796826171875,21.779998779296875,-10.5,37.20000076293945
1780530684935494100,26.958494140625,13.619999885559082,-10.199999809265137,38.39999771118164
1780530684945565000,26.96856494140625,12.239999771118164,-9.960000038146973,38.459999084472656
1780530685016060700,27.039060791015626,7.199999809265137,-10.739999771118164,37.79999923706055
1780530685026162000,27.04916186523437,6.420000076293945,-10.5,37.13999938964844
1780530685036232700,27.059232666015625,6.839999675750732,-10.679999351501465,37.02000045776367
1780530685046303500,27.069303466796875,5.759999752044678,-10.800000190734863,36.71999740600586
1780530685056343800,27.07934375,5.460000038146973,-10.800000190734863,36.41999816894531
1780530685066445000,27.08944506835937,4.739999771118164,-9.59999942779541,36.05999755859375
1780530685076485400,27.0994853515625,3.839999914169312,-9.0,35.880001068115234
1780530685086556200,27.10955615234375,3.4800000190734863,-9.119999885559082,35.39999771118164
1780530685096627000,27.119626953125,3.240000009536743,-9.479999542236328,34.79999923706055
1780530685126870000,27.1498701171875,4.079999923706055,-12.59999942779541,34.2599983215332
1780530685136971300,27.15997119140625,3.5999999046325684,-12.899999618530272,35.040000915527344
1780530685157143300,27.180143310546875,1.1999999284744265,-13.679999351501465,34.97999954223633
1780530685167244800,27.19024487304688,0.7199999690055847,-14.34000015258789,35.57999801635742
1780530685177315600,27.20031567382813,0.0,-14.75999927520752,35.39999771118164
1780530685187386400,27.210386474609376,-0.4199999868869781,-14.9399995803833,35.939998626708984
1780530685197487600,27.220487548828125,-0.7799999713897705,-15.420000076293944,36.119998931884766
1780530685207528000,27.23052783203125,-1.2599999904632568,-15.839999198913574,35.880001068115234
1780530685217598700,27.2405986328125,-2.3999998569488525,-16.559999465942383,35.939998626708984
1780530685227669500,27.25066943359375,-3.0,-17.459999084472656,35.57999801635742
1780530685237709800,27.260709716796875,-3.7799999713897705,-17.69999885559082,35.81999969482422
1780530685298065200,27.321065185546875,-7.739999771118164,-18.479999542236328,39.0
1780530685308105500,27.33110546875,-8.9399995803833,-19.13999938964844,39.23999786376953
1780530685318176300,27.34117626953125,-9.539999961853027,-18.899999618530277,39.89999771118164
1780530685328247000,27.3512470703125,-10.920000076293944,-18.479999542236328,40.13999938964844
1780530685338317800,27.36131787109375,-11.579999923706056,-17.940000534057617,40.31999969482422
1780530685348419000,27.371419189453125,-12.300000190734863,-17.03999900817871,40.97999954223633
1780530685358429000,27.381428955078125,-13.380000114440918,-16.31999969482422,40.91999816894531
1780530685368530200,27.3915302734375,-13.31999969482422,-15.239999771118164,41.09999847412109
1780530685378601000,27.40160107421875,-14.09999942779541,-14.639999389648438,41.21999740600586
1780530685449127200,27.472127197265625,-10.5,-10.079999923706056,39.05999755859375
1780530685499481000,27.522481201171875,-4.559999942779541,-8.819999694824219,38.15999984741211
1780530685509551900,27.5325517578125,-3.9599997997283936,-8.819999694824219,37.13999938964844
1780530685539733800,27.562733642578124,1.7999999523162842,-8.9399995803833,36.0
1780530685549774000,27.572774169921875,3.4800000190734863,-8.9399995803833,35.81999969482422
1780530685559875300,27.582875244140624,5.039999961853027,-8.519999504089355,35.63999938964844
1780530685569915600,27.59291552734375,6.420000076293945,-8.519999504089355,35.459999084472656
1780530685580017000,27.603016845703124,7.739999771118164,-9.239999771118164,34.97999954223633
1780530685590087700,27.613087646484374,9.84000015258789,-9.84000015258789,35.279998779296875
1780530685600128000,27.6231279296875,11.579999923706056,-10.5,34.79999923706055
1780530685610229500,27.6332294921875,13.079999923706056,-10.559999465942385,34.07999801635742
1780530685630340600,27.653340576171875,16.979999542236328,-11.279999732971191,33.540000915527344
1780530685650451500,27.673451416015624,19.13999938964844,-11.81999969482422,33.18000030517578
1780530685660583400,27.68358349609375,20.21999931335449,-12.179999351501465,33.18000030517578
1780530685690795800,27.713795654296877,23.03999900817871,-11.039999961853027,33.599998474121094
1780530685700866600,27.723866455078124,24.059999465942383,-10.31999969482422,33.36000061035156
1780530685710967800,27.7339677734375,24.899999618530277,-10.979999542236328,33.29999923706055
1780530685771362300,27.7943623046875,26.81999969482422,-11.039999961853027,32.34000015258789
1780530685781463600,27.804463623046875,27.420000076293945,-11.460000038146973,31.85999870300293
1780530685791564800,27.814564697265624,27.53999900817871,-12.239999771118164,32.040000915527344
1780530685801666000,27.824666015625,28.13999938964844,-12.539999961853027,31.920000076293945
1780530685811737000,27.834737060546875,28.19999885559082,-12.59999942779541,31.920000076293945
1780530685831939600,27.854939697265625,28.61999893188477,-11.9399995803833,33.05999755859375
1780530685842040800,27.865040771484374,27.479999542236328,-11.75999927520752,32.880001068115234
1780530685852111600,27.875111572265624,27.239999771118164,-11.639999389648438,33.18000030517578
1780530685862213000,27.885213134765625,27.0,-11.9399995803833,33.29999923706055
1780530685872344800,27.8953447265625,26.51999855041504,-12.0,33.18000030517578
1780530685882446000,27.905446044921877,26.51999855041504,-12.059999465942385,34.439998626708984
1780530685892547600,27.915547607421875,26.099998474121094,-12.539999961853027,34.380001068115234
1780530685902648800,27.92564892578125,25.3799991607666,-12.59999942779541,35.040000915527344
1780530685912750000,27.93575,24.35999870300293,-12.359999656677246,35.63999938964844
1780530685973327600,27.99632763671875,16.979999542236328,-11.039999961853027,36.89999771118164
1780530685983489800,28.00648974609375,16.139999389648438,-11.15999984741211,37.73999786376953
1780530685993591300,28.01659130859375,15.420000076293944,-10.920000076293944,38.040000915527344
1780530686003692500,28.026692626953125,14.880000114440918,-10.979999542236328,37.619998931884766
1780530686023895300,28.046895263671875,12.960000038146973,-9.719999313354492,37.73999786376953
1780530686054199000,28.077198974609374,9.359999656677246,-8.880000114440918,37.2599983215332
1780530686084503000,28.1075029296875,7.37999963760376,-11.279999732971191,36.23999786376953
1780530686094604300,28.117604248046877,6.059999942779541,-11.639999389648438,35.63999938964844
1780530686104705800,28.127705810546875,5.759999752044678,-11.81999969482422,35.39999771118164
1780530686114807000,28.13780712890625,5.579999923706055,-12.359999656677246,35.099998474121094
1780530686124908300,28.147908203125,5.639999866485596,-12.539999961853027,35.279998779296875
1780530686135009800,28.158009765625,6.480000019073486,-12.539999961853027,35.70000076293945
1780530686145111000,28.16811108398437,6.420000076293945,-13.25999927520752,35.39999771118164
1780530686155212300,28.17821240234375,6.119999885559082,-13.139999389648438,35.21999740600586
1780530686175415000,28.1984150390625,5.279999732971191,-13.380000114440918,34.20000076293945
1780530686185516300,28.208516357421875,4.859999656677246,-12.960000038146973,33.959999084472656
1780530686195617500,28.218617431640624,3.9599997997283936,-13.31999969482422,33.71999740600586
1780530686205718800,28.22871875,2.819999933242798,-13.859999656677246,33.71999740600586
1780530686215820300,28.2388203125,1.919999957084656,-14.34000015258789,33.959999084472656
1780530686225891000,28.24889111328125,0.8399999737739563,-14.75999927520752,34.07999801635742
1780530686276397600,28.2993974609375,-3.240000009536743,-17.639999389648438,34.13999938964844
1780530686316802800,28.339802734375,-9.179999351501465,-20.76000022888184,35.459999084472656
1780530686326873600,28.34987353515625,-9.84000015258789,-21.11999893188477,35.63999938964844
1780530686337005600,28.36000561523437,-11.219999313354492,-21.420000076293945,36.05999755859375
1780530686347106800,28.37010693359375,-11.880000114440918,-21.53999900817871,36.84000015258789
1780530686357238800,28.38023876953125,-12.359999656677246,-22.26000022888184,37.02000045776367
1780530686377441300,28.400441162109374,-13.859999656677246,-23.03999900817871,37.2599983215332
1780530686387542500,28.41054248046875,-15.0,-23.21999931335449,36.89999771118164
1780530686397644000,28.42064404296875,-16.079999923706055,-22.68000030517578,37.2599983215332
1780530686407745300,28.430745361328125,-16.5,-22.07999992370605,37.73999786376953
1780530686417816000,28.44081616210937,-16.920000076293945,-21.65999984741211,37.31999969482422
1780530686427917300,28.450917236328124,-16.85999870300293,-21.35999870300293,37.380001068115234
1780530686438018800,28.461018798828125,-15.779999732971191,-21.059999465942383,37.2599983215332
1780530686448089600,28.47108959960937,-15.59999942779541,-20.21999931335449,37.2599983215332
1780530686488464400,28.51146435546875,-13.4399995803833,-15.479999542236328,38.459999084472656
1780530686498535200,28.52153515625,-12.179999351501465,-14.75999927520752,38.34000015258789
1780530686538818300,28.561818359375,-8.880000114440918,-8.9399995803833,36.119998931884766
1780530686579162600,28.60216259765625,-1.9799998998641968,-8.279999732971191,37.2599983215332
1780530686589233400,28.6122333984375,-0.4799999892711639,-7.919999599456787,36.959999084472656
1780530686609405400,28.632405517578125,2.759999990463257,-7.799999713897705,36.47999954223633
1780530686619476200,28.64247631835937,4.559999942779541,-8.09999942779541,36.540000915527344
1780530686629577500,28.652577392578124,6.059999942779541,-8.039999961853027,36.47999954223633
1780530686639679000,28.662678955078125,7.559999942779541,-8.639999389648438,35.52000045776367
1780530686649688600,28.6726884765625,9.239999771118164,-8.639999389648438,36.18000030517578
1780530686659759400,28.68275927734375,10.5,-8.819999694824219,35.57999801635742
1780530686669830100,28.692830078125,12.539999961853027,-9.239999771118164,35.459999084472656
1780530686679931600,28.702931640625,14.460000038146973,-9.539999961853027,35.7599983215332
1780530686689971700,28.7129716796875,15.779999732971191,-10.4399995803833,35.21999740600586
1780530686710113500,28.733113525390625,18.239999771118164,-12.059999465942385,34.380001068115234
1780530686720214800,28.74321484375,19.07999992370605,-12.59999942779541,33.779998779296875
1780530686730224600,28.753224609375,20.459999084472656,-12.719999313354492,33.599998474121094
1780530686750335500,28.77333544921875,22.85999870300293,-11.9399995803833,34.13999938964844
1780530686780578600,28.80357861328125,25.559999465942383,-12.65999984741211,33.47999954223633
1780530686800720100,28.82372021484375,27.899999618530277,-13.139999389648438,32.7599983215332
1780530686810760400,28.833760498046875,29.03999900817871,-13.859999656677246,31.979999542236328
1780530686820861700,28.84386181640625,29.76000022888184,-13.799999237060549,31.739999771118164
1780530686830902000,28.85390209960937,30.059999465942383,-13.739999771118164,31.439998626708984
1780530686841003300,28.864003173828124,29.939998626708984,-14.279999732971191,30.779998779296875
1780530686851074000,28.874073974609374,30.17999839782715,-13.5,30.899999618530277
1780530686861175600,28.88417553710937,30.299999237060547,-13.31999969482422,30.899999618530277
1780530686871246300,28.894246337890625,30.53999900817871,-13.25999927520752,31.07999992370605
1780530686881256000,28.904255859375,31.31999969482422,-12.960000038146973,31.19999885559082
1780530686891326700,28.91432666015625,31.01999855041504,-12.960000038146973,31.26000022888184
1780530686901428200,28.92442822265625,31.19999885559082,-13.019999504089355,31.67999839782715
1780530686911468300,28.93446826171875,31.3799991607666,-12.420000076293944,32.15999984741211
1780530686931610000,28.954610107421875,30.059999465942383,-11.460000038146973,32.279998779296875
1780530686941681000,28.964680908203125,30.059999465942383,-10.5,32.34000015258789
1780530686961822500,28.984822509765625,29.34000015258789,-10.859999656677246,33.18000030517578
1780530686971893200,28.994893310546875,28.5,-10.5,34.02000045776367
1780530686981933600,29.00493359375,27.53999900817871,-10.079999923706056,34.619998931884766
1780530686992004400,29.01500439453125,26.099998474121094,-8.460000038146973,35.880001068115234
1780530687002044700,29.02504467773437,24.18000030517578,-8.279999732971191,36.0
1780530687012146000,29.03514599609375,22.920000076293945,-8.34000015258789,36.84000015258789
1780530687032257000,29.055257080078125,20.21999931335449,-9.960000038146973,37.43999862670898
1780530687042297300,29.06529736328125,19.5,-10.559999465942385,38.39999771118164
1780530687052398600,29.075398681640625,18.11999893188477,-10.800000190734863,38.52000045776367
1780530687062499800,29.085499755859374,16.920000076293945,-11.09999942779541,39.41999816894531
1780530687082702600,29.10570263671875,14.219999313354492,-10.800000190734863,40.13999938964844
1780530687102844200,29.12584423828125,12.84000015258789,-11.09999942779541,39.89999771118164
1780530687112915000,29.1359150390625,11.639999389648438,-11.09999942779541,39.71999740600586
1780530687133087000,29.1560869140625,10.019999504089355,-10.859999656677246,39.119998931884766
1780530687143127300,29.166127197265624,9.239999771118164,-10.859999656677246,38.70000076293945
1780530687163268900,29.186268798828124,8.579999923706055,-10.679999351501465,38.39999771118164
1780530687173339600,29.196339599609374,8.039999961853027,-10.800000190734863,37.86000061035156
1780530687183410400,29.206410400390624,7.319999694824219,-10.139999389648438,37.5
1780530687193481500,29.2164814453125,6.71999979019165,-10.199999809265137,37.31999969482422
1780530687203552300,29.22655224609375,6.239999771118164,-10.739999771118164,37.31999969482422
1780530687213592300,29.23659228515625,6.239999771118164,-10.979999542236328,37.380001068115234
1780530687264007400,29.28700732421875,4.440000057220459,-11.699999809265137,35.15999984741211
1780530687304229600,29.327229736328125,1.5,-12.719999313354492,34.86000061035156
1780530687324340700,29.3473408203125,-0.0599999986588954,-14.219999313354492,34.55999755859375
1780530687334381000,29.357381103515625,-0.5999999642372131,-15.299999237060549,34.5
1780530687384765400,29.407765380859374,-5.819999694824219,-17.760000228881836,35.57999801635742
1780530687394867000,29.41786694335937,-7.619999885559082,-18.299999237060547,34.91999816894531
1780530687404907000,29.427906982421877,-8.399999618530273,-18.71999931335449,35.040000915527344
1780530687415008500,29.438008544921875,-9.300000190734863,-19.13999938964844,34.86000061035156
1780530687425079300,29.448079345703125,-10.260000228881836,-19.26000022888184,34.97999954223633
1780530687505554200,29.52855419921875,-16.799999237060547,-17.15999984741211,38.27999877929688
1780530687586151000,29.60915087890625,-14.399999618530272,-11.519999504089355,37.07999801635742
1780530687636566000,29.65956591796875,-7.980000019073486,-8.639999389648438,37.31999969482422
1780530687646636800,29.66963671875,-6.359999656677246,-8.460000038146973,37.20000076293945
1780530687656677000,29.679677001953124,-4.259999752044678,-8.34000015258789,37.68000030517578
1780530687666778400,29.6897783203125,-2.3999998569488525,-8.460000038146973,37.68000030517578
1780530687727233800,29.75023388671875,7.259999752044678,-9.479999542236328,37.13999938964844
1780530687737335000,29.7603349609375,9.420000076293944,-10.139999389648438,36.29999923706055
1780530687747375400,29.770375244140624,11.460000038146973,-10.5,35.81999969482422
1780530687757476600,29.7804765625,13.920000076293944,-11.519999504089355,35.939998626708984
1780530687767547400,29.79054736328125,15.779999732971191,-11.639999389648438,35.63999938964844
1780530687777618400,29.800618408203125,17.639999389648438,-11.639999389648438,35.57999801635742
1780530687797760000,29.820760009765625,20.399999618530277,-12.119999885559082,34.619998931884766
1780530687807861200,29.830861328125,22.3799991607666,-12.59999942779541,34.31999969482422
1780530687817932000,29.84093212890625,23.459999084472656,-13.019999504089355,33.65999984741211
1780530687828002800,29.8510029296875,24.65999984741211,-13.380000114440918,32.52000045776367
1780530687838073600,29.861073486328124,25.61999893188477,-14.039999961853027,32.040000915527344
1780530687848144400,29.871144287109374,26.21999931335449,-14.639999389648438,31.19999885559082
1780530687858184700,29.881184814453125,27.299999237060547,-14.9399995803833,30.84000015258789
1780530687868286000,29.891285888671877,28.01999855041504,-15.65999984741211,30.71999931335449
1780530687878356700,29.901356689453124,29.15999984741211,-15.960000038146973,30.420000076293945
1780530687928711000,29.9517109375,32.63999938964844,-15.359999656677246,29.8799991607666
1780530687968902400,29.99190234375,31.559999465942383,-12.179999351501465,30.779998779296875
1780530687978973200,30.00197314453125,31.26000022888184,-12.239999771118164,31.3799991607666
1780530688009216300,30.03221630859375,30.71999931335449,-13.619999885559082,33.65999984741211
1780530688039489500,30.062489501953124,27.779998779296875,-12.960000038146973,35.39999771118164
1780530688049560600,30.072560546875,26.939998626708984,-12.719999313354492,35.57999801635742
1780530688059661800,30.08266186523437,25.68000030517578,-12.179999351501465,35.81999969482422
1780530688069763000,30.09276318359375,24.53999900817871,-12.420000076293944,35.939998626708984
1780530688079864300,30.1028642578125,23.279998779296875,-12.960000038146973,36.23999786376953
1780530688089935000,30.11293505859375,21.18000030517578,-13.559999465942385,37.2599983215332
1780530688110137900,30.133137939453125,19.439998626708984,-14.880000114440918,37.43999862670898
1780530688120239000,30.143239013671877,18.35999870300293,-14.9399995803833,37.97999954223633
1780530688130249000,30.1532490234375,17.940000534057617,-14.880000114440918,37.86000061035156
1780530688140380700,30.163380615234374,16.85999870300293,-14.699999809265137,38.34000015258789
1780530688150451500,30.173451416015624,15.239999771118164,-14.460000038146973,38.21999740600586
1780530688160491800,30.18349169921875,14.639999389648438,-14.399999618530272,37.55999755859375
1780530688170593300,30.19359326171875,14.519999504089355,-14.460000038146973,37.55999755859375
1780530688180633300,30.20363330078125,13.799999237060549,-14.039999961853027,37.20000076293945
1780530688190765300,30.21376538085937,13.199999809265137,-13.739999771118164,37.2599983215332
1780530688200866600,30.223866455078124,12.059999465942385,-13.139999389648438,37.02000045776367
1780530688221069300,30.2440693359375,10.380000114440918,-12.719999313354492,36.540000915527344
1780530688231170600,30.254170654296875,9.539999961853027,-12.479999542236328,35.939998626708984
1780530688241271800,30.264271728515624,9.179999351501465,-12.779999732971191,36.05999755859375
1780530688251342600,30.274342529296877,8.34000015258789,-13.019999504089355,35.70000076293945
1780530688261444000,30.284444091796875,7.799999713897705,-12.84000015258789,35.57999801635742
1780530688271545300,30.29454541015625,7.619999885559082,-13.25999927520752,35.52000045776367
1780530688281616100,30.3046162109375,7.859999656677246,-13.5,35.39999771118164
1780530688291717400,30.31471728515625,7.559999942779541,-13.31999969482422,34.73999786376953
1780530688332122600,30.35512255859375,5.639999866485596,-13.199999809265137,34.86000061035156
1780530688352325400,30.375325439453125,3.7200000286102295,-12.960000038146973,34.73999786376953
1780530688392700200,30.4157001953125,0.7199999690055847,-14.519999504089355,35.279998779296875
1780530688402832000,30.425831787109374,-0.2399999946355819,-15.0,35.34000015258789
1780530688412933400,30.43593334960937,-1.5,-15.119999885559082,35.57999801635742
1780530688443237000,30.466237060546877,-4.980000019073486,-14.039999961853027,35.459999084472656
1780530688453338600,30.476338623046875,-6.239999771118164,-14.579999923706056,35.63999938964844
1780530688463440000,30.48643994140625,-7.319999694824219,-16.920000076293945,35.939998626708984
1780530688473541000,30.496541015625,-8.639999389648438,-18.779998779296875,35.15999984741211
1780530688483642400,30.506642333984374,-9.359999656677246,-19.439998626708984,35.39999771118164
1780530688493743900,30.51674389648437,-10.199999809265137,-19.739999771118164,35.57999801635742
1780530688503845000,30.52684521484375,-10.739999771118164,-19.13999938964844,36.0
1780530688513946400,30.5369462890625,-11.219999313354492,-19.07999992370605,36.89999771118164
1780530688524048000,30.5470478515625,-12.0,-19.020000457763672,37.31999969482422
1780530688544250400,30.56725048828125,-13.139999389648438,-18.899999618530277,38.34000015258789
1780530688554351600,30.5773515625,-13.4399995803833,-18.420000076293945,39.29999923706055
1780530688564453000,30.587453125,-13.799999237060549,-17.399999618530273,39.84000015258789
1780530688574554400,30.59755444335937,-13.739999771118164,-16.85999870300293,40.07999801635742
1780530688584655600,30.607655517578124,-14.039999961853027,-15.420000076293944,40.37999725341797
1780530688594756900,30.6177568359375,-14.399999618530272,-14.460000038146973,39.77999877929688
1780530688604858400,30.6278583984375,-13.739999771118164,-14.34000015258789,39.540000915527344
1780530688614959600,30.637959716796875,-12.539999961853027,-13.859999656677246,39.47999954223633
1780530688625060900,30.648060791015624,-11.75999927520752,-13.979999542236328,39.0
1780530688655364900,30.67836474609375,-8.9399995803833,-14.639999389648438,38.87999725341797
1780530688665466000,30.688466064453124,-7.559999942779541,-14.15999984741211,39.29999923706055
1780530688675567600,30.698567626953125,-6.239999771118164,-13.31999969482422,39.71999740600586
1780530688685668900,30.7086689453125,-5.039999961853027,-12.359999656677246,40.07999801635742
1780530688695770000,30.71877001953125,-3.119999885559082,-11.9399995803833,40.07999801635742
1780530688726074000,30.74907421875,0.5999999642372131,-9.65999984741211,39.41999816894531
1780530688736175400,30.75917529296875,2.1599998474121094,-9.420000076293944,38.7599983215332
1780530688746276900,30.76927685546875,3.5999999046325684,-9.539999961853027,38.27999877929688
1780530688756378000,30.779378173828125,5.339999675750732,-9.59999942779541,37.73999786376953
1780530688766479400,30.789479248046877,7.199999809265137,-9.65999984741211,37.79999923706055
1780530688776580600,30.79958056640625,8.519999504089355,-9.59999942779541,38.040000915527344
1780530688786712600,30.80971264648437,10.4399995803833,-9.359999656677246,38.15999984741211
1780530688796813800,30.819813720703124,11.880000114440918,-9.539999961853027,38.15999984741211
1780530688806915000,30.8299150390625,13.25999927520752,-9.899999618530272,37.91999816894531
1780530688817016600,30.8400166015625,14.9399995803833,-10.380000114440918,37.5
1780530688827026200,30.850026123046877,16.920000076293945,-10.859999656677246,37.02000045776367
1780530688837127700,30.860127685546875,18.65999984741211,-11.279999732971191,36.59999847412109
1780530688847229000,30.87022900390625,20.57999992370605,-11.460000038146973,35.939998626708984
1780530688857299700,30.8802998046875,22.739999771118164,-11.880000114440918,35.459999084472656
1780530688867401000,30.89040087890625,24.11999893188477,-12.239999771118164,35.040000915527344
1780530688887603700,30.910603759765625,26.81999969482422,-12.719999313354492,34.07999801635742
1780530688897674500,30.920674560546875,27.479999542236328,-12.239999771118164,33.41999816894531
1780530688907745300,30.930745361328125,27.899999618530277,-11.279999732971191,32.880001068115234
1780530688917816000,30.94081616210937,29.15999984741211,-11.460000038146973,31.979999542236328
1780530688927856400,30.9508564453125,29.69999885559082,-11.699999809265137,31.26000022888184
1780530688948028400,30.9710283203125,31.67999839782715,-13.5,30.17999839782715
1780530688958099200,30.98109912109375,32.099998474121094,-13.079999923706056,29.939998626708984
1780530688968139500,30.991139404296877,32.459999084472656,-13.679999351501465,30.0
1780530688978240800,31.00124072265625,33.0,-14.09999942779541,29.34000015258789
1780530688988311600,31.0113115234375,33.36000061035156,-13.979999542236328,29.939998626708984
1780530688998382600,31.02138256835937,33.05999755859375,-14.519999504089355,29.8799991607666
1780530689008422700,31.031422607421877,33.779998779296875,-14.519999504089355,30.0
1780530689028595000,31.051594970703125,33.959999084472656,-14.519999504089355,30.599998474121094
1780530689038665700,31.06166577148437,34.31999969482422,-14.279999732971191,30.899999618530277
1780530689048736500,31.071736572265625,34.07999801635742,-14.039999961853027,30.959999084472656
1780530689058837800,31.081837646484374,33.05999755859375,-13.859999656677246,31.3799991607666
1780530689068908500,31.091908447265624,32.880001068115234,-13.739999771118164,31.799999237060547
1780530689079009800,31.102009765625,31.920000076293945,-13.739999771118164,32.21999740600586
1780530689089080800,31.112080810546875,31.26000022888184,-13.380000114440918,33.18000030517578
1780530689099182000,31.12218212890625,31.3799991607666,-12.719999313354492,33.89999771118164
1780530689119384600,31.142384521484374,30.299999237060547,-12.359999656677246,35.34000015258789
1780530689129394400,31.15239453125,28.799999237060547,-11.81999969482422,35.39999771118164
1780530689139495700,31.16249560546875,27.53999900817871,-11.699999809265137,35.939998626708984
1780530689149536000,31.172535888671877,26.399999618530277,-10.979999542236328,36.29999923706055
1780530689159637200,31.18263720703125,24.53999900817871,-10.260000228881836,36.71999740600586
1780530689169677600,31.192677490234374,23.63999938964844,-10.4399995803833,37.43999862670898
1780530689179809500,31.2028095703125,22.31999969482422,-10.800000190734863,37.91999816894531
1780530689189910800,31.212910888671875,21.11999893188477,-10.859999656677246,38.27999877929688
1780530689199981600,31.222981689453125,20.520000457763672,-11.519999504089355,38.52000045776367
1780530689209991400,31.232991455078125,19.920000076293945,-11.579999923706056,39.0
1780530689220092700,31.2430927734375,18.899999618530277,-11.399999618530272,39.119998931884766
1780530689230163500,31.25316357421875,17.760000228881836,-12.0,39.23999786376953
1780530689240203800,31.263203857421875,16.799999237060547,-11.880000114440918,39.540000915527344
1780530689250274600,31.273274658203125,15.960000038146973,-11.75999927520752,39.47999954223633
1780530689260375800,31.283375732421877,14.460000038146973,-11.81999969482422,39.23999786376953
1780530689270446600,31.293446533203124,13.619999885559082,-11.399999618530272,39.119998931884766
1780530689280548000,31.303548095703125,12.479999542236328,-11.279999732971191,38.81999969482422
1780530689290649300,31.3136494140625,11.81999969482422,-11.579999923706056,38.52000045776367
1780530689300689700,31.323689697265625,11.699999809265137,-11.279999732971191,38.459999084472656
1780530689310760400,31.333760498046875,11.579999923706056,-11.579999923706056,38.57999801635742
1780530689320800800,31.34380078125,11.09999942779541,-11.75999927520752,38.52000045776367
1780530689330841000,31.353841064453125,10.31999969482422,-12.239999771118164,38.63999938964844
1780530689340911900,31.36391186523437,9.539999961853027,-11.9399995803833,38.70000076293945
1780530689351043600,31.374043701171875,8.880000114440918,-11.880000114440918,38.459999084472656
1780530689411468300,31.43446826171875,5.099999904632568,-11.09999942779541,35.57999801635742
1780530689451782100,31.4747822265625,1.8600000143051147,-13.679999351501465,36.18000030517578
1780530689512237600,31.535237548828125,-2.2799999713897705,-16.3799991607666,38.81999969482422
1780530689542480400,31.56548046875,-4.920000076293945,-16.799999237060547,38.7599983215332
1780530689582794000,31.6057939453125,-6.71999979019165,-16.559999465942383,39.77999877929688
1780530689592895500,31.6158955078125,-7.679999828338623,-16.85999870300293,40.31999969482422
1780530689613006600,31.636006591796875,-9.359999656677246,-15.839999198913574,41.09999847412109
1780530689623077400,31.646077392578125,-9.300000190734863,-15.539999961853027,41.63999938964844
1780530689673431300,31.69643139648437,-9.0,-12.239999771118164,40.68000030517578
1780530689683502000,31.706502197265625,-8.15999984741211,-11.75999927520752,40.20000076293945
1780530689693572900,31.71657275390625,-7.019999980926514,-11.34000015258789,40.02000045776367
1780530689723785200,31.74678515625,-4.319999694824219,-9.479999542236328,39.36000061035156
1780530689733856000,31.75685595703125,-3.179999828338623,-9.119999885559082,39.18000030517578
1780530689743926800,31.7669267578125,-1.7999999523162842,-8.399999618530273,39.119998931884766
1780530689754028300,31.7770283203125,-0.6599999666213989,-7.859999656677246,39.18000030517578
1780530689764129500,31.787129638671875,0.7799999713897705,-7.799999713897705,39.18000030517578
1780530689774169900,31.797169921875,2.0999999046325684,-7.440000057220459,39.119998931884766
1780530689784210200,31.807210205078125,3.4800000190734863,-7.259999752044678,38.81999969482422
1780530689794311400,31.8173115234375,5.21999979019165,-7.37999963760376,38.34000015258789
1780530689804351700,31.827351806640625,6.059999942779541,-6.960000038146973,38.21999740600586
1780530689814422500,31.837422607421875,7.5,-7.019999980926514,37.97999954223633
1780530689824432400,31.847432373046875,8.760000228881836,-7.559999942779541,38.09999847412109
1780530689834533600,31.85753369140625,9.779999732971191,-8.039999961853027,38.040000915527344
1780530689844604400,31.8676044921875,11.460000038146973,-8.819999694824219,38.21999740600586
1780530689854675200,31.87767529296875,12.84000015258789,-10.019999504089355,38.09999847412109
1780530689864776400,31.8877763671875,14.460000038146973,-9.239999771118164,38.15999984741211
1780530689874816800,31.897816650390624,15.779999732971191,-8.09999942779541,38.15999984741211
1780530689884918000,31.90791796875,17.279998779296875,-8.639999389648438,37.20000076293945
1780530689894958300,31.917958251953124,19.020000457763672,-8.519999504089355,37.07999801635742
1780530689904968200,31.92796826171875,20.03999900817871,-9.539999961853027,36.47999954223633
1780530689925109800,31.94810986328125,22.979999542236328,-11.09999942779541,35.939998626708984
1780530689935211000,31.9582109375,23.8799991607666,-10.920000076293944,35.39999771118164
1780530689955352600,31.9783525390625,26.279998779296875,-11.15999984741211,34.380001068115234
1780530689995605500,32.01860546875,28.799999237060547,-11.639999389648438,33.71999740600586
1780530690005676300,32.02867626953125,29.279998779296875,-11.279999732971191,33.65999984741211
1780530690015808000,32.03880810546875,29.76000022888184,-11.399999618530272,33.05999755859375
1780530690025909200,32.0489091796875,30.65999984741211,-11.15999984741211,33.599998474121094
1780530690036010800,32.0590107421875,30.599998474121094,-11.279999732971191,33.18000030517578
1780530690056152300,32.07915234375,31.920000076293945,-11.699999809265137,34.13999938964844
1780530690066223000,32.08922314453125,31.19999885559082,-11.880000114440918,33.89999771118164
1780530690076294000,32.0992939453125,31.61999893188477,-12.0,34.79999923706055
1780530690096405000,32.11940502929688,31.07999992370605,-11.34000015258789,34.619998931884766
1780530690106506200,32.12950634765625,30.599998474121094,-10.800000190734863,34.73999786376953
1780530690116546600,32.13954663085938,30.0,-10.859999656677246,34.73999786376953
1780530690126647800,32.149647705078124,29.51999855041504,-10.920000076293944,35.63999938964844
1780530690146820000,32.16982006835938,28.68000030517578,-10.5,36.84000015258789
1780530690166870000,32.1898701171875,26.69999885559082,-9.59999942779541,37.31999969482422
1780530690176971300,32.19997119140625,25.68000030517578,-9.899999618530272,37.13999938964844
1780530690187042000,32.2100419921875,25.31999969482422,-9.779999732971191,37.13999938964844
1780530690197112800,32.22011279296875,25.13999938964844,-10.31999969482422,37.43999862670898
1780530690217224000,32.240223876953124,24.71999931335449,-11.75999927520752,38.21999740600586
1780530690297790500,32.32079052734375,19.5,-11.15999984741211,37.55999755859375
1780530690338073600,32.361073486328124,16.979999542236328,-12.359999656677246,36.89999771118164
1780530690378295800,32.4012958984375,15.059999465942385,-8.639999389648438,35.63999938964844
1780530690388366600,32.41136669921875,15.119999885559082,-9.539999961853027,36.0
1780530690489166000,32.512166015625,6.539999961853027,-12.84000015258789,36.05999755859375
1780530690539611600,32.562611572265624,0.1799999922513961,-16.920000076293945,36.84000015258789
1780530690610260000,32.63326000976563,-10.4399995803833,-18.959999084472656,38.81999969482422
1780530690650604000,32.67360400390625,-12.84000015258789,-17.15999984741211,40.2599983215332
1780530690741485600,32.76448559570313,-9.119999885559082,-12.059999465942385,40.20000076293945
1780530690812194800,32.83519482421875,-1.079999923706055,-6.659999847412109,38.57999801635742
1780530690892913700,32.91591357421875,11.279999732971191,-6.839999675750732,38.39999771118164
1780530690953552100,32.97655224609375,20.69999885559082,-8.34000015258789,36.47999954223633
1780530690983856000,33.00685620117188,25.07999992370605,-9.239999771118164,35.15999984741211
1780530690993957400,33.016957275390624,26.099998474121094,-9.179999351501465,34.91999816894531
1780530691004058600,33.02705859375,26.76000022888184,-9.420000076293944,34.79999923706055
1780530691014160100,33.03716015625,27.479999542236328,-10.139999389648438,35.040000915527344
1780530691024261400,33.04726147460938,28.01999855041504,-10.019999504089355,34.68000030517578
1780530691034362600,33.057362548828124,28.68000030517578,-10.679999351501465,34.07999801635742
1780530691044464000,33.06746411132813,29.399999618530277,-10.559999465942385,34.02000045776367
1780530691054565400,33.0775654296875,30.11999893188477,-10.380000114440918,33.71999740600586
1780530691064666600,33.08766650390625,29.8799991607666,-10.559999465942385,33.41999816894531
1780530691074768000,33.097767822265624,29.939998626708984,-10.920000076293944,33.41999816894531
1780530691084869400,33.10786938476563,30.11999893188477,-11.34000015258789,33.0
1780530691094970600,33.117970703125,30.239999771118164,-11.460000038146973,32.52000045776367
1780530691105041400,33.12804150390625,31.01999855041504,-11.699999809265137,32.459999084472656
1780530691115142700,33.138142578125,31.26000022888184,-11.519999504089355,32.459999084472656
1780530691125244200,33.148244140625,31.559999465942383,-11.09999942779541,33.05999755859375
1780530691165618700,33.18861865234375,30.420000076293945,-10.619999885559082,34.619998931884766
1780530691256378000,33.27937817382813,23.100000381469727,-8.34000015258789,39.84000015258789
1780530691346984700,33.369984619140624,12.899999618530272,-8.039999961853027,39.59999847412109
1780530691377197000,33.400197021484374,11.519999504089355,-9.359999656677246,39.36000061035156
1780530691397339000,33.4203388671875,11.09999942779541,-9.539999961853027,39.23999786376953
1780530691407348500,33.430348388671874,10.619999885559082,-9.179999351501465,38.57999801635742
1780530691427520800,33.45052075195313,9.65999984741211,-9.359999656677246,38.09999847412109
1780530691437560800,33.460560791015624,8.9399995803833,-9.719999313354492,37.73999786376953
1780530691447632000,33.4706318359375,8.460000038146973,-9.960000038146973,37.86000061035156
1780530691457733000,33.48073315429688,8.519999504089355,-9.960000038146973,37.2599983215332
1780530691467804000,33.49080395507813,8.039999961853027,-9.899999618530272,37.31999969482422
1780530691477905200,33.5009052734375,8.399999618530273,-9.899999618530272,37.13999938964844
1780530691498046700,33.521046630859374,7.440000057220459,-10.559999465942385,36.89999771118164
1780530691518127400,33.54112744140625,6.599999904632568,-11.219999313354492,36.59999847412109
1780530691528198100,33.5511982421875,5.87999963760376,-11.639999389648438,36.36000061035156
1780530691538299400,33.56129931640625,5.940000057220459,-12.0,36.119998931884766
1780530691548370200,33.5713701171875,4.619999885559082,-12.65999984741211,35.939998626708984
1780530691558441000,33.58144091796875,3.7799999713897705,-12.179999351501465,35.7599983215332
1780530691568511700,33.59151171875,3.059999942779541,-12.479999542236328,36.18000030517578
1780530691578582800,33.60158276367188,1.6799999475479126,-13.139999389648438,36.29999923706055
1780530691588684000,33.61168408203125,1.1399999856948853,-13.380000114440918,36.47999954223633
1780530691608825600,33.63182568359375,-0.3599999845027923,-15.119999885559082,37.2599983215332
1780530691618866000,33.64186596679688,-1.1999999284744265,-15.59999942779541,37.91999816894531
1780530691628936700,33.65193676757813,-2.1599998474121094,-15.65999984741211,38.63999938964844
1780530691639007500,33.66200756835938,-2.93999981880188,-15.899999618530272,38.63999938964844
1780530691649078300,33.67207836914063,-4.199999809265137,-16.19999885559082,38.70000076293945
1780530691659149000,33.68214916992188,-4.739999771118164,-16.619998931884766,38.7599983215332
1780530691679321000,33.702321044921874,-6.779999732971191,-16.85999870300293,39.05999755859375
1780530691689361400,33.712361328125,-7.139999866485596,-16.559999465942383,39.36000061035156
1780530691709533700,33.73253369140625,-8.760000228881836,-14.75999927520752,40.20000076293945
1780530691719543300,33.742543212890624,-9.59999942779541,-14.519999504089355,40.43999862670898
1780530691729644800,33.75264477539063,-10.199999809265137,-13.5,40.73999786376953
1780530691759796000,33.7827958984375,-10.31999969482422,-11.15999984741211,40.86000061035156
1780530691769897500,33.7928974609375,-10.380000114440918,-10.019999504089355,40.79999923706055
1780530691779968300,33.80296826171875,-10.019999504089355,-9.479999542236328,40.43999862670898
1780530691790069500,33.81306958007813,-9.65999984741211,-7.259999752044678,39.71999740600586
1780530691800140300,33.82314038085938,-9.84000015258789,-5.819999694824219,40.02000045776367
1780530691810241500,33.833241455078124,-8.519999504089355,-6.179999828338623,40.02000045776367
1780530691820281900,33.84328173828125,-7.980000019073486,-6.059999942779541,39.84000015258789
1780530691830352600,33.8533525390625,-5.87999963760376,-7.5,40.13999938964844
1780530691890808000,33.91380810546875,4.019999980926514,-6.659999847412109,39.36000061035156
1780530691951171800,33.974171875,12.59999942779541,-6.779999732971191,38.52000045776367
1780530692011627000,34.034626953125,22.19999885559082,-7.919999599456787,36.65999984741211
1780530692082183700,34.10518359375,29.399999618530277,-9.59999942779541,33.41999816894531
1780530692092254500,34.11525439453125,29.399999618530277,-9.899999618530272,33.119998931884766
1780530692122436400,34.145436279296874,30.65999984741211,-11.399999618530272,32.63999938964844
1780530692132537900,34.15553784179688,31.01999855041504,-11.9399995803833,32.39999771118164
1780530692142608600,34.16560864257813,31.13999938964844,-12.300000190734863,31.979999542236328
1780530692152710000,34.1757099609375,31.01999855041504,-11.9399995803833,32.70000076293945
1780530692172851500,34.1958515625,31.07999992370605,-11.399999618530272,33.23999786376953
1780530692182922200,34.205922119140624,31.31999969482422,-11.34000015258789,33.779998779296875
1780530692192993000,34.215992919921874,31.31999969482422,-11.519999504089355,34.380001068115234
1780530692213165300,34.23616528320313,30.779998779296875,-11.34000015258789,35.279998779296875
1780530692223236000,34.24623608398438,30.35999870300293,-10.739999771118164,36.0
1780530692233307000,34.25630688476563,29.76000022888184,-10.559999465942385,35.880001068115234
1780530692243377700,34.26637768554688,29.099998474121094,-10.079999923706056,36.59999847412109
1780530692253448400,34.27644848632813,28.13999938964844,-10.019999504089355,37.13999938964844
1780530692263519200,34.28651928710938,27.35999870300293,-9.179999351501465,37.79999923706055
1780530692273620500,34.296620361328124,25.68000030517578,-7.859999656677246,38.21999740600586
1780530692293762000,34.316761962890624,23.76000022888184,-7.739999771118164,38.63999938964844
1780530692303863600,34.32686352539063,22.739999771118164,-8.519999504089355,38.81999969482422
1780530692313903600,34.336903564453124,22.020000457763672,-9.59999942779541,39.36000061035156
1780530692364257800,34.3872578125,16.079999923706055,-10.5,40.37999725341797
1780530692374328600,34.39732861328125,15.0,-10.139999389648438,40.13999938964844
1780530692384429800,34.40742993164063,13.979999542236328,-10.859999656677246,39.47999954223633
1780530692394531000,34.417531005859374,12.719999313354492,-11.34000015258789,38.93999862670898
1780530692404601900,34.427601806640624,12.300000190734863,-11.519999504089355,38.52000045776367
1780530692414672600,34.437672607421874,11.880000114440918,-12.179999351501465,38.040000915527344
1780530692434814500,34.457814453125,11.639999389648438,-11.880000114440918,38.57999801635742
1780530692505371000,34.528370849609374,7.919999599456787,-10.31999969482422,36.77999877929688
1780530692515442000,34.53844189453125,8.039999961853027,-11.279999732971191,36.959999084472656
1780530692525451500,34.548451416015624,8.15999984741211,-10.979999542236328,36.959999084472656
1780530692535522300,34.558522216796874,8.039999961853027,-11.519999504089355,36.36000061035156
1780530692545593000,34.568593017578124,7.559999942779541,-11.279999732971191,36.41999816894531
1780530692555694600,34.57869458007813,5.940000057220459,-10.4399995803833,35.939998626708984
1780530692565704200,34.5887041015625,5.759999752044678,-10.4399995803833,35.63999938964844
1780530692575805700,34.5988056640625,5.21999979019165,-10.380000114440918,36.05999755859375
1780530692585907000,34.60890698242188,5.039999961853027,-11.279999732971191,36.47999954223633
1780530692606079000,34.629078857421874,4.199999809265137,-12.719999313354492,36.71999740600586
1780530692626251000,34.6492509765625,2.93999981880188,-13.619999885559082,36.47999954223633
1780530692636322000,34.65932202148438,1.8600000143051147,-13.619999885559082,36.71999740600586
1780530692646392800,34.66939282226563,1.0199999809265137,-14.279999732971191,36.65999984741211
1780530692656494000,34.679494140625,0.1199999973177909,-14.519999504089355,36.89999771118164
1780530692666534400,34.68953442382813,-0.6599999666213989,-14.699999809265137,37.20000076293945
1780530692686645500,34.7096455078125,-2.4600000381469727,-15.65999984741211,38.09999847412109
1780530692696716300,34.71971630859375,-3.419999837875366,-15.839999198913574,38.27999877929688
1780530692706817500,34.72981762695313,-4.440000057220459,-15.899999618530272,39.18000030517578
1780530692716918800,34.739918701171874,-5.339999675750732,-15.59999942779541,39.59999847412109
1780530692737030000,34.76002978515625,-6.779999732971191,-14.81999969482422,40.91999816894531
1780530692747070200,34.7700703125,-7.679999828338623,-13.31999969482422,40.68000030517578
1780530692767211800,34.790211669921874,-9.059999465942385,-11.09999942779541,40.79999923706055
1780530692807525600,34.83052563476563,-9.239999771118164,-12.0,41.040000915527344
1780530692908325000,34.9313251953125,-1.1999999284744265,-7.440000057220459,40.91999816894531
1780530692958740200,34.981740234375,4.380000114440918,-7.319999694824219,39.84000015258789
1780530692988983000,35.01198315429688,8.880000114440918,-7.259999752044678,39.47999954223633
1780530693029327400,35.05232739257813,14.81999969482422,-9.179999351501465,38.15999984741211
1780530693049560600,35.072560546875,17.520000457763672,-9.899999618530272,37.07999801635742
1780530693059661800,35.08266186523438,18.53999900817871,-10.019999504089355,36.71999740600586
1780530693069763000,35.09276318359375,20.34000015258789,-10.619999885559082,36.23999786376953
1780530693079833900,35.102833740234374,21.779998779296875,-11.15999984741211,35.70000076293945
1780530693089935000,35.11293505859375,23.03999900817871,-11.34000015258789,35.34000015258789
1780530693100067000,35.12306713867188,24.420000076293945,-11.519999504089355,34.619998931884766
1780530693110168300,35.133168212890624,25.3799991607666,-11.34000015258789,34.5
1780530693120269600,35.14326953125,26.399999618530277,-11.460000038146973,34.13999938964844
1780530693130371000,35.15337109375,27.299999237060547,-11.9399995803833,33.779998779296875
1780530693150573600,35.173573486328124,29.15999984741211,-12.0,33.18000030517578
1780530693160675000,35.18367504882813,29.76000022888184,-12.0,33.47999954223633
1780530693180877600,35.20387768554688,30.899999618530277,-12.359999656677246,33.599998474121094
1780530693190978800,35.213978759765624,31.13999938964844,-12.779999732971191,33.84000015258789
1780530693201080300,35.22408032226563,30.899999618530277,-12.779999732971191,33.29999923706055
1780530693251586800,35.2745869140625,30.65999984741211,-10.199999809265137,33.84000015258789
1780530693291992000,35.314991943359374,28.799999237060547,-10.920000076293944,36.65999984741211
1780530693302093300,35.32509326171875,28.19999885559082,-10.5,36.959999084472656
1780530693312194800,35.33519482421875,27.479999542236328,-10.859999656677246,37.07999801635742
1780530693322296000,35.34529614257813,26.939998626708984,-10.800000190734863,37.20000076293945
1780530693332397300,35.355397216796874,25.3799991607666,-11.579999923706056,37.5
1780530693382873300,35.405873291015624,20.100000381469727,-10.079999923706056,38.87999725341797
1780530693423309300,35.44630932617188,16.139999389648438,-10.380000114440918,39.84000015258789
1780530693494018600,35.5170185546875,9.779999732971191,-10.380000114440918,38.52000045776367
1780530693504119800,35.52711987304688,9.300000190734863,-10.019999504089355,38.52000045776367
1780530693514221000,35.537220947265624,8.9399995803833,-10.260000228881836,38.39999771118164
1780530693524322300,35.547322265625,9.0,-10.559999465942385,37.86000061035156
1780530693534423800,35.557423828125,8.579999923706055,-9.899999618530272,37.43999862670898
1780530693544494600,35.56749462890625,8.699999809265137,-10.679999351501465,37.13999938964844
1780530693554565400,35.5775654296875,8.579999923706055,-10.5,36.89999771118164
1780530693564636200,35.58763623046875,8.039999961853027,-11.15999984741211,36.959999084472656
1780530693574737400,35.5977373046875,7.739999771118164,-11.219999313354492,36.71999740600586
1780530693604919300,35.627919189453124,6.599999904632568,-10.739999771118164,35.7599983215332
1780530693635162400,35.65816235351563,5.279999732971191,-12.65999984741211,34.97999954223633
1780530693645202400,35.668202392578124,4.980000019073486,-12.719999313354492,34.91999816894531
1780530693655273500,35.6782734375,4.079999923706055,-12.359999656677246,34.5
1780530693665374700,35.68837475585938,3.659999847412109,-13.199999809265137,34.380001068115234
1780530693675476000,35.69847607421875,2.700000047683716,-13.31999969482422,34.31999969482422
1780530693685516300,35.70851635742188,1.559999942779541,-14.09999942779541,34.31999969482422
1780530693695617500,35.718617431640624,0.7799999713897705,-14.579999923706056,34.31999969482422
1780530693715789800,35.73878979492188,-2.3399999141693115,-13.31999969482422,34.68000030517578
1780530693725830000,35.748829833984374,-2.93999981880188,-14.219999313354492,34.79999923706055
1780530693735931400,35.75893139648438,-4.440000057220459,-15.0,35.34000015258789
1780530693776214500,35.79921459960938,-7.559999942779541,-16.799999237060547,37.07999801635742
1780530693786315800,35.809315673828124,-8.220000267028809,-16.799999237060547,36.89999771118164
1780530693826568400,35.849568359375,-11.039999961853027,-14.699999809265137,39.18000030517578
1780530693836670000,35.859669921875,-11.639999389648438,-14.219999313354492,39.41999816894531
1780530693856780800,35.87978076171875,-12.300000190734863,-12.239999771118164,40.20000076293945
1780530693866882300,35.88988232421875,-11.75999927520752,-11.34000015258789,40.37999725341797
1780530693876953000,35.899953125,-11.460000038146973,-10.979999542236328,39.959999084472656
1780530693886993400,35.90999340820313,-10.859999656677246,-11.09999942779541,39.84000015258789
1780530693897033500,35.920033447265624,-10.079999923706056,-11.399999618530272,39.540000915527344
1780530693917205800,35.94020581054688,-8.09999942779541,-10.739999771118164,39.36000061035156
1780530693927215400,35.95021533203125,-7.199999809265137,-10.31999969482422,38.57999801635742
1780530693937286400,35.96028637695313,-6.420000076293945,-9.899999618530272,38.57999801635742
1780530693947326500,35.970326416015624,-5.099999904632568,-9.119999885559082,38.57999801635742
1780530693957397200,35.980397216796874,-3.7200000286102295,-9.179999351501465,38.34000015258789
1780530693967437600,35.9904375,-2.220000028610229,-8.760000228881836,38.459999084472656
1780530693977508400,36.00050830078125,-0.1199999973177909,-8.699999809265137,37.97999954223633
1780530693987548700,36.010548583984374,1.1399999856948853,-8.639999389648438,37.86000061035156
1780530693997650200,36.02065014648438,2.93999981880188,-8.34000015258789,37.73999786376953
1780530694017791700,36.04079174804688,5.460000038146973,-8.399999618530273,37.86000061035156
1780530694058075000,36.08107495117188,11.75999927520752,-7.919999599456787,38.81999969482422
1780530694078186000,36.10118603515625,14.9399995803833,-8.579999923706055,38.52000045776367
1780530694088256800,36.1112568359375,16.31999969482422,-9.179999351501465,38.70000076293945
1780530694148712200,36.17171215820313,22.61999893188477,-10.739999771118164,35.52000045776367
1780530694158752300,36.18175219726562,23.8799991607666,-11.579999923706056,34.619998931884766
1780530694168853800,36.19185375976563,24.84000015258789,-11.579999923706056,33.84000015258789
1780530694178955000,36.201955078125,26.399999618530277,-12.359999656677246,33.18000030517578
1780530694188995300,36.21199536132813,26.939998626708984,-11.399999618530272,33.05999755859375
1780530694199035600,36.22203564453125,26.8799991607666,-10.260000228881836,33.36000061035156
1780530694209106400,36.2321064453125,27.239999771118164,-10.920000076293944,33.119998931884766
1780530694219177200,36.24217724609375,27.11999893188477,-10.979999542236328,33.05999755859375
1780530694249420000,36.272419921875,30.84000015258789,-14.279999732971191,32.15999984741211
1780530694259490800,36.28249072265625,31.559999465942383,-14.15999984741211,32.63999938964844
1780530694269561600,36.2925615234375,31.19999885559082,-13.979999542236328,32.939998626708984
1780530694279632400,36.30263232421875,31.01999855041504,-14.039999961853027,33.47999954223633
1780530694289703200,36.312703125,31.01999855041504,-14.279999732971191,33.89999771118164
1780530694299804700,36.3228046875,30.959999084472656,-14.399999618530272,34.02000045776367
1780530694309875500,36.33287548828125,31.26000022888184,-14.460000038146973,33.959999084472656
1780530694319946200,36.3429462890625,31.3799991607666,-14.699999809265137,34.439998626708984
1780530694330017000,36.35301708984375,30.959999084472656,-13.920000076293944,34.619998931884766
1780530694370361300,36.393361328125,29.459999084472656,-13.019999504089355,35.279998779296875
1780530694380432100,36.40343212890625,27.899999618530277,-12.059999465942385,35.70000076293945
1780530694410675000,36.43367504882813,24.53999900817871,-9.960000038146973,37.91999816894531
1780530694440917800,36.463917724609374,21.299999237060547,-10.199999809265137,39.18000030517578
1780530694450988800,36.47398876953125,20.81999969482422,-10.260000228881836,39.119998931884766
1780530694461090000,36.48409008789063,19.739999771118164,-10.5,39.36000061035156
1780530694471130400,36.49413037109375,18.84000015258789,-10.199999809265137,39.36000061035156
1780530694481231600,36.50423168945313,18.239999771118164,-10.079999923706056,39.119998931884766
1780530694491302400,36.51430249023438,17.219999313354492,-9.65999984741211,39.47999954223633
1780530694501403600,36.52440356445312,16.920000076293945,-9.300000190734863,39.47999954223633
1780530694572052000,36.59505200195313,11.219999313354492,-10.4399995803833,39.05999755859375
1780530694582122800,36.60512280273438,10.800000190734863,-10.5,39.18000030517578
1780530694592193500,36.61519360351563,10.4399995803833,-10.979999542236328,38.52000045776367
1780530694602264300,36.62526440429688,10.559999465942385,-11.219999313354492,38.39999771118164
1780530694612335000,36.63533520507813,10.739999771118164,-11.460000038146973,37.86000061035156
1780530694622436400,36.64543627929688,11.039999961853027,-11.81999969482422,37.380001068115234
1780530694632507100,36.65550708007813,10.5,-11.81999969482422,37.07999801635742
1780530694682891800,36.70589184570313,8.34000015258789,-9.84000015258789,36.84000015258789
1780530694703033300,36.72603344726563,6.779999732971191,-11.519999504089355,36.959999084472656
1780530694713073700,36.73607373046875,5.940000057220459,-11.699999809265137,37.43999862670898
1780530694723175000,36.7461748046875,5.21999979019165,-12.300000190734863,37.79999923706055
1780530694743316500,36.76631640625,4.619999885559082,-13.859999656677246,38.09999847412109
1780530694753356800,36.77635668945312,3.899999856948853,-14.460000038146973,38.15999984741211
1780530694773498400,36.79649829101562,2.93999981880188,-14.34000015258789,38.15999984741211
1780530694843994000,36.866994140625,-2.639999866485596,-16.19999885559082,39.65999984741211
1780530694854095400,36.87709545898438,-3.4800000190734863,-16.68000030517578,39.959999084472656
1780530694874267400,36.89726733398437,-5.099999904632568,-16.920000076293945,40.02000045776367
1780530694884307700,36.9073076171875,-5.519999980926514,-16.799999237060547,40.37999725341797
1780530694894409000,36.91740893554688,-6.179999828338623,-16.5,40.86000061035156
1780530694904510500,36.92751049804688,-6.71999979019165,-16.31999969482422,40.619998931884766
1780530694914581200,36.93758129882813,-6.960000038146973,-15.839999198913574,40.79999923706055
1780530694924621600,36.94762158203125,-7.619999885559082,-15.0,40.79999923706055
1780530694934722800,36.95772290039063,-7.739999771118164,-14.34000015258789,40.97999954223633
1780530694944824000,36.967823974609374,-7.619999885559082,-13.679999351501465,40.86000061035156
1780530694954894800,36.977894775390624,-7.799999713897705,-13.559999465942385,40.2599983215332
1780530694985046300,37.00804638671875,-6.539999961853027,-12.179999351501465,38.39999771118164
1780530694995147500,37.0181474609375,-5.279999732971191,-11.279999732971191,37.97999954223633
1780530695005218300,37.02821826171875,-4.920000076293945,-10.679999351501465,38.34000015258789
1780530695015319800,37.03831982421875,-4.319999694824219,-10.31999969482422,38.39999771118164
1780530695025390600,37.048390625,-2.93999981880188,-10.019999504089355,38.15999984741211
1780530695035461400,37.05846142578125,-1.919999957084656,-9.899999618530272,38.15999984741211
1780530695045532200,37.0685322265625,-0.2999999821186065,-10.199999809265137,37.5
1780530695055663900,37.078663818359374,1.0199999809265137,-10.079999923706056,37.31999969482422
1780530695116088800,37.1390888671875,7.5,-7.199999809265137,37.43999862670898
1780530695156372000,37.1793720703125,12.300000190734863,-5.579999923706055,36.71999740600586
1780530695176513500,37.19951342773437,14.039999961853027,-6.239999771118164,35.57999801635742
1780530695186584300,37.20958422851562,16.139999389648438,-8.460000038146973,35.81999969482422
1780530695196624600,37.21962475585938,18.479999542236328,-9.359999656677246,36.540000915527344
1780530695216827400,37.23982739257813,20.57999992370605,-10.679999351501465,36.47999954223633
1780530695226898200,37.24989819335938,21.479999542236328,-10.619999885559082,36.18000030517578
1780530695236969000,37.25996899414063,22.020000457763672,-10.979999542236328,35.040000915527344
1780530695247039700,37.27003979492188,23.34000015258789,-11.15999984741211,34.73999786376953
1780530695257141000,37.28014111328125,23.8799991607666,-11.09999942779541,33.959999084472656
1780530695267211800,37.290211669921874,24.600000381469727,-11.460000038146973,33.71999740600586
1780530695277282600,37.30028247070312,24.600000381469727,-12.239999771118164,33.71999740600586
1780530695287353300,37.31035327148437,25.01999855041504,-12.539999961853027,34.31999969482422
1780530695297454800,37.32045483398438,25.3799991607666,-13.4399995803833,34.380001068115234
1780530695307525600,37.33052563476563,26.03999900817871,-13.559999465942385,35.040000915527344
1780530695317596400,37.34059643554688,26.57999992370605,-12.899999618530272,35.39999771118164
1780530695347839200,37.37083911132813,24.899999618530277,-11.75999927520752,35.52000045776367
1780530695357910000,37.380909912109374,24.959999084472656,-11.579999923706056,36.119998931884766
1780530695428558300,37.45155834960938,24.779998779296875,-10.5,37.55999755859375
1780530695468933000,37.49193310546875,22.61999893188477,-9.84000015258789,37.619998931884766
1780530695479034400,37.50203442382813,21.959999084472656,-10.019999504089355,38.15999984741211
1780530695489135600,37.51213549804688,21.600000381469727,-10.260000228881836,38.52000045776367
1780530695499206400,37.52220629882813,21.0,-10.679999351501465,38.459999084472656
1780530695509307600,37.5323076171875,20.279998779296875,-10.979999542236328,38.7599983215332
1780530695519409200,37.5424091796875,19.07999992370605,-10.859999656677246,38.459999084472656
1780530695529510400,37.55251049804688,18.18000030517578,-11.039999961853027,37.91999816894531
1780530695539611600,37.56261157226562,17.279998779296875,-11.75999927520752,37.97999954223633
1780530695569915600,37.59291552734375,15.899999618530272,-12.239999771118164,38.21999740600586
1780530695580017000,37.60301684570312,15.719999313354492,-12.119999885559082,38.27999877929688
1780530695600219600,37.6232197265625,14.9399995803833,-11.75999927520752,37.5
1780530695610321000,37.63332080078125,14.9399995803833,-11.579999923706056,37.91999816894531
1780530695620422100,37.643422119140624,15.59999942779541,-10.739999771118164,37.79999923706055
1780530695630523600,37.65352368164063,14.880000114440918,-9.300000190734863,37.43999862670898
1780530695640655400,37.6636552734375,13.380000114440918,-8.639999389648438,36.47999954223633
1780530695650756900,37.6737568359375,13.4399995803833,-8.819999694824219,35.7599983215332
1780530695670929000,37.69392895507813,12.179999351501465,-10.859999656677246,35.939998626708984
1780530695681060600,37.704060546875,12.719999313354492,-11.219999313354492,36.540000915527344
1780530695691162000,37.714162109375,12.420000076293944,-11.219999313354492,36.29999923706055
1780530695701263400,37.72426342773438,12.420000076293944,-11.880000114440918,35.939998626708984
1780530695711364600,37.73436450195312,12.479999542236328,-12.059999465942385,36.119998931884766
1780530695721465900,37.7444658203125,11.399999618530272,-12.119999885559082,36.29999923706055
1780530695731567400,37.7545673828125,10.619999885559082,-12.300000190734863,36.59999847412109
1780530695741668600,37.76466870117188,9.59999942779541,-12.119999885559082,36.540000915527344
1780530695772003000,37.79500317382813,8.220000267028809,-12.479999542236328,35.880001068115234
1780530695792175000,37.81517504882813,6.480000019073486,-12.960000038146973,35.81999969482422
1780530695812408300,37.835408203125,4.319999694824219,-13.25999927520752,36.84000015258789
1780530695822509600,37.84550952148437,3.179999828338623,-13.739999771118164,36.84000015258789
1780530695832611000,37.85561108398438,1.9799998998641968,-13.979999542236328,36.84000015258789
1780530695842742800,37.86574267578125,0.7799999713897705,-14.460000038146973,36.84000015258789
1780530695852783000,37.875783203125,0.2399999946355819,-15.359999656677246,37.68000030517578
1780530695893158000,37.91615795898438,-2.5799999237060547,-16.920000076293945,39.29999923706055
1780530695903289600,37.92628955078125,-3.539999961853028,-17.15999984741211,39.65999984741211
1780530695923462000,37.9464619140625,-5.87999963760376,-16.739999771118164,39.41999816894531
1780530695933563100,37.95656323242188,-6.359999656677246,-16.68000030517578,40.55999755859375
1780530695943664400,37.966664306640624,-7.259999752044678,-16.920000076293945,40.73999786376953
1780530695963867100,37.9868671875,-9.119999885559082,-16.3799991607666,41.27999877929688
1780530695984069600,38.00706958007813,-9.239999771118164,-14.699999809265137,41.21999740600586
1780530695994140400,38.017140380859374,-9.239999771118164,-14.09999942779541,40.86000061035156
1780530696004242000,38.02724194335938,-8.819999694824219,-13.559999465942385,40.73999786376953
1780530696014373600,38.03737353515625,-8.34000015258789,-12.84000015258789,40.31999969482422
1780530696024475000,38.04747485351562,-8.639999389648438,-12.779999732971191,39.89999771118164
1780530696034576400,38.05757641601563,-7.559999942779541,-12.059999465942385,40.02000045776367
1780530696044677600,38.067677734375,-6.960000038146973,-11.880000114440918,39.59999847412109
1780530696054779000,38.07777880859375,-6.599999904632568,-11.699999809265137,39.18000030517578
1780530696074920400,38.09792041015625,-4.859999656677246,-10.739999771118164,38.52000045776367
1780530696084991500,38.10799145507813,-3.9599997997283936,-10.380000114440918,38.09999847412109
1780530696095092700,38.1180927734375,-2.879999876022339,-9.65999984741211,38.09999847412109
1780530696125366000,38.14836596679688,0.1199999973177909,-5.460000038146973,37.73999786376953
1780530696135467500,38.15846752929688,1.6799999475479126,-5.159999847412109,37.97999954223633
1780530696145507800,38.1685078125,3.299999952316284,-6.179999828338623,38.040000915527344
1780530696155609000,38.17860913085938,5.759999752044678,-7.919999599456787,37.68000030517578
1780530696175750700,38.19875073242188,8.34000015258789,-7.199999809265137,37.20000076293945
1780530696185821400,38.20882153320313,9.59999942779541,-7.259999752044678,36.84000015258789
1780530696195922700,38.218922607421874,10.920000076293944,-7.199999809265137,36.65999984741211
1780530696205993500,38.22899340820312,12.179999351501465,-8.15999984741211,36.23999786376953
1780530696216064300,38.23906420898437,13.679999351501465,-8.279999732971191,36.119998931884766
1780530696226165800,38.24916577148438,15.479999542236328,-8.579999923706055,36.47999954223633
1780530696256408600,38.27940869140625,19.31999969482422,-10.019999504089355,35.939998626708984
1780530696337066500,38.36006640625,26.03999900817871,-11.34000015258789,33.36000061035156
1780530696347168000,38.37016796875,27.65999984741211,-11.519999504089355,32.81999969482422
1780530696357238800,38.38023876953125,27.84000015258789,-12.0,32.57999801635742
1780530696367278800,38.39027880859375,28.920000076293945,-11.75999927520752,33.0
1780530696427764700,38.4507646484375,28.799999237060547,-12.479999542236328,33.119998931884766
1780530696478210300,38.50121020507813,27.299999237060547,-12.239999771118164,35.040000915527344
1780530696528656000,38.55165576171875,23.76000022888184,-10.5,37.79999923706055
1780530696538726700,38.5617265625,22.26000022888184,-10.5,38.15999984741211
1780530696548767000,38.57176708984375,21.779998779296875,-10.079999923706056,38.27999877929688
1780530696599151600,38.62215161132813,15.960000038146973,-8.639999389648438,39.89999771118164
1780530696619354000,38.64235400390625,13.920000076293944,-8.880000114440918,39.959999084472656
1780530696629425000,38.6524248046875,13.4399995803833,-9.960000038146973,39.29999923706055
1780530696639495700,38.66249560546875,12.899999618530272,-10.4399995803833,38.7599983215332
1780530696649566500,38.67256640625,12.059999465942385,-10.31999969482422,39.0
1780530696659637200,38.68263720703125,10.979999542236328,-10.31999969482422,38.7599983215332
1780530696669677600,38.69267749023437,10.5,-9.960000038146973,38.87999725341797
1780530696679779000,38.70277905273438,9.779999732971191,-10.380000114440918,38.63999938964844
1780530696689819100,38.71281909179688,9.179999351501465,-10.559999465942385,38.09999847412109
1780530696699920600,38.72292065429688,9.539999961853027,-10.979999542236328,38.09999847412109
1780530696720092700,38.7430927734375,8.760000228881836,-11.09999942779541,37.43999862670898
1780530696730163500,38.75316357421875,8.639999389648438,-10.739999771118164,37.43999862670898
1780530696740234200,38.763234130859374,8.220000267028809,-10.920000076293944,37.02000045776367
1780530696750335500,38.77333544921875,8.579999923706055,-11.039999961853027,37.20000076293945
1780530696760406500,38.78340649414063,8.399999618530273,-11.279999732971191,36.59999847412109
1780530696780517400,38.80351733398437,7.679999828338623,-12.179999351501465,36.119998931884766
1780530696790619000,38.81361889648438,6.779999732971191,-12.359999656677246,34.91999816894531
1780530696800659200,38.8236591796875,6.359999656677246,-12.300000190734863,34.97999954223633
1780530696830871600,38.85387158203125,5.21999979019165,-12.59999942779541,35.459999084472656
1780530696841003300,38.86400317382813,4.739999771118164,-13.31999969482422,35.279998779296875
1780530696851074000,38.874073974609374,3.659999847412109,-13.619999885559082,35.34000015258789
1780530696861144800,38.884144775390624,2.2799999713897705,-13.619999885559082,35.099998474121094
1780530696871215600,38.894215576171874,1.3799999952316284,-14.460000038146973,34.97999954223633
1780530696881286700,38.90428662109375,-0.2399999946355819,-14.75999927520752,35.15999984741211
1780530696911529500,38.93452954101563,-2.3399999141693115,-15.539999961853027,36.23999786376953
1780530696951873800,38.97487377929688,-4.920000076293945,-16.739999771118164,37.86000061035156
1780530696961913900,38.984913818359374,-5.639999866485596,-16.85999870300293,38.34000015258789
1780530696972015400,38.99501538085938,-6.480000019073486,-16.799999237060547,38.70000076293945
1780530696982116600,39.00511669921875,-7.440000057220459,-16.920000076293945,38.7599983215332
1780530696992187400,39.0151875,-8.819999694824219,-16.139999389648438,39.0
1780530697002227700,39.02522778320313,-9.539999961853027,-16.079999923706055,39.18000030517578
1780530697012329000,39.035328857421874,-9.779999732971191,-15.359999656677246,39.59999847412109
1780530697022430200,39.04543017578125,-10.619999885559082,-14.460000038146973,40.2599983215332
1780530697032501200,39.05550122070313,-10.679999351501465,-14.039999961853027,40.07999801635742
1780530697052612000,39.07561206054688,-11.279999732971191,-12.479999542236328,40.02000045776367
1780530697062683100,39.08568310546875,-10.559999465942385,-11.15999984741211,40.37999725341797
1780530697072754000,39.09575390625,-11.09999942779541,-9.300000190734863,40.86000061035156
1780530697092834300,39.11583422851562,-10.679999351501465,-8.220000267028809,40.73999786376953
1780530697112945400,39.1359453125,-9.719999313354492,-9.300000190734863,39.71999740600586
1780530697123016200,39.14601611328125,-8.15999984741211,-9.359999656677246,39.77999877929688
1780530697143188500,39.1661884765625,-5.099999904632568,-8.760000228881836,39.119998931884766
1780530697153228500,39.176228515625,-3.4800000190734863,-8.639999389648438,39.47999954223633
1780530697163268900,39.18626879882813,-2.93999981880188,-7.980000019073486,39.71999740600586
1780530697173339600,39.196339599609374,-1.8600000143051147,-7.5,39.540000915527344
1780530697183410400,39.206410400390624,-1.079999923706055,-7.980000019073486,39.41999816894531
1780530697193481500,39.2164814453125,0.3599999845027923,-7.799999713897705,39.18000030517578
1780530697203521500,39.226521484375,2.3999998569488525,-8.279999732971191,39.23999786376953
1780530697213623000,39.236623046875,3.7799999713897705,-7.619999885559082,38.87999725341797
1780530697223663400,39.24666333007813,5.460000038146973,-7.799999713897705,38.70000076293945
1780530697243805000,39.26680493164063,8.279999732971191,-7.859999656677246,38.52000045776367
1780530697253875700,39.27687573242188,9.420000076293944,-8.639999389648438,38.27999877929688
1780530697263946500,39.28694653320313,11.219999313354492,-8.639999389648438,37.97999954223633
1780530697274047700,39.2970478515625,12.719999313354492,-9.65999984741211,37.07999801635742
1780530697284088000,39.30708813476563,14.460000038146973,-9.899999618530272,36.89999771118164
1780530697294189300,39.31718920898437,16.559999465942383,-9.960000038146973,36.959999084472656
1780530697314331000,39.33733081054688,18.899999618530277,-10.31999969482422,37.20000076293945
1780530697324371200,39.34737109375,20.21999931335449,-10.559999465942385,37.02000045776367
1780530697384857000,39.40785717773438,26.15999984741211,-11.81999969482422,33.89999771118164
1780530697394958300,39.41795825195312,26.81999969482422,-12.239999771118164,33.779998779296875
1780530697405029000,39.42802905273437,27.779998779296875,-12.059999465942385,33.36000061035156
1780530697415100000,39.43809985351562,28.5,-11.75999927520752,33.119998931884766
1780530697425140200,39.44814013671875,28.979999542236328,-12.059999465942385,32.70000076293945
1780530697455383300,39.47838330078125,30.53999900817871,-12.420000076293944,33.23999786376953
1780530697465454000,39.4884541015625,31.01999855041504,-12.179999351501465,33.36000061035156
1780530697475524900,39.49852490234375,31.26000022888184,-12.179999351501465,33.29999923706055
1780530697485595600,39.508595703125,30.959999084472656,-12.119999885559082,33.41999816894531
1780530697495697000,39.51869677734375,30.479999542236328,-12.0,33.599998474121094
1780530697505767700,39.528767578125,30.299999237060547,-12.359999656677246,33.84000015258789
1780530697515838500,39.53883837890625,29.459999084472656,-11.9399995803833,34.13999938964844
1780530697525909200,39.5489091796875,29.63999938964844,-11.639999389648438,34.86000061035156
1780530697535980000,39.55897998046875,28.920000076293945,-11.399999618530272,35.70000076293945
1780530697556091100,39.57909106445312,27.35999870300293,-8.34000015258789,36.47999954223633
1780530697566162000,39.58916186523437,25.799999237060547,-7.559999942779541,36.77999877929688
1780530697596405000,39.61940502929688,23.459999084472656,-11.09999942779541,38.34000015258789
1780530697646789400,39.669789306640624,19.739999771118164,-10.139999389648438,39.84000015258789
1780530697656860200,39.679860107421874,19.020000457763672,-10.559999465942385,39.540000915527344
1780530697666900500,39.689900390625,18.53999900817871,-10.380000114440918,39.540000915527344
1780530697677002000,39.700001953125,16.85999870300293,-10.31999969482422,39.0
1780530697687072800,39.71007275390625,16.5,-10.139999389648438,39.05999755859375
1780530697697143600,39.7201435546875,15.420000076293944,-10.199999809265137,39.0
1780530697707214300,39.73021435546875,14.81999969482422,-9.719999313354492,39.29999923706055
1780530697717254700,39.74025463867188,14.81999969482422,-10.019999504089355,39.41999816894531
1780530697727356000,39.75035595703125,13.619999885559082,-10.5,39.119998931884766
1780530697737457200,39.76045703125,13.679999351501465,-10.5,39.23999786376953
1780530697757598700,39.7805986328125,12.420000076293944,-11.09999942779541,38.09999847412109
1780530697767700200,39.7907001953125,12.539999961853027,-11.34000015258789,37.73999786376953
1780530697777771000,39.80077099609375,11.880000114440918,-11.699999809265137,37.43999862670898
1780530697787872300,39.81087231445313,12.119999885559082,-11.880000114440918,36.84000015258789
1780530697797943000,39.82094311523438,11.639999389648438,-12.0,36.89999771118164
1780530697808044300,39.83104418945312,10.739999771118164,-11.699999809265137,36.41999816894531
1780530697818084600,39.84108471679688,10.920000076293944,-11.15999984741211,36.23999786376953
1780530697838287400,39.86128735351563,10.859999656677246,-10.859999656677246,35.63999938964844
1780530697848388600,39.871388671875,10.859999656677246,-10.920000076293944,35.52000045776367
1780530697858489900,39.88148974609375,10.199999809265137,-11.039999961853027,35.21999740600586
1780530697868591000,39.89159106445312,9.59999942779541,-11.09999942779541,35.279998779296875
1780530697878692600,39.90169262695313,8.579999923706055,-11.399999618530272,35.099998474121094
1780530697888763400,39.91176342773438,8.15999984741211,-12.0,35.52000045776367
1780530697898864600,39.92186474609375,7.619999885559082,-12.300000190734863,35.63999938964844
1780530697908966000,39.9319658203125,6.539999961853027,-12.239999771118164,35.63999938964844
1780530697919067400,39.9420673828125,5.759999752044678,-11.699999809265137,36.29999923706055
1780530697929138200,39.95213818359375,4.619999885559082,-11.519999504089355,36.05999755859375
1780530697959411500,39.98241137695312,1.6200000047683716,-12.539999961853027,36.119998931884766
1780530697969543400,39.99254345703125,0.8399999737739563,-12.719999313354492,36.05999755859375
1780530698030029300,40.053029296875,-4.920000076293945,-12.119999885559082,39.47999954223633
1780530698060333000,40.0833330078125,-8.09999942779541,-11.75999927520752,40.55999755859375
1780530698070434600,40.0934345703125,-7.799999713897705,-12.899999618530272,40.86000061035156
1780530698100799500,40.12379956054688,-9.239999771118164,-12.59999942779541,40.55999755859375
1780530698110931200,40.13393115234375,-10.31999969482422,-11.699999809265137,39.959999084472656
1780530698121002000,40.144001953125,-10.079999923706056,-11.699999809265137,39.65999984741211
1780530698131073000,40.15407299804688,-9.899999618530272,-10.739999771118164,39.540000915527344
1780530698151306000,40.17430590820312,-8.819999694824219,-10.199999809265137,39.41999816894531
1780530698161346300,40.18434619140625,-8.9399995803833,-9.84000015258789,38.39999771118164
1780530698171447600,40.19444750976562,-8.279999732971191,-9.84000015258789,38.39999771118164
1780530698181579500,40.20457958984375,-7.679999828338623,-9.779999732971191,37.97999954223633
1780530698201751600,40.22475146484375,-4.799999713897705,-8.15999984741211,39.0
1780530698211883500,40.23488354492188,-4.019999980926514,-7.619999885559082,38.7599983215332
1780530698221984800,40.24498486328125,-2.5199999809265137,-6.960000038146973,39.119998931884766
1780530698232086000,40.2550859375,-1.9799998998641968,-6.960000038146973,38.34000015258789
1780530698242126300,40.26512622070312,-0.8399999737739563,-7.079999923706055,37.97999954223633
1780530698252258300,40.27525830078125,0.5999999642372131,-7.37999963760376,37.68000030517578
1780530698262359600,40.28535961914063,1.5,-7.739999771118164,37.31999969482422
1780530698272491300,40.2954912109375,2.819999933242798,-8.039999961853027,37.2599983215332
1780530698302825700,40.32582568359375,7.139999866485596,-9.059999465942385,37.86000061035156
1780530698312927200,40.33592724609375,9.179999351501465,-9.300000190734863,37.86000061035156
1780530698322998000,40.345998046875,11.279999732971191,-9.0,37.79999923706055
1780530698363403300,40.3864033203125,16.799999237060547,-8.819999694824219,37.86000061035156
1780530698373474000,40.39647412109375,17.579999923706055,-9.0,36.41999816894531
1780530698434082000,40.45708203125,25.5,-9.960000038146973,35.70000076293945
1780530698444183300,40.46718334960938,26.34000015258789,-10.079999923706056,34.55999755859375
1780530698454284500,40.47728442382813,26.939998626708984,-10.079999923706056,34.13999938964844
1780530698464385800,40.4873857421875,27.11999893188477,-10.800000190734863,33.36000061035156
1780530698474487300,40.4974873046875,27.65999984741211,-11.279999732971191,33.36000061035156
1780530698484588500,40.50758862304688,28.439998626708984,-10.739999771118164,34.02000045776367
1780530698504791000,40.527791015625,29.57999992370605,-10.079999923706056,33.959999084472656
1780530698514892500,40.537892578125,30.420000076293945,-10.4399995803833,33.71999740600586
1780530698524963300,40.54796337890625,30.059999465942383,-10.859999656677246,33.05999755859375
1780530698535095000,40.55809497070312,30.11999893188477,-10.739999771118164,33.119998931884766
1780530698545196500,40.56819653320313,30.479999542236328,-12.420000076293944,33.23999786376953
1780530698555297800,40.5782978515625,30.11999893188477,-12.420000076293944,33.36000061035156
1780530698565399000,40.58839892578125,31.13999938964844,-12.65999984741211,33.540000915527344
1780530698575500300,40.598500244140624,30.899999618530277,-12.479999542236328,33.71999740600586
1780530698585632300,40.60863232421875,30.71999931335449,-12.0,34.07999801635742
1780530698676574700,40.69957470703125,21.53999900817871,-10.31999969482422,39.0
1780530698716980000,40.73997998046875,17.760000228881836,-9.0,39.959999084472656
1780530698727050800,40.75005078125,16.68000030517578,-9.119999885559082,39.59999847412109
1780530698747131100,40.77013110351562,15.779999732971191,-9.539999961853027,39.119998931884766
1780530698757232600,40.78023266601563,14.9399995803833,-9.84000015258789,38.93999862670898
1780530698767303400,40.79030346679688,14.15999984741211,-9.899999618530272,38.63999938964844
1780530698777374200,40.80037426757813,13.199999809265137,-10.139999389648438,38.21999740600586
1780530698787445000,40.81044506835938,12.179999351501465,-10.139999389648438,38.39999771118164
1780530698797546200,40.82054614257813,11.639999389648438,-10.679999351501465,37.97999954223633
1780530698807617000,40.830616943359374,10.859999656677246,-11.519999504089355,37.79999923706055
1780530698837860000,40.86086010742188,11.34000015258789,-12.539999961853027,37.02000045776367
1780530698847961300,40.87096142578125,11.039999961853027,-11.81999969482422,36.77999877929688
1780530698858032000,40.8810322265625,10.260000228881836,-11.460000038146973,37.2599983215332
1780530698888244500,40.91124438476562,8.699999809265137,-10.380000114440918,36.71999740600586
1780530698898345700,40.921345703125,8.460000038146973,-10.979999542236328,36.119998931884766
1780530698938690000,40.96168994140625,7.139999866485596,-11.279999732971191,36.05999755859375
1780530698958862300,40.9818623046875,6.420000076293945,-12.119999885559082,35.880001068115234
1780530698968933000,40.99193310546875,5.339999675750732,-12.420000076293944,35.57999801635742
1780530698979004000,41.00200390625,4.259999752044678,-12.84000015258789,35.57999801635742
1780530698989105200,41.01210522460938,2.2799999713897705,-12.119999885559082,35.52000045776367
1780530698999176000,41.02217602539063,1.559999942779541,-12.539999961853027,35.52000045776367
1780530699009246700,41.03224682617188,1.079999923706055,-13.31999969482422,35.52000045776367
1780530699029388300,41.05238818359375,1.319999933242798,-15.65999984741211,36.540000915527344
1780530699039489500,41.06248950195312,0.3599999845027923,-16.3799991607666,36.59999847412109
1780530699049560600,41.072560546875,-0.7799999713897705,-16.619998931884766,36.36000061035156
1780530699059631400,41.08263134765625,-1.6200000047683716,-17.15999984741211,36.23999786376953
1780530699069702100,41.0927021484375,-2.5199999809265137,-17.520000457763672,36.29999923706055
1780530699079773000,41.10277294921875,-2.700000047683716,-18.11999893188477,36.77999877929688
1780530699089843700,41.11284375,-2.700000047683716,-18.239999771118164,37.68000030517578
1780530699099914500,41.12291455078125,-3.119999885559082,-18.420000076293945,37.97999954223633
1780530699110015700,41.133015625,-3.359999895095825,-18.479999542236328,38.70000076293945
1780530699120117000,41.143116943359374,-3.7200000286102295,-17.940000534057617,38.87999725341797
1780530699170501600,41.19350170898438,-8.819999694824219,-13.799999237060549,39.59999847412109
1780530699190673700,41.21367358398437,-7.859999656677246,-12.119999885559082,40.37999725341797
1780530699220886000,41.24388598632813,-6.359999656677246,-11.039999961853027,40.07999801635742
1780530699241058300,41.26405834960938,-5.279999732971191,-10.380000114440918,40.02000045776367
1780530699261230300,41.284230224609374,-3.9599997997283936,-9.119999885559082,39.89999771118164
1780530699271301000,41.294301025390624,-2.879999876022339,-9.119999885559082,39.71999740600586
1780530699281311000,41.30431103515625,-0.8999999761581421,-8.519999504089355,39.05999755859375
1780530699291412200,41.314412109375,0.5399999618530273,-8.579999923706055,38.87999725341797
1780530699301483000,41.32448291015625,1.3799999952316284,-8.399999618530273,38.459999084472656
1780530699311553800,41.3345537109375,2.700000047683716,-8.220000267028809,38.52000045776367
1780530699321563600,41.34456372070313,4.199999809265137,-8.579999923706055,38.7599983215332
1780530699331665000,41.354664794921874,5.279999732971191,-8.760000228881836,38.87999725341797
1780530699341735700,41.36473559570312,6.899999618530273,-8.880000114440918,39.05999755859375
1780530699351837200,41.37483715820313,8.220000267028809,-8.699999809265137,38.34000015258789
1780530699392120300,41.41512036132813,13.979999542236328,-10.139999389648438,37.02000045776367
1780530699402191000,41.42519116210938,14.9399995803833,-9.84000015258789,36.71999740600586
1780530699412262000,41.43526196289063,16.739999771118164,-10.260000228881836,36.71999740600586
1780530699422332700,41.44533276367188,18.239999771118164,-10.739999771118164,36.18000030517578
1780530699432403500,41.45540356445313,19.559999465942383,-11.519999504089355,35.70000076293945
1780530699442443800,41.46544384765625,21.0,-12.479999542236328,35.15999984741211
1780530699452545000,41.475544921875,21.420000076293945,-12.719999313354492,34.619998931884766
1780530699482788000,41.5057880859375,24.53999900817871,-11.399999618530272,33.29999923706055
1780530699502899200,41.52589916992188,26.099998474121094,-12.59999942779541,33.29999923706055
1780530699512970000,41.53596997070313,27.0,-13.799999237060549,32.7599983215332
1780530699543212800,41.566212890625,28.5,-12.84000015258789,33.0
1780530699563324000,41.58632397460938,28.799999237060547,-11.75999927520752,33.18000030517578
1780530699583465500,41.60646557617188,29.34000015258789,-12.359999656677246,32.880001068115234
1780530699593536300,41.61653637695313,29.279998779296875,-13.019999504089355,32.459999084472656
1780530699623840300,41.64684033203125,29.099998474121094,-13.25999927520752,33.540000915527344
1780530699643981800,41.66698193359375,28.07999992370605,-12.479999542236328,34.86000061035156
1780530699654022100,41.67702221679688,27.84000015258789,-11.699999809265137,34.91999816894531
1780530699664123400,41.68712329101562,27.059999465942383,-11.519999504089355,35.34000015258789
1780530699704406500,41.727406494140624,24.0,-10.199999809265137,36.89999771118164
1780530699714508000,41.73750805664063,22.739999771118164,-9.84000015258789,37.5
1780530699724609300,41.747609375,21.600000381469727,-9.899999618530272,37.97999954223633
1780530699744750800,41.767750732421874,18.959999084472656,-10.079999923706056,38.39999771118164
1780530699774963200,41.79796313476562,15.899999618530272,-10.079999923706056,39.18000030517578
1780530699805145000,41.82814501953125,12.960000038146973,-10.619999885559082,39.47999954223633
1780530699815246600,41.83824658203125,12.0,-10.559999465942385,38.70000076293945
1780530699825317400,41.8483173828125,10.979999542236328,-10.800000190734863,38.21999740600586
1780530699835388200,41.85838818359375,10.380000114440918,-11.039999961853027,37.97999954223633
1780530699845428500,41.86842846679688,9.779999732971191,-11.15999984741211,37.43999862670898
1780530699855529700,41.87852978515625,8.699999809265137,-10.859999656677246,37.2599983215332
1780530699865600500,41.8886005859375,7.679999828338623,-11.039999961853027,37.20000076293945
1780530699875701800,41.89870166015625,7.259999752044678,-10.859999656677246,37.2599983215332
1780530699885772500,41.9087724609375,6.899999618530273,-11.039999961853027,36.89999771118164
1780530699905944800,41.92894482421875,7.739999771118164,-11.09999942779541,36.71999740600586
1780530699936187600,41.95918774414063,6.659999847412109,-10.619999885559082,36.05999755859375
1780530699956359700,41.979359619140624,4.859999656677246,-7.739999771118164,35.39999771118164
1780530699966430500,41.989430419921874,4.139999866485596,-7.980000019073486,34.68000030517578
1780530699976501200,41.99950122070312,4.440000057220459,-8.760000228881836,35.099998474121094
1780530699986541600,42.00954150390625,4.440000057220459,-10.5,34.380001068115234
1780530700016784600,42.03978466796875,3.4800000190734863,-12.0,33.65999984741211
1780530700026886000,42.04988598632813,3.240000009536743,-12.179999351501465,33.89999771118164
1780530700036956700,42.05995678710938,2.700000047683716,-12.119999885559082,34.55999755859375
1780530700077270500,42.1002705078125,-0.5399999618530273,-13.739999771118164,35.7599983215332
1780530700097473000,42.12047314453125,-2.1599998474121094,-14.460000038146973,35.7599983215332
1780530700147888000,42.17088818359375,-5.460000038146973,-14.9399995803833,37.43999862670898
1780530700157928400,42.18092846679688,-6.299999713897705,-14.81999969482422,37.86000061035156
1780530700178100500,42.2011005859375,-6.659999847412109,-14.460000038146973,39.47999954223633
1780530700188201700,42.21120166015625,-7.37999963760376,-14.699999809265137,39.47999954223633
1780530700198272500,42.2212724609375,-7.679999828338623,-15.299999237060549,39.71999740600586
1780530700208343300,42.23134326171875,-8.519999504089355,-14.880000114440918,39.65999984741211
1780530700218383600,42.241383544921874,-8.699999809265137,-14.15999984741211,40.02000045776367
1780530700228424000,42.251423828125,-8.880000114440918,-13.559999465942385,40.55999755859375
1780530700238525200,42.26152514648437,-9.0,-12.65999984741211,40.619998931884766
1780530700248626700,42.27162670898438,-8.9399995803833,-11.699999809265137,40.619998931884766
1780530700268768300,42.29176831054688,-8.279999732971191,-10.979999542236328,39.89999771118164
1780530700278808600,42.30180859375,-8.09999942779541,-10.5,39.29999923706055
1780530700288909800,42.31190991210938,-7.199999809265137,-10.800000190734863,39.47999954223633
1780530700309081900,42.332081787109374,-4.739999771118164,-10.5,39.41999816894531
1780530700319183400,42.34218334960938,-3.299999952316284,-10.199999809265137,39.89999771118164
1780530700329254100,42.35225415039063,-2.0999999046325684,-10.019999504089355,39.959999084472656
1780530700349456600,42.37245654296875,0.0599999986588954,-8.819999694824219,39.540000915527344
1780530700359466500,42.38246655273438,1.5,-8.579999923706055,39.47999954223633
1780530700369567700,42.39256762695312,3.240000009536743,-8.220000267028809,38.70000076293945
1780530700379638500,42.40263842773437,5.339999675750732,-7.980000019073486,38.7599983215332
1780530700389709300,42.41270922851562,7.319999694824219,-7.739999771118164,39.0
1780530700399719200,42.42271923828125,9.119999885559082,-7.559999942779541,38.27999877929688
1780530700409790000,42.4327900390625,11.09999942779541,-7.919999599456787,39.0
1780530700419860700,42.44286083984375,12.65999984741211,-8.639999389648438,38.7599983215332
1780530700429962000,42.4529619140625,12.84000015258789,-8.519999504089355,38.34000015258789
1780530700530670000,42.55367016601563,25.26000022888184,-11.880000114440918,34.2599983215332
1780530700601226800,42.62422680664063,30.059999465942383,-13.4399995803833,32.52000045776367
1780530700611297500,42.63429760742188,30.71999931335449,-13.799999237060549,32.279998779296875
1780530700621398800,42.644398681640624,30.65999984741211,-14.219999313354492,32.15999984741211
1780530700631469600,42.654469482421874,30.84000015258789,-13.920000076293944,32.52000045776367
1780530700641540400,42.66454028320312,31.13999938964844,-13.979999542236328,32.7599983215332
1780530700651641900,42.67464184570313,30.959999084472656,-14.460000038146973,32.57999801635742
1780530700661743000,42.6847431640625,30.899999618530277,-13.799999237060549,32.279998779296875
1780530700671844400,42.69484423828125,30.899999618530277,-14.460000038146973,31.920000076293945
1780530700681945600,42.704945556640624,30.71999931335449,-14.09999942779541,32.040000915527344
1780530700692047000,42.71504711914063,30.599998474121094,-13.920000076293944,32.939998626708984
1780530700702148400,42.7251484375,30.479999542236328,-14.219999313354492,33.29999923706055
1780530700712249600,42.73524951171875,30.53999900817871,-13.859999656677246,34.07999801635742
1780530700732452400,42.75545239257813,29.81999969482422,-14.81999969482422,33.959999084472656
1780530700742492700,42.76549267578125,29.15999984741211,-14.15999984741211,34.13999938964844
1780530700752594000,42.77559399414063,28.31999969482422,-14.039999961853027,34.5
1780530700762664700,42.78566479492188,27.18000030517578,-13.799999237060549,35.52000045776367
1780530700772766000,42.795765869140624,26.63999938964844,-13.139999389648438,36.18000030517578
1780530700782898000,42.80589794921875,26.03999900817871,-13.679999351501465,36.959999084472656
1780530700792999200,42.81599926757813,25.19999885559082,-13.25999927520752,36.89999771118164
1780530700803070000,42.82607006835938,24.600000381469727,-13.739999771118164,36.89999771118164
1780530700813171200,42.83617114257813,23.81999969482422,-14.039999961853027,37.5
1780530700873779200,42.896779296875,17.459999084472656,-12.65999984741211,38.09999847412109
1780530700883880400,42.90688037109375,16.31999969482422,-11.9399995803833,38.34000015258789
1780530700893982000,42.91698193359375,16.260000228881836,-11.519999504089355,39.05999755859375
1780530700954589700,42.977589599609374,13.5,-10.800000190734863,38.15999984741211
1780530700964691000,42.98769091796875,13.199999809265137,-10.5,37.55999755859375
1780530700974792400,42.99779248046875,12.65999984741211,-10.800000190734863,37.02000045776367
1780530700984893700,43.00789379882813,12.119999885559082,-10.859999656677246,36.71999740600586
1780530700994995000,43.01799487304688,11.75999927520752,-10.979999542236328,36.41999816894531
1780530701005096400,43.02809643554688,11.219999313354492,-11.09999942779541,36.59999847412109
1780530701015197700,43.03819775390625,11.639999389648438,-11.34000015258789,36.959999084472656
1780530701025299000,43.048298828125,11.81999969482422,-12.059999465942385,36.77999877929688
1780530701035400200,43.05840014648437,11.579999923706056,-12.300000190734863,36.29999923706055
1780530701045501700,43.06850170898438,11.34000015258789,-12.420000076293944,35.880001068115234
1780530701065704200,43.0887041015625,10.739999771118164,-12.539999961853027,35.459999084472656
1780530701075805700,43.0988056640625,10.619999885559082,-12.65999984741211,35.880001068115234
1780530701085876500,43.10887646484375,10.019999504089355,-13.019999504089355,35.81999969482422
1780530701136383000,43.15938305664063,4.5,-13.679999351501465,36.05999755859375
1780530701146484200,43.169484130859374,3.659999847412109,-14.15999984741211,36.41999816894531
1780530701156555000,43.179554931640624,2.2799999713897705,-13.559999465942385,37.02000045776367
1780530701166687000,43.18968701171875,1.6799999475479126,-14.039999961853027,37.68000030517578
1780530701227294700,43.25029467773437,-0.2999999821186065,-15.239999771118164,39.47999954223633
1780530701237365500,43.26036547851562,-0.6599999666213989,-15.359999656677246,39.71999740600586
1780530701247497500,43.27049755859375,-1.4399999380111694,-15.239999771118164,40.37999725341797
1780530701257598700,43.2805986328125,-1.8600000143051147,-15.420000076293944,40.97999954223633
1780530701267669500,43.29066943359375,-2.1599998474121094,-15.359999656677246,41.15999984741211
1780530701277771000,43.30077099609375,-2.93999981880188,-15.359999656677246,41.27999877929688
1780530701287841800,43.310841796875,-3.299999952316284,-15.420000076293944,41.57999801635742
1780530701297943000,43.32094311523438,-3.659999847412109,-15.359999656677246,41.52000045776367
1780530701308013800,43.33101391601563,-3.839999914169312,-15.239999771118164,42.05999755859375
1780530701318084600,43.34108471679688,-3.5999999046325684,-14.15999984741211,42.23999786376953
1780530701338226200,43.36122607421875,-3.4800000190734863,-12.539999961853027,41.63999938964844
1780530701348297000,43.371296875,-3.359999895095825,-12.059999465942385,41.39999771118164
1780530701358367700,43.38136767578125,-3.539999961853028,-12.059999465942385,41.34000015258789
1780530701368469200,43.39146923828125,-3.659999847412109,-11.399999618530272,40.73999786376953
1780530701378540000,43.4015400390625,-2.93999981880188,-11.279999732971191,40.68000030517578
1780530701398559500,43.4215595703125,-3.059999942779541,-7.559999942779541,39.71999740600586
1780530701408630300,43.43163037109375,-2.639999866485596,-7.079999923706055,39.540000915527344
1780530701418731500,43.4417314453125,-1.7400000095367432,-6.779999732971191,39.23999786376953
1780530701428802300,43.45180224609375,-0.4199999868869781,-7.919999599456787,38.70000076293945
1780530701438812200,43.46181225585938,1.3799999952316284,-8.699999809265137,38.70000076293945
1780530701448943900,43.47194384765625,2.3399999141693115,-8.880000114440918,38.7599983215332
1780530701459015000,43.48201489257813,3.299999952316284,-8.579999923706055,38.52000045776367
1780530701529449500,43.55244946289063,13.019999504089355,-7.199999809265137,37.73999786376953
1780530701559722800,43.58272265625,15.420000076293944,-7.619999885559082,37.13999938964844
1780530701589965800,43.6129658203125,19.799999237060547,-8.880000114440918,36.84000015258789
1780530701600006000,43.623005859375,20.69999885559082,-9.0,36.89999771118164
1780530701610077000,43.63307690429688,21.899999618530277,-9.59999942779541,36.71999740600586
1780530701620178200,43.64317822265625,23.34000015258789,-9.779999732971191,36.71999740600586
1780530701630279400,43.65327954101563,23.69999885559082,-10.019999504089355,36.59999847412109
1780530701640380700,43.66338061523437,25.13999938964844,-10.380000114440918,35.70000076293945
1780530701650451500,43.67345141601562,25.799999237060547,-10.079999923706056,35.21999740600586
1780530701660553000,43.68355297851563,26.03999900817871,-10.619999885559082,34.86000061035156
1780530701670623700,43.69362377929688,26.939998626708984,-11.219999313354492,34.91999816894531
1780530701680664000,43.7036640625,27.479999542236328,-12.0,34.68000030517578
1780530701690765300,43.71376538085938,27.71999931335449,-12.239999771118164,34.68000030517578
1780530701720947200,43.743947265625,28.439998626708984,-11.9399995803833,34.13999938964844
1780530701730987500,43.75398754882813,28.799999237060547,-12.300000190734863,33.959999084472656
1780530701741088800,43.7640888671875,28.739999771118164,-11.81999969482422,34.20000076293945
1780530701771301000,43.794301025390624,29.57999992370605,-10.199999809265137,35.040000915527344
1780530701791473400,43.81447338867188,28.61999893188477,-10.619999885559082,35.279998779296875
1780530701801513500,43.82451342773437,28.13999938964844,-10.380000114440918,35.7599983215332
1780530701811615000,43.83461499023438,27.779998779296875,-10.260000228881836,35.880001068115234
1780530701821716200,43.84471630859375,26.939998626708984,-9.119999885559082,36.36000061035156
1780530701831817500,43.8548173828125,26.939998626708984,-8.039999961853027,36.65999984741211
1780530701841857800,43.86485791015625,25.920000076293945,-7.619999885559082,37.31999969482422
1780530701851928600,43.87492846679688,24.899999618530277,-7.259999752044678,38.09999847412109
1780530701932556000,43.95555615234375,17.34000015258789,-8.639999389648438,39.23999786376953
1780530701952667100,43.97566723632813,16.3799991607666,-9.779999732971191,39.540000915527344
1780530701962707500,43.98570751953125,15.779999732971191,-9.899999618530272,38.93999862670898
1780530701972778200,43.9957783203125,16.020000457763672,-10.139999389648438,38.81999969482422
1780530702002990600,44.02599047851562,14.219999313354492,-9.119999885559082,38.27999877929688
1780530702013061400,44.03606127929688,13.859999656677246,-8.9399995803833,38.040000915527344
1780530702033203000,44.056202880859374,12.65999984741211,-9.239999771118164,37.43999862670898
1780530702053344500,44.076344482421874,12.719999313354492,-10.679999351501465,36.959999084472656
1780530702073486300,44.096486328125,12.119999885559082,-11.279999732971191,36.59999847412109
1780530702083587600,44.10658764648438,11.460000038146973,-11.279999732971191,36.29999923706055
1780530702093658400,44.11665844726563,10.800000190734863,-10.559999465942385,36.23999786376953
1780530702103729200,44.12672924804688,10.5,-10.859999656677246,36.23999786376953
1780530702113800000,44.13680004882813,9.960000038146973,-10.5,35.939998626708984
1780530702123870700,44.14687060546875,9.420000076293944,-10.800000190734863,35.52000045776367
1780530702133941500,44.15694140625,9.359999656677246,-11.460000038146973,35.39999771118164
1780530702164245500,44.18724560546875,7.559999942779541,-12.479999542236328,36.41999816894531
1780530702174316300,44.19731640625,6.480000019073486,-13.31999969482422,36.41999816894531
1780530702184417500,44.20741748046875,5.699999809265137,-14.34000015258789,36.05999755859375
1780530702194457900,44.217457763671874,5.460000038146973,-14.639999389648438,35.7599983215332
1780530702204528600,44.22752856445312,4.319999694824219,-15.359999656677246,35.39999771118164
1780530702214599400,44.23759936523437,3.419999837875366,-15.0,35.63999938964844
1780530702224670200,44.24767016601562,2.93999981880188,-15.420000076293944,35.880001068115234
1780530702234741000,44.25774096679688,1.319999933242798,-15.899999618530272,36.41999816894531
1780530702244842500,44.26784252929688,0.5999999642372131,-16.139999389648438,37.20000076293945
1780530702254882800,44.2778828125,0.2999999821186065,-16.3799991607666,37.55999755859375
1780530702275054800,44.29805493164063,-1.2599999904632568,-16.3799991607666,37.97999954223633
1780530702285156000,44.308156005859374,-2.039999961853028,-16.5,38.34000015258789
1780530702315368400,44.33836840820312,-5.339999675750732,-16.5,39.36000061035156
1780530702335540700,44.35854077148438,-6.119999885559082,-15.719999313354492,40.07999801635742
1780530702355682300,44.37868237304688,-7.259999752044678,-13.5,40.2599983215332
1780530702375854300,44.39885424804688,-7.859999656677246,-12.960000038146973,39.77999877929688
1780530702395996000,44.418995849609374,-7.199999809265137,-13.019999504089355,39.18000030517578
1780530702416168200,44.43916821289063,-6.839999675750732,-12.0,39.119998931884766
1780530702426239000,44.44923901367188,-5.759999752044678,-11.279999732971191,39.47999954223633
1780530702436309800,44.45930981445313,-5.279999732971191,-11.15999984741211,39.47999954223633
1780530702446411000,44.469410888671874,-4.199999809265137,-10.380000114440918,39.0
1780530702466583000,44.4895830078125,-3.299999952316284,-9.779999732971191,38.87999725341797
1780530702476654000,44.49965405273438,-1.919999957084656,-8.9399995803833,39.0
1780530702486755300,44.50975537109375,-0.7199999690055847,-8.460000038146973,39.05999755859375
1780530702496826000,44.519826171875,0.5999999642372131,-7.980000019073486,38.459999084472656
1780530702537048300,44.56004833984375,4.980000019073486,-7.019999980926514,38.52000045776367
1780530702547088600,44.57008862304688,6.659999847412109,-7.199999809265137,38.70000076293945
1780530702557190000,44.58018994140625,8.15999984741211,-6.899999618530273,38.93999862670898
1780530702617614600,44.64061450195312,16.139999389648438,-8.760000228881836,36.29999923706055
1780530702627685400,44.65068530273437,18.0,-8.579999923706055,36.0
1780530702677887000,44.70088696289063,24.18000030517578,-10.679999351501465,34.31999969482422
1780530702687988200,44.71098828125,24.53999900817871,-11.039999961853027,33.84000015258789
1780530702698028500,44.72102856445313,25.85999870300293,-11.09999942779541,33.41999816894531
1780530702708129800,44.7311298828125,26.099998474121094,-10.5,33.23999786376953
1780530702718170000,44.74117016601563,27.53999900817871,-10.31999969482422,32.939998626708984
1780530702728271400,44.75127124023437,29.099998474121094,-10.4399995803833,33.0
1780530702738342100,44.76134204101562,29.69999885559082,-10.679999351501465,33.23999786376953
1780530702748413000,44.77141284179688,30.53999900817871,-11.579999923706056,32.81999969482422
1780530702758422800,44.7814228515625,30.84000015258789,-11.639999389648438,32.459999084472656
1780530702778564400,44.801564453125,30.899999618530277,-11.579999923706056,32.34000015258789
1780530702788665600,44.81166552734375,30.959999084472656,-10.920000076293944,32.459999084472656
1780530702798706000,44.82170581054688,30.84000015258789,-11.039999961853027,32.939998626708984
1780530702808807200,44.83180712890625,30.53999900817871,-10.260000228881836,33.23999786376953
1780530702818878200,44.84187817382813,30.11999893188477,-10.079999923706056,33.65999984741211
1780530702828918300,44.851918212890624,29.34000015258789,-9.179999351501465,34.55999755859375
1780530702838928100,44.86192822265625,29.279998779296875,-9.0,34.97999954223633
1780530702889373700,44.91237377929688,27.059999465942383,-9.539999961853027,36.540000915527344
1780530702899444500,44.92244458007813,26.63999938964844,-9.59999942779541,37.2599983215332
1780530702929687300,44.952687255859374,24.239999771118164,-9.960000038146973,38.81999969482422
1780530702949829000,44.9728291015625,21.239999771118164,-9.359999656677246,39.36000061035156
1780530703020324600,45.04332470703125,13.25999927520752,-10.979999542236328,40.20000076293945
1780530703030425900,45.05342578125,12.539999961853027,-10.859999656677246,40.37999725341797
1780530703050598100,45.07359814453125,12.0,-11.34000015258789,40.13999938964844
1780530703060699400,45.08369946289063,11.34000015258789,-11.75999927520752,39.77999877929688
1780530703070800600,45.093800537109374,11.279999732971191,-11.639999389648438,39.540000915527344
1780530703080871400,45.103871337890624,10.31999969482422,-11.880000114440918,39.23999786376953
1780530703111175400,45.13417553710938,9.779999732971191,-11.880000114440918,38.15999984741211
1780530703121307400,45.14430737304688,10.079999923706056,-11.880000114440918,38.57999801635742
1780530703131408600,45.15440869140625,9.479999542236328,-12.179999351501465,38.93999862670898
1780530703141479400,45.1644794921875,9.179999351501465,-12.0,38.57999801635742
1780530703171814000,45.19481396484375,7.919999599456787,-11.639999389648438,36.89999771118164
1780530703192016400,45.215016357421874,7.799999713897705,-11.880000114440918,36.77999877929688
1780530703272766000,45.295765869140624,3.839999914169312,-13.859999656677246,37.55999755859375
1780530703282898000,45.30589794921875,2.879999876022339,-14.039999961853027,38.040000915527344
1780530703292999200,45.31599926757813,2.3399999141693115,-14.15999984741211,38.15999984741211
1780530703323303200,45.34630322265625,-0.5999999642372131,-12.59999942779541,39.0
1780530703333404400,45.356404296875,-1.4399999380111694,-12.479999542236328,39.71999740600586
1780530703343505700,45.36650561523437,-1.7999999523162842,-14.039999961853027,39.84000015258789
1780530703353576400,45.37657641601562,-2.1599998474121094,-15.539999961853027,40.2599983215332
1780530703363708400,45.38670849609375,-2.879999876022339,-15.65999984741211,40.79999923706055
1780530703373779200,45.396779296875,-3.4800000190734863,-16.260000228881836,41.15999984741211
1780530703383911000,45.406910888671874,-3.659999847412109,-16.139999389648438,41.57999801635742
1780530703394012400,45.41701245117188,-4.5,-15.779999732971191,41.39999771118164
1780530703404113700,45.42711376953125,-4.739999771118164,-16.139999389648438,41.52000045776367
1780530703454681300,45.47768139648438,-7.559999942779541,-11.34000015258789,42.05999755859375
1780530703474883800,45.4978837890625,-6.839999675750732,-11.09999942779541,41.34000015258789
1780530703495086600,45.51808666992188,-6.179999828338623,-11.279999732971191,40.13999938964844
1780530703505187800,45.528187744140624,-5.039999961853027,-10.619999885559082,40.20000076293945
1780530703555633400,45.57863330078125,0.2399999946355819,-7.019999980926514,40.31999969482422
1780530703585937400,45.6089375,4.199999809265137,-7.259999752044678,40.31999969482422
1780530703596038700,45.61903857421875,5.819999694824219,-7.319999694824219,39.77999877929688
1780530703666656500,45.68965649414063,14.15999984741211,-7.919999599456787,37.619998931884766
1780530703676727300,45.69972729492188,15.119999885559082,-8.460000038146973,37.13999938964844
1780530703686706400,45.70970654296875,16.19999885559082,-9.0,37.02000045776367
1780530703696807700,45.7198076171875,17.81999969482422,-9.84000015258789,36.23999786376953
1780530703706878500,45.72987841796875,19.68000030517578,-10.079999923706056,35.279998779296875
1780530703716918800,45.739918701171874,21.420000076293945,-10.019999504089355,35.21999740600586
1780530703726989600,45.74998950195312,22.439998626708984,-10.5,34.439998626708984
1780530703737091000,45.76009106445313,23.459999084472656,-10.859999656677246,34.5
1780530703747131100,45.77013110351562,24.479999542236328,-11.279999732971191,34.31999969482422
1780530703757171500,45.78017138671875,25.26000022888184,-11.579999923706056,33.47999954223633
1780530703797485300,45.8204853515625,27.420000076293945,-9.960000038146973,33.41999816894531
1780530703837738000,45.86073803710938,30.17999839782715,-11.699999809265137,33.47999954223633
1780530703847808800,45.87080883789063,30.239999771118164,-11.699999809265137,33.47999954223633
1780530703857879600,45.88087963867188,30.35999870300293,-11.880000114440918,32.81999969482422
1780530703867920000,45.890919921875,29.69999885559082,-11.81999969482422,32.57999801635742
1780530703877990700,45.90099072265625,29.63999938964844,-12.0,32.7599983215332
1780530703888092000,45.911091796875,29.459999084472656,-12.0,33.41999816894531
1780530703898193200,45.92119311523437,29.03999900817871,-11.75999927520752,33.89999771118164
1780530703928375000,45.951375,28.68000030517578,-11.15999984741211,35.040000915527344
1780530703938476500,45.9614765625,28.26000022888184,-11.399999618530272,34.97999954223633
1780530703948547300,45.97154736328125,27.899999618530277,-11.81999969482422,35.099998474121094
1780530703958587600,45.98158764648438,26.76000022888184,-11.880000114440918,34.86000061035156
1780530703968689000,45.99168896484375,25.920000076293945,-11.399999618530272,35.459999084472656
1780530703978759700,46.001759765625,25.439998626708984,-11.519999504089355,36.23999786376953
1780530704008941600,46.03194165039063,23.69999885559082,-11.9399995803833,37.68000030517578
1780530704019042800,46.042042724609374,22.19999885559082,-11.880000114440918,37.73999786376953
1780530704029113600,46.052113525390624,21.0,-11.81999969482422,37.619998931884766
1780530704039215000,46.06221508789063,20.21999931335449,-12.300000190734863,37.68000030517578
1780530704049255200,46.07225512695312,18.899999618530277,-12.359999656677246,37.91999816894531
1780530704059295500,46.08229541015625,18.059999465942383,-12.960000038146973,38.09999847412109
1780530704069366300,46.0923662109375,16.920000076293945,-12.960000038146973,38.15999984741211
1780530704079437000,46.10243701171875,15.539999961853027,-12.539999961853027,38.15999984741211
1780530704089507800,46.1125078125,15.479999542236328,-12.420000076293944,38.15999984741211
1780530704180236800,46.20323681640625,11.15999984741211,-11.75999927520752,37.20000076293945
1780530704190338000,46.21333813476563,10.979999542236328,-11.460000038146973,36.77999877929688
1780530704200439300,46.22343920898437,11.15999984741211,-12.0,36.540000915527344
1780530704210479600,46.23347973632813,10.979999542236328,-12.479999542236328,35.70000076293945
1780530704220550400,46.24355029296875,10.800000190734863,-12.960000038146973,35.52000045776367
1780530704230621200,46.25362109375,10.619999885559082,-12.779999732971191,35.34000015258789
1780530704240692000,46.26369189453125,10.260000228881836,-12.359999656677246,35.040000915527344
1780530704250762800,46.2737626953125,9.960000038146973,-12.59999942779541,35.34000015258789
1780530704270904600,46.29390454101563,9.59999942779541,-12.119999885559082,34.2599983215332
1780530704280975400,46.30397534179688,9.119999885559082,-12.359999656677246,34.55999755859375
1780530704291076600,46.31407666015625,8.639999389648438,-12.899999618530272,34.55999755859375
1780530704301117000,46.32411694335938,7.199999809265137,-13.979999542236328,34.439998626708984
1780530704311187700,46.33418774414063,6.960000038146973,-15.899999618530272,35.15999984741211
1780530704321258500,46.34425854492188,6.239999771118164,-16.559999465942383,34.79999923706055
1780530704331298800,46.354298828125,5.400000095367432,-16.799999237060547,34.86000061035156
1780530704341339100,46.36433911132813,4.920000076293945,-17.34000015258789,35.279998779296875
1780530704351440400,46.3744404296875,3.5999999046325684,-16.85999870300293,35.15999984741211
1780530704361511200,46.38451123046875,2.4600000381469727,-17.219999313354492,35.880001068115234
1780530704371582000,46.39458203125,1.319999933242798,-17.100000381469727,35.880001068115234
1780530704381683200,46.40468310546875,0.2399999946355819,-17.639999389648438,36.29999923706055
1780530704442108200,46.46510815429688,-4.199999809265137,-18.65999984741211,39.71999740600586
1780530704452209400,46.47520947265625,-4.739999771118164,-18.600000381469727,40.5
1780530704462249700,46.48524975585938,-5.339999675750732,-18.0,40.91999816894531
1780530704502593800,46.52559375,-7.019999980926514,-16.739999771118164,40.68000030517578
1780530704512634000,46.53563403320312,-7.019999980926514,-16.31999969482422,40.68000030517578
1780530704522674400,46.54567431640625,-7.859999656677246,-16.5,40.55999755859375
1780530704532745200,46.5557451171875,-7.859999656677246,-16.31999969482422,40.43999862670898
1780530704542816000,46.56581591796875,-7.079999923706055,-16.079999923706055,39.84000015258789
1780530704552886800,46.57588671875,-6.960000038146973,-16.5,39.29999923706055
1780530704562957600,46.58595751953125,-5.639999866485596,-14.81999969482422,39.23999786376953
1780530704573059000,46.59605908203125,-4.980000019073486,-14.039999961853027,38.87999725341797
1780530704603271400,46.626271484375,-2.2799999713897705,-12.84000015258789,39.23999786376953
1780530704623413000,46.6464130859375,-0.5399999618530273,-10.739999771118164,39.71999740600586
1780530704653655800,46.67665576171875,2.5199999809265137,-8.579999923706055,38.87999725341797
1780530704663726600,46.6867265625,3.899999856948853,-8.699999809265137,38.52000045776367
1780530704724212500,46.74721240234375,12.539999961853027,-6.899999618530273,37.86000061035156
1780530704734283300,46.757283203125,14.279999732971191,-6.960000038146973,37.68000030517578
1780530704744354000,46.76735400390625,15.239999771118164,-6.119999885559082,37.43999862670898
1780530704754455600,46.77745556640625,16.31999969482422,-5.21999979019165,37.13999938964844
1780530704764556800,46.78755688476563,17.639999389648438,-5.279999732971191,37.02000045776367
1780530704774597000,46.79759716796875,18.84000015258789,-4.559999942779541,36.59999847412109
1780530704784698400,46.80769848632813,21.479999542236328,-5.699999809265137,36.36000061035156
1780530704794769200,46.81776904296875,23.81999969482422,-6.779999732971191,35.81999969482422
1780530704814910700,46.83791064453125,27.420000076293945,-6.899999618530273,34.68000030517578
1780530704824981500,46.8479814453125,27.899999618530277,-6.779999732971191,34.439998626708984
1780530704835052300,46.85805224609375,28.799999237060547,-6.239999771118164,34.20000076293945
1780530704845092600,46.86809252929688,29.099998474121094,-5.940000057220459,33.89999771118164
1780530704855194000,46.87819409179688,29.34000015258789,-6.359999656677246,33.47999954223633
1780530704865265000,46.88826489257813,29.099998474121094,-6.599999904632568,33.0
1780530704885437000,46.90843701171875,30.71999931335449,-8.220000267028809,33.05999755859375
1780530704895507700,46.9185078125,30.84000015258789,-8.039999961853027,33.540000915527344
1780530704915649300,46.938649169921874,31.920000076293945,-7.619999885559082,34.07999801635742
1780530704925720000,46.94871997070312,32.15999984741211,-7.739999771118164,34.13999938964844
1780530704935790800,46.95879077148437,31.920000076293945,-7.679999828338623,34.2599983215332
1780530704945892400,46.96889233398438,31.85999870300293,-7.37999963760376,34.20000076293945
1780530704976104700,46.99910473632813,32.279998779296875,-7.139999866485596,34.380001068115234
1780530705026458600,47.04945874023438,28.68000030517578,-4.920000076293945,36.77999877929688
1780530705056640500,47.079640625,26.51999855041504,-4.5,38.21999740600586
1780530705086792000,47.1097919921875,25.68000030517578,-3.7799999713897705,38.87999725341797
1780530705106933500,47.12993359375,24.0,-2.039999961853028,39.47999954223633
1780530705116943400,47.139943359375,23.03999900817871,-2.3399999141693115,39.18000030517578
1780530705127044600,47.15004467773438,22.739999771118164,-2.1599998474121094,38.81999969482422
1780530705137176300,47.16017626953125,22.020000457763672,-2.220000028610229,38.57999801635742
1780530705187530500,47.21053051757813,21.53999900817871,-4.859999656677246,37.97999954223633
1780530705237884400,47.26088452148438,18.53999900817871,-4.739999771118164,36.84000015258789
1780530705247985700,47.27098559570312,19.19999885559082,-4.799999713897705,36.77999877929688
1780530705258087200,47.28108715820313,17.8799991607666,-3.5999999046325684,36.36000061035156
1780530705288330000,47.311330078125,15.839999198913574,-4.739999771118164,36.59999847412109
1780530705298400800,47.32140087890625,14.75999927520752,-5.87999963760376,36.47999954223633
1780530705308471600,47.33147143554688,15.179999351501465,-6.119999885559082,37.55999755859375
1780530705318542300,47.34154223632813,15.479999542236328,-6.299999713897705,38.15999984741211
1780530705328613000,47.351613037109374,13.4399995803833,-6.420000076293945,37.380001068115234
1780530705338684000,47.361683837890624,13.380000114440918,-6.179999828338623,37.86000061035156
1780530705348785400,47.37178540039063,11.75999927520752,-6.059999942779541,36.84000015258789
1780530705358825500,47.38182543945312,10.920000076293944,-7.319999694824219,36.119998931884766
1780530705368927000,47.39192700195313,10.679999351501465,-8.039999961853027,36.959999084472656
1780530705389129500,47.41212939453125,9.779999732971191,-11.219999313354492,37.5
1780530705409332200,47.43233227539063,8.220000267028809,-12.539999961853027,38.7599983215332
1780530705419433500,47.44243359375,7.679999828338623,-13.139999389648438,38.63999938964844
1780530705429534700,47.45253466796875,6.359999656677246,-13.979999542236328,38.7599983215332
1780530705439636200,47.46263623046875,5.759999752044678,-14.75999927520752,39.119998931884766
1780530705449737500,47.47273754882813,4.380000114440918,-15.420000076293944,39.29999923706055
1780530705459838700,47.48283862304688,3.059999942779541,-15.839999198913574,39.59999847412109
1780530705469940000,47.49293994140625,2.879999876022339,-16.799999237060547,39.71999740600586
1780530705500213500,47.52321362304688,0.959999978542328,-16.31999969482422,41.15999984741211
1780530705510314800,47.53331469726562,-0.0599999986588954,-15.719999313354492,42.0
1780530705520416300,47.54341625976563,-0.2999999821186065,-15.779999732971191,42.119998931884766
1780530705530548000,47.5535478515625,-1.919999957084656,-14.75999927520752,42.0
1780530705540649200,47.563649169921874,-3.240000009536743,-13.31999969482422,41.459999084472656
1780530705550750700,47.57375073242188,-4.619999885559082,-12.059999465942385,40.619998931884766
1780530705560852000,47.58385205078125,-5.819999694824219,-10.679999351501465,40.5
1780530705591125500,47.61412548828125,-4.859999656677246,-10.019999504089355,40.97999954223633
1780530705661704200,47.6847041015625,-1.3799999952316284,-6.779999732971191,38.39999771118164
1780530705712271600,47.73527172851563,4.619999885559082,-3.359999895095825,38.93999862670898
1780530705772879600,47.79587963867188,12.479999542236328,-4.380000114440918,36.89999771118164
1780530705813315300,47.8363154296875,19.85999870300293,-4.139999866485596,36.29999923706055
1780530705823416800,47.84641674804688,21.239999771118164,-4.259999752044678,36.119998931884766
1780530705843619300,47.86661938476563,23.279998779296875,-4.679999828338623,35.7599983215332
1780530705894095400,47.91709545898438,29.03999900817871,-5.579999923706055,32.39999771118164
1780530705904166100,47.92716625976563,29.51999855041504,-5.759999752044678,31.979999542236328
1780530705934500900,47.9575009765625,30.959999084472656,-5.819999694824219,31.979999542236328
1780530705944602000,47.96760205078125,31.26000022888184,-5.87999963760376,31.67999839782715
1780530705954703400,47.97770336914063,31.01999855041504,-6.299999713897705,31.5
1780530705964804600,47.9878046875,30.479999542236328,-6.659999847412109,31.26000022888184
1780530705974906000,47.99790600585938,30.53999900817871,-7.139999866485596,31.5
1780530705985037800,48.00803784179688,30.35999870300293,-7.559999942779541,31.799999237060547
1780530705995078100,48.018078125,30.959999084472656,-6.779999732971191,31.67999839782715
1780530706005209900,48.0282099609375,31.13999938964844,-6.839999675750732,31.920000076293945
1780530706025412600,48.04841259765625,30.479999542236328,-6.420000076293945,33.0
1780530706045584600,48.06858471679688,29.279998779296875,-7.739999771118164,34.5
1780530706055686100,48.07868603515625,28.739999771118164,-8.15999984741211,34.55999755859375
1780530706065726200,48.08872631835938,27.599998474121094,-8.519999504089355,34.73999786376953
1780530706075736000,48.09873608398438,26.399999618530277,-8.9399995803833,34.68000030517578
1780530706085837300,48.10883740234375,25.439998626708984,-8.880000114440918,35.459999084472656
1780530706095908000,48.118908203125,24.71999931335449,-8.9399995803833,36.47999954223633
1780530706105948400,48.12894848632813,23.34000015258789,-7.559999942779541,36.84000015258789
1780530706116019200,48.13901928710938,22.68000030517578,-7.259999752044678,37.68000030517578
1780530706146231800,48.16923168945313,18.600000381469727,-6.0,39.29999923706055
1780530706156271900,48.17927197265625,16.799999237060547,-4.920000076293945,39.71999740600586
1780530706166342700,48.1893427734375,16.260000228881836,-5.759999752044678,39.959999084472656
1780530706206564900,48.22956494140625,11.09999942779541,-6.659999847412109,40.97999954223633
1780530706246817500,48.26981762695313,8.819999694824219,-5.21999979019165,39.47999954223633
1780530706297110500,48.32011059570313,6.839999675750732,-5.400000095367432,37.73999786376953
1780530706347495200,48.3704951171875,4.920000076293945,-7.559999942779541,37.31999969482422
1780530706377738000,48.40073803710938,2.5199999809265137,-6.839999675750732,35.63999938964844
1780530706397849000,48.42084912109375,2.0999999046325684,-7.919999599456787,35.880001068115234
1780530706407950300,48.43095043945313,1.8600000143051147,-9.65999984741211,35.040000915527344
1780530706418051800,48.4410517578125,2.0999999046325684,-10.739999771118164,35.279998779296875
1780530706428122600,48.45112255859375,0.6599999666213989,-9.960000038146973,34.73999786376953
1780530706438224000,48.46122387695313,0.5999999642372131,-10.859999656677246,34.91999816894531
1780530706448325000,48.4713251953125,-0.6599999666213989,-10.4399995803833,35.880001068115234
1780530706458396000,48.48139599609375,-3.059999942779541,-10.5,35.39999771118164
1780530706498709800,48.52170971679688,-6.480000019073486,-14.219999313354492,34.91999816894531
1780530706549094100,48.57209423828125,-9.359999656677246,-14.460000038146973,38.57999801635742
1780530706579245600,48.60224560546875,-10.920000076293944,-14.75999927520752,40.07999801635742
1780530706619620400,48.64262036132813,-12.179999351501465,-12.119999885559082,40.619998931884766
1780530706629691100,48.65269116210938,-10.619999885559082,-12.300000190734863,41.52000045776367
1780530706639762000,48.66276196289063,-10.979999542236328,-11.399999618530272,41.21999740600586
1780530706649832700,48.67283276367188,-11.75999927520752,-11.639999389648438,40.619998931884766
1780530706659903500,48.68290356445313,-11.399999618530272,-10.679999351501465,40.07999801635742
1780530706669974300,48.69297436523438,-11.880000114440918,-10.559999465942385,39.71999740600586
1780530706680045000,48.70304516601563,-10.5,-11.579999923706056,39.0
1780530706710288100,48.7332880859375,-6.179999828338623,-9.0,39.41999816894531
1780530706720328400,48.74332836914063,-6.359999656677246,-7.440000057220459,39.65999984741211
1780530706730429700,48.7534296875,-5.759999752044678,-5.819999694824219,40.55999755859375
1780530706740500500,48.76350048828125,-4.019999980926514,-6.599999904632568,40.07999801635742
1780530706750601700,48.77360180664063,-3.0,-5.579999923706055,40.619998931884766
1780530706760642000,48.78364208984375,-0.1199999973177909,-5.819999694824219,41.15999984741211
1780530706770712800,48.793712890625,2.039999961853028,-7.019999980926514,40.43999862670898
1780530706780783600,48.80378369140625,4.139999866485596,-6.960000038146973,40.79999923706055
1780530706790824000,48.81382397460938,5.400000095367432,-6.839999675750732,40.13999938964844
1780530706821097500,48.84409741210938,8.819999694824219,-6.359999656677246,38.63999938964844
1780530706831198700,48.85419873046875,10.5,-6.239999771118164,37.68000030517578
1780530706841269500,48.86426953125,11.34000015258789,-4.619999885559082,37.91999816894531
1780530706871543000,48.89454296875,17.100000381469727,-5.339999675750732,38.39999771118164
1780530706921927400,48.94492749023438,23.21999931335449,-6.71999979019165,34.13999938964844
1780530706952170500,48.97517041015625,28.26000022888184,-7.679999828338623,33.29999923706055
1780530706972373000,48.995373046875,29.69999885559082,-7.5,31.799999237060547
1780530706992484000,49.01548413085938,31.439998626708984,-7.139999866485596,30.420000076293945
1780530707002585300,49.02558544921875,32.15999984741211,-6.899999618530273,30.299999237060547
1780530707032859000,49.05585888671875,32.939998626708984,-9.119999885559082,29.63999938964844
1780530707042929700,49.0659296875,33.05999755859375,-9.960000038146973,29.21999931335449
1780530707053031000,49.07603100585938,34.07999801635742,-10.079999923706056,29.15999984741211
1780530707063071200,49.0860712890625,34.79999923706055,-11.039999961853027,28.799999237060547
1780530707073172700,49.0961728515625,35.15999984741211,-10.019999504089355,29.099998474121094
1780530707083274000,49.10627392578125,35.15999984741211,-9.59999942779541,28.979999542236328
1780530707103446000,49.12644604492188,33.89999771118164,-8.220000267028809,31.07999992370605
1780530707133689000,49.156689208984375,30.959999084472656,-8.220000267028809,32.81999969482422
1780530707153891600,49.1768916015625,30.17999839782715,-7.679999828338623,34.02000045776367
1780530707163962400,49.18696240234375,30.420000076293945,-8.15999984741211,35.34000015258789
1780530707174033200,49.197033203125,28.85999870300293,-7.139999866485596,36.29999923706055
1780530707184073500,49.20707348632813,27.479999542236328,-6.299999713897705,36.84000015258789
1780530707194144300,49.21714428710938,25.85999870300293,-6.779999732971191,38.15999984741211
1780530707204245500,49.22724560546875,23.76000022888184,-6.71999979019165,38.93999862670898
1780530707264640000,49.28763989257813,16.799999237060547,-6.539999961853027,40.619998931884766
1780530707345236700,49.36823681640625,8.399999618530273,-7.679999828338623,38.459999084472656
1780530707355307500,49.3783076171875,8.15999984741211,-6.599999904632568,38.81999969482422
1780530707375479800,49.39847973632813,7.859999656677246,-6.539999961853027,38.70000076293945
1780530707385581000,49.4085810546875,6.960000038146973,-5.819999694824219,37.97999954223633
1780530707415824000,49.43882397460938,6.119999885559082,-7.079999923706055,36.71999740600586
1780530707425894700,49.44889477539063,6.539999961853027,-7.619999885559082,37.5
1780530707446036500,49.46903637695313,5.400000095367432,-7.319999694824219,37.97999954223633
1780530707456076500,49.47907666015625,4.920000076293945,-7.440000057220459,37.91999816894531
1780530707466178000,49.48917797851563,4.139999866485596,-8.09999942779541,37.31999969482422
1780530707486350000,49.50935009765625,2.639999866485596,-9.539999961853027,35.939998626708984
1780530707506552800,49.529552734375,0.7799999713897705,-9.84000015258789,36.05999755859375
1780530707516654000,49.53965405273438,0.6599999666213989,-9.779999732971191,36.47999954223633
1780530707526724900,49.54972485351563,-0.3599999845027923,-9.239999771118164,36.77999877929688
1780530707536795600,49.55979565429688,-0.8399999737739563,-8.9399995803833,37.79999923706055
1780530707546866400,49.56986645507813,-2.2799999713897705,-10.260000228881836,37.13999938964844
1780530707556937200,49.57993725585938,-3.419999837875366,-9.479999542236328,37.55999755859375
1780530707567038500,49.59003857421875,-5.279999732971191,-10.260000228881836,37.73999786376953
1780530707577109500,49.60010961914063,-7.019999980926514,-10.5,37.86000061035156
1780530707587210800,49.61021069335938,-6.119999885559082,-10.979999542236328,39.119998931884766
1780530707647696600,49.67069653320313,-10.31999969482422,-13.739999771118164,40.55999755859375
1780530707738395000,49.76139477539063,-9.59999942779541,-11.09999942779541,38.63999938964844
1780530707748496100,49.77149609375,-9.179999351501465,-9.779999732971191,38.459999084472656
1780530707758597400,49.78159741210938,-8.15999984741211,-9.899999618530272,38.57999801635742
1780530707768668200,49.79166821289063,-6.960000038146973,-9.300000190734863,38.93999862670898
1780530707778769400,49.80176928710937,-5.940000057220459,-8.760000228881836,38.81999969482422
1780530707788871000,49.81187084960938,-4.319999694824219,-9.420000076293944,39.18000030517578
1780530707798941700,49.82194165039063,-3.059999942779541,-8.519999504089355,38.87999725341797
1780530707808982000,49.83198193359375,-2.3999998569488525,-8.639999389648438,38.81999969482422
1780530707819083300,49.84208325195313,-1.6200000047683716,-8.460000038146973,38.34000015258789
1780530707829154000,49.85215405273438,-0.1799999922513961,-8.09999942779541,38.040000915527344
1780530707839224800,49.86222485351563,1.1999999284744265,-7.739999771118164,38.21999740600586
1780530707869498400,49.89249829101563,6.359999656677246,-6.960000038146973,38.57999801635742
1780530707879569200,49.90256909179688,7.5,-7.319999694824219,38.459999084472656
1780530707889670400,49.91267041015625,9.119999885559082,-6.960000038146973,38.040000915527344
1780530707899771600,49.92277172851563,10.4399995803833,-6.899999618530273,37.68000030517578
1780530707909842400,49.93284252929688,11.9399995803833,-6.779999732971191,37.619998931884766
1780530707919913200,49.94291333007813,12.59999942779541,-6.0,37.68000030517578
1780530707930014700,49.9530146484375,14.039999961853027,-6.299999713897705,37.79999923706055
1780530707940085500,49.96308544921875,14.9399995803833,-6.899999618530273,37.20000076293945
1780530707950186800,49.97318676757813,16.3799991607666,-7.259999752044678,36.71999740600586
1780530707960288000,49.9832880859375,18.35999870300293,-8.220000267028809,36.23999786376953
1780530707970328300,49.99332836914063,19.3799991607666,-8.760000228881836,35.880001068115234
1780530707980429600,50.0034296875,21.059999465942383,-8.639999389648438,35.939998626708984
1780530707990531000,50.01353100585938,21.84000015258789,-9.359999656677246,35.939998626708984
1780530708000601900,50.02360180664063,22.920000076293945,-9.59999942779541,35.81999969482422
1780530708010703000,50.033703125,23.939998626708984,-9.899999618530272,35.63999938964844
1780530708020804400,50.04380444335938,24.600000381469727,-10.139999389648438,35.880001068115234
1780530708030905900,50.05390576171875,25.799999237060547,-9.719999313354492,35.099998474121094
1780530708040976600,50.0639765625,26.939998626708984,-9.179999351501465,35.34000015258789
1780530708061209600,50.08420971679688,27.779998779296875,-8.220000267028809,34.13999938964844
1780530708071311000,50.09431103515625,27.779998779296875,-7.919999599456787,34.20000076293945
1780530708081412400,50.10441235351563,27.65999984741211,-6.960000038146973,33.959999084472656
1780530708091513600,50.114513671875,28.26000022888184,-7.859999656677246,34.439998626708984
1780530708101615000,50.12461499023438,27.84000015258789,-8.399999618530273,34.91999816894531
1780530708111716400,50.13471630859375,28.3799991607666,-9.359999656677246,35.099998474121094
1780530708131918800,50.1549189453125,28.68000030517578,-11.639999389648438,35.21999740600586
1780530708142020400,50.16502026367188,28.559999465942383,-10.5,34.86000061035156
1780530708152121600,50.17512158203125,28.979999542236328,-9.719999313354492,35.21999740600586
1780530708172385300,50.19538525390625,28.739999771118164,-7.319999694824219,35.34000015258789
1780530708182456000,50.2054560546875,28.979999542236328,-7.739999771118164,36.18000030517578
1780530708202689300,50.22568920898438,26.69999885559082,-7.079999923706055,36.84000015258789
1780530708212790500,50.23579052734375,26.63999938964844,-8.09999942779541,37.31999969482422
1780530708222922500,50.24592260742188,25.19999885559082,-7.199999809265137,37.380001068115234
1780530708232993300,50.2559931640625,24.84000015258789,-7.259999752044678,37.619998931884766
1780530708243094500,50.26609448242188,23.939998626708984,-7.199999809265137,38.459999084472656
1780530708253226200,50.27622631835938,24.059999465942383,-6.239999771118164,38.7599983215332
1780530708263327700,50.28632763671875,23.76000022888184,-5.819999694824219,39.119998931884766
1780530708273367800,50.29636791992188,23.03999900817871,-6.359999656677246,38.81999969482422
1780530708283499800,50.30649975585938,22.68000030517578,-5.579999923706055,38.09999847412109
1780530708293601000,50.31660107421875,21.479999542236328,-6.71999979019165,37.86000061035156
1780530708364310300,50.38731030273438,16.5,-5.339999675750732,38.70000076293945
1780530708414847500,50.43784741210938,15.479999542236328,-5.099999904632568,36.959999084472656
1780530708435050000,50.45805004882813,15.359999656677246,-4.679999828338623,36.540000915527344
1780530708495688400,50.5186884765625,13.859999656677246,-7.739999771118164,36.29999923706055
1780530708526053400,50.54905346679688,12.0,-9.300000190734863,36.0
1780530708606864100,50.62986401367188,6.179999828338623,-12.059999465942385,37.55999755859375
1780530708697898000,50.72089794921875,-1.2599999904632568,-13.979999542236328,41.39999771118164
1780530708728140800,50.75114086914063,-2.5799999237060547,-13.199999809265137,42.47999954223633
1780530708748343600,50.77134350585938,-3.240000009536743,-13.31999969482422,42.29999923706055
1780530708768515600,50.791515625,-2.819999933242798,-12.300000190734863,41.39999771118164
1780530708808829400,50.83182934570313,-3.7799999713897705,-8.819999694824219,40.07999801635742
1780530708879386000,50.90238623046875,0.959999978542328,-4.019999980926514,39.77999877929688
1780530708909598500,50.93259838867188,3.5999999046325684,-5.21999979019165,39.119998931884766
1780530708919699700,50.94269970703125,5.099999904632568,-6.420000076293945,38.57999801635742
1780530708929740000,50.95273999023438,7.079999923706055,-7.079999923706055,38.93999862670898
1780530709000296700,51.02329663085938,15.719999313354492,-2.5199999809265137,36.59999847412109
1780530709010398000,51.03339794921875,17.81999969482422,-3.119999885559082,36.84000015258789
1780530709030539500,51.05353955078125,22.31999969482422,-5.039999961853027,37.02000045776367
1780530709111197400,51.13419750976563,27.35999870300293,-4.199999809265137,31.85999870300293
1780530709171744500,51.19474462890625,30.899999618530277,-5.87999963760376,34.20000076293945
1780530709232230100,51.25523022460938,32.040000915527344,-6.359999656677246,35.279998779296875
1780530709242331600,51.26533154296875,31.61999893188477,-6.299999713897705,35.39999771118164
1780530709252402400,51.27540234375,31.559999465942383,-6.119999885559082,35.81999969482422
1780530709292685600,51.315685546875,28.979999542236328,-4.259999752044678,37.97999954223633
1780530709302786800,51.32578686523438,28.13999938964844,-4.259999752044678,37.619998931884766
1780530709312796700,51.33579663085938,26.63999938964844,-4.980000019073486,37.68000030517578
1780530709353110300,51.3761103515625,23.939998626708984,-4.679999828338623,38.040000915527344
1780530709383353300,51.40635327148438,20.520000457763672,-4.859999656677246,39.41999816894531
1780530709423697400,51.44669750976563,17.760000228881836,-6.659999847412109,39.05999755859375
1780530709484183300,51.50718334960938,15.059999465942385,-9.059999465942385,37.73999786376953
1780530709534659300,51.55765942382813,13.4399995803833,-8.460000038146973,37.07999801635742
1780530709554770400,51.5777705078125,12.479999542236328,-8.639999389648438,37.380001068115234
1780530709584983000,51.60798315429688,10.380000114440918,-9.779999732971191,37.2599983215332
1780530709595023000,51.61802319335938,9.119999885559082,-10.260000228881836,37.20000076293945
1780530709605094000,51.62809399414063,8.519999504089355,-11.219999313354492,37.13999938964844
1780530709615165000,51.6381650390625,7.980000019073486,-11.579999923706056,37.20000076293945
1780530709625266200,51.64826611328125,6.71999979019165,-11.460000038146973,36.89999771118164
1780530709655448000,51.67844799804688,4.319999694824219,-10.679999351501465,37.97999954223633
1780530709685660400,51.70866040039063,1.5,-13.31999969482422,38.39999771118164
1780530709695731200,51.71873120117188,0.5399999618530273,-13.859999656677246,38.7599983215332
1780530709705832400,51.72883251953125,-0.1199999973177909,-13.199999809265137,40.07999801635742
1780530709715872800,51.73887280273438,-1.7400000095367432,-13.380000114440918,40.02000045776367
1780530709725943600,51.74894360351563,-2.2799999713897705,-14.039999961853027,40.619998931884766
1780530709736044800,51.759044921875,-3.240000009536743,-14.09999942779541,40.73999786376953
1780530709746115800,51.76911572265625,-4.380000114440918,-14.579999923706056,40.37999725341797
1780530709756217000,51.77921704101563,-4.380000114440918,-14.460000038146973,40.73999786376953
1780530709836753000,51.8597529296875,-5.639999866485596,-10.380000114440918,41.27999877929688
1780530709846854100,51.86985424804688,-5.819999694824219,-9.300000190734863,41.52000045776367
1780530709856955600,51.87995556640625,-4.440000057220459,-9.0,41.57999801635742
1780530709867026400,51.8900263671875,-4.199999809265137,-8.09999942779541,40.91999816894531
1780530709877097200,51.90009716796875,-3.299999952316284,-6.71999979019165,40.79999923706055
1780530709907309600,51.9303095703125,-1.6200000047683716,-6.359999656677246,39.59999847412109
1780530709917380400,51.94038037109375,-0.5399999618530273,-6.179999828338623,40.37999725341797
1780530709927481600,51.95048168945313,2.3999998569488525,-5.519999980926514,40.5
1780530709937552400,51.96055249023438,2.3999998569488525,-3.9599997997283936,40.55999755859375
1780530709947684400,51.97068432617188,3.839999914169312,-3.5999999046325684,41.27999877929688
1780530709967795500,51.99079541015625,5.099999904632568,-2.039999961853028,39.89999771118164
1780530709977835800,52.00083569335938,6.179999828338623,-2.5799999237060547,39.47999954223633
1780530709998007800,52.0210078125,9.59999942779541,-3.419999837875366,38.040000915527344
1780530710008109000,52.03110913085938,10.260000228881836,-3.0,38.63999938964844
1780530710018179800,52.04117993164063,12.65999984741211,-3.059999942779541,38.57999801635742
1780530710028281300,52.05128125,12.960000038146973,-2.639999866485596,37.79999923706055
1780530710038382600,52.06138256835938,15.479999542236328,-3.299999952316284,38.15999984741211
1780530710048483800,52.07148388671875,17.34000015258789,-3.419999837875366,37.55999755859375
1780530710058585000,52.08158520507813,18.35999870300293,-4.019999980926514,36.47999954223633
1780530710139121200,52.16212109375,25.439998626708984,-4.799999713897705,35.70000076293945
1780530710189627600,52.21262768554688,28.61999893188477,-5.579999923706055,35.040000915527344
1780530710199729000,52.22272900390625,29.69999885559082,-5.339999675750732,34.73999786376953
1780530710209830400,52.23283032226563,29.69999885559082,-5.039999961853027,33.779998779296875
1780530710280417500,52.30341748046875,31.5,-6.599999904632568,33.84000015258789
1780530710290488300,52.31348828125,31.799999237060547,-6.239999771118164,34.439998626708984
1780530710300559000,52.32355908203125,30.65999984741211,-5.099999904632568,35.39999771118164
1780530710320670200,52.34367016601563,27.71999931335449,-3.4800000190734863,35.279998779296875
1780530710371054600,52.3940546875,25.19999885559082,-4.380000114440918,37.380001068115234
1780530710401206000,52.4242060546875,22.07999992370605,-4.559999942779541,38.52000045776367
1780530710411276800,52.43427685546875,22.68000030517578,-4.980000019073486,38.52000045776367
1780530710421378300,52.44437841796875,22.020000457763672,-5.039999961853027,38.81999969482422
1780530710431418400,52.45441845703125,20.939998626708984,-6.299999713897705,37.380001068115234
1780530710441519900,52.46451977539063,19.3799991607666,-5.339999675750732,37.73999786376953
1780530710451590700,52.47459057617188,17.81999969482422,-5.460000038146973,38.21999740600586
1780530710461661400,52.48466137695313,17.34000015258789,-7.37999963760376,38.27999877929688
1780530710491873800,52.51487377929688,15.0,-8.460000038146973,38.87999725341797
1780530710501944600,52.52494458007813,14.34000015258789,-8.460000038146973,38.52000045776367
1780530710512015400,52.53501538085938,13.739999771118164,-9.239999771118164,37.79999923706055
1780530710522147300,52.54514721679688,14.09999942779541,-9.779999732971191,37.31999969482422
1780530710532218000,52.55521801757813,13.4399995803833,-8.279999732971191,37.43999862670898
1780530710542289000,52.56528881835938,12.779999732971191,-8.579999923706055,37.31999969482422
1780530710552359700,52.57535961914063,11.9399995803833,-8.699999809265137,37.55999755859375
1780530710562461000,52.5854609375,11.34000015258789,-7.799999713897705,37.31999969482422
1780530710612967400,52.63596752929688,7.980000019073486,-8.34000015258789,36.23999786376953
1780530710623038200,52.6460380859375,6.599999904632568,-7.980000019073486,36.36000061035156
1780530710633109200,52.65610913085938,6.119999885559082,-8.699999809265137,36.36000061035156
1780530710643210500,52.66621044921875,5.639999866485596,-10.5,36.119998931884766
1780530710653311700,52.67631176757813,4.440000057220459,-9.65999984741211,35.63999938964844
1780530710663382500,52.68638256835938,3.299999952316284,-10.139999389648438,35.21999740600586
1780530710673483800,52.69648388671875,2.93999981880188,-9.779999732971191,35.880001068115234
1780530710683554800,52.70655493164063,3.240000009536743,-9.0,35.81999969482422
1780530710754172400,52.77717236328125,-3.899999856948853,-12.59999942779541,36.959999084472656
1780530710764273700,52.78727368164063,-4.139999866485596,-14.039999961853027,37.07999801635742
1780530710794547200,52.81754711914063,-5.639999866485596,-13.859999656677246,39.65999984741211
1780530710804648400,52.8276484375,-7.079999923706055,-12.779999732971191,40.37999725341797
1780530710814749700,52.83774975585938,-7.5,-14.519999504089355,40.5
1780530710824851200,52.847851318359375,-7.440000057220459,-16.079999923706055,40.55999755859375
1780530710834983000,52.85798291015625,-8.460000038146973,-15.0,40.68000030517578
1780530710845084200,52.86808422851563,-8.15999984741211,-15.839999198913574,40.91999816894531
1780530710855185700,52.878185546875,-7.739999771118164,-15.0,41.7599983215332
1780530710865287000,52.88828686523438,-7.919999599456787,-12.65999984741211,41.7599983215332
1780530710875388200,52.89838818359375,-7.739999771118164,-12.059999465942385,42.0
1780530710895591000,52.9185908203125,-8.09999942779541,-10.859999656677246,40.86000061035156
1780530710905692200,52.92869213867188,-8.639999389648438,-11.519999504089355,41.040000915527344
1780530710915793400,52.93879345703125,-8.579999923706055,-12.359999656677246,40.73999786376953
1780530710925925400,52.94892529296875,-8.819999694824219,-11.09999942779541,40.31999969482422
1780530710936026600,52.95902661132813,-7.799999713897705,-10.679999351501465,40.20000076293945
1780530710946128000,52.9691279296875,-6.299999713897705,-9.0,39.89999771118164
1780530710956229400,52.9792294921875,-4.559999942779541,-8.09999942779541,40.07999801635742
1780530710966330600,52.98933056640625,-3.839999914169312,-7.679999828338623,40.37999725341797
1780530710976431900,52.99943188476563,-3.299999952316284,-7.019999980926514,40.43999862670898
1780530710986533000,53.009533203125,-2.93999981880188,-7.199999809265137,39.959999084472656
1780530711006766300,53.02976635742188,-1.1999999284744265,-5.400000095367432,40.07999801635742
1780530711016898300,53.03989819335938,0.1199999973177909,-4.019999980926514,39.71999740600586
1780530711026999600,53.04999951171875,2.879999876022339,-4.380000114440918,40.02000045776367
1780530711077536500,53.10053662109375,10.079999923706056,-3.7200000286102295,39.29999923706055
1780530711128073700,53.15107373046875,17.81999969482422,-4.679999828338623,37.79999923706055
1780530711138175000,53.16117504882813,18.18000030517578,-4.920000076293945,36.65999984741211
1780530711209006300,53.23200634765625,26.63999938964844,-7.139999866485596,32.7599983215332
1780530711259543600,53.28254345703125,32.52000045776367,-10.920000076293944,31.979999542236328
1780530711279746000,53.30274609375,33.71999740600586,-10.920000076293944,32.040000915527344
1780530711289816800,53.31281689453125,32.70000076293945,-10.5,31.920000076293945
1780530711350485800,53.37348583984375,32.459999084472656,-10.079999923706056,33.119998931884766
1780530711360587300,53.38358715820313,32.70000076293945,-9.539999961853027,33.779998779296875
1780530711370688500,53.3936884765625,31.920000076293945,-9.420000076293944,34.20000076293945
1780530711380820200,53.4038203125,31.61999893188477,-9.59999942779541,35.459999084472656
1780530711390891000,53.41389111328125,30.420000076293945,-9.119999885559082,35.939998626708984
1780530711400992500,53.42399243164063,28.979999542236328,-9.059999465942385,36.36000061035156
1780530711411124200,53.43412426757813,27.71999931335449,-8.819999694824219,37.20000076293945
1780530711421225500,53.4442255859375,26.57999992370605,-9.179999351501465,37.43999862670898
1780530711451529500,53.47452954101563,24.299999237060547,-10.679999351501465,38.09999847412109
1780530711461631000,53.484630859375,22.799999237060547,-10.199999809265137,38.52000045776367
1780530711471671000,53.49467114257813,21.239999771118164,-10.5,39.540000915527344
1780530711481803000,53.50480297851563,19.979999542236328,-10.559999465942385,39.59999847412109
1780530711491934700,53.51493481445313,19.19999885559082,-11.09999942779541,40.31999969482422
1780530711502066700,53.52506665039063,18.600000381469727,-11.399999618530272,40.31999969482422
1780530711512137500,53.53513745117188,17.760000228881836,-11.279999732971191,40.37999725341797
1780530711522269200,53.54526928710938,15.899999618530272,-10.739999771118164,40.43999862670898
1780530711542472000,53.56547192382813,14.519999504089355,-10.859999656677246,40.68000030517578
1780530711552542700,53.57554272460938,13.559999465942385,-11.09999942779541,40.37999725341797
1780530711562674700,53.5856748046875,13.5,-11.279999732971191,39.71999740600586
1780530711572776000,53.59577587890625,12.059999465942385,-11.460000038146973,39.119998931884766
1780530711582877200,53.60587719726563,11.279999732971191,-11.519999504089355,38.57999801635742
1780530711592948000,53.61594799804688,10.859999656677246,-11.039999961853027,39.36000061035156
1780530711603080000,53.62607983398438,10.679999351501465,-11.219999313354492,39.36000061035156
1780530711613181200,53.63618115234375,11.15999984741211,-11.039999961853027,39.23999786376953
1780530711623282400,53.64628247070313,10.619999885559082,-9.899999618530272,38.7599983215332
1780530711633383700,53.6563837890625,10.679999351501465,-9.420000076293944,37.31999969482422
1780530711643485200,53.66648510742188,9.420000076293944,-8.039999961853027,37.20000076293945
1780530711653617000,53.67661694335938,8.460000038146973,-7.679999828338623,37.2599983215332
1780530711663718100,53.68671826171875,8.519999504089355,-8.399999618530273,37.380001068115234
1780530711673819600,53.69681958007813,7.259999752044678,-7.799999713897705,37.02000045776367
1780530711683921000,53.7069208984375,7.559999942779541,-7.980000019073486,36.540000915527344
1780530711704123600,53.72712353515625,7.199999809265137,-6.779999732971191,36.47999954223633
1780530711714225000,53.73722485351563,7.5,-6.960000038146973,36.89999771118164
1780530711724295700,53.74729565429688,7.319999694824219,-8.279999732971191,37.02000045776367
1780530711734397000,53.75739697265625,6.119999885559082,-7.319999694824219,36.77999877929688
1780530711744498200,53.76749829101563,5.699999809265137,-8.34000015258789,36.23999786376953
1780530711764670500,53.78767041015625,5.099999904632568,-9.119999885559082,36.29999923706055
1780530711774771700,53.79777172851563,4.259999752044678,-10.859999656677246,36.05999755859375
1780530711784842500,53.80784252929688,3.7200000286102295,-11.519999504089355,36.41999816894531
1780530711794882800,53.8178828125,2.3999998569488525,-12.119999885559082,36.59999847412109
1780530711804984000,53.82798413085938,1.9799998998641968,-12.899999618530272,36.47999954223633
1780530711815054800,53.83805493164063,1.5,-13.559999465942385,37.380001068115234
1780530711825156400,53.84815625,0.7199999690055847,-14.15999984741211,37.5
1780530711835227100,53.85822705078125,0.1199999973177909,-14.639999389648438,37.97999954223633
1780530711845267500,53.86826733398438,-1.1999999284744265,-15.299999237060549,38.34000015258789
1780530711855338200,53.87833813476563,-1.919999957084656,-15.119999885559082,38.09999847412109
1780530711865439500,53.888439453125,-2.700000047683716,-15.119999885559082,38.7599983215332
1780530711875479800,53.89847973632813,-3.539999961853028,-15.59999942779541,38.87999725341797
1780530711885581000,53.9085810546875,-4.739999771118164,-15.719999313354492,39.18000030517578
1780530711895651800,53.91865185546875,-5.460000038146973,-15.779999732971191,39.59999847412109
1780530711905753000,53.92875317382813,-5.519999980926514,-16.079999923706055,39.65999984741211
1780530711915793400,53.93879345703125,-6.420000076293945,-15.779999732971191,39.65999984741211
1780530711925864200,53.9488642578125,-6.059999942779541,-15.479999542236328,40.31999969482422
1780530711976279300,53.999279296875,-5.519999980926514,-12.420000076293944,40.91999816894531
1780530712036765200,54.05976513671875,-2.039999961853028,-11.460000038146973,40.55999755859375
1780530712097251000,54.1202509765625,4.259999752044678,-8.220000267028809,40.2599983215332
1780530712147635500,54.17063549804688,10.679999351501465,-7.559999942779541,38.21999740600586
1780530712157706200,54.18070629882813,11.34000015258789,-7.319999694824219,37.91999816894531
1780530712167807700,54.190807861328125,12.960000038146973,-7.37999963760376,37.20000076293945
1780530712177909000,54.20090893554688,14.279999732971191,-7.319999694824219,36.84000015258789
1780530712187979800,54.21097973632813,15.539999961853027,-7.799999713897705,36.540000915527344
1780530712198081000,54.2210810546875,17.940000534057617,-7.859999656677246,36.36000061035156
1780530712228324000,54.25132397460938,21.959999084472656,-8.519999504089355,35.21999740600586
1780530712238395000,54.26139477539063,23.21999931335449,-8.519999504089355,35.099998474121094
1780530712248465700,54.27146557617188,25.07999992370605,-8.09999942779541,35.099998474121094
1780530712258536400,54.28153637695313,26.34000015258789,-8.460000038146973,34.68000030517578
1780530712268637700,54.2916376953125,27.65999984741211,-8.639999389648438,34.31999969482422
1780530712278739000,54.30173901367188,28.559999465942383,-8.639999389648438,33.36000061035156
1780530712288840400,54.31184033203125,29.15999984741211,-9.239999771118164,32.52000045776367
1780530712298911200,54.3219111328125,29.81999969482422,-8.639999389648438,31.979999542236328
1780530712359366400,54.38236645507813,32.81999969482422,-10.019999504089355,31.61999893188477
1780530712369468000,54.392468017578125,32.880001068115234,-9.899999618530272,31.67999839782715
1780530712379569200,54.40256909179688,32.39999771118164,-9.719999313354492,31.67999839782715
1780530712389670400,54.41267041015625,32.34000015258789,-9.300000190734863,31.5
1780530712409812000,54.43281201171875,32.63999938964844,-9.479999542236328,32.39999771118164
1780530712439993900,54.46299389648438,31.19999885559082,-9.539999961853027,34.439998626708984
1780530712470206200,54.49320629882813,28.5,-9.300000190734863,36.47999954223633
1780530712500449300,54.52344921875,26.81999969482422,-9.059999465942385,38.21999740600586
1780530712510459000,54.533458984375,26.34000015258789,-9.179999351501465,38.27999877929688
1780530712530631200,54.55363110351563,23.34000015258789,-9.960000038146973,38.459999084472656
1780530712540702000,54.56370190429688,21.899999618530277,-10.079999923706056,39.119998931884766
1780530712590995000,54.61399487304688,16.920000076293945,-9.779999732971191,40.13999938964844
1780530712601096200,54.62409619140625,15.539999961853027,-9.719999313354492,40.55999755859375
1780530712611197400,54.63419750976563,14.460000038146973,-9.84000015258789,39.71999740600586
1780530712631339000,54.65433911132813,12.359999656677246,-10.019999504089355,39.89999771118164
1780530712641440500,54.6644404296875,11.81999969482422,-10.260000228881836,39.119998931884766
1780530712651480800,54.67448071289063,11.880000114440918,-10.859999656677246,39.119998931884766
1780530712661582000,54.68458203125,11.579999923706056,-10.859999656677246,39.05999755859375
1780530712671652900,54.69465283203125,11.399999618530272,-10.920000076293944,38.93999862670898
1780530712691825000,54.71482495117188,9.359999656677246,-10.4399995803833,39.29999923706055
1780530712701926400,54.72492651367188,8.760000228881836,-9.960000038146973,39.41999816894531
1780530712711997200,54.7349970703125,8.15999984741211,-10.559999465942385,39.05999755859375
1780530712722068000,54.74506787109375,8.699999809265137,-10.800000190734863,38.81999969482422
1780530712732169200,54.75516918945313,9.059999465942385,-10.4399995803833,38.57999801635742
1780530712742209500,54.76520947265625,9.239999771118164,-10.679999351501465,38.21999740600586
1780530712762351000,54.78535107421875,7.739999771118164,-10.559999465942385,38.040000915527344
1780530712842978600,54.865978515625,3.899999856948853,-13.679999351501465,38.15999984741211
1780530712893393700,54.9163935546875,-1.1999999284744265,-16.31999969482422,38.21999740600586
1780530712913565700,54.93656567382813,-2.819999933242798,-15.179999351501465,38.39999771118164
1780530712943808500,54.96680859375,-4.739999771118164,-16.68000030517578,39.41999816894531
1780530712953879300,54.97687939453125,-4.619999885559082,-17.69999885559082,40.86000061035156
1780530712963980800,54.98698071289063,-5.639999866485596,-17.219999313354492,41.09999847412109
1780530712974051600,54.99705151367188,-6.239999771118164,-17.279998779296875,41.34000015258789
1780530712984122400,55.00712231445313,-6.599999904632568,-16.85999870300293,41.81999969482422
1780530712994223600,55.0172236328125,-6.960000038146973,-16.440000534057617,42.18000030517578
1780530713004294400,55.02729443359375,-7.019999980926514,-15.899999618530272,42.36000061035156
1780530713014365200,55.037365234375,-7.679999828338623,-15.539999961853027,42.65999984741211
1780530713024436000,55.04743603515625,-7.859999656677246,-15.119999885559082,42.119998931884766
1780530713034476300,55.05747631835938,-8.819999694824219,-13.920000076293944,41.81999969482422
1780530713044577500,55.06757763671875,-8.880000114440918,-13.619999885559082,41.21999740600586
1780530713054648300,55.0776484375,-8.279999732971191,-12.59999942779541,40.68000030517578
1780530713064719400,55.08771923828125,-7.559999942779541,-12.420000076293944,40.37999725341797
1780530713074759400,55.09775952148438,-5.87999963760376,-12.779999732971191,40.07999801635742
1780530713084861000,55.10786083984375,-4.859999656677246,-12.239999771118164,40.13999938964844
1780530713094931700,55.117931640625,-4.259999752044678,-11.81999969482422,39.89999771118164
1780530713105033000,55.12803295898438,-3.7200000286102295,-10.979999542236328,39.84000015258789
1780530713145316000,55.16831616210938,0.3599999845027923,-8.819999694824219,39.36000061035156
1780530713215934000,55.23893383789063,10.4399995803833,-6.539999961853027,38.52000045776367
1780530713296561400,55.3195615234375,21.53999900817871,-8.220000267028809,35.15999984741211
1780530713316733400,55.3397333984375,24.18000030517578,-8.519999504089355,33.959999084472656
1780530713326804200,55.34980419921875,24.71999931335449,-8.760000228881836,33.599998474121094
1780530713336905500,55.35990551757813,26.51999855041504,-8.819999694824219,33.36000061035156
1780530713367179000,55.39017895507813,28.979999542236328,-8.9399995803833,33.119998931884766
1780530713417594000,55.44059399414063,31.439998626708984,-9.179999351501465,32.63999938964844
1780530713468009000,55.49100903320313,32.81999969482422,-9.899999618530272,32.939998626708984
1780530713508292400,55.53129223632813,31.3799991607666,-10.31999969482422,34.5
1780530713518363100,55.54136303710938,31.439998626708984,-9.65999984741211,34.79999923706055
1780530713528434000,55.55143383789063,31.13999938964844,-9.479999542236328,35.39999771118164
1780530713538535200,55.56153515625,30.479999542236328,-9.300000190734863,35.57999801635742
1780530713548636400,55.57163647460938,29.21999931335449,-9.420000076293944,35.880001068115234
1780530713558707200,55.58170727539063,28.01999855041504,-9.539999961853027,35.939998626708984
1780530713568778000,55.59177807617188,26.8799991607666,-9.179999351501465,36.65999984741211
1780530713578879500,55.60187939453125,25.979999542236328,-9.779999732971191,37.02000045776367
1780530713609152800,55.63215283203125,23.63999938964844,-9.539999961853027,37.2599983215332
1780530713619223600,55.6422236328125,22.439998626708984,-9.420000076293944,37.2599983215332
1780530713629233400,55.6522333984375,21.35999870300293,-9.539999961853027,37.68000030517578
1780530713639334700,55.66233471679688,20.399999618530277,-9.779999732971191,37.619998931884766
1780530713649405400,55.67240551757813,19.439998626708984,-10.199999809265137,37.68000030517578
1780530713659476200,55.68247631835938,18.420000076293945,-10.559999465942385,37.380001068115234
1780530713669547000,55.69254711914063,17.520000457763672,-10.619999885559082,37.73999786376953
1780530713679679000,55.70267895507813,16.739999771118164,-10.859999656677246,37.43999862670898
1780530713709952500,55.73295239257813,16.079999923706055,-10.800000190734863,37.31999969482422
1780530713730155000,55.75315502929688,13.199999809265137,-10.380000114440918,37.73999786376953
1780530713740195300,55.7631953125,11.9399995803833,-10.31999969482422,37.55999755859375
1780530713750266000,55.77326611328125,10.679999351501465,-10.619999885559082,37.31999969482422
1780530713770468900,55.79346875,10.139999389648438,-10.019999504089355,36.65999984741211
1780530713780570000,55.80357006835938,9.479999542236328,-9.779999732971191,36.119998931884766
1780530713851249000,55.87424877929688,4.859999656677246,-10.920000076293944,35.040000915527344
1780530713861350100,55.88435009765625,4.799999713897705,-10.380000114440918,35.21999740600586
1780530713871421000,55.8944208984375,3.4800000190734863,-9.539999961853027,35.21999740600586
1780530713881491700,55.90449169921875,2.3399999141693115,-10.139999389648438,35.459999084472656
1780530713891623400,55.91462353515625,0.7799999713897705,-10.859999656677246,35.279998779296875
1780530713901725000,55.92472485351563,-0.8999999761581421,-12.359999656677246,34.79999923706055
1780530713911826200,55.934826171875,-1.3799999952316284,-14.34000015258789,34.68000030517578
1780530713921927400,55.94492749023438,-2.2799999713897705,-14.75999927520752,34.5
1780530713932029000,55.95502880859375,-3.059999942779541,-15.0,34.86000061035156
1780530713942130200,55.96513012695313,-4.079999923706055,-15.65999984741211,35.099998474121094
1780530713952231400,55.9752314453125,-5.819999694824219,-16.260000228881836,35.040000915527344
1780530713962332700,55.98533276367188,-6.899999618530273,-17.03999900817871,35.279998779296875
1780530713972434200,55.99543408203125,-8.279999732971191,-17.69999885559082,35.52000045776367
1780530713982535400,56.00553540039063,-9.779999732971191,-18.11999893188477,35.81999969482422
1780530713992667100,56.01566723632813,-10.380000114440918,-18.71999931335449,36.23999786376953
1780530714012870000,56.03586987304688,-12.420000076293944,-19.19999885559082,36.36000061035156
1780530714023001600,56.04600170898438,-12.119999885559082,-19.26000022888184,37.20000076293945
1780530714033103000,56.05610302734375,-13.019999504089355,-19.07999992370605,37.20000076293945
1780530714043204400,56.06620434570313,-13.079999923706056,-18.65999984741211,37.86000061035156
1780530714053336000,56.07633618164063,-13.559999465942385,-18.18000030517578,38.09999847412109
1780530714063437600,56.0864375,-14.15999984741211,-17.760000228881836,37.79999923706055
1780530714073538800,56.09653881835938,-14.039999961853027,-16.739999771118164,38.09999847412109
1780530714083640000,56.10664013671875,-14.219999313354492,-15.539999961853027,38.21999740600586
1780530714093741600,56.11674145507813,-13.679999351501465,-15.119999885559082,38.15999984741211
1780530714124045300,56.14704541015625,-11.9399995803833,-13.4399995803833,38.27999877929688
1780530714134146800,56.15714672851563,-11.15999984741211,-12.300000190734863,38.57999801635742
1780530714144248000,56.167248046875,-10.380000114440918,-11.699999809265137,38.70000076293945
1780530714154349300,56.17734936523438,-8.9399995803833,-11.15999984741211,38.93999862670898
1780530714164450800,56.187450927734375,-7.679999828338623,-10.859999656677246,39.18000030517578
1780530714174552000,56.19755200195313,-6.299999713897705,-10.079999923706056,39.36000061035156
1780530714184653300,56.2076533203125,-5.099999904632568,-9.300000190734863,39.18000030517578
1780530714194754600,56.21775463867188,-3.899999856948853,-8.460000038146973,38.81999969482422
1780530714215018200,56.23801831054688,-1.3799999952316284,-8.460000038146973,38.15999984741211
1780530714225119700,56.24811962890625,0.0599999986588954,-8.039999961853027,38.21999740600586
1780530714235221000,56.25822094726563,1.8600000143051147,-7.739999771118164,38.15999984741211
1780530714255423500,56.27842358398438,5.039999961853027,-7.079999923706055,38.21999740600586
1780530714265525000,56.28852490234375,7.259999752044678,-6.779999732971191,38.040000915527344
1780530714275626200,56.29862622070313,8.760000228881836,-7.199999809265137,37.97999954223633
1780530714285727500,56.3087275390625,10.4399995803833,-7.440000057220459,37.68000030517578
1780530714295828700,56.31882885742188,11.639999389648438,-7.37999963760376,37.20000076293945
1780530714305930200,56.32893017578125,12.899999618530272,-8.34000015258789,37.20000076293945
1780530714316031500,56.33903149414063,15.299999237060549,-8.34000015258789,37.13999938964844
1780530714326132700,56.3491328125,17.520000457763672,-8.220000267028809,36.84000015258789
1780530714336234200,56.35923413085938,19.559999465942383,-8.579999923706055,36.65999984741211
1780530714346335500,56.36933544921875,20.520000457763672,-7.5,35.7599983215332
1780530714356436700,56.37943676757813,21.299999237060547,-7.739999771118164,34.86000061035156
1780530714366538000,56.3895380859375,22.26000022888184,-7.980000019073486,34.13999938964844
1780530714376639500,56.39963940429688,23.100000381469727,-8.039999961853027,33.540000915527344
1780530714386740700,56.40974072265625,24.779998779296875,-8.819999694824219,33.36000061035156
1780530714396842000,56.41984204101563,25.979999542236328,-9.119999885559082,33.119998931884766
1780530714406943500,56.429943603515625,27.299999237060547,-9.420000076293944,32.81999969482422
1780530714417044700,56.44004467773438,28.61999893188477,-9.779999732971191,32.459999084472656
1780530714427146000,56.45014599609375,30.239999771118164,-9.84000015258789,32.099998474121094
1780530714437216800,56.460216796875,31.559999465942383,-10.199999809265137,31.67999839782715
1780530714457388800,56.48038891601563,32.939998626708984,-10.979999542236328,31.5
1780530714497702700,56.52070263671875,34.2599983215332,-12.059999465942385,30.779998779296875
1780530714527915000,56.5509150390625,35.099998474121094,-11.34000015258789,30.53999900817871
1780530714548056600,56.571056640625,34.91999816894531,-11.519999504089355,31.439998626708984
1780530714638663400,56.66166333007813,27.959999084472656,-9.960000038146973,36.89999771118164
1780530714689078300,56.71207836914063,21.53999900817871,-10.31999969482422,39.119998931884766
1780530714779593500,56.80259350585938,11.279999732971191,-10.559999465942385,38.81999969482422
1780530714799765500,56.822765625,9.59999942779541,-11.09999942779541,38.09999847412109
1780530714809867000,56.83286694335938,9.239999771118164,-11.399999618530272,37.5
1780530714819968300,56.84296826171875,9.539999961853027,-10.739999771118164,37.02000045776367
1780530714830008600,56.85300854492188,8.579999923706055,-9.300000190734863,35.939998626708984
1780530714840109800,56.86310986328125,7.859999656677246,-8.460000038146973,36.119998931884766
1780530714850211000,56.87321118164063,7.5,-8.460000038146973,35.81999969482422
1780530714860251400,56.88325146484375,6.960000038146973,-9.300000190734863,35.81999969482422
1780530714870322200,56.893322265625,7.319999694824219,-10.619999885559082,36.540000915527344
1780530714880393000,56.90339306640625,7.319999694824219,-11.399999618530272,35.939998626708984
1780530714890494500,56.91349438476563,6.359999656677246,-11.039999961853027,35.7599983215332
1780530714900534800,56.92353466796875,5.87999963760376,-10.920000076293944,35.34000015258789
1780530714910636000,56.93363598632813,5.21999979019165,-11.399999618530272,35.099998474121094
1780530714920706800,56.94370678710938,4.259999752044678,-11.699999809265137,35.39999771118164
1780530715011405000,57.03440502929688,-2.3399999141693115,-15.65999984741211,35.52000045776367
1780530715061759000,57.08475903320313,-6.179999828338623,-17.81999969482422,36.47999954223633
1780530715081931300,57.10493115234375,-8.399999618530273,-18.779998779296875,37.380001068115234
1780530715092002000,57.115001953125,-9.65999984741211,-19.26000022888184,37.43999862670898
1780530715102072800,57.12507275390625,-11.219999313354492,-19.68000030517578,37.79999923706055
1780530715112113200,57.13511303710938,-11.81999969482422,-19.5,38.21999740600586
1780530715122214400,57.14521435546875,-12.119999885559082,-19.3799991607666,38.34000015258789
1780530715132285200,57.15528515625,-12.179999351501465,-19.19999885559082,39.05999755859375
1780530715142325500,57.16532543945313,-11.9399995803833,-19.07999992370605,39.119998931884766
1780530715192771000,57.21577099609375,-10.4399995803833,-13.979999542236328,40.20000076293945
1780530715212912600,57.23591259765625,-9.359999656677246,-12.539999961853027,39.77999877929688
1780530715263297000,57.28629711914063,-3.359999895095825,-9.84000015258789,39.59999847412109
1780530715273337300,57.29633740234375,-2.0999999046325684,-9.65999984741211,39.23999786376953
1780530715293479000,57.31647900390625,0.6599999666213989,-9.479999542236328,38.7599983215332
1780530715303549700,57.3265498046875,1.9799998998641968,-8.699999809265137,38.70000076293945
1780530715313620700,57.336620849609375,3.659999847412109,-8.460000038146973,38.34000015258789
1780530715323691500,57.34669140625,4.799999713897705,-8.399999618530273,37.86000061035156
1780530715333731600,57.35673168945313,6.839999675750732,-8.579999923706055,37.68000030517578
1780530715343833000,57.3668330078125,8.519999504089355,-9.779999732971191,36.89999771118164
1780530715353903900,57.37690380859375,10.619999885559082,-10.260000228881836,36.65999984741211
1780530715363974700,57.386974609375,12.65999984741211,-10.739999771118164,36.540000915527344
1780530715374045400,57.39704541015625,14.09999942779541,-11.34000015258789,36.36000061035156
1780530715404257800,57.4272578125,19.31999969482422,-11.460000038146973,35.52000045776367
1780530715444510500,57.46751049804688,22.920000076293945,-9.960000038146973,33.599998474121094
1780530715464621600,57.48762158203125,24.959999084472656,-10.739999771118164,32.939998626708984
1780530715474722800,57.49772290039063,26.03999900817871,-10.739999771118164,32.880001068115234
1780530715484824300,57.50782421875,26.81999969482422,-10.859999656677246,32.57999801635742
1780530715525046300,57.54804638671875,29.8799991607666,-11.039999961853027,31.85999870300293
1780530715535117300,57.55811743164063,30.420000076293945,-10.859999656677246,31.13999938964844
1780530715545188000,57.56818798828125,31.13999938964844,-11.219999313354492,30.53999900817871
1780530715565360000,57.58836010742188,32.040000915527344,-11.579999923706056,30.420000076293945
1780530715575431000,57.59843090820313,32.63999938964844,-12.0,30.899999618530277
1780530715585501700,57.60850170898438,32.70000076293945,-12.239999771118164,30.84000015258789
1780530715605704400,57.62870434570313,33.540000915527344,-12.59999942779541,30.71999931335449
1780530715615805700,57.6388056640625,33.47999954223633,-12.779999732971191,30.71999931335449
1780530715625907000,57.64890698242188,33.36000061035156,-12.59999942779541,30.84000015258789
1780530715635977700,57.65897778320313,32.57999801635742,-12.479999542236328,31.31999969482422
1780530715646079200,57.669079345703125,32.459999084472656,-12.719999313354492,31.5
1780530715656150000,57.67914990234375,31.61999893188477,-12.779999732971191,32.34000015258789
1780530715666220800,57.689220703125,31.739999771118164,-12.719999313354492,33.18000030517578
1780530715676291600,57.69929150390625,31.3799991607666,-12.179999351501465,34.13999938964844
1780530715716696800,57.73969677734375,26.099998474121094,-10.920000076293944,37.07999801635742
1780530715777060600,57.800060546875,19.26000022888184,-10.559999465942385,39.18000030517578
1780530715797202200,57.8202021484375,16.3799991607666,-8.819999694824219,38.57999801635742
1780530715807242500,57.83024243164063,15.059999465942385,-8.699999809265137,38.81999969482422
1780530715817343700,57.84034375,14.279999732971191,-8.579999923706055,39.119998931884766
1780530715827384000,57.85038403320313,13.920000076293944,-9.84000015258789,39.23999786376953
1780530715837424400,57.86042431640625,13.31999969482422,-10.619999885559082,39.540000915527344
1780530715847495200,57.8704951171875,12.84000015258789,-11.219999313354492,39.119998931884766
1780530715857566000,57.88056591796875,11.639999389648438,-11.219999313354492,38.39999771118164
1780530715867575800,57.890575927734375,10.619999885559082,-11.460000038146973,37.68000030517578
1780530715877677000,57.90067700195313,10.380000114440918,-11.880000114440918,37.20000076293945
1780530715887778300,57.9107783203125,9.65999984741211,-12.059999465942385,36.84000015258789
1780530715897879600,57.92087963867188,10.260000228881836,-13.139999389648438,36.65999984741211
1780530715938101800,57.96110180664063,10.079999923706056,-13.5,36.05999755859375
1780530715948172500,57.97117260742188,9.420000076293944,-12.960000038146973,36.47999954223633
1780530716018668300,58.04166821289063,3.7799999713897705,-12.300000190734863,34.380001068115234
1780530716038840300,58.06184033203125,2.4600000381469727,-14.039999961853027,34.13999938964844
1780530716048941600,58.07194165039063,1.2599999904632568,-13.799999237060549,34.13999938964844
1780530716059043000,58.08204296875,0.5399999618530273,-14.880000114440918,34.07999801635742
1780530716069144300,58.09214428710938,-0.3599999845027923,-15.0,33.540000915527344
1780530716079215000,58.10221508789063,-1.559999942779541,-16.020000457763672,33.84000015258789
1780530716089286000,58.11228588867188,-2.5199999809265137,-17.399999618530273,34.02000045776367
1780530716099387100,58.12238720703125,-3.7200000286102295,-17.520000457763672,34.380001068115234
1780530716109427500,58.13242749023438,-5.21999979019165,-18.35999870300293,34.619998931884766
1780530716119528700,58.14252880859375,-5.87999963760376,-19.020000457763672,34.97999954223633
1780530716139670500,58.16267041015625,-7.259999752044678,-21.11999893188477,36.36000061035156
1780530716149741300,58.1727412109375,-8.15999984741211,-21.53999900817871,36.84000015258789
1780530716159842600,58.18284252929688,-9.179999351501465,-21.899999618530277,37.31999969482422
1780530716169913300,58.19291333007813,-9.899999618530272,-21.959999084472656,37.5
1780530716179984100,58.20298413085938,-10.31999969482422,-21.299999237060547,37.73999786376953
1780530716190055000,58.21305493164063,-10.679999351501465,-21.479999542236328,38.52000045776367
1780530716200156200,58.22315625,-10.979999542236328,-21.18000030517578,38.70000076293945
1780530716210227000,58.23322705078125,-11.639999389648438,-20.399999618530277,39.71999740600586
1780530716220328400,58.24332836914063,-12.300000190734863,-19.5,40.31999969482422
1780530716230429700,58.2534296875,-12.359999656677246,-18.059999465942383,40.73999786376953
1780530716240531000,58.26353100585938,-12.719999313354492,-16.799999237060547,41.52000045776367
1780530716250632400,58.273632568359375,-12.899999618530272,-15.239999771118164,40.79999923706055
1780530716260703200,58.283703125,-11.9399995803833,-13.859999656677246,40.43999862670898
1780530716270774000,58.29377392578125,-12.119999885559082,-12.59999942779541,40.02000045776367
1780530716280875300,58.30387524414063,-11.399999618530272,-11.579999923706056,39.959999084472656
1780530716351554000,58.37455395507813,-2.3399999141693115,-8.460000038146973,39.84000015258789
1780530716402030000,58.42503002929688,4.440000057220459,-7.319999694824219,38.7599983215332
1780530716412131300,58.43513134765625,6.599999904632568,-7.739999771118164,38.7599983215332
1780530716422232600,58.44523266601563,8.579999923706055,-8.279999732971191,37.5
1780530716432334000,58.455333984375,10.4399995803833,-9.119999885559082,36.959999084472656
1780530716442435300,58.46543530273438,11.9399995803833,-9.65999984741211,36.119998931884766
1780530716472739300,58.4957392578125,18.0,-11.039999961853027,35.57999801635742
1780530716482840600,58.50584057617188,19.439998626708984,-10.199999809265137,35.39999771118164
1780530716492941800,58.51594189453125,20.63999938964844,-9.65999984741211,35.39999771118164
1780530716533347000,58.55634716796875,25.68000030517578,-9.59999942779541,34.2599983215332
1780530716543479000,58.56647900390625,27.239999771118164,-9.779999732971191,33.779998779296875
1780530716563712300,58.58671215820313,29.34000015258789,-10.920000076293944,32.880001068115234
1780530716644583700,58.66758374023438,33.959999084472656,-11.81999969482422,31.5
1780530716654685200,58.677685302734375,34.380001068115234,-11.81999969482422,31.3799991607666
1780530716715323400,58.73832348632813,33.540000915527344,-10.679999351501465,32.279998779296875
1780530716806265900,58.82926586914063,26.34000015258789,-9.179999351501465,36.47999954223633
1780530716836569900,58.85956982421875,23.76000022888184,-9.960000038146973,37.79999923706055
1780530716846671000,58.86967114257813,22.19999885559082,-10.139999389648438,38.09999847412109
1780530716856772400,58.8797724609375,20.520000457763672,-10.260000228881836,38.39999771118164
1780530716866843400,58.889843505859375,19.19999885559082,-9.960000038146973,38.39999771118164
1780530716876944600,58.89994458007813,17.760000228881836,-10.199999809265137,38.7599983215332
1780530716887076400,58.91007641601563,17.34000015258789,-10.559999465942385,39.119998931884766
1780530716897177900,58.920177734375,16.559999465942383,-10.739999771118164,39.05999755859375
1780530716927451100,58.950451171875,14.219999313354492,-10.619999885559082,38.52000045776367
1780530716937552400,58.96055249023438,13.380000114440918,-10.739999771118164,38.09999847412109
1780530716947592700,58.9705927734375,12.65999984741211,-10.619999885559082,37.619998931884766
1780530716957724700,58.980724609375,11.75999927520752,-10.559999465942385,37.68000030517578
1780530716967826000,58.99082592773438,11.34000015258789,-10.619999885559082,37.73999786376953
1780530716977927200,59.00092724609375,10.979999542236328,-9.960000038146973,37.79999923706055
1780530716987998000,59.010998046875,10.859999656677246,-9.779999732971191,37.619998931884766
1780530716998099500,59.02109936523438,10.679999351501465,-9.65999984741211,37.07999801635742
1780530717008170200,59.03117016601563,10.979999542236328,-10.199999809265137,36.959999084472656
1780530717028281300,59.05128125,10.139999389648438,-10.739999771118164,36.23999786376953
1780530717038382600,59.06138256835938,9.899999618530272,-10.920000076293944,36.36000061035156
1780530717048453400,59.07145336914063,9.119999885559082,-10.679999351501465,36.36000061035156
1780530717058524200,59.08152416992188,8.819999694824219,-10.619999885559082,36.65999984741211
1780530717078635300,59.10163525390625,7.619999885559082,-11.519999504089355,36.23999786376953
1780530717098776800,59.12177685546875,6.539999961853027,-12.960000038146973,36.05999755859375
1780530717108878000,59.13187817382813,5.279999732971191,-13.25999927520752,36.119998931884766
1780530717118918400,59.14191845703125,5.21999979019165,-13.619999885559082,36.84000015258789
1780530717128958700,59.15195874023438,4.5,-14.039999961853027,37.20000076293945
1780530717139060000,59.16206005859375,3.9599997997283936,-13.739999771118164,37.55999755859375
1780530717159232300,59.18223217773438,2.1599998474121094,-14.9399995803833,38.09999847412109
1780530717179343400,59.20234326171875,0.4199999868869781,-16.619998931884766,38.459999084472656
1780530717189383400,59.21238354492188,-0.4199999868869781,-16.85999870300293,38.52000045776367
1780530717259848700,59.2828486328125,-8.9399995803833,-14.519999504089355,41.040000915527344
1780530717340506600,59.36350659179688,-10.260000228881836,-11.9399995803833,42.0
1780530717370719000,59.39371899414063,-8.760000228881836,-11.279999732971191,41.70000076293945
1780530717380820200,59.4038203125,-7.079999923706055,-10.979999542236328,41.39999771118164
1780530717390921700,59.41392163085938,-6.059999942779541,-10.559999465942385,41.15999984741211
1780530717400992500,59.42399243164063,-4.920000076293945,-10.260000228881836,40.91999816894531
1780530717411063300,59.43406323242188,-3.7200000286102295,-9.719999313354492,40.37999725341797
1780530717421164500,59.44416455078125,-3.059999942779541,-8.9399995803833,40.02000045776367
1780530717441275600,59.46427563476563,-0.4199999868869781,-7.799999713897705,39.540000915527344
1780530717451377000,59.474376953125,1.1399999856948853,-7.679999828338623,39.05999755859375
1780530717461447700,59.48444775390625,3.299999952316284,-8.09999942779541,38.93999862670898
1780530717471488000,59.49448803710938,5.460000038146973,-7.619999885559082,38.81999969482422
1780530717481558800,59.50455883789063,6.539999961853027,-8.279999732971191,38.93999862670898
1780530717491629600,59.51462963867188,7.559999942779541,-8.15999984741211,38.7599983215332
1780530717501700400,59.52470043945313,8.760000228881836,-8.399999618530273,38.57999801635742
1780530717511801900,59.5348017578125,10.079999923706056,-8.699999809265137,38.21999740600586
1780530717521872600,59.54487255859375,11.639999389648438,-8.639999389648438,38.040000915527344
1780530717531974000,59.55497387695313,13.019999504089355,-9.359999656677246,38.09999847412109
1780530717542044700,59.56504467773438,14.460000038146973,-8.880000114440918,37.86000061035156
1780530717562216700,59.585216796875,17.34000015258789,-9.479999542236328,36.59999847412109
1780530717582389000,59.60538891601563,19.920000076293945,-10.380000114440918,35.39999771118164
1780530717663016400,59.68601635742188,29.03999900817871,-10.199999809265137,32.70000076293945
1780530717673117700,59.69611767578125,29.15999984741211,-10.4399995803833,32.52000045776367
1780530717723593700,59.74659375,31.85999870300293,-8.579999923706055,32.459999084472656
1780530717733664500,59.75666455078125,31.85999870300293,-9.479999542236328,32.70000076293945
1780530717743765800,59.76676586914063,31.559999465942383,-10.5,32.15999984741211
1780530717753836800,59.7768369140625,31.979999542236328,-12.059999465942385,32.15999984741211
1780530717784079600,59.80707958984375,31.31999969482422,-11.519999504089355,33.29999923706055
1780530717824424000,59.847423828125,29.63999938964844,-10.199999809265137,35.15999984741211
1780530717874777900,59.89777783203125,26.76000022888184,-9.84000015258789,37.43999862670898
1780530717884848600,59.9078486328125,25.61999893188477,-10.019999504089355,37.380001068115234
1780530717894950000,59.91794995117188,24.35999870300293,-10.260000228881836,37.86000061035156
1780530717915122200,59.9381220703125,21.059999465942383,-10.5,38.21999740600586
1780530717925223400,59.94822338867188,19.799999237060547,-10.800000190734863,38.70000076293945
1780530717935263700,59.958263671875,18.239999771118164,-10.739999771118164,38.81999969482422
1780530717975547000,59.998546875,13.4399995803833,-11.639999389648438,39.47999954223633
1780530717995688400,60.0186884765625,11.75999927520752,-11.279999732971191,38.63999938964844
1780530718005789700,60.02878979492188,11.15999984741211,-11.09999942779541,38.87999725341797
1780530718015860500,60.03886059570313,10.679999351501465,-10.859999656677246,38.63999938964844
1780530718025900800,60.04890087890625,9.84000015258789,-11.219999313354492,37.91999816894531
1780530718036002300,60.05900219726563,8.519999504089355,-11.279999732971191,37.68000030517578
1780530718086356200,60.10935620117188,7.139999866485596,-11.279999732971191,36.119998931884766
1780530718156760300,60.17976025390625,3.4800000190734863,-13.019999504089355,36.59999847412109
1780530718166861600,60.18986157226563,2.759999990463257,-12.84000015258789,36.23999786376953
1780530718176932400,60.19993237304688,1.8600000143051147,-13.25999927520752,35.34000015258789
1780530718197074000,60.22007397460938,-0.7199999690055847,-13.139999389648438,35.21999740600586
1780530718207144700,60.23014477539063,-1.319999933242798,-14.039999961853027,34.97999954223633
1780530718217215500,60.24021557617188,-2.3999998569488525,-14.519999504089355,35.15999984741211
1780530718227286300,60.25028637695313,-2.639999866485596,-16.799999237060547,35.39999771118164
1780530718237387800,60.2603876953125,-2.700000047683716,-17.81999969482422,35.15999984741211
1780530718247519500,60.27051953125,-2.5799999237060547,-18.18000030517578,35.63999938964844
1780530718257559800,60.28055981445313,-2.759999990463257,-18.779998779296875,36.29999923706055
1780530718267661000,60.2906611328125,-3.119999885559082,-19.13999938964844,36.59999847412109
1780530718287833300,60.31083325195313,-4.859999656677246,-20.100000381469727,37.55999755859375
1780530718307975000,60.33097485351563,-6.239999771118164,-19.920000076293945,37.97999954223633
1780530718318045700,60.34104565429688,-7.079999923706055,-20.100000381469727,38.27999877929688
1780530718328147000,60.35114697265625,-7.679999828338623,-19.920000076293945,38.57999801635742
1780530718338187300,60.36118725585938,-8.760000228881836,-20.279998779296875,39.0
1780530718348258000,60.37125805664063,-8.9399995803833,-19.920000076293945,39.84000015258789
1780530718358359300,60.381359375,-9.179999351501465,-20.15999984741211,40.31999969482422
1780530718368460800,60.39146069335938,-9.719999313354492,-19.68000030517578,40.97999954223633
1780530718388632800,60.4116328125,-9.59999942779541,-18.65999984741211,41.21999740600586
1780530718398703600,60.42170361328125,-10.380000114440918,-16.85999870300293,41.15999984741211
1780530718408774400,60.4317744140625,-9.59999942779541,-16.979999542236328,40.619998931884766
1780530718459189500,60.482189453125,-7.559999942779541,-12.539999961853027,40.2599983215332
1780530718479331000,60.5023310546875,-5.579999923706055,-12.359999656677246,39.65999984741211
1780530718489401900,60.51240185546875,-3.359999895095825,-11.579999923706056,38.87999725341797
1780530718499472600,60.52247265625,-2.2799999713897705,-11.219999313354492,38.57999801635742
1780530718509543400,60.53254345703125,-0.8399999737739563,-11.09999942779541,38.87999725341797
1780530718519614200,60.5426142578125,0.5999999642372131,-10.139999389648438,39.0
1780530718529715500,60.55271557617188,1.3799999952316284,-9.960000038146973,39.59999847412109
1780530718539786500,60.56278637695313,2.700000047683716,-9.359999656677246,39.18000030517578
1780530718549857300,60.57285717773438,3.659999847412109,-8.819999694824219,38.27999877929688
1780530718559897300,60.5828974609375,5.279999732971191,-8.9399995803833,38.27999877929688
1780530718569998800,60.59299877929688,6.839999675750732,-8.399999618530273,37.91999816894531
1780530718580100000,60.60310009765625,8.15999984741211,-8.399999618530273,37.91999816894531
1780530718610343000,60.63334301757813,12.479999542236328,-9.300000190734863,38.63999938964844
1780530718620444400,60.6434443359375,13.920000076293944,-9.719999313354492,38.52000045776367
1780530718670798300,60.69379833984375,21.18000030517578,-9.84000015258789,35.52000045776367
1780530718680869000,60.703869140625,22.85999870300293,-9.899999618530272,34.79999923706055
1780530718690940000,60.71393994140625,24.11999893188477,-10.079999923706056,34.2599983215332
1780530718701041200,60.72404125976563,25.439998626708984,-10.559999465942385,34.439998626708984
1780530718711112200,60.7341123046875,27.299999237060547,-10.739999771118164,34.619998931884766
1780530718781668600,60.80466870117188,31.739999771118164,-12.59999942779541,31.979999542236328
1780530718791800600,60.81480053710938,32.21999740600586,-12.779999732971191,31.739999771118164
1780530718872458500,60.89545849609375,33.779998779296875,-12.0,32.52000045776367
1780530718882529300,60.905529296875,32.939998626708984,-11.519999504089355,32.34000015258789
1780530718892600000,60.91560009765625,32.52000045776367,-11.279999732971191,32.52000045776367
1780530718912802800,60.935802734375,31.85999870300293,-10.979999542236328,33.05999755859375
1780530718922934500,60.9459345703125,31.31999969482422,-11.039999961853027,33.71999740600586
1780530718933005300,60.95600537109375,30.239999771118164,-11.039999961853027,33.959999084472656
1780530718943137300,60.96613720703125,29.57999992370605,-10.859999656677246,34.380001068115234
1780530718953208000,60.9762080078125,29.03999900817871,-11.15999984741211,35.459999084472656
1780530718983481300,61.0064814453125,27.059999465942383,-10.31999969482422,37.619998931884766
1780530718993582800,61.01658276367188,25.739999771118164,-10.079999923706056,37.68000030517578
1780530719003684000,61.02668408203125,24.53999900817871,-9.719999313354492,37.13999938964844
1780530719023886800,61.04688696289063,21.65999984741211,-10.199999809265137,37.5
1780530719033988000,61.05698803710938,20.57999992370605,-10.260000228881836,37.380001068115234
1780530719044089300,61.06708935546875,18.899999618530277,-10.859999656677246,37.55999755859375
1780530719054190600,61.07719067382813,17.760000228881836,-10.739999771118164,37.97999954223633
1780530719064292000,61.0872919921875,17.15999984741211,-11.15999984741211,38.459999084472656
1780530719074393300,61.09739331054688,15.899999618530272,-11.09999942779541,38.57999801635742
1780530719084494600,61.10749462890625,15.539999961853027,-10.920000076293944,38.63999938964844
1780530719104667000,61.1276669921875,13.739999771118164,-10.859999656677246,37.73999786376953
1780530719114798600,61.13779858398438,12.719999313354492,-10.679999351501465,37.380001068115234
1780530719124899800,61.14789990234375,11.699999809265137,-10.920000076293944,37.43999862670898
1780530719135031800,61.15803173828125,10.979999542236328,-10.5,37.380001068115234
1780530719145072000,61.16807202148438,9.59999942779541,-9.359999656677246,37.07999801635742
1780530719155203800,61.17820385742188,9.59999942779541,-9.84000015258789,37.2599983215332
1780530719165305000,61.18830517578125,9.300000190734863,-9.65999984741211,36.77999877929688
1780530719185507800,61.2085078125,9.479999542236328,-11.460000038146973,37.380001068115234
1780530719195639600,61.2186396484375,8.819999694824219,-11.460000038146973,37.55999755859375
1780530719215903200,61.2389033203125,7.259999752044678,-12.119999885559082,37.380001068115234
1780530719225974000,61.24897412109375,6.779999732971191,-12.119999885559082,36.84000015258789
1780530719236106000,61.25910595703125,5.759999752044678,-12.59999942779541,36.65999984741211
1780530719266440400,61.2894404296875,2.5199999809265137,-14.519999504089355,36.65999984741211
1780530719337180200,61.36018017578125,-3.0,-18.0,37.2599983215332
1780530719347281400,61.37028149414063,-4.139999866485596,-18.600000381469727,37.619998931884766
1780530719357383000,61.3803828125,-4.380000114440918,-18.959999084472656,37.5
1780530719367484200,61.39048413085938,-5.039999961853027,-19.3799991607666,37.91999816894531
1780530719377585400,61.40058544921875,-6.119999885559082,-19.5,38.57999801635742
1780530719387686700,61.41068676757813,-6.899999618530273,-19.739999771118164,39.47999954223633
1780530719397788200,61.4207880859375,-8.09999942779541,-19.19999885559082,40.619998931884766
1780530719407889400,61.43088940429688,-8.880000114440918,-18.959999084472656,41.15999984741211
1780530719417990700,61.44099072265625,-9.719999313354492,-18.959999084472656,41.15999984741211
1780530719428092200,61.45109204101563,-10.619999885559082,-18.299999237060547,41.040000915527344
1780530719438193400,61.461193359375,-10.800000190734863,-18.299999237060547,40.91999816894531
1780530719448325000,61.4713251953125,-10.979999542236328,-17.940000534057617,40.91999816894531
1780530719458457000,61.48145703125,-10.920000076293944,-17.34000015258789,40.79999923706055
1780530719468588800,61.4915888671875,-10.4399995803833,-16.799999237060547,40.86000061035156
1780530719478690300,61.50169018554688,-10.5,-15.839999198913574,41.040000915527344
1780530719488791600,61.51179150390625,-10.380000114440918,-14.519999504089355,41.09999847412109
1780530719498923300,61.52192333984375,-9.84000015258789,-13.920000076293944,40.79999923706055
1780530719509055200,61.53205517578125,-9.0,-12.719999313354492,40.97999954223633
1780530719539359200,61.56235913085938,-6.659999847412109,-11.09999942779541,40.68000030517578
1780530719549460500,61.57246044921875,-6.420000076293945,-10.859999656677246,40.07999801635742
1780530719569663000,61.5926630859375,-3.839999914169312,-10.079999923706056,39.23999786376953
1780530719620169700,61.64316967773438,4.980000019073486,-8.399999618530273,39.29999923706055
1780530719690879000,61.71387890625,16.799999237060547,-7.980000019073486,37.55999755859375
1780530719751486700,61.77448681640625,25.3799991607666,-8.819999694824219,34.86000061035156
1780530719781790700,61.80479077148438,27.420000076293945,-9.359999656677246,34.07999801635742
1780530719791861500,61.81486157226563,27.71999931335449,-9.300000190734863,33.599998474121094
1780530719801963000,61.824962890625,28.920000076293945,-9.899999618530272,33.65999984741211
1780530719812064300,61.83506420898438,29.939998626708984,-9.779999732971191,33.119998931884766
1780530719822135000,61.84513500976563,31.01999855041504,-10.199999809265137,33.0
1780530719832236300,61.855236328125,31.920000076293945,-11.039999961853027,33.119998931884766
1780530719842307000,61.86530712890625,32.39999771118164,-10.679999351501465,32.70000076293945
1780530719852377900,61.8753779296875,32.459999084472656,-10.619999885559082,32.63999938964844
1780530719862448600,61.88544873046875,32.459999084472656,-10.619999885559082,32.34000015258789
1780530719872519400,61.89551953125,32.7599983215332,-10.199999809265137,32.099998474121094
1780530719882590500,61.90559057617188,33.119998931884766,-10.380000114440918,32.279998779296875
1780530719892661200,61.9156611328125,33.47999954223633,-10.559999465942385,32.70000076293945
1780530719902732000,61.92573193359375,33.23999786376953,-10.5,32.880001068115234
1780530719912802800,61.935802734375,33.29999923706055,-10.380000114440918,33.23999786376953
1780530719922843100,61.94584301757813,33.36000061035156,-10.31999969482422,33.29999923706055
1780530719932944400,61.9559443359375,33.599998474121094,-9.899999618530272,34.20000076293945
1780530719943015200,61.96601513671875,34.02000045776367,-9.59999942779541,34.31999969482422
1780530719953116400,61.97611645507813,33.779998779296875,-9.779999732971191,34.619998931884766
1780530719963187200,61.98618725585938,33.0,-9.119999885559082,35.099998474121094
1780530719973258000,61.99625805664063,31.979999542236328,-8.760000228881836,34.619998931884766
1780530719983359500,62.006359375,31.799999237060547,-8.699999809265137,35.040000915527344
1780530719993430300,62.01643017578125,31.67999839782715,-8.460000038146973,35.279998779296875
1780530720003531500,62.02653149414063,31.01999855041504,-8.399999618530273,35.52000045776367
1780530720013602300,62.03660229492188,30.479999542236328,-8.399999618530273,36.0
1780530720023673000,62.04667309570313,29.21999931335449,-7.679999828338623,36.119998931884766
1780530720033774300,62.0567744140625,28.439998626708984,-7.559999942779541,36.36000061035156
1780530720043845000,62.06684521484375,27.53999900817871,-7.37999963760376,36.29999923706055
1780530720094199300,62.11719921875,23.51999855041504,-8.34000015258789,35.880001068115234
1780530720134513000,62.15751293945313,20.939998626708984,-8.279999732971191,37.86000061035156
1780530720154624000,62.1776240234375,19.3799991607666,-9.119999885559082,37.13999938964844
1780530720164725200,62.18772534179688,18.53999900817871,-9.59999942779541,37.5
1780530720174796000,62.19779614257813,17.459999084472656,-9.420000076293944,36.89999771118164
1780530720194937900,62.21793774414063,15.839999198913574,-9.479999542236328,37.380001068115234
1780530720235221000,62.25822094726563,12.84000015258789,-10.679999351501465,36.71999740600586
1780530720295676200,62.31867626953125,8.09999942779541,-12.059999465942385,36.59999847412109
1780530720376242700,62.39924267578125,-1.4399999380111694,-16.5,37.79999923706055
1780530720446677200,62.46967724609375,-6.420000076293945,-18.059999465942383,40.43999862670898
1780530720527243800,62.550243896484375,-8.279999732971191,-14.399999618530272,41.21999740600586
1780530720557486600,62.58048657226563,-6.899999618530273,-11.880000114440918,41.09999847412109
1780530720577689000,62.60068920898438,-6.599999904632568,-10.739999771118164,40.31999969482422
1780530720638205700,62.66120581054688,1.1399999856948853,-8.34000015258789,39.89999771118164
1780530720698630400,62.72163037109375,8.519999504089355,-7.440000057220459,38.7599983215332
1780530720769126000,62.7921259765625,20.279998779296875,-9.239999771118164,36.84000015258789
1780530720779196700,62.80219677734375,21.899999618530277,-8.819999694824219,35.81999969482422
1780530720789237000,62.81223706054688,23.279998779296875,-8.9399995803833,35.34000015258789
1780530720799338500,62.82233837890625,24.53999900817871,-8.9399995803833,34.91999816894531
1780530720809439700,62.83243969726563,26.21999931335449,-9.059999465942385,33.959999084472656
1780530720839713000,62.86271313476563,30.420000076293945,-9.0,33.23999786376953
1780530720849784000,62.8727841796875,31.13999938964844,-9.420000076293944,33.119998931884766
1780530720859885300,62.88288525390625,31.19999885559082,-9.899999618530272,32.279998779296875
1780530720869956000,62.8929560546875,32.279998779296875,-10.079999923706056,31.979999542236328
1780530720880057300,62.90305737304688,32.57999801635742,-10.260000228881836,31.61999893188477
1780530720890128100,62.91312817382813,33.119998931884766,-10.859999656677246,30.71999931335449
1780530720900229400,62.9232294921875,34.02000045776367,-10.979999542236328,31.01999855041504
1780530720910331000,62.93333081054688,34.2599983215332,-11.34000015258789,30.71999931335449
1780530720930442000,62.95344189453125,35.15999984741211,-11.639999389648438,31.31999969482422
1780530720980826400,63.00382641601563,34.91999816894531,-10.5,32.34000015258789
1780530721031241500,63.05424145507813,33.29999923706055,-8.9399995803833,33.84000015258789
1780530721041342700,63.0643427734375,33.05999755859375,-8.15999984741211,34.13999938964844
1780530721081656600,63.10465649414063,27.84000015258789,-7.799999713897705,36.540000915527344
1780530721091727400,63.11472729492188,26.8799991607666,-7.739999771118164,36.71999740600586
1780530721101828600,63.12482861328125,25.559999465942383,-8.639999389648438,36.84000015258789
1780530721111899400,63.1348994140625,24.899999618530277,-9.59999942779541,36.540000915527344
1780530721121970200,63.14497021484375,23.939998626708984,-9.539999961853027,36.65999984741211
1780530721132010500,63.15501049804688,23.100000381469727,-9.719999313354492,36.65999984741211
1780530721142111700,63.16511181640625,22.07999992370605,-9.779999732971191,36.89999771118164
1780530721162284000,63.18528393554688,20.459999084472656,-10.019999504089355,38.15999984741211
1780530721172354800,63.19535473632813,19.5,-10.31999969482422,38.34000015258789
1780530721192526800,63.21552685546875,17.8799991607666,-10.4399995803833,37.79999923706055
1780530721202597600,63.22559765625,16.979999542236328,-10.859999656677246,37.79999923706055
1780530721212668400,63.23566845703125,16.739999771118164,-10.679999351501465,38.040000915527344
1780530721222739200,63.2457392578125,16.799999237060547,-11.279999732971191,37.73999786376953
1780530721232779500,63.25577954101563,16.260000228881836,-11.699999809265137,37.68000030517578
1780530721242880800,63.265880859375,15.59999942779541,-11.639999389648438,37.380001068115234
1780530721252921000,63.27592114257813,14.039999961853027,-12.059999465942385,36.77999877929688
1780530721262992000,63.28599194335938,12.719999313354492,-11.75999927520752,36.89999771118164
1780530721273093400,63.29609326171875,11.880000114440918,-11.279999732971191,36.84000015258789
1780530721283133400,63.30613354492188,11.279999732971191,-11.81999969482422,37.02000045776367
1780530721303275300,63.32627514648438,9.539999961853027,-12.65999984741211,36.65999984741211
1780530721313346000,63.33634594726563,9.119999885559082,-13.079999923706056,36.18000030517578
1780530721323416800,63.34641674804688,8.279999732971191,-13.199999809265137,35.57999801635742
1780530721333487600,63.35648754882813,7.679999828338623,-12.779999732971191,35.279998779296875
1780530721403983000,63.42698315429688,2.220000028610229,-14.039999961853027,36.71999740600586
1780530721414023400,63.4370234375,1.2599999904632568,-15.179999351501465,36.959999084472656
1780530721434195500,63.45719555664063,-0.2999999821186065,-16.19999885559082,37.73999786376953
1780530721444297000,63.467296875,-2.2799999713897705,-17.399999618530273,37.5
1780530721454367700,63.47736767578125,-3.5999999046325684,-17.579999923706055,37.31999969482422
1780530721474509300,63.49750927734375,-5.87999963760376,-18.35999870300293,37.68000030517578
1780530721484580000,63.507580078125,-6.359999656677246,-18.35999870300293,38.39999771118164
1780530721494681300,63.51768139648438,-7.139999866485596,-18.899999618530277,38.87999725341797
1780530721504782800,63.527782958984375,-7.980000019073486,-19.5,39.540000915527344
1780530721514914600,63.53791455078125,-8.220000267028809,-20.100000381469727,39.65999984741211
1780530721525015800,63.54801586914063,-8.279999732971191,-20.8799991607666,39.89999771118164
1780530721535117300,63.55811743164063,-8.699999809265137,-20.76000022888184,39.89999771118164
1780530721555259000,63.5782587890625,-10.139999389648438,-17.69999885559082,40.20000076293945
1780530721565360000,63.58836010742188,-11.219999313354492,-16.68000030517578,40.20000076293945
1780530721625846000,63.64884594726563,-9.179999351501465,-14.75999927520752,41.52000045776367
1780530721635947300,63.658947265625,-8.220000267028809,-13.859999656677246,41.52000045776367
1780530721646048500,63.66904858398438,-7.679999828338623,-12.899999618530272,41.09999847412109
1780530721656150000,63.67914990234375,-6.71999979019165,-12.899999618530272,40.20000076293945
1780530721666251300,63.68925122070313,-5.400000095367432,-12.59999942779541,40.37999725341797
1780530721686423300,63.70942333984375,-2.93999981880188,-11.75999927520752,40.55999755859375
1780530721706595600,63.729595703125,-0.3599999845027923,-9.899999618530272,40.91999816894531
1780530721716696800,63.73969677734375,0.6599999666213989,-9.479999542236328,40.07999801635742
1780530721726798000,63.74979809570313,1.8600000143051147,-9.359999656677246,40.37999725341797
1780530721746939600,63.76993969726563,4.799999713897705,-8.760000228881836,39.65999984741211
1780530721757041000,63.780041015625,6.659999847412109,-8.279999732971191,39.959999084472656
1780530721777243600,63.80024365234375,9.960000038146973,-8.279999732971191,39.41999816894531
1780530721847922400,63.87092236328125,21.84000015258789,-9.0,36.65999984741211
1780530721858023700,63.88102368164063,23.100000381469727,-8.639999389648438,35.57999801635742
1780530721868094500,63.89109448242188,25.07999992370605,-8.639999389648438,34.91999816894531
1780530721898429000,63.92142895507813,29.69999885559082,-9.179999351501465,32.279998779296875
1780530721908499700,63.93149975585938,29.8799991607666,-9.84000015258789,31.13999938964844
1780530721918631700,63.94163159179688,30.479999542236328,-11.039999961853027,30.53999900817871
1780530721928733000,63.95173291015625,31.739999771118164,-11.519999504089355,29.76000022888184
1780530721938834200,63.96183422851563,32.7599983215332,-12.119999885559082,30.0
1780530721948935700,63.971935791015625,34.02000045776367,-11.9399995803833,29.34000015258789
1780530721959067400,63.9820673828125,35.21999740600586,-11.880000114440918,29.34000015258789
1780530721969199000,63.99219921875,35.7599983215332,-12.420000076293944,28.920000076293945
1780530722039969500,64.06296948242188,36.47999954223633,-8.9399995803833,28.739999771118164
1780530722050070800,64.07307080078125,36.959999084472656,-9.300000190734863,29.099998474121094
1780530722060172000,64.08317211914063,36.71999740600586,-10.199999809265137,29.63999938964844
1780530722070273500,64.0932734375,36.84000015258789,-10.979999542236328,30.11999893188477
1780530722080374800,64.10337475585938,36.77999877929688,-11.579999923706056,30.239999771118164
1780530722130942500,64.1539423828125,33.959999084472656,-9.179999351501465,34.86000061035156
1780530722171378200,64.19437817382813,28.26000022888184,-9.059999465942385,37.13999938964844
1780530722201712600,64.22471264648438,25.5,-9.300000190734863,37.86000061035156
1780530722252249900,64.27524975585938,19.68000030517578,-10.800000190734863,39.23999786376953
1780530722262351000,64.28535107421875,18.18000030517578,-11.039999961853027,39.36000061035156
1780530722272452400,64.29545239257813,16.920000076293945,-10.679999351501465,38.70000076293945
1780530722282584300,64.30558422851563,16.19999885559082,-10.559999465942385,39.05999755859375
1780530722292685600,64.315685546875,15.539999961853027,-10.979999542236328,38.57999801635742
1780530722312888000,64.33588818359375,14.399999618530272,-11.279999732971191,38.81999969482422
1780530722322989600,64.34598950195313,13.019999504089355,-11.219999313354492,38.27999877929688
1780530722333121300,64.35612133789063,12.0,-11.639999389648438,37.97999954223633
1780530722343192000,64.36619213867188,12.059999465942385,-11.639999389648438,37.97999954223633
1780530722353293600,64.37629345703125,11.460000038146973,-12.179999351501465,37.31999969482422
1780530722363394800,64.38639477539063,11.399999618530272,-12.779999732971191,37.5
1780530722373526500,64.39652661132813,10.859999656677246,-12.239999771118164,37.20000076293945
1780530722383597300,64.40659741210938,10.079999923706056,-12.179999351501465,36.77999877929688
1780530722393729300,64.41672924804688,8.880000114440918,-11.880000114440918,36.89999771118164
1780530722403830500,64.42683056640625,8.220000267028809,-11.09999942779541,36.77999877929688
1780530722413962500,64.43696240234375,7.559999942779541,-11.880000114440918,37.20000076293945
1780530722434165000,64.4571650390625,6.599999904632568,-11.75999927520752,37.07999801635742
1780530722444297000,64.467296875,6.420000076293945,-12.420000076293944,36.71999740600586
1780530722454398200,64.47739819335938,5.579999923706055,-12.239999771118164,36.18000030517578
1780530722464499500,64.48749951171875,4.199999809265137,-12.479999542236328,36.18000030517578
1780530722474601000,64.49760107421875,3.4800000190734863,-13.31999969482422,36.41999816894531
1780530722484763100,64.50776318359375,2.5799999237060547,-14.15999984741211,36.41999816894531
1780530722494864400,64.51786450195313,1.6799999475479126,-14.460000038146973,37.13999938964844
1780530722565543200,64.58854321289063,-5.639999866485596,-16.5,39.47999954223633
1780530722585684700,64.60868481445313,-6.71999979019165,-17.579999923706055,40.31999969482422
1780530722595786200,64.6187861328125,-6.839999675750732,-17.100000381469727,40.68000030517578
1780530722605857000,64.62885693359375,-7.799999713897705,-16.979999542236328,41.34000015258789
1780530722615927800,64.638927734375,-8.9399995803833,-16.5,41.39999771118164
1780530722626029000,64.64902905273438,-9.65999984741211,-16.020000457763672,41.459999084472656
1780530722636099800,64.65909985351563,-10.5,-15.239999771118164,41.87999725341797
1780530722646170600,64.66917065429688,-10.979999542236328,-14.519999504089355,41.70000076293945
1780530722656211000,64.6792109375,-11.09999942779541,-13.619999885559082,42.41999816894531
1780530722666312200,64.68931225585938,-11.219999313354492,-12.359999656677246,42.59999847412109
1780530722676383000,64.69938305664063,-11.699999809265137,-11.699999809265137,42.05999755859375
1780530722686484500,64.709484375,-11.639999389648438,-11.279999732971191,41.7599983215332
1780530722696555300,64.71955517578125,-10.979999542236328,-10.800000190734863,41.27999877929688
1780530722706626000,64.7296259765625,-10.739999771118164,-10.5,41.39999771118164
1780530722736868900,64.75986889648438,-8.039999961853027,-8.579999923706055,41.57999801635742
1780530722746939600,64.76993969726563,-6.599999904632568,-7.980000019073486,40.97999954223633
1780530722757010400,64.78001049804688,-5.099999904632568,-7.559999942779541,41.27999877929688
1780530722767081200,64.79008129882813,-4.139999866485596,-7.019999980926514,40.68000030517578
1780530722777182700,64.8001826171875,-2.759999990463257,-6.839999675750732,40.73999786376953
1780530722787222800,64.81022290039063,-1.319999933242798,-6.420000076293945,40.97999954223633
1780530722797324300,64.82032421875,0.0,-6.779999732971191,40.73999786376953
1780530722807425500,64.83042553710938,1.7400000095367432,-6.71999979019165,40.31999969482422
1780530722817465900,64.8404658203125,3.059999942779541,-6.839999675750732,40.07999801635742
1780530722827536600,64.85053662109375,4.619999885559082,-7.799999713897705,39.65999984741211
1780530722867850200,64.89085034179688,12.359999656677246,-7.619999885559082,39.0
1780530722898093300,64.92109326171875,17.940000534057617,-8.760000228881836,38.09999847412109
1780530722928336100,64.95133618164063,21.600000381469727,-8.880000114440918,36.71999740600586
1780530722938407000,64.96140698242188,22.5,-8.760000228881836,35.7599983215332
1780530722948508400,64.97150830078125,24.239999771118164,-9.059999465942385,35.39999771118164
1780530722958579200,64.9815791015625,25.13999938964844,-9.65999984741211,34.68000030517578
1780530722978751200,65.00175122070313,27.599998474121094,-9.59999942779541,34.02000045776367
1780530723008933000,65.03193310546875,30.0,-7.139999866485596,32.279998779296875
1780530723039206700,65.06220654296875,33.0,-10.679999351501465,30.899999618530277
1780530723049308000,65.07230786132813,33.47999954223633,-10.979999542236328,30.84000015258789
1780530723059378700,65.08237866210938,33.540000915527344,-11.34000015258789,30.84000015258789
1780530723069419000,65.0924189453125,34.5,-11.460000038146973,30.65999984741211
1780530723079520300,65.10252026367188,35.279998779296875,-11.399999618530272,30.65999984741211
1780530723089621500,65.11262158203125,35.70000076293945,-11.699999809265137,30.299999237060547
1780530723109793800,65.13279370117188,36.29999923706055,-12.300000190734863,30.479999542236328
1780530723140097500,65.16309765625,35.81999969482422,-11.81999969482422,30.53999900817871
1780530723150199000,65.17319897460938,35.099998474121094,-10.920000076293944,30.599998474121094
1780530723160269800,65.18326977539063,35.39999771118164,-10.679999351501465,31.31999969482422
1780530723170340600,65.19334057617188,34.55999755859375,-10.739999771118164,31.559999465942383
1780530723180441900,65.20344189453125,34.2599983215332,-10.979999542236328,31.559999465942383
1780530723190573800,65.21357373046875,34.5,-11.09999942779541,31.979999542236328
1780530723200644600,65.22364453125,33.29999923706055,-10.619999885559082,33.0
1780530723210715400,65.23371533203125,32.7599983215332,-10.739999771118164,33.05999755859375
1780530723230857000,65.25385693359375,30.17999839782715,-11.15999984741211,34.2599983215332
1780530723251029000,65.27402905273438,29.21999931335449,-11.81999969482422,35.39999771118164
1780530723291373300,65.31437329101563,22.799999237060547,-9.359999656677246,38.63999938964844
1780530723301413600,65.32441357421875,21.899999618530277,-9.779999732971191,38.63999938964844
1780530723311515000,65.33451489257813,20.34000015258789,-9.899999618530272,38.459999084472656
1780530723341727200,65.36472729492188,17.639999389648438,-9.539999961853027,38.27999877929688
1780530723361930000,65.38492993164063,15.479999542236328,-10.019999504089355,39.05999755859375
1780530723382041000,65.405041015625,13.019999504089355,-10.559999465942385,38.57999801635742
1780530723392111900,65.41511181640625,12.59999942779541,-10.679999351501465,37.91999816894531
1780530723402213000,65.42521313476563,12.119999885559082,-10.5,37.43999862670898
1780530723412284000,65.43528393554688,12.539999961853027,-10.679999351501465,37.20000076293945
1780530723422324200,65.44532421875,12.65999984741211,-10.920000076293944,37.2599983215332
1780530723432425500,65.45542553710938,12.0,-11.039999961853027,37.02000045776367
1780530723442496300,65.46549633789063,12.179999351501465,-11.34000015258789,36.84000015258789
1780530723462637800,65.48563793945313,10.019999504089355,-11.399999618530272,36.65999984741211
1780530723472739300,65.4957392578125,9.059999465942385,-10.380000114440918,36.65999984741211
1780530723482810000,65.50581005859375,7.199999809265137,-10.199999809265137,35.880001068115234
1780530723492881000,65.515880859375,6.659999847412109,-10.260000228881836,35.7599983215332
1780530723502951700,65.52595166015625,6.179999828338623,-11.460000038146973,34.91999816894531
1780530723513053000,65.53605297851563,5.460000038146973,-13.799999237060549,34.55999755859375
1780530723563437600,65.5864375,0.4799999892711639,-14.880000114440918,35.21999740600586
1780530723633994200,65.656994140625,-6.71999979019165,-18.18000030517578,37.68000030517578
1780530723644095500,65.66709545898438,-7.440000057220459,-18.479999542236328,38.34000015258789
1780530723654196700,65.67719677734375,-7.919999599456787,-19.020000457763672,38.39999771118164
1780530723674369000,65.697369140625,-9.119999885559082,-19.19999885559082,39.540000915527344
1780530723684439800,65.70743969726563,-9.479999542236328,-19.61999893188477,38.70000076293945
1780530723694541000,65.717541015625,-9.479999542236328,-19.5,39.47999954223633
1780530723704611800,65.72761181640625,-9.719999313354492,-19.3799991607666,39.41999816894531
1780530723714713000,65.73771313476563,-9.479999542236328,-18.959999084472656,39.959999084472656
1780530723724783900,65.74778393554688,-9.059999465942385,-18.779998779296875,41.27999877929688
1780530723734854700,65.75785473632813,-9.0,-18.11999893188477,41.09999847412109
1780530723744956200,65.7679560546875,-8.09999942779541,-17.760000228881836,40.97999954223633
1780530723755027000,65.77802685546875,-7.739999771118164,-17.399999618530273,40.37999725341797
1780530723765097700,65.78809765625,-7.199999809265137,-17.279998779296875,39.89999771118164
1780530723775199000,65.79819897460938,-6.239999771118164,-17.639999389648438,39.84000015258789
1780530723785269800,65.80826977539063,-4.980000019073486,-17.219999313354492,40.13999938964844
1780530723795340500,65.81834057617188,-4.019999980926514,-16.079999923706055,40.37999725341797
1780530723805441800,65.82844189453125,-3.419999837875366,-15.0,40.37999725341797
1780530723815512600,65.8385126953125,-2.2799999713897705,-13.979999542236328,40.619998931884766
1780530723825644500,65.84864453125,-1.7999999523162842,-12.719999313354492,40.43999862670898
1780530723886100000,65.90909985351563,4.799999713897705,-8.579999923706055,39.65999984741211
1780530723926352600,65.9493525390625,10.619999885559082,-8.519999504089355,38.57999801635742
1780530723936454000,65.95945385742188,12.300000190734863,-8.699999809265137,38.27999877929688
1780530723946494200,65.969494140625,13.019999504089355,-7.440000057220459,37.73999786376953
1780530723986838300,66.00983837890625,18.420000076293945,-7.199999809265137,36.84000015258789
1780530723996939800,66.01993969726563,21.11999893188477,-8.639999389648438,36.29999923706055
1780530724017111800,66.04011181640625,23.57999992370605,-9.479999542236328,34.91999816894531
1780530724027182600,66.0501826171875,25.3799991607666,-9.960000038146973,33.71999740600586
1780530724037283800,66.06028393554688,26.81999969482422,-9.84000015258789,33.23999786376953
1780530724097831000,66.12083081054688,32.39999771118164,-10.260000228881836,31.31999969482422
1780530724107932200,66.13093212890625,32.70000076293945,-10.260000228881836,30.959999084472656
1780530724148276500,66.1712763671875,35.21999740600586,-10.920000076293944,30.84000015258789
1780530724188590000,66.21159008789063,36.05999755859375,-10.5,31.26000022888184
1780530724208731600,66.23173168945313,35.21999740600586,-10.619999885559082,31.07999992370605
1780530724218833000,66.2418330078125,35.15999984741211,-10.4399995803833,31.07999992370605
1780530724228904000,66.25190405273437,35.15999984741211,-10.619999885559082,31.07999992370605
1780530724238974700,66.261974609375,34.619998931884766,-10.4399995803833,31.5
1780530724249045500,66.27204541015625,34.439998626708984,-10.5,32.040000915527344
1780530724259146800,66.28214672851563,33.65999984741211,-10.380000114440918,32.7599983215332
1780530724269217500,66.29221752929688,32.939998626708984,-10.260000228881836,33.41999816894531
1780530724279288300,66.30228833007813,32.34000015258789,-9.719999313354492,33.47999954223633
1780530724289359000,66.31235913085938,31.979999542236328,-10.4399995803833,33.89999771118164
1780530724319602200,66.34260229492187,29.279998779296875,-10.800000190734863,36.71999740600586
1780530724329673000,66.3526728515625,28.07999992370605,-10.679999351501465,37.07999801635742
1780530724339713000,66.36271313476563,26.69999885559082,-11.039999961853027,37.2599983215332
1780530724349784000,66.3727841796875,25.739999771118164,-11.75999927520752,37.20000076293945
1780530724359854800,66.38285473632813,24.35999870300293,-11.81999969482422,37.20000076293945
1780530724369925600,66.39292553710938,23.100000381469727,-11.519999504089355,37.380001068115234
1780530724380027000,66.40302685546875,22.439998626708984,-11.699999809265137,37.2599983215332
1780530724390128000,66.41312817382813,21.65999984741211,-11.279999732971191,37.79999923706055
1780530724400199000,66.42319897460938,21.35999870300293,-12.119999885559082,37.79999923706055
1780530724410239200,66.4332392578125,21.0,-12.719999313354492,38.21999740600586
1780530724420310000,66.44331005859375,20.76000022888184,-12.65999984741211,37.97999954223633
1780530724430442000,66.45344189453125,19.31999969482422,-12.65999984741211,36.959999084472656
1780530724470816800,66.49381665039063,15.299999237060549,-10.920000076293944,37.97999954223633
1780530724521231600,66.54423168945313,12.119999885559082,-10.979999542236328,37.73999786376953
1780530724531333000,66.5543330078125,11.880000114440918,-11.15999984741211,37.20000076293945
1780530724541373200,66.56437329101563,11.460000038146973,-11.09999942779541,37.07999801635742
1780530724561515000,66.58451489257813,10.139999389648438,-11.460000038146973,37.13999938964844
1780530724571585800,66.59458569335938,9.65999984741211,-11.699999809265137,37.31999969482422
1780530724581656600,66.60465649414063,8.880000114440918,-12.65999984741211,37.5
1780530724591757800,66.6147578125,7.980000019073486,-13.4399995803833,37.619998931884766
1780530724601828600,66.62482861328125,6.779999732971191,-14.399999618530272,37.43999862670898
1780530724621939700,66.64493969726563,5.400000095367432,-15.179999351501465,38.27999877929688
1780530724632041000,66.655041015625,4.859999656677246,-15.359999656677246,38.21999740600586
1780530724642142500,66.665142578125,3.659999847412109,-15.59999942779541,38.09999847412109
1780530724652213200,66.67521313476563,2.4600000381469727,-16.19999885559082,38.39999771118164
1780530724662253300,66.68525341796875,1.2599999904632568,-16.739999771118164,38.09999847412109
1780530724672385300,66.69538525390625,-0.0599999986588954,-17.34000015258789,38.459999084472656
1780530724682486500,66.70548657226563,-0.0599999986588954,-17.69999885559082,38.87999725341797
1780530724692618500,66.71561840820313,-0.8999999761581421,-17.81999969482422,38.87999725341797
1780530724702689300,66.72568920898438,-1.3799999952316284,-18.299999237060547,39.65999984741211
1780530724722891800,66.74589184570313,-3.659999847412109,-18.18000030517578,41.09999847412109
1780530724732993300,66.7559931640625,-4.679999828338623,-18.0,41.7599983215332
1780530724743094500,66.76609448242188,-6.239999771118164,-17.399999618530273,41.93999862670898
1780530724753195800,66.77619580078125,-6.480000019073486,-16.85999870300293,41.93999862670898
1780530724763297000,66.78629711914063,-7.139999866485596,-16.5,42.77999877929688
1780530724773398500,66.7963984375,-7.5,-16.440000534057617,42.77999877929688
1780530724783469300,66.80646923828125,-7.559999942779541,-16.31999969482422,43.31999969482422
1780530724793570600,66.81657055664063,-8.220000267028809,-16.139999389648438,43.37999725341797
1780530724803671800,66.826671875,-8.279999732971191,-15.299999237060549,43.02000045776367
1780530724813773300,66.83677319335938,-8.579999923706055,-14.579999923706056,42.89999771118164
1780530724823874600,66.84687451171875,-7.859999656677246,-13.139999389648438,42.84000015258789
1780530724833975800,66.85697583007813,-7.859999656677246,-12.479999542236328,42.89999771118164
1780530724844077000,66.8670771484375,-7.859999656677246,-11.81999969482422,42.23999786376953
1780530724854178600,66.87717846679688,-7.440000057220459,-11.09999942779541,42.41999816894531
1780530724874381000,66.89738110351563,-6.899999618530273,-10.079999923706056,41.70000076293945
1780530724884482300,66.907482421875,-5.279999732971191,-9.719999313354492,42.119998931884766
1780530724894614300,66.9176142578125,-4.259999752044678,-9.479999542236328,42.119998931884766
1780530724914817000,66.93781713867187,-2.4600000381469727,-6.539999961853027,41.7599983215332
1780530724965354000,66.98835400390625,4.799999713897705,-8.220000267028809,40.37999725341797
1780530725015891200,67.03889111328125,11.880000114440918,-7.739999771118164,38.93999862670898
1780530725056327000,67.07932690429688,18.899999618530277,-8.220000267028809,36.959999084472656
1780530725066428200,67.08942822265625,20.399999618530277,-8.880000114440918,36.05999755859375
1780530725076529700,67.09952978515625,21.959999084472656,-9.479999542236328,34.86000061035156
1780530725086631000,67.109630859375,23.76000022888184,-9.719999313354492,34.31999969482422
1780530725096732200,67.11973217773438,25.01999855041504,-9.719999313354492,33.779998779296875
1780530725106833400,67.12983349609375,26.459999084472656,-9.179999351501465,33.71999740600586
1780530725116965400,67.13996533203125,27.479999542236328,-8.699999809265137,33.84000015258789
1780530725127066600,67.15006665039063,29.15999984741211,-8.639999389648438,33.779998779296875
1780530725167372000,67.1903720703125,33.119998931884766,-10.199999809265137,32.15999984741211
1780530725177473300,67.20047338867188,33.71999740600586,-11.039999961853027,31.739999771118164
1780530725187574500,67.21057446289062,34.439998626708984,-11.039999961853027,31.920000076293945
1780530725197706500,67.22070654296876,34.5,-11.039999961853027,31.3799991607666
1780530725207807700,67.23080786132813,34.20000076293945,-10.979999542236328,31.559999465942383
1780530725217909000,67.24090893554687,34.68000030517578,-10.739999771118164,31.799999237060547
1780530725228041000,67.251041015625,34.79999923706055,-11.399999618530272,32.099998474121094
1780530725238081300,67.26108129882813,34.619998931884766,-11.15999984741211,31.85999870300293
1780530725248213000,67.271212890625,35.279998779296875,-11.039999961853027,31.920000076293945
1780530725258314200,67.28131420898437,35.57999801635742,-10.859999656677246,31.979999542236328
1780530725278517000,67.30151708984376,35.70000076293945,-10.619999885559082,31.799999237060547
1780530725288618200,67.3116181640625,35.57999801635742,-10.4399995803833,32.15999984741211
1780530725298719500,67.32171948242187,35.21999740600586,-10.380000114440918,31.920000076293945
1780530725308882000,67.3318818359375,35.279998779296875,-10.139999389648438,32.7599983215332
1780530725318983200,67.34198315429687,34.619998931884766,-9.359999656677246,32.63999938964844
1780530725329084700,67.35208471679688,33.959999084472656,-9.359999656677246,33.29999923706055
1780530725419904800,67.44290478515624,25.19999885559082,-8.760000228881836,37.2599983215332
1780530725470289400,67.49328930664062,21.899999618530277,-9.179999351501465,39.18000030517578
1780530725480390700,67.503390625,20.57999992370605,-9.300000190734863,39.29999923706055
1780530725540876500,67.56387646484374,15.0,-9.84000015258789,38.63999938964844
1780530725550947300,67.573947265625,13.979999542236328,-9.59999942779541,38.7599983215332
1780530725611372300,67.63437231445313,10.079999923706056,-10.139999389648438,37.2599983215332
1780530725621443000,67.64444311523438,9.239999771118164,-10.559999465942385,37.13999938964844
1780530725651716400,67.67471630859374,6.539999961853027,-12.059999465942385,36.540000915527344
1780530725661787100,67.684787109375,5.519999980926514,-12.65999984741211,36.59999847412109
1780530725671888600,67.694888671875,4.920000076293945,-12.779999732971191,36.29999923706055
1780530725681959400,67.70495947265626,3.299999952316284,-13.559999465942385,36.47999954223633
1780530725692060700,67.71506079101563,3.0,-14.09999942779541,36.47999954223633
1780530725712263200,67.73526318359374,1.6200000047683716,-14.880000114440918,36.959999084472656
1780530725722334200,67.74533422851563,1.2599999904632568,-15.59999942779541,37.07999801635742
1780530725732405000,67.75540502929688,-0.4199999868869781,-16.139999389648438,37.31999969482422
1780530725742475800,67.76547583007813,-1.6200000047683716,-16.5,37.5
1780530725792860200,67.81586010742187,-5.819999694824219,-16.799999237060547,39.959999084472656
1780530725802931000,67.82593090820312,-6.899999618530273,-17.219999313354492,40.97999954223633
1780530725813032400,67.83603247070313,-7.919999599456787,-17.15999984741211,41.09999847412109
1780530725823133700,67.8461337890625,-8.15999984741211,-16.68000030517578,41.459999084472656
1780530725833235000,67.85623486328124,-9.179999351501465,-16.139999389648438,42.119998931884766
1780530725843305700,67.8663056640625,-9.300000190734863,-15.719999313354492,42.23999786376953
1780530725853376500,67.87637646484374,-9.84000015258789,-15.719999313354492,42.36000061035156
1780530725863477800,67.88647778320312,-9.960000038146973,-14.9399995803833,42.959999084472656
1780530725873548800,67.896548828125,-9.719999313354492,-14.639999389648438,42.47999954223633
1780530725883650000,67.90665014648438,-9.960000038146973,-13.979999542236328,42.23999786376953
1780530725893690400,67.9166904296875,-9.239999771118164,-13.25999927520752,42.36000061035156
1780530725903791600,67.92679150390624,-8.760000228881836,-13.079999923706056,41.39999771118164
1780530725913862400,67.9368623046875,-8.399999618530273,-12.539999961853027,41.52000045776367
1780530725923963600,67.94696362304687,-7.5,-12.119999885559082,41.39999771118164
1780530726004621600,68.02762158203124,1.3799999952316284,-7.199999809265137,40.91999816894531
1780530726014723000,68.03772314453126,3.179999828338623,-7.259999752044678,40.86000061035156
1780530726034895000,68.05789501953124,6.299999713897705,-7.139999866485596,40.97999954223633
1780530726044966000,68.0679658203125,7.919999599456787,-6.960000038146973,40.619998931884766
1780530726055067100,68.07806713867187,8.880000114440918,-7.139999866485596,40.02000045776367
1780530726075209000,68.098208984375,12.239999771118164,-7.619999885559082,39.59999847412109
1780530726085279700,68.10827978515626,13.619999885559082,-7.919999599456787,39.41999816894531
1780530726095381000,68.11838110351563,15.479999542236328,-7.799999713897705,39.47999954223633
1780530726105482200,68.12848217773437,16.799999237060547,-7.919999599456787,38.93999862670898
1780530726115583500,68.13858349609374,18.11999893188477,-7.919999599456787,37.619998931884766
1780530726125654500,68.14865454101563,19.26000022888184,-8.09999942779541,37.2599983215332
1780530726135725300,68.15872534179688,20.69999885559082,-8.819999694824219,36.29999923706055
1780530726145796000,68.16879614257813,22.739999771118164,-9.539999961853027,35.880001068115234
1780530726155867000,68.17886694335938,24.059999465942383,-9.539999961853027,35.7599983215332
1780530726226454000,68.2494541015625,31.979999542236328,-8.09999942779541,32.63999938964844
1780530726236524800,68.25952490234376,32.52000045776367,-8.34000015258789,31.559999465942383
1780530726256666400,68.27966625976562,34.13999938964844,-9.059999465942385,31.01999855041504
1780530726266767600,68.289767578125,34.79999923706055,-9.0,30.420000076293945
1780530726276869000,68.299869140625,35.70000076293945,-9.300000190734863,30.35999870300293
1780530726297010700,68.3200107421875,36.59999847412109,-9.84000015258789,30.420000076293945
1780530726307081500,68.33008154296876,36.47999954223633,-9.779999732971191,30.779998779296875
1780530726317213200,68.34021313476562,36.18000030517578,-10.019999504089355,30.779998779296875
1780530726327284000,68.35028393554687,36.18000030517578,-9.779999732971191,30.779998779296875
1780530726337324300,68.36032421875,35.880001068115234,-10.199999809265137,30.899999618530277
1780530726347425500,68.37042553710937,35.57999801635742,-9.300000190734863,31.3799991607666
1780530726357496300,68.38049633789062,35.939998626708984,-8.760000228881836,31.799999237060547
1780530726367567400,68.3905673828125,35.099998474121094,-8.699999809265137,32.39999771118164
1780530726377638100,68.40063818359376,34.86000061035156,-8.579999923706055,32.34000015258789
1780530726387709000,68.410708984375,34.79999923706055,-9.059999465942385,32.63999938964844
1780530726397779700,68.42077978515626,33.65999984741211,-8.819999694824219,33.540000915527344
1780530726407850500,68.4308505859375,33.959999084472656,-8.34000015258789,33.71999740600586
1780530726417951700,68.44095166015624,33.29999923706055,-8.039999961853027,34.86000061035156
1780530726428022500,68.4510224609375,32.70000076293945,-8.09999942779541,35.34000015258789
1780530726438093300,68.46109326171874,32.040000915527344,-8.09999942779541,35.70000076293945
1780530726448164000,68.4711640625,30.71999931335449,-7.919999599456787,36.23999786376953
1780530726458235000,68.48123486328124,29.279998779296875,-7.799999713897705,37.20000076293945
1780530726468275200,68.49127514648437,28.07999992370605,-7.980000019073486,37.97999954223633
1780530726528791600,68.55179150390624,19.68000030517578,-8.579999923706055,39.71999740600586
1780530726569074700,68.59207470703124,15.299999237060549,-8.819999694824219,39.18000030517578
1780530726609419000,68.6324189453125,11.460000038146973,-9.59999942779541,38.87999725341797
1780530726619459300,68.64245922851562,11.34000015258789,-10.739999771118164,38.39999771118164
1780530726629530000,68.65253002929687,11.279999732971191,-11.219999313354492,38.39999771118164
1780530726639601000,68.66260083007812,10.739999771118164,-10.979999542236328,37.619998931884766
1780530726649671700,68.67267163085937,9.539999961853027,-11.219999313354492,36.959999084472656
1780530726659712000,68.6827119140625,9.359999656677246,-10.920000076293944,36.959999084472656
1780530726679853600,68.702853515625,7.5,-10.139999389648438,36.41999816894531
1780530726750349300,68.77334936523438,0.7799999713897705,-11.09999942779541,36.0
1780530726760420000,68.78342016601563,0.4199999868869781,-11.579999923706056,36.119998931884766
1780530726780592000,68.80359204101562,-1.0199999809265137,-13.559999465942385,35.57999801635742
1780530726790693400,68.813693359375,-1.7999999523162842,-14.219999313354492,35.57999801635742
1780530726810835000,68.8338349609375,-4.440000057220459,-15.59999942779541,35.880001068115234
1780530726820936400,68.8439365234375,-5.279999732971191,-15.779999732971191,36.36000061035156
1780530726831007200,68.85400732421876,-6.659999847412109,-15.420000076293944,36.119998931884766
1780530726841108500,68.8641083984375,-7.799999713897705,-15.420000076293944,36.18000030517578
1780530726851179300,68.87417919921874,-8.519999504089355,-15.899999618530272,35.70000076293945
1780530726861250000,68.88425,-9.779999732971191,-16.559999465942383,36.29999923706055
1780530726871320800,68.89432080078124,-10.260000228881836,-17.639999389648438,36.47999954223633
1780530726881422300,68.90442236328126,-10.920000076293944,-18.84000015258789,37.02000045776367
1780530726891493000,68.9144931640625,-11.579999923706056,-19.19999885559082,37.79999923706055
1780530726901533200,68.924533203125,-12.300000190734863,-19.19999885559082,37.97999954223633
1780530726931806700,68.954806640625,-12.539999961853027,-18.53999900817871,39.119998931884766
1780530726962049500,68.98504956054687,-12.719999313354492,-14.880000114440918,39.65999984741211
1780530726972120600,68.99512060546876,-12.59999942779541,-13.739999771118164,39.959999084472656
1780530726982191400,69.00519140625,-12.420000076293944,-13.380000114440918,39.36000061035156
1780530726992262100,69.01526220703126,-11.880000114440918,-12.779999732971191,39.05999755859375
1780530727052686800,69.07568676757812,-3.7200000286102295,-8.699999809265137,38.87999725341797
1780530727062757600,69.08575756835937,-1.8600000143051147,-7.559999942779541,38.57999801635742
1780530727082929700,69.1059296875,1.4399999380111694,-6.480000019073486,38.459999084472656
1780530727093000700,69.11600073242188,3.5999999046325684,-6.239999771118164,38.21999740600586
1780530727103102000,69.12610205078126,5.339999675750732,-5.940000057220459,37.97999954223633
1780530727113172700,69.1361728515625,7.019999980926514,-6.059999942779541,37.86000061035156
1780530727123274000,69.14627392578124,9.0,-5.639999866485596,38.27999877929688
1780530727143385000,69.16638500976562,12.059999465942385,-5.759999752044678,38.09999847412109
1780530727153455900,69.17645581054687,14.279999732971191,-5.519999980926514,37.97999954223633
1780530727163557000,69.18655712890624,16.020000457763672,-5.819999694824219,37.07999801635742
1780530727173628200,69.19662817382813,17.579999923706055,-5.519999980926514,36.540000915527344
1780530727183699000,69.20669897460938,20.21999931335449,-6.659999847412109,36.540000915527344
1780530727193769700,69.21676977539063,21.65999984741211,-6.960000038146973,35.880001068115234
1780530727203809800,69.22680981445312,23.279998779296875,-6.960000038146973,35.7599983215332
1780530727223951600,69.24695166015626,25.920000076293945,-6.0,34.380001068115234
1780530727234052900,69.25705297851563,27.239999771118164,-6.420000076293945,33.89999771118164
1780530727244154000,69.26715405273437,28.26000022888184,-6.71999979019165,33.23999786376953
1780530727254225000,69.27722485351562,29.099998474121094,-7.5,33.119998931884766
1780530727264326400,69.28732641601563,30.11999893188477,-8.460000038146973,32.39999771118164
1780530727284529000,69.30752880859374,31.67999839782715,-9.059999465942385,31.19999885559082
1780530727314771700,69.33777172851562,33.959999084472656,-6.960000038146973,29.939998626708984
1780530727334944000,69.35794409179688,35.57999801635742,-7.5,29.57999992370605
1780530727355116000,69.37811596679687,36.29999923706055,-10.800000190734863,29.459999084472656
1780530727375288000,69.3982880859375,36.59999847412109,-10.859999656677246,29.69999885559082
1780530727385359000,69.40835913085938,37.02000045776367,-10.800000190734863,29.63999938964844
1780530727395460400,69.41846044921876,37.43999862670898,-10.4399995803833,30.0
1780530727405561600,69.4285615234375,36.47999954223633,-10.4399995803833,29.76000022888184
1780530727415632400,69.43863232421874,36.18000030517578,-10.199999809265137,29.63999938964844
1780530727425733600,69.44873364257812,35.52000045776367,-10.559999465942385,30.059999465942383
1780530727435835100,69.45883520507813,34.86000061035156,-10.260000228881836,30.420000076293945
1780530727486280700,69.50928076171876,31.31999969482422,-8.039999961853027,35.34000015258789
1780530727496382000,69.5193818359375,30.299999237060547,-7.919999599456787,36.0
1780530727506483200,69.52948315429687,29.03999900817871,-8.220000267028809,37.02000045776367
1780530727516584400,69.53958447265624,27.71999931335449,-8.519999504089355,37.619998931884766
1780530727526655500,69.54965551757813,26.57999992370605,-9.0,38.21999740600586
1780530727536695600,69.55969555664062,25.5,-9.119999885559082,39.18000030517578
1780530727546797000,69.56979711914063,24.420000076293945,-9.539999961853027,39.36000061035156
1780530727556928800,69.5799287109375,22.920000076293945,-9.479999542236328,39.71999740600586
1780530727566999600,69.58999951171874,20.81999969482422,-9.479999542236328,40.07999801635742
1780530727647840800,69.6708408203125,11.519999504089355,-8.519999504089355,39.29999923706055
1780530727668073700,69.69107373046874,8.9399995803833,-8.09999942779541,39.119998931884766
1780530727688307000,69.71130688476562,8.09999942779541,-8.220000267028809,38.459999084472656
1780530727698377700,69.72137768554687,7.5,-8.819999694824219,38.040000915527344
1780530727708479200,69.73147924804688,7.980000019073486,-9.479999542236328,37.86000061035156
1780530727718580500,69.74158056640626,7.199999809265137,-10.019999504089355,37.73999786376953
1780530727728712200,69.75171215820312,6.420000076293945,-9.899999618530272,37.619998931884766
1780530727789350700,69.8123505859375,4.079999923706055,-9.059999465942385,36.36000061035156
1780530727799452000,69.82245190429687,2.039999961853028,-8.579999923706055,35.459999084472656
1780530727839888000,69.86288793945313,0.0,-13.380000114440918,36.540000915527344
1780530727900556800,69.92355688476563,-4.5,-14.699999809265137,38.63999938964844
1780530727910658000,69.93365795898437,-5.940000057220459,-15.479999542236328,38.93999862670898
1780530727920759300,69.94375927734374,-6.659999847412109,-15.539999961853027,39.119998931884766
1780530727930891300,69.95389135742188,-7.619999885559082,-15.539999961853027,39.41999816894531
1780530727951093800,69.97409375,-9.0,-15.719999313354492,40.55999755859375
1780530727971296500,69.99429663085938,-10.380000114440918,-16.079999923706055,41.93999862670898
1780530727981397800,70.00439770507812,-10.559999465942385,-16.079999923706055,42.119998931884766
1780530728011732200,70.03473217773437,-11.279999732971191,-15.359999656677246,42.05999755859375
1780530728021833500,70.04483349609374,-11.699999809265137,-15.359999656677246,42.41999816894531
1780530728031935000,70.05493505859376,-11.81999969482422,-14.279999732971191,41.57999801635742
1780530728042036200,70.0650361328125,-11.039999961853027,-13.739999771118164,41.21999740600586
1780530728052137500,70.07513745117187,-11.15999984741211,-13.25999927520752,40.37999725341797
1780530728062239000,70.08523901367188,-10.260000228881836,-12.359999656677246,39.71999740600586
1780530728072370700,70.09537060546874,-8.819999694824219,-11.81999969482422,40.5
1780530728082472000,70.10547192382812,-7.919999599456787,-12.0,40.13999938964844
1780530728102674700,70.1256748046875,-4.619999885559082,-11.699999809265137,40.37999725341797
1780530728122877200,70.14587719726562,-2.1599998474121094,-10.4399995803833,40.43999862670898
1780530728143080000,70.16607983398437,0.1199999973177909,-8.699999809265137,40.20000076293945
1780530728153181200,70.17618115234374,0.959999978542328,-8.09999942779541,39.89999771118164
1780530728183485200,70.20648510742187,5.279999732971191,-7.019999980926514,38.70000076293945
1780530728193586400,70.21658642578124,6.899999618530273,-6.960000038146973,38.87999725341797
1780530728233961200,70.25696118164062,13.799999237060549,-7.5,37.380001068115234
1780530728244062700,70.26706274414063,15.119999885559082,-7.440000057220459,37.31999969482422
1780530728254164000,70.2771640625,16.619998931884766,-7.859999656677246,37.2599983215332
1780530728274366500,70.29736645507812,19.5,-6.960000038146973,35.880001068115234
1780530728284468000,70.30746801757813,21.059999465942383,-8.15999984741211,35.099998474121094
1780530728304640000,70.32763989257812,23.8799991607666,-10.019999504089355,33.65999984741211
1780530728314710800,70.33771069335937,25.26000022888184,-10.739999771118164,33.36000061035156
1780530728324781600,70.34778149414062,26.69999885559082,-10.619999885559082,32.939998626708984
1780530728334852400,70.35785229492187,28.01999855041504,-11.75999927520752,32.459999084472656
1780530728344953600,70.36795361328124,28.799999237060547,-11.699999809265137,32.15999984741211
1780530728355024600,70.37802465820313,29.21999931335449,-11.880000114440918,31.439998626708984
1780530728365095400,70.38809545898438,30.11999893188477,-11.699999809265137,30.779998779296875
1780530728375166200,70.39816625976563,31.01999855041504,-11.34000015258789,30.65999984741211
1780530728445723000,70.46872290039063,31.85999870300293,-10.920000076293944,31.61999893188477
1780530728455763000,70.47876293945312,31.920000076293945,-11.579999923706056,31.439998626708984
1780530728496076800,70.51907690429688,31.13999938964844,-10.679999351501465,34.55999755859375
1780530728516279300,70.539279296875,30.65999984741211,-10.380000114440918,35.21999740600586
1780530728526350000,70.54935009765624,30.059999465942383,-9.65999984741211,35.57999801635742
1780530728536451600,70.55945166015626,29.15999984741211,-9.719999313354492,34.91999816894531
1780530728546552800,70.569552734375,28.3799991607666,-9.899999618530272,35.57999801635742
1780530728556623600,70.57962353515624,27.11999893188477,-9.779999732971191,36.05999755859375
1780530728566664000,70.58966381835937,26.15999984741211,-10.31999969482422,36.47999954223633
1780530728576734700,70.59973461914062,25.3799991607666,-10.199999809265137,37.55999755859375
1780530728586836000,70.6098359375,24.11999893188477,-10.019999504089355,37.91999816894531
1780530728596906800,70.61990673828124,23.57999992370605,-10.260000228881836,38.040000915527344
1780530728607008300,70.63000830078126,22.559999465942383,-10.679999351501465,38.52000045776367
1780530728627119400,70.65011938476563,20.69999885559082,-12.179999351501465,39.119998931884766
1780530728637190100,70.66019018554688,18.899999618530277,-12.119999885559082,39.47999954223633
1780530728647261000,70.67026098632813,17.69999885559082,-11.699999809265137,39.65999984741211
1780530728707807700,70.73080786132813,11.81999969482422,-10.199999809265137,39.71999740600586
1780530728727979800,70.75097973632812,10.31999969482422,-10.4399995803833,38.27999877929688
1780530728748121300,70.77112133789062,8.699999809265137,-7.919999599456787,38.34000015258789
1780530728818617000,70.8416171875,6.899999618530273,-9.960000038146973,36.959999084472656
1780530728838758700,70.86175854492187,6.059999942779541,-10.019999504089355,36.23999786376953
1780530728848829400,70.87182934570312,5.279999732971191,-10.380000114440918,36.71999740600586
1780530728899183400,70.92218334960937,1.9799998998641968,-12.239999771118164,36.47999954223633
1780530728909284900,70.93228491210938,1.559999942779541,-13.199999809265137,36.71999740600586
1780530728919386000,70.94238623046876,0.5999999642372131,-14.09999942779541,36.71999740600586
1780530728949598500,70.97259838867187,-2.0999999046325684,-15.719999313354492,37.07999801635742
1780530728959669200,70.98266918945312,-2.879999876022339,-16.079999923706055,37.55999755859375
1780530728969740000,70.99273999023437,-3.7799999713897705,-17.279998779296875,37.43999862670898
1780530728979841500,71.00284155273438,-4.5,-18.239999771118164,37.13999938964844
1780530728989912300,71.01291235351563,-5.159999847412109,-17.81999969482422,37.68000030517578
1780530728999983000,71.02298315429688,-5.519999980926514,-18.239999771118164,38.21999740600586
1780530729010084400,71.03308447265626,-5.460000038146973,-18.299999237060547,39.05999755859375
1780530729020155100,71.04315502929687,-5.639999866485596,-18.18000030517578,40.07999801635742
1780530729030256400,71.05325634765624,-6.539999961853027,-17.940000534057617,40.5
1780530729050428700,71.0734287109375,-8.220000267028809,-18.35999870300293,40.86000061035156
1780530729060530000,71.08353002929688,-8.9399995803833,-17.639999389648438,41.040000915527344
1780530729070600700,71.0936005859375,-9.300000190734863,-17.03999900817871,41.52000045776367
1780530729110914300,71.13391430664062,-9.359999656677246,-11.519999504089355,42.18000030517578
1780530729141157400,71.16415747070313,-7.559999942779541,-10.019999504089355,42.18000030517578
1780530729181471000,71.20447094726562,-4.259999752044678,-7.679999828338623,42.0
1780530729191541800,71.21454174804687,-2.879999876022339,-7.919999599456787,41.459999084472656
1780530729201643300,71.22464331054688,-1.1399999856948853,-8.09999942779541,40.43999862670898
1780530729211714000,71.23471411132813,0.1199999973177909,-7.5,39.77999877929688
1780530729231855600,71.25485571289063,3.539999961853028,-6.599999904632568,39.65999984741211
1780530729241926400,71.26492651367188,4.5,-6.899999618530273,39.540000915527344
1780530729251966700,71.274966796875,6.779999732971191,-7.37999963760376,39.29999923706055
1780530729262037500,71.28503759765626,8.15999984741211,-7.679999828338623,38.70000076293945
1780530729292280300,71.3152802734375,13.979999542236328,-8.09999942779541,37.86000061035156
1780530729302351000,71.32535107421874,15.539999961853027,-8.880000114440918,37.91999816894531
1780530729312422000,71.335421875,17.219999313354492,-8.9399995803833,37.619998931884766
1780530729322462200,71.34546215820312,18.899999618530277,-8.760000228881836,37.2599983215332
1780530729332563500,71.3555634765625,20.100000381469727,-8.880000114440918,36.47999954223633
1780530729342634500,71.36563452148438,21.059999465942383,-9.420000076293944,34.68000030517578
1780530729352705300,71.37570532226563,22.799999237060547,-10.139999389648438,34.20000076293945
1780530729362776000,71.38577612304688,24.0,-10.859999656677246,33.779998779296875
1780530729372846800,71.39584692382813,25.61999893188477,-11.460000038146973,33.05999755859375
1780530729382887200,71.40588720703126,27.599998474121094,-11.09999942779541,33.84000015258789
1780530729392988400,71.41598852539063,28.31999969482422,-10.739999771118164,33.23999786376953
1780530729403059200,71.42605908203124,29.21999931335449,-9.960000038146973,32.57999801635742
1780530729413099500,71.436099609375,30.53999900817871,-9.899999618530272,32.52000045776367
1780530729423200800,71.44620068359374,31.13999938964844,-10.260000228881836,31.3799991607666
1780530729433241000,71.45624096679687,31.739999771118164,-10.619999885559082,30.779998779296875
1780530729443342300,71.46634228515624,33.47999954223633,-11.219999313354492,30.53999900817871
1780530729453443600,71.47644360351562,34.07999801635742,-11.15999984741211,30.299999237060547
1780530729463484000,71.48648388671874,34.380001068115234,-10.679999351501465,30.11999893188477
1780530729503736600,71.52673657226562,35.939998626708984,-11.519999504089355,30.599998474121094
1780530729564131000,71.58713110351563,33.65999984741211,-11.219999313354492,32.040000915527344
1780530729574171100,71.59717114257812,33.540000915527344,-11.039999961853027,32.57999801635742
1780530729584242000,71.60724194335937,33.0,-10.619999885559082,32.939998626708984
1780530729594343400,71.61734350585938,32.52000045776367,-10.5,33.71999740600586
1780530729604383700,71.6273837890625,31.5,-10.380000114440918,34.380001068115234
1780530729614485000,71.63748510742188,30.71999931335449,-10.800000190734863,35.040000915527344
1780530729624555800,71.6475556640625,29.81999969482422,-10.859999656677246,35.52000045776367
1780530729634626600,71.65762646484374,29.15999984741211,-10.559999465942385,35.63999938964844
1780530729644697300,71.667697265625,27.959999084472656,-10.079999923706056,36.18000030517578
1780530729654768000,71.67776806640624,27.239999771118164,-8.819999694824219,36.77999877929688
1780530729664839000,71.6878388671875,26.34000015258789,-8.760000228881836,37.55999755859375
1780530729674879200,71.69787915039062,24.35999870300293,-8.460000038146973,38.27999877929688
1780530729705091600,71.72809155273437,20.34000015258789,-7.319999694824219,39.36000061035156
1780530729715193000,71.73819311523438,18.71999931335449,-6.960000038146973,39.65999984741211
1780530729725294300,71.74829443359376,17.579999923706055,-7.199999809265137,39.59999847412109
1780530729755537200,71.778537109375,15.059999465942385,-9.539999961853027,39.84000015258789
1780530729775740000,71.79873999023438,13.199999809265137,-10.5,39.18000030517578
1780530729785810700,71.80881079101563,12.179999351501465,-10.619999885559082,39.36000061035156
1780530729795851000,71.81885107421876,11.81999969482422,-10.4399995803833,38.87999725341797
1780530729805921800,71.828921875,11.81999969482422,-10.380000114440918,38.70000076293945
1780530729816023000,71.83902294921874,11.09999942779541,-10.019999504089355,38.57999801635742
1780530729826063400,71.8490634765625,11.09999942779541,-10.139999389648438,37.91999816894531
1780530729836103700,71.85910375976563,10.679999351501465,-10.4399995803833,37.97999954223633
1780530729846205000,71.86920483398437,9.779999732971191,-10.5,37.68000030517578
1780530729866346500,71.88934643554687,8.34000015258789,-10.679999351501465,36.84000015258789
1780530729886488000,71.90948803710937,7.259999752044678,-11.15999984741211,36.29999923706055
1780530729896528400,71.9195283203125,6.960000038146973,-11.15999984741211,36.59999847412109
1780530729906599200,71.92959912109374,6.599999904632568,-11.039999961853027,36.41999816894531
1780530729967024000,71.99002416992188,1.559999942779541,-13.31999969482422,37.02000045776367
1780530729977095000,72.00009497070313,0.5399999618530273,-13.920000076293944,36.77999877929688
1780530730047682000,72.07068212890626,-6.960000038146973,-16.079999923706055,38.21999740600586
1780530730098127600,72.12112768554688,-10.139999389648438,-16.559999465942383,40.02000045776367
1780530730108198400,72.13119848632813,-10.559999465942385,-15.899999618530272,41.21999740600586
1780530730188764700,72.2117646484375,-10.4399995803833,-10.079999923706056,40.86000061035156
1780530730198866200,72.2218662109375,-10.019999504089355,-9.84000015258789,40.55999755859375
1780530730208967400,72.23196752929688,-9.119999885559082,-9.84000015258789,40.5
1780530730219068700,72.24206860351562,-8.639999389648438,-9.59999942779541,40.02000045776367
1780530730229170000,72.252169921875,-5.819999694824219,-10.31999969482422,39.77999877929688
1780530730239271400,72.262271484375,-4.5,-9.960000038146973,39.47999954223633
1780530730269544700,72.29254467773437,0.0599999986588954,-7.559999942779541,39.59999847412109
1780530730279646200,72.30264624023438,1.6799999475479126,-7.139999866485596,40.2599983215332
1780530730289747500,72.31274755859376,3.5999999046325684,-7.5,39.84000015258789
1780530730299848700,72.3228486328125,4.559999942779541,-7.919999599456787,39.41999816894531
1780530730309950000,72.33294995117187,6.059999942779541,-8.880000114440918,39.18000030517578
1780530730320051500,72.34305151367188,7.5,-9.119999885559082,38.63999938964844
1780530730330152700,72.35315258789062,8.579999923706055,-8.699999809265137,38.21999740600586
1780530730340254000,72.36325390625,10.31999969482422,-8.460000038146973,37.79999923706055
1780530730360487200,72.38348706054687,14.399999618530272,-9.179999351501465,37.20000076293945
1780530730390791200,72.41379125976563,19.13999938964844,-9.179999351501465,37.619998931884766
1780530730410993700,72.43399365234374,21.479999542236328,-9.420000076293944,36.59999847412109
1780530730481703000,72.50470288085937,29.279998779296875,-11.039999961853027,33.65999984741211
1780530730491804400,72.51480444335938,29.51999855041504,-11.399999618530272,32.52000045776367
1780530730501905700,72.52490576171876,30.84000015258789,-11.9399995803833,32.52000045776367
1780530730512007000,72.5350068359375,31.19999885559082,-12.179999351501465,32.21999740600586
1780530730522108200,72.54510815429687,31.31999969482422,-12.359999656677246,31.61999893188477
1780530730532209700,72.55520971679688,31.5,-12.539999961853027,31.979999542236328
1780530730542311000,72.56531079101562,31.3799991607666,-12.719999313354492,31.26000022888184
1780530730552412200,72.575412109375,31.61999893188477,-13.4399995803833,31.01999855041504
1780530730572615000,72.59561499023438,33.65999984741211,-13.619999885559082,30.479999542236328
1780530730582716200,72.60571606445312,33.71999740600586,-12.899999618530272,31.19999885559082
1780530730592787000,72.61578686523437,34.380001068115234,-12.479999542236328,31.3799991607666
1780530730602919000,72.6259189453125,33.959999084472656,-12.119999885559082,31.85999870300293
1780530730613020200,72.63602026367188,32.81999969482422,-12.300000190734863,32.57999801635742
1780530730623121400,72.64612133789062,32.70000076293945,-12.059999465942385,32.7599983215332
1780530730633222700,72.65622265625,32.279998779296875,-12.059999465942385,33.29999923706055
1780530730683729400,72.7067294921875,27.84000015258789,-7.37999963760376,35.939998626708984
1780530730764509400,72.78750952148438,18.53999900817871,-9.300000190734863,39.84000015258789
1780530730804884200,72.82788427734376,14.15999984741211,-9.59999942779541,39.41999816894531
1780530730814985500,72.8379853515625,13.979999542236328,-9.899999618530272,39.65999984741211
1780530730825086700,72.84808666992187,13.4399995803833,-10.139999389648438,39.540000915527344
1780530730835127000,72.858126953125,12.960000038146973,-10.31999969482422,39.65999984741211
1780530730845197800,72.86819775390624,12.300000190734863,-10.679999351501465,39.47999954223633
1780530730855238100,72.87823803710937,11.15999984741211,-10.5,39.36000061035156
1780530730865309000,72.88830883789062,10.079999923706056,-10.800000190734863,38.39999771118164
1780530730875410200,72.89841015625,9.779999732971191,-10.979999542236328,38.52000045776367
1780530730885481000,72.90848095703124,9.359999656677246,-11.519999504089355,38.39999771118164
1780530730915632400,72.93863232421874,8.220000267028809,-10.739999771118164,37.97999954223633
1780530730925733600,72.94873364257812,7.5,-10.619999885559082,37.79999923706055
1780530730935804700,72.9588046875,7.199999809265137,-10.260000228881836,37.31999969482422
1780530730945875500,72.96887548828126,7.019999980926514,-10.260000228881836,36.84000015258789
1780530730955976700,72.97897680664063,6.599999904632568,-10.679999351501465,36.36000061035156
1780530730966047500,72.98904760742188,6.0,-10.31999969482422,36.05999755859375
1780530730976087800,72.999087890625,5.819999694824219,-10.979999542236328,36.0
1780530730986158600,73.00915869140626,4.980000019073486,-11.219999313354492,36.119998931884766
1780530730996259800,73.019259765625,4.440000057220459,-11.880000114440918,36.29999923706055
1780530731016340500,73.03934057617188,3.179999828338623,-13.139999389648438,36.84000015258789
1780530731026472200,73.04947216796874,2.3399999141693115,-14.039999961853027,36.89999771118164
1780530731066755600,73.08975561523438,-2.3999998569488525,-14.75999927520752,37.619998931884766
1780530731076826400,73.09982641601563,-3.059999942779541,-15.479999542236328,37.97999954223633
1780530731086897200,73.10989721679688,-4.139999866485596,-16.19999885559082,37.68000030517578
1780530731096937500,73.1199375,-5.159999847412109,-16.3799991607666,37.31999969482422
1780530731107008300,73.13000830078126,-6.71999979019165,-16.68000030517578,37.5
1780530731117109500,73.14010961914063,-7.919999599456787,-16.5,37.43999862670898
1780530731127210800,73.15021069335937,-8.34000015258789,-16.31999969482422,38.39999771118164
1780530731137251000,73.1602509765625,-8.760000228881836,-16.5,39.05999755859375
1780530731147321900,73.17032177734374,-9.300000190734863,-15.359999656677246,39.29999923706055
1780530731157423000,73.18042309570312,-10.5,-14.75999927520752,39.47999954223633
1780530731167494000,73.19049389648437,-10.800000190734863,-15.299999237060549,39.959999084472656
1780530731177595400,73.20059545898438,-11.15999984741211,-15.59999942779541,40.68000030517578
1780530731187635700,73.2106357421875,-11.34000015258789,-16.260000228881836,41.459999084472656
1780530731197737000,73.22073706054688,-10.619999885559082,-16.68000030517578,41.70000076293945
1780530731207807700,73.23080786132813,-11.579999923706056,-15.719999313354492,41.52000045776367
1780530731217878500,73.24087841796874,-11.34000015258789,-15.0,41.15999984741211
1780530731227979800,73.25097973632812,-10.800000190734863,-14.579999923706056,40.79999923706055
1780530731238050600,73.26105053710937,-10.559999465942385,-14.279999732971191,40.73999786376953
1780530731248121300,73.27112133789062,-9.539999961853027,-13.920000076293944,40.13999938964844
1780530731258161700,73.28116162109374,-9.119999885559082,-13.619999885559082,40.20000076293945
1780530731268263200,73.29126318359376,-8.880000114440918,-13.019999504089355,39.89999771118164
1780530731298506000,73.32150610351563,-5.519999980926514,-10.199999809265137,39.71999740600586
1780530731369093000,73.39209301757812,3.419999837875366,-8.519999504089355,38.7599983215332
1780530731429548500,73.45254858398438,12.65999984741211,-8.279999732971191,38.09999847412109
1780530731500105000,73.52310498046874,21.84000015258789,-11.34000015258789,33.959999084472656
1780530731510176000,73.53317602539063,23.34000015258789,-11.579999923706056,33.959999084472656
1780530731520277200,73.54327734375,24.11999893188477,-11.81999969482422,33.71999740600586
1780530731530348000,73.55334814453126,24.71999931335449,-12.420000076293944,33.18000030517578
1780530731540418800,73.56341870117187,26.69999885559082,-12.119999885559082,33.29999923706055
1780530731550489600,73.57348950195312,27.420000076293945,-11.880000114440918,32.63999938964844
1780530731590803200,73.61380322265624,30.420000076293945,-12.539999961853027,32.39999771118164
1780530731600904700,73.62390478515626,31.61999893188477,-12.719999313354492,31.979999542236328
1780530731611006000,73.634005859375,31.01999855041504,-13.139999389648438,31.13999938964844
1780530731621076700,73.64407666015624,31.920000076293945,-12.899999618530272,30.11999893188477
1780530731631178000,73.65417797851562,32.099998474121094,-11.639999389648438,29.81999969482422
1780530731641218300,73.66421826171874,31.3799991607666,-11.219999313354492,29.76000022888184
1780530731651319800,73.67431982421876,32.15999984741211,-11.15999984741211,30.65999984741211
1780530731661421000,73.68442114257813,31.439998626708984,-11.699999809265137,31.13999938964844
1780530731711866600,73.73486669921876,31.31999969482422,-11.460000038146973,32.39999771118164
1780530731721937400,73.7449375,30.779998779296875,-11.81999969482422,33.0
1780530731732038700,73.75503857421874,30.239999771118164,-11.699999809265137,33.29999923706055
1780530731742079000,73.76507885742187,29.63999938964844,-11.579999923706056,33.89999771118164
1780530731752180200,73.77518017578124,29.21999931335449,-10.739999771118164,34.5
1780530731762251000,73.7852509765625,28.07999992370605,-10.199999809265137,34.97999954223633
1780530731792494000,73.815494140625,23.8799991607666,-10.5,36.59999847412109
1780530731802564900,73.82556494140626,23.15999984741211,-10.739999771118164,36.89999771118164
1780530731812635600,73.8356357421875,22.61999893188477,-10.920000076293944,37.2599983215332
1780530731822737000,73.84573681640624,21.899999618530277,-10.979999542236328,37.02000045776367
1780530731832838100,73.85583813476562,21.0,-11.399999618530272,37.13999938964844
1780530731842939600,73.86593969726563,19.5,-11.880000114440918,37.380001068115234
1780530731852979700,73.87597973632812,18.420000076293945,-12.059999465942385,37.86000061035156
1780530731863081200,73.88608129882813,17.219999313354492,-12.059999465942385,37.79999923706055
1780530731893293600,73.91629345703124,14.880000114440918,-11.519999504089355,38.34000015258789
1780530731903394800,73.92639477539062,13.559999465942385,-11.279999732971191,38.63999938964844
1780530731913435100,73.93643505859374,12.479999542236328,-11.519999504089355,38.39999771118164
1780530731923536400,73.94653637695312,10.979999542236328,-11.219999313354492,38.27999877929688
1780530731933638000,73.95663793945313,10.31999969482422,-11.639999389648438,38.09999847412109
1780530731943739100,73.9667392578125,9.719999313354492,-11.639999389648438,37.86000061035156
1780530731953840400,73.97684033203124,9.239999771118164,-11.09999942779541,37.68000030517578
1780530731963941600,73.98694165039062,8.819999694824219,-11.399999618530272,37.2599983215332
1780530731994154200,74.017154296875,8.15999984741211,-12.300000190734863,36.77999877929688
1780530732004194600,74.02719458007813,7.799999713897705,-12.300000190734863,37.13999938964844
1780530732014265300,74.03726538085938,7.079999923706055,-12.119999885559082,37.13999938964844
1780530732024366600,74.04736669921876,5.519999980926514,-12.119999885559082,36.540000915527344
1780530732034467800,74.0574677734375,4.319999694824219,-12.239999771118164,36.18000030517578
1780530732044538600,74.06753857421874,3.299999952316284,-12.300000190734863,35.939998626708984
1780530732054579000,74.07757885742187,2.5199999809265137,-12.479999542236328,35.57999801635742
1780530732064649700,74.08764965820312,2.1599998474121094,-12.84000015258789,36.36000061035156
1780530732074720500,74.09772045898437,2.0999999046325684,-13.920000076293944,36.59999847412109
1780530732084791300,74.10779125976562,1.6200000047683716,-13.739999771118164,36.84000015258789
1780530732094801200,74.11780126953126,0.959999978542328,-14.399999618530272,37.55999755859375
1780530732104902400,74.12790234375,0.0599999986588954,-13.679999351501465,37.68000030517578
1780530732125044000,74.1480439453125,-2.2799999713897705,-12.65999984741211,37.5
1780530732135114800,74.15811474609374,-2.700000047683716,-12.84000015258789,37.2599983215332
1780530732145216300,74.16821630859376,-3.240000009536743,-14.219999313354492,37.619998931884766
1780530732155287000,74.178287109375,-3.419999837875366,-16.020000457763672,38.21999740600586
1780530732165357800,74.18835791015626,-4.319999694824219,-16.020000457763672,38.93999862670898
1780530732205641000,74.22864086914062,-7.440000057220459,-16.979999542236328,40.07999801635742
1780530732215681300,74.23868139648438,-8.039999961853027,-16.799999237060547,40.37999725341797
1780530732225782500,74.24878247070312,-8.460000038146973,-16.619998931884766,40.68000030517578
1780530732245893600,74.2688935546875,-9.119999885559082,-16.3799991607666,41.57999801635742
1780530732255995000,74.27899487304687,-9.420000076293944,-16.079999923706055,41.63999938964844
1780530732326460200,74.34946020507813,-8.639999389648438,-13.859999656677246,42.540000915527344
1780530732407148500,74.4301484375,-2.039999961853028,-10.4399995803833,40.5
1780530732417188900,74.44018896484376,-0.5399999618530273,-9.59999942779541,40.31999969482422
1780530732427259600,74.450259765625,0.5999999642372131,-9.300000190734863,40.07999801635742
1780530732437330400,74.46033032226562,1.9799998998641968,-9.0,39.59999847412109
1780530732447431700,74.470431640625,2.639999866485596,-8.760000228881836,39.119998931884766
1780530732517988400,74.54098828125,14.039999961853027,-8.699999809265137,37.5
1780530732528059100,74.55105908203124,15.899999618530272,-9.359999656677246,37.13999938964844
1780530732538160400,74.56116040039062,17.34000015258789,-10.31999969482422,36.959999084472656
1780530732548200700,74.57120068359374,18.899999618530277,-10.380000114440918,36.47999954223633
1780530732558302200,74.58130224609376,20.81999969482422,-10.979999542236328,35.57999801635742
1780530732568403500,74.59140356445313,21.959999084472656,-10.979999542236328,35.279998779296875
1780530732578474200,74.60147412109374,23.459999084472656,-11.09999942779541,34.13999938964844
1780530732588575500,74.61157543945312,24.239999771118164,-10.380000114440918,33.71999740600586
1780530732598676700,74.6216767578125,24.479999542236328,-9.84000015258789,33.29999923706055
1780530732649153000,74.67215307617188,30.299999237060547,-11.460000038146973,31.559999465942383
1780530732659223800,74.68222387695313,31.799999237060547,-11.579999923706056,31.5
1780530732669294600,74.69229467773438,32.099998474121094,-11.880000114440918,31.19999885559082
1780530732679365400,74.70236547851563,32.52000045776367,-12.0,30.84000015258789
1780530732689436200,74.71243627929688,33.47999954223633,-11.579999923706056,31.01999855041504
1780530732709577700,74.73257763671874,33.959999084472656,-11.519999504089355,30.599998474121094
1780530732749891600,74.7728916015625,33.89999771118164,-12.239999771118164,29.81999969482422
1780530732759992800,74.78299291992188,33.89999771118164,-12.179999351501465,29.8799991607666
1780530732770094000,74.79309399414062,33.65999984741211,-12.0,29.939998626708984
1780530732780164900,74.80316479492187,32.880001068115234,-12.0,30.599998474121094
1780530732790235600,74.81323559570312,32.15999984741211,-12.059999465942385,31.31999969482422
1780530732800337000,74.8233369140625,31.07999992370605,-11.880000114440918,31.799999237060547
1780530732820539600,74.84353955078124,30.420000076293945,-11.81999969482422,33.65999984741211
1780530732830641000,74.85364086914062,29.57999992370605,-11.9399995803833,33.89999771118164
1780530732840742400,74.86374243164063,29.279998779296875,-12.239999771118164,35.21999740600586
1780530732850813200,74.87381323242188,27.84000015258789,-12.420000076293944,35.52000045776367
1780530732901289200,74.92428930664063,19.739999771118164,-10.31999969482422,38.70000076293945
1780530732911390500,74.93439038085937,18.959999084472656,-10.979999542236328,39.18000030517578
1780530732931623700,74.95462377929688,15.65999984741211,-10.380000114440918,39.540000915527344
1780530732941725000,74.96472485351562,13.799999237060549,-10.380000114440918,39.29999923706055
1780530732982160600,75.00516064453124,10.559999465942385,-9.960000038146973,39.77999877929688
1780530732992262100,75.01526220703126,9.179999351501465,-9.479999542236328,39.41999816894531
1780530733002363400,75.02536328125,8.09999942779541,-9.420000076293944,38.81999969482422
1780530733012464600,75.03546459960937,7.079999923706055,-9.420000076293944,38.21999740600586
1780530733032667400,75.05566748046876,6.420000076293945,-10.019999504089355,38.15999984741211
1780530733042768600,75.0657685546875,5.579999923706055,-10.079999923706056,37.55999755859375
1780530733052870000,75.07586987304687,5.159999847412109,-10.139999389648438,37.13999938964844
1780530733062971400,75.08597143554688,5.039999961853027,-8.760000228881836,36.959999084472656
1780530733073072600,75.09607275390626,3.659999847412109,-8.34000015258789,35.939998626708984
1780530733083174000,75.106173828125,3.359999895095825,-8.34000015258789,35.70000076293945
1780530733093275100,75.11627514648437,3.179999828338623,-8.699999809265137,35.63999938964844
1780530733103376600,75.12637670898438,2.879999876022339,-10.380000114440918,35.15999984741211
1780530733113478000,75.13647778320312,3.059999942779541,-12.179999351501465,34.86000061035156
1780530733123609600,75.14660961914062,2.639999866485596,-12.0,34.55999755859375
1780530733133650000,75.15664990234374,1.7400000095367432,-12.119999885559082,34.2599983215332
1780530733143782000,75.16678198242188,0.8399999737739563,-12.119999885559082,34.439998626708984
1780530733174086000,75.1970859375,-1.1999999284744265,-12.779999732971191,34.619998931884766
1780530733244795100,75.26779516601563,-10.31999969482422,-16.559999465942383,33.65999984741211
1780530733254835200,75.27783520507812,-11.039999961853027,-18.11999893188477,34.13999938964844
1780530733285169700,75.30816967773437,-13.25999927520752,-19.85999870300293,35.81999969482422
1780530733295271200,75.31827124023438,-15.059999465942385,-19.61999893188477,36.119998931884766
1780530733305372400,75.32837231445312,-16.079999923706055,-19.739999771118164,35.939998626708984
1780530733315473700,75.3384736328125,-16.979999542236328,-19.61999893188477,35.57999801635742
1780530733325575200,75.3485751953125,-17.81999969482422,-19.31999969482422,35.939998626708984
1780530733335646000,75.35864599609376,-17.520000457763672,-18.959999084472656,36.65999984741211
1780530733345747200,75.36874731445313,-17.459999084472656,-18.71999931335449,37.02000045776367
1780530733355818000,75.37881787109374,-16.85999870300293,-18.600000381469727,37.73999786376953
1780530733386183000,75.40918286132812,-15.59999942779541,-16.559999465942383,38.21999740600586
1780530733426496800,75.44949682617188,-11.639999389648438,-12.84000015258789,38.70000076293945
1780530733436567600,75.45956762695313,-9.899999618530272,-11.9399995803833,39.05999755859375
1780530733446668800,75.46966870117187,-8.220000267028809,-10.859999656677246,39.0
1780530733456770000,75.47977001953124,-6.899999618530273,-10.739999771118164,38.81999969482422
1780530733466840800,75.4898408203125,-5.400000095367432,-10.019999504089355,38.81999969482422
1780530733476911600,75.49991162109374,-4.079999923706055,-9.539999961853027,38.63999938964844
1780530733486952000,75.50995190429687,-3.299999952316284,-8.699999809265137,38.63999938964844
1780530733497022700,75.52002270507812,-1.6799999475479126,-7.679999828338623,38.57999801635742
1780530733507093500,75.53009350585937,0.4199999868869781,-7.019999980926514,38.81999969482422
1780530733527235300,75.5502353515625,3.059999942779541,-5.460000038146973,38.39999771118164
1780530733557447700,75.58044775390626,7.559999942779541,-4.5,38.040000915527344
1780530733567518500,75.5905185546875,9.359999656677246,-5.21999979019165,38.09999847412109
1780530733577589200,75.60058935546876,11.579999923706056,-6.179999828338623,37.86000061035156
1780530733597700400,75.62070043945313,16.739999771118164,-8.760000228881836,37.20000076293945
1780530733607771100,75.63077124023438,18.420000076293945,-9.300000190734863,36.77999877929688
1780530733617556500,75.64055639648437,19.13999938964844,-9.059999465942385,36.29999923706055
1780530733627058000,75.65005786132812,20.34000015258789,-8.880000114440918,35.939998626708984
1780530733645938400,75.6689384765625,22.68000030517578,-9.960000038146973,35.21999740600586
1780530733664980000,75.68797998046875,25.3799991607666,-10.5,34.02000045776367
1780530733723813000,75.74681323242187,31.5,-12.65999984741211,30.479999542236328
1780530733753995000,75.7769951171875,33.05999755859375,-12.359999656677246,30.0
1780530733764066000,75.78706616210937,33.65999984741211,-12.539999961853027,30.239999771118164
1780530733774106000,75.79710620117187,33.779998779296875,-13.199999809265137,30.35999870300293
1780530733794278400,75.8172783203125,33.65999984741211,-13.619999885559082,29.57999992370605
1780530733804249000,75.8272490234375,33.65999984741211,-13.979999542236328,29.63999938964844
1780530733814259000,75.83725903320313,34.31999969482422,-13.920000076293944,29.8799991607666
1780530733824299300,75.84729931640625,34.55999755859375,-13.920000076293944,30.35999870300293
1780530733834370000,75.8573701171875,35.39999771118164,-13.979999542236328,31.26000022888184
1780530733844440800,75.86744091796875,34.97999954223633,-13.5,31.3799991607666
1780530733854511600,75.87751171875,34.5,-13.139999389648438,31.979999542236328
1780530733864612900,75.88761279296875,34.20000076293945,-12.779999732971191,32.34000015258789
1780530733874683600,75.89768359375,32.939998626708984,-12.779999732971191,32.34000015258789
1780530733894825200,75.9178251953125,32.63999938964844,-12.420000076293944,33.65999984741211
1780530733904896000,75.92789599609375,31.67999839782715,-12.239999771118164,34.2599983215332
1780530733914966800,75.937966796875,31.13999938964844,-11.699999809265137,35.279998779296875
1780530733935108600,75.95810864257813,27.899999618530277,-10.4399995803833,36.29999923706055
1780530733945209900,75.9682099609375,26.51999855041504,-10.079999923706056,36.89999771118164
1780530733955250200,75.97825024414063,25.13999938964844,-9.59999942779541,37.619998931884766
1780530733965321000,75.98832104492188,23.69999885559082,-10.800000190734863,38.34000015258789
1780530733975422200,75.99842211914063,22.3799991607666,-10.559999465942385,38.70000076293945
1780530733985493000,76.00849291992188,21.18000030517578,-10.199999809265137,39.05999755859375
1780530734005695700,76.02869580078125,18.959999084472656,-9.719999313354492,39.59999847412109
1780530734015766500,76.0387666015625,17.279998779296875,-9.84000015258789,39.89999771118164
1780530734035877600,76.05887768554688,14.579999923706056,-8.819999694824219,39.89999771118164
1780530734045979000,76.06897875976563,13.380000114440918,-8.9399995803833,39.41999816894531
1780530734056019200,76.07901928710938,12.899999618530272,-8.639999389648438,39.71999740600586
1780530734076191200,76.09919116210938,11.279999732971191,-9.779999732971191,39.540000915527344
1780530734096363300,76.11936328125,9.779999732971191,-9.779999732971191,38.459999084472656
1780530734116535600,76.13953564453125,8.460000038146973,-9.359999656677246,37.07999801635742
1780530734126606300,76.1496064453125,8.220000267028809,-9.479999542236328,36.77999877929688
1780530734136677000,76.15967700195313,7.139999866485596,-9.479999542236328,36.41999816894531
1780530734146778400,76.1697783203125,7.199999809265137,-10.31999969482422,36.36000061035156
1780530734156879600,76.17987963867188,6.420000076293945,-10.800000190734863,36.119998931884766
1780530734166950700,76.18995068359375,5.759999752044678,-11.09999942779541,35.939998626708984
1780530734177021400,76.200021484375,5.940000057220459,-11.039999961853027,35.70000076293945
1780530734187122700,76.21012280273438,5.21999979019165,-10.619999885559082,35.70000076293945
1780530734197224000,76.22022387695313,4.259999752044678,-10.559999465942385,35.15999984741211
1780530734207325200,76.2303251953125,3.240000009536743,-10.4399995803833,35.279998779296875
1780530734217396200,76.24039624023438,2.3399999141693115,-11.039999961853027,35.099998474121094
1780530734227497500,76.25049755859375,1.0199999809265137,-11.75999927520752,34.86000061035156
1780530734237598700,76.2605986328125,0.4199999868869781,-12.059999465942385,35.34000015258789
1780530734247700000,76.27069995117188,-0.5999999642372131,-13.139999389648438,35.279998779296875
1780530734257801500,76.28080151367188,-1.7400000095367432,-13.559999465942385,35.39999771118164
1780530734277973500,76.30097338867188,-3.659999847412109,-14.699999809265137,35.63999938964844
1780530734298145500,76.3211455078125,-5.639999866485596,-15.839999198913574,36.05999755859375
1780530734308277500,76.33127758789063,-6.539999961853027,-16.619998931884766,36.36000061035156
1780530734318409200,76.3414091796875,-7.259999752044678,-17.15999984741211,36.959999084472656
1780530734328510700,76.3515107421875,-8.279999732971191,-17.579999923706055,37.43999862670898
1780530734338612000,76.36161206054688,-9.420000076293944,-17.520000457763672,38.040000915527344
1780530734348713200,76.37171313476563,-10.260000228881836,-17.8799991607666,38.52000045776367
1780530734358814500,76.381814453125,-11.279999732971191,-17.81999969482422,38.87999725341797
1780530734399281000,76.42228100585938,-13.920000076293944,-18.779998779296875,40.2599983215332
1780530734449726500,76.4727265625,-13.25999927520752,-15.299999237060549,41.27999877929688
1780530734459827700,76.48282763671875,-12.899999618530272,-14.519999504089355,40.91999816894531
1780530734469929000,76.49292895507813,-12.65999984741211,-13.679999351501465,40.37999725341797
1780530734480030500,76.50303051757813,-12.119999885559082,-13.619999885559082,39.89999771118164
1780530734490131700,76.51313159179688,-11.639999389648438,-12.719999313354492,38.81999969482422
1780530734500233000,76.52323291015625,-9.84000015258789,-11.639999389648438,38.7599983215332
1780530734510334200,76.53333422851563,-8.880000114440918,-10.920000076293944,38.459999084472656
1780530734530567400,76.5535673828125,-5.159999847412109,-9.239999771118164,38.21999740600586
1780530734540669000,76.5636689453125,-4.679999828338623,-9.420000076293944,37.86000061035156
1780530734550800600,76.57380053710938,-2.5799999237060547,-8.819999694824219,37.5
1780530734560902000,76.58390185546875,-1.319999933242798,-7.919999599456787,37.20000076293945
1780530734591206000,76.61420581054688,4.139999866485596,-6.539999961853027,37.13999938964844
1780530734601307100,76.62430712890625,5.460000038146973,-6.779999732971191,37.13999938964844
1780530734611408600,76.63440869140625,6.480000019073486,-6.659999847412109,36.89999771118164
1780530734641712400,76.66471240234375,11.09999942779541,-7.019999980926514,36.59999847412109
1780530734702290000,76.7252900390625,20.459999084472656,-8.34000015258789,36.23999786376953
1780530734712421600,76.73542163085938,21.71999931335449,-8.579999923706055,36.05999755859375
1780530734722523100,76.74552319335938,22.559999465942383,-9.059999465942385,35.70000076293945
1780530734732594000,76.75559399414063,23.100000381469727,-9.059999465942385,35.099998474121094
1780530734742695200,76.76569506835938,23.57999992370605,-9.899999618530272,33.84000015258789
1780530734752796400,76.77579638671875,24.84000015258789,-10.4399995803833,33.05999755859375
1780530734762898000,76.78589794921875,25.68000030517578,-10.679999351501465,32.70000076293945
1780530734783039500,76.80603955078125,28.3799991607666,-10.979999542236328,33.0
1780530734793110300,76.8161103515625,28.31999969482422,-10.979999542236328,32.7599983215332
1780530734803181000,76.82618115234375,29.21999931335449,-11.460000038146973,32.15999984741211
1780530734813190700,76.83619067382813,29.939998626708984,-11.639999389648438,31.67999839782715
1780530734823292200,76.84629223632813,30.35999870300293,-12.119999885559082,31.26000022888184
1780530734833393400,76.85639331054688,31.19999885559082,-12.300000190734863,31.439998626708984
1780530734843433700,76.86643383789063,31.3799991607666,-12.059999465942385,31.01999855041504
1780530734853504500,76.87650439453125,31.61999893188477,-12.479999542236328,31.13999938964844
1780530734863605800,76.88660571289063,32.63999938964844,-12.359999656677246,31.07999992370605
1780530734873707000,76.89670703125,32.939998626708984,-12.59999942779541,30.959999084472656
1780530734883778000,76.90677807617188,33.23999786376953,-13.139999389648438,31.439998626708984
1780530734903889000,76.92688891601563,32.70000076293945,-13.31999969482422,31.439998626708984
1780530734913990400,76.93699047851563,33.0,-13.380000114440918,31.799999237060547
1780530734924061200,76.94706127929688,32.70000076293945,-13.25999927520752,32.279998779296875
1780530734934132000,76.95713208007813,33.05999755859375,-13.380000114440918,32.939998626708984
1780530734944202800,76.96720263671875,32.52000045776367,-13.019999504089355,33.540000915527344
1780530734954273500,76.9772734375,31.31999969482422,-12.420000076293944,33.71999740600586
1780530735004627500,77.02762744140625,25.739999771118164,-9.479999542236328,37.31999969482422
1780530735014698200,77.0376982421875,24.53999900817871,-9.84000015258789,37.5
1780530735024769000,77.04776904296875,23.15999984741211,-11.039999961853027,37.73999786376953
1780530735054951000,77.07795092773438,19.68000030517578,-10.619999885559082,38.93999862670898
1780530735085194000,77.10819409179688,16.139999389648438,-10.619999885559082,39.65999984741211
1780530735105335600,77.12833544921875,14.279999732971191,-10.5,39.23999786376953
1780530735115406300,77.13840625,13.25999927520752,-10.559999465942385,39.119998931884766
1780530735125477000,77.14847705078125,12.239999771118164,-10.859999656677246,38.57999801635742
1780530735135578400,77.15857836914063,10.859999656677246,-11.519999504089355,38.39999771118164
1780530735145618700,77.16861865234375,10.619999885559082,-11.81999969482422,37.91999816894531
1780530735155720200,77.17872021484375,10.079999923706056,-11.639999389648438,37.31999969482422
1780530735165760300,77.18876025390625,9.779999732971191,-12.119999885559082,37.2599983215332
1780530735175800600,77.19880053710938,9.719999313354492,-12.119999885559082,37.2599983215332
1780530735185902000,77.20890209960938,9.359999656677246,-12.539999961853027,36.77999877929688
1780530735216175400,77.23917529296875,7.919999599456787,-12.899999618530272,36.0
1780530735226276600,77.24927661132813,7.679999828338623,-12.420000076293944,36.29999923706055
1780530735236378000,77.25937817382813,7.440000057220459,-12.119999885559082,36.65999984741211
1780530735246418400,77.26941845703125,6.539999961853027,-11.639999389648438,36.84000015258789
1780530735256519700,77.27951977539063,5.87999963760376,-11.639999389648438,36.71999740600586
1780530735266621000,77.28962084960938,4.920000076293945,-11.639999389648438,36.89999771118164
1780530735276722200,77.29972216796875,4.139999866485596,-12.059999465942385,36.47999954223633
1780530735286823700,77.30982373046875,3.539999961853028,-11.9399995803833,36.71999740600586
1780530735347278800,77.37027880859375,-1.6799999475479126,-14.15999984741211,37.86000061035156
1780530735357380400,77.38038037109375,-2.2799999713897705,-14.519999504089355,37.55999755859375
1780530735367420400,77.39042041015625,-3.539999961853028,-15.479999542236328,37.31999969482422
1780530735377491200,77.4004912109375,-4.440000057220459,-16.19999885559082,37.86000061035156
1780530735387562200,77.41056225585938,-5.519999980926514,-16.619998931884766,38.34000015258789
1780530735397633000,77.42063305664063,-6.71999979019165,-16.559999465942383,38.87999725341797
1780530735427845400,77.45084545898438,-9.779999732971191,-17.69999885559082,40.07999801635742
1780530735437916200,77.46091625976563,-10.31999969482422,-18.479999542236328,40.07999801635742
1780530735447987000,77.47098706054688,-10.739999771118164,-17.81999969482422,40.2599983215332
1780530735458057700,77.4810576171875,-11.399999618530272,-17.579999923706055,40.73999786376953
1780530735468128500,77.49112841796875,-11.460000038146973,-16.19999885559082,41.040000915527344
1780530735478199300,77.50119921875,-12.779999732971191,-13.979999542236328,41.21999740600586
1780530735488300500,77.51130053710938,-13.679999351501465,-13.4399995803833,41.34000015258789
1780530735508503300,77.53150341796875,-14.519999504089355,-11.460000038146973,41.57999801635742
1780530735518604500,77.5416044921875,-13.559999465942385,-11.399999618530272,41.70000076293945
1780530735538776800,77.56177685546875,-12.179999351501465,-10.199999809265137,41.87999725341797
1780530735548878000,77.57187817382813,-10.619999885559082,-10.559999465942385,41.87999725341797
1780530735558979300,77.58197924804688,-9.719999313354492,-10.739999771118164,42.0
1780530735569050000,77.59205004882813,-8.819999694824219,-10.619999885559082,41.459999084472656
1780530735579090400,77.60209033203125,-7.019999980926514,-10.260000228881836,40.79999923706055
1780530735589191700,77.61219165039063,-6.539999961853027,-9.539999961853027,40.5
1780530735599232000,77.62223193359375,-5.639999866485596,-8.579999923706055,40.43999862670898
1780530735609333200,77.63233325195313,-4.619999885559082,-7.559999942779541,40.619998931884766
1780530735619404000,77.64240405273438,-3.7799999713897705,-7.199999809265137,40.55999755859375
1780530735629475000,77.65247509765625,-1.919999957084656,-6.71999979019165,40.43999862670898
1780530735689930200,77.71293017578125,8.039999961853027,-7.199999809265137,39.23999786376953
1780530735750355200,77.77335522460938,19.439998626708984,-9.420000076293944,37.31999969482422
1780530735780628500,77.80362841796875,22.13999938964844,-9.539999961853027,35.70000076293945
1780530735790699300,77.81369921875,24.0,-10.4399995803833,35.21999740600586
1780530735800770000,77.82377001953125,25.439998626708984,-11.579999923706056,34.07999801635742
1780530735810840800,77.8338408203125,26.34000015258789,-11.81999969482422,32.52000045776367
1780530735820911600,77.84391162109375,28.3799991607666,-12.359999656677246,31.559999465942383
1780530735830982400,77.853982421875,29.57999992370605,-12.779999732971191,30.959999084472656
1780530735841022700,77.86402270507813,30.65999984741211,-12.420000076293944,30.899999618530277
1780530735851154700,77.87415478515625,31.61999893188477,-13.019999504089355,31.07999992370605
1780530735861164300,77.88416430664063,31.739999771118164,-13.559999465942385,31.07999992370605
1780530735871235300,77.8942353515625,32.459999084472656,-14.09999942779541,30.599998474121094
1780530735961842000,77.98484204101563,32.7599983215332,-10.139999389648438,31.19999885559082
1780530735991993300,78.01499340820313,31.439998626708984,-11.519999504089355,32.279998779296875
1780530736012073700,78.03507373046875,31.31999969482422,-11.699999809265137,33.779998779296875
1780530736022175200,78.04517529296875,31.07999992370605,-11.460000038146973,34.55999755859375
1780530736032246000,78.05524609375,30.0,-11.519999504089355,35.099998474121094
1780530736042316800,78.06531689453125,28.5,-11.34000015258789,35.63999938964844
1780530736052357000,78.07535717773438,27.71999931335449,-11.639999389648438,35.880001068115234
1780530736062458400,78.08545825195313,26.8799991607666,-12.0,36.41999816894531
1780530736072559600,78.0955595703125,26.15999984741211,-12.119999885559082,36.84000015258789
1780530736092670700,78.11567065429688,23.279998779296875,-12.779999732971191,37.91999816894531
1780530736102741500,78.12574145507813,21.479999542236328,-12.59999942779541,38.040000915527344
1780530736112812300,78.13581225585938,19.920000076293945,-12.84000015258789,38.63999938964844
1780530736122883000,78.14588305664063,18.35999870300293,-13.139999389648438,38.81999969482422
1780530736132984600,78.15598461914063,18.18000030517578,-13.25999927520752,39.119998931884766
1780530736143055400,78.16605541992188,17.279998779296875,-13.139999389648438,39.41999816894531
1780530736153156600,78.17615649414063,16.68000030517578,-12.65999984741211,39.89999771118164
1780530736173328600,78.19632861328125,13.5,-11.219999313354492,39.84000015258789
1780530736223652000,78.24665209960938,9.0,-9.960000038146973,38.87999725341797
1780530736263935500,78.286935546875,7.37999963760376,-9.960000038146973,37.619998931884766
1780530736274006300,78.29700634765625,7.319999694824219,-9.899999618530272,37.20000076293945
1780530736284077000,78.3070771484375,6.71999979019165,-10.079999923706056,36.959999084472656
1780530736314289400,78.33728930664063,4.559999942779541,-10.859999656677246,36.71999740600586
1780530736324360200,78.34736010742188,4.380000114440918,-10.859999656677246,36.29999923706055
1780530736334400500,78.357400390625,4.079999923706055,-10.979999542236328,35.52000045776367
1780530736344471300,78.36747119140625,3.9599997997283936,-12.179999351501465,35.099998474121094
1780530736354572500,78.37757250976563,3.539999961853028,-12.84000015258789,35.459999084472656
1780530736364674000,78.38767407226563,2.700000047683716,-13.619999885559082,35.34000015258789
1780530736374744800,78.39774487304688,2.2799999713897705,-14.9399995803833,35.39999771118164
1780530736384815600,78.40781567382813,1.319999933242798,-14.880000114440918,35.099998474121094
1780530736394886400,78.41788647460938,0.5399999618530273,-15.719999313354492,35.040000915527344
1780530736404957200,78.42795727539063,-0.5399999618530273,-16.739999771118164,35.15999984741211
1780530736455311000,78.47831103515625,-5.460000038146973,-15.299999237060549,36.65999984741211
1780530736495655400,78.51865551757813,-10.31999969482422,-18.959999084472656,37.97999954223633
1780530736525928700,78.5489287109375,-11.880000114440918,-18.299999237060547,39.59999847412109
1780530736535969000,78.55896899414063,-12.179999351501465,-18.0,40.13999938964844
1780530736546101000,78.56910107421875,-12.779999732971191,-17.69999885559082,40.5
1780530736556202200,78.5792021484375,-12.899999618530272,-16.19999885559082,40.2599983215332
1780530736566273000,78.58927294921875,-13.079999923706056,-15.59999942779541,40.2599983215332
1780530736576343800,78.59934375,-12.65999984741211,-15.0,40.20000076293945
1780530736586445000,78.60944506835938,-12.239999771118164,-15.119999885559082,39.959999084472656
1780530736596546600,78.61954663085938,-12.479999542236328,-15.239999771118164,40.13999938964844
1780530736606617300,78.62961743164063,-12.239999771118164,-14.15999984741211,40.5
1780530736616688000,78.63968823242188,-11.880000114440918,-13.139999389648438,40.5
1780530736626789400,78.64978930664063,-10.260000228881836,-12.300000190734863,40.68000030517578
1780530736646961400,78.66996142578125,-7.37999963760376,-10.679999351501465,40.02000045776367
1780530736657063000,78.68006298828125,-6.480000019073486,-9.59999942779541,40.13999938964844
1780530736667164200,78.6901640625,-5.759999752044678,-8.519999504089355,40.07999801635742
1780530736677265400,78.70026538085938,-4.859999656677246,-7.440000057220459,40.02000045776367
1780530736707600000,78.73059985351563,-0.2399999946355819,-6.359999656677246,40.13999938964844
1780530736717701400,78.74070141601563,1.2599999904632568,-6.659999847412109,39.84000015258789
1780530736727802600,78.750802734375,2.3999998569488525,-6.239999771118164,39.05999755859375
1780530736737903900,78.76090380859375,3.839999914169312,-7.019999980926514,38.7599983215332
1780530736748005000,78.77100512695313,5.21999979019165,-7.139999866485596,38.7599983215332
1780530736758106600,78.78110668945313,7.139999866485596,-7.019999980926514,38.87999725341797
1780530736778339600,78.80133959960938,10.619999885559082,-7.559999942779541,38.57999801635742
1780530736788441000,78.81144116210938,12.420000076293944,-8.279999732971191,37.619998931884766
1780530736808643600,78.8316435546875,16.079999923706055,-9.420000076293944,37.68000030517578
1780530736828846300,78.85184643554688,19.07999992370605,-9.65999984741211,36.84000015258789
1780530736838947600,78.86194750976563,20.15999984741211,-9.719999313354492,36.0
1780530736849048800,78.872048828125,21.059999465942383,-9.719999313354492,35.52000045776367
1780530736859150300,78.882150390625,22.13999938964844,-10.4399995803833,35.459999084472656
1780530736869251600,78.89225146484375,23.279998779296875,-10.619999885559082,34.73999786376953
1780530736879352800,78.90235278320313,24.239999771118164,-11.519999504089355,34.31999969482422
1780530736899555600,78.9225556640625,27.479999542236328,-11.579999923706056,32.63999938964844
1780530736929859600,78.95285961914063,30.53999900817871,-11.519999504089355,31.26000022888184
1780530736939960800,78.9629609375,30.899999618530277,-11.81999969482422,30.959999084472656
1780530736950062000,78.97306201171875,31.31999969482422,-12.420000076293944,31.01999855041504
1780530736960163300,78.98316333007813,31.920000076293945,-12.719999313354492,30.599998474121094
1780530736970234000,78.99323413085938,32.63999938964844,-12.899999618530272,31.01999855041504
1780530736980335600,79.00333569335938,32.70000076293945,-13.5,31.26000022888184
1780530737010639600,79.0336396484375,32.81999969482422,-14.279999732971191,31.31999969482422
1780530737020740900,79.04374096679688,33.23999786376953,-14.399999618530272,31.3799991607666
1780530737030842000,79.05384204101563,33.47999954223633,-14.519999504089355,31.799999237060547
1780530737040943400,79.063943359375,33.05999755859375,-13.979999542236328,31.67999839782715
1780530737071247400,79.09424731445313,33.0,-12.119999885559082,33.36000061035156
1780530737141987000,79.16498706054688,26.15999984741211,-10.260000228881836,37.31999969482422
1780530737192493800,79.21549389648438,21.53999900817871,-9.719999313354492,38.15999984741211
1780530737202595000,79.22559497070313,20.34000015258789,-10.559999465942385,38.52000045776367
1780530737212696300,79.2356962890625,19.31999969482422,-10.679999351501465,38.70000076293945
1780530737232899000,79.25589916992188,17.03999900817871,-11.75999927520752,39.0
1780530737243000300,79.26600024414063,15.65999984741211,-11.399999618530272,38.7599983215332
1780530737253132300,79.27613232421875,14.34000015258789,-11.81999969482422,38.63999938964844
1780530737263233500,79.28623364257813,12.420000076293944,-11.399999618530272,38.040000915527344
1780530737273334800,79.29633471679688,11.699999809265137,-11.579999923706056,37.91999816894531
1780530737283436000,79.30643603515625,11.579999923706056,-11.81999969482422,37.86000061035156
1780530737293537500,79.31653759765625,11.460000038146973,-11.579999923706056,37.5
1780530737303638800,79.326638671875,11.639999389648438,-12.0,36.959999084472656
1780530737313740000,79.33673999023438,10.5,-12.119999885559082,36.47999954223633
1780530737374317600,79.39731762695313,7.139999866485596,-10.859999656677246,36.29999923706055
1780530737384418800,79.40741870117188,7.079999923706055,-10.079999923706056,36.540000915527344
1780530737394489600,79.41748950195313,6.299999713897705,-9.84000015258789,37.20000076293945
1780530737404590800,79.4275908203125,6.179999828338623,-10.380000114440918,37.79999923706055
1780530737414631200,79.43763110351563,5.339999675750732,-10.920000076293944,37.91999816894531
1780530737424702000,79.44770190429688,4.019999980926514,-12.479999542236328,37.07999801635742
1780530737434772700,79.45777270507813,3.359999895095825,-13.139999389648438,36.71999740600586
1780530737444813000,79.46781298828125,1.919999957084656,-13.859999656677246,36.29999923706055
1780530737515308800,79.53830883789063,-3.240000009536743,-16.619998931884766,38.52000045776367
1780530737525379600,79.54837963867188,-3.899999856948853,-17.639999389648438,37.79999923706055
1780530737535450400,79.55845043945313,-4.559999942779541,-18.0,38.040000915527344
1780530737545521200,79.56852124023438,-5.21999979019165,-18.779998779296875,37.619998931884766
1780530737555622400,79.57862231445313,-5.579999923706055,-19.5,37.73999786376953
1780530737575764000,79.59876391601563,-7.739999771118164,-19.68000030517578,39.71999740600586
1780530737585834800,79.60883471679688,-8.34000015258789,-18.959999084472656,40.619998931884766
1780530737646229000,79.66922900390625,-11.15999984741211,-15.420000076293944,41.39999771118164
1780530737656300000,79.67930004882813,-11.15999984741211,-14.880000114440918,41.09999847412109
1780530737676441600,79.69944165039063,-10.139999389648438,-13.4399995803833,40.07999801635742
1780530737686482000,79.70948193359375,-9.59999942779541,-13.380000114440918,39.29999923706055
1780530737696583200,79.71958325195313,-9.479999542236328,-12.65999984741211,39.119998931884766
1780530737706654000,79.72965405273438,-8.519999504089355,-12.239999771118164,39.119998931884766
1780530737726795500,79.74979541015625,-7.139999866485596,-10.979999542236328,39.89999771118164
1780530737736866300,79.7598662109375,-5.87999963760376,-10.979999542236328,39.84000015258789
1780530737746967600,79.76996752929688,-4.679999828338623,-10.920000076293944,39.84000015258789
1780530737757008000,79.7800078125,-3.419999837875366,-10.4399995803833,38.93999862670898
1780530737787251000,79.8102509765625,1.319999933242798,-9.960000038146973,38.57999801635742
1780530737797291000,79.820291015625,2.039999961853028,-9.779999732971191,38.63999938964844
1780530737807361800,79.83036181640625,3.240000009536743,-9.59999942779541,37.97999954223633
1780530737817463300,79.84046337890625,4.139999866485596,-9.300000190734863,37.73999786376953
1780530737827564500,79.850564453125,5.579999923706055,-9.239999771118164,37.68000030517578
1780530737898151700,79.92115161132813,15.719999313354492,-7.619999885559082,36.36000061035156
1780530737908253000,79.9312529296875,17.34000015258789,-8.760000228881836,36.23999786376953
1780530737918293200,79.94129321289063,19.13999938964844,-9.59999942779541,36.29999923706055
1780530737928394800,79.95139477539063,21.0,-9.300000190734863,36.05999755859375
1780530737938526500,79.9615263671875,22.07999992370605,-8.880000114440918,35.70000076293945
1780530737999073300,80.0220732421875,28.920000076293945,-10.739999771118164,32.57999801635742
1780530738009113600,80.03211352539063,29.81999969482422,-11.399999618530272,32.15999984741211
1780530738019214800,80.04221484375,30.599998474121094,-12.300000190734863,32.099998474121094
1780530738029316400,80.05231640625,31.559999465942383,-12.84000015258789,31.3799991607666
1780530738039417600,80.06241748046875,32.34000015258789,-12.899999618530272,30.959999084472656
1780530738049427500,80.07242749023438,32.7599983215332,-13.079999923706056,30.17999839782715
1780530738059498200,80.08249829101563,33.29999923706055,-12.899999618530272,29.81999969482422
1780530738069569000,80.09256909179688,33.84000015258789,-12.960000038146973,30.299999237060547
1780530738079670300,80.10267016601563,34.13999938964844,-13.079999923706056,30.0
1780530738089710600,80.11271069335938,34.79999923706055,-12.65999984741211,30.53999900817871
1780530738109913000,80.1329130859375,34.619998931884766,-12.059999465942385,29.939998626708984
1780530738119983900,80.14298388671875,34.13999938964844,-11.75999927520752,29.8799991607666
1780530738130055000,80.15305493164063,33.779998779296875,-12.059999465942385,30.059999465942383
1780530738140186600,80.1631865234375,34.13999938964844,-11.9399995803833,30.11999893188477
1780530738150257400,80.17325732421875,33.18000030517578,-12.779999732971191,30.239999771118164
1780530738160328200,80.183328125,33.29999923706055,-12.779999732971191,31.19999885559082
1780530738170399000,80.19339892578125,32.39999771118164,-12.119999885559082,31.67999839782715
1780530738180500200,80.20350024414063,31.67999839782715,-12.239999771118164,32.81999969482422
1780530738190571300,80.2135712890625,31.61999893188477,-11.639999389648438,33.84000015258789
1780530738210712800,80.233712890625,29.81999969482422,-12.239999771118164,34.86000061035156
1780530738291279000,80.31427905273438,18.899999618530277,-9.84000015258789,38.87999725341797
1780530738331654000,80.35465380859375,13.559999465942385,-10.380000114440918,38.87999725341797
1780530738341724700,80.364724609375,12.59999942779541,-9.719999313354492,38.459999084472656
1780530738351795500,80.37479541015625,11.279999732971191,-8.279999732971191,38.34000015258789
1780530738361866200,80.3848662109375,10.559999465942385,-8.279999732971191,38.21999740600586
1780530738371937000,80.39493701171875,9.899999618530272,-8.460000038146973,37.97999954223633
1780530738382007800,80.4050078125,8.699999809265137,-8.9399995803833,38.040000915527344
1780530738392109300,80.415109375,8.399999618530273,-10.199999809265137,37.86000061035156
1780530738402180000,80.42518017578125,7.37999963760376,-10.5,37.380001068115234
1780530738412281300,80.43528125,6.899999618530273,-9.960000038146973,37.619998931884766
1780530738442524200,80.46552416992188,5.099999904632568,-10.079999923706056,36.89999771118164
1780530738452595200,80.47559521484375,4.259999752044678,-10.739999771118164,36.41999816894531
1780530738462666000,80.485666015625,3.899999856948853,-11.219999313354492,35.279998779296875
1780530738472736800,80.49573681640625,2.93999981880188,-10.559999465942385,35.39999771118164
1780530738482838000,80.50583813476563,2.759999990463257,-10.559999465942385,35.279998779296875
1780530738492908800,80.51590869140625,1.6200000047683716,-10.31999969482422,35.52000045776367
1780530738502979600,80.5259794921875,0.5399999618530273,-10.559999465942385,35.81999969482422
1780530738513020000,80.53602001953125,-0.5399999618530273,-12.300000190734863,35.57999801635742
1780530738533161500,80.55616137695313,-1.3799999952316284,-13.799999237060549,35.459999084472656
1780530738543262700,80.5662626953125,-2.3999998569488525,-14.279999732971191,35.63999938964844
1780530738553333500,80.57633349609375,-3.240000009536743,-14.34000015258789,35.939998626708984
1780530738563404300,80.586404296875,-4.619999885559082,-15.179999351501465,35.880001068115234
1780530738573505800,80.596505859375,-6.239999771118164,-15.899999618530272,35.52000045776367
1780530738583607000,80.60660693359375,-7.559999942779541,-16.68000030517578,36.0
1780530738593677800,80.616677734375,-9.359999656677246,-17.34000015258789,35.7599983215332
1780530738603718100,80.62671826171875,-10.739999771118164,-17.940000534057617,35.81999969482422
1780530738664173600,80.68717358398438,-16.85999870300293,-15.839999198913574,39.18000030517578
1780530738684376000,80.7073759765625,-17.03999900817871,-15.960000038146973,38.87999725341797
1780530738704548000,80.72754809570313,-16.619998931884766,-14.519999504089355,39.23999786376953
1780530738714619000,80.73761889648438,-16.020000457763672,-13.380000114440918,39.23999786376953
1780530738724690000,80.74768994140625,-15.539999961853027,-12.059999465942385,39.29999923706055
1780530738734730000,80.75772998046875,-15.0,-10.979999542236328,39.23999786376953
1780530738765003500,80.78800341796875,-12.059999465942385,-9.59999942779541,39.41999816894531
1780530738775043800,80.7980439453125,-10.260000228881836,-9.359999656677246,39.23999786376953
1780530738785145000,80.80814501953125,-8.9399995803833,-8.9399995803833,38.57999801635742
1780530738795216000,80.8182158203125,-7.679999828338623,-8.460000038146973,37.97999954223633
1780530738805286700,80.82828662109375,-6.239999771118164,-8.220000267028809,37.31999969482422
1780530738815357400,80.838357421875,-4.440000057220459,-8.09999942779541,37.13999938964844
1780530738825428200,80.84842822265625,-3.059999942779541,-6.179999828338623,37.55999755859375
1780530738835529700,80.85852978515625,-1.1399999856948853,-4.199999809265137,38.34000015258789
1780530738855640800,80.87864086914063,2.759999990463257,-3.7200000286102295,38.21999740600586
1780530738865711600,80.88871166992188,5.039999961853027,-5.159999847412109,38.040000915527344
1780530738875812900,80.89881274414063,6.779999732971191,-7.019999980926514,37.73999786376953
1780530738885914000,80.9089140625,8.639999389648438,-6.899999618530273,37.97999954223633
1780530738896015400,80.91901538085938,10.31999969482422,-7.259999752044678,37.97999954223633
1780530738906086400,80.92908642578125,11.9399995803833,-7.440000057220459,37.43999862670898
1780530738916157200,80.9391572265625,14.34000015258789,-7.619999885559082,36.84000015258789
1780530738926197200,80.949197265625,15.779999732971191,-7.619999885559082,36.23999786376953
1780530738936268300,80.95926831054688,17.279998779296875,-7.799999713897705,35.939998626708984
1780530738976551400,80.99955151367188,24.35999870300293,-10.31999969482422,34.97999954223633
1780530738986652700,81.00965258789063,26.099998474121094,-10.619999885559082,34.91999816894531
1780530738996723500,81.01972338867188,27.65999984741211,-10.800000190734863,34.68000030517578
1780530739006794200,81.02979418945313,28.5,-10.800000190734863,34.380001068115234
1780530739016895500,81.0398955078125,30.599998474121094,-10.979999542236328,33.41999816894531
1780530739026966500,81.04996655273438,31.5,-10.979999542236328,32.57999801635742
1780530739047138600,81.070138671875,32.939998626708984,-11.09999942779541,32.21999740600586
1780530739067280100,81.09028002929688,33.36000061035156,-11.039999961853027,31.799999237060547
1780530739077351000,81.10035083007813,34.13999938964844,-10.920000076293944,31.01999855041504
1780530739097523000,81.12052294921875,35.7599983215332,-10.800000190734863,30.059999465942383
1780530739117695200,81.1406953125,36.959999084472656,-11.09999942779541,30.479999542236328
1780530739127827000,81.15082690429688,37.31999969482422,-11.279999732971191,30.35999870300293
1780530739137928400,81.16092846679688,37.43999862670898,-11.09999942779541,30.65999984741211
1780530739158070000,81.18107006835938,37.55999755859375,-10.800000190734863,30.899999618530277
1780530739168171300,81.19117114257813,37.55999755859375,-10.079999923706056,30.959999084472656
1780530739178242000,81.20124194335938,37.5,-10.079999923706056,31.13999938964844
1780530739188312800,81.21131274414063,37.07999801635742,-10.199999809265137,31.61999893188477
1780530739198383600,81.22138354492188,36.65999984741211,-10.139999389648438,32.15999984741211
1780530739208454400,81.23145434570313,36.36000061035156,-10.019999504089355,33.18000030517578
1780530739228626700,81.25162670898438,33.23999786376953,-8.880000114440918,34.02000045776367
1780530739238728000,81.26172802734375,31.979999542236328,-8.760000228881836,34.2599983215332
1780530739258869500,81.28186938476563,30.059999465942383,-9.0,35.57999801635742
1780530739268940300,81.29194018554688,29.63999938964844,-9.300000190734863,36.65999984741211
1780530739279041500,81.30204150390625,28.07999992370605,-9.65999984741211,37.43999862670898
1780530739289112300,81.3121123046875,26.57999992370605,-9.539999961853027,38.09999847412109
1780530739309315000,81.33231518554688,22.31999969482422,-9.65999984741211,37.79999923706055
1780530739319385900,81.3423857421875,21.420000076293945,-9.65999984741211,37.91999816894531
1780530739329426200,81.35242626953125,20.15999984741211,-10.31999969482422,37.91999816894531
1780530739339527400,81.36252734375,18.65999984741211,-10.859999656677246,37.5
1780530739349628700,81.37262866210938,18.35999870300293,-11.639999389648438,38.27999877929688
1780530739369770200,81.39277026367188,16.260000228881836,-11.460000038146973,37.97999954223633
1780530739379871700,81.40287182617188,15.479999542236328,-11.460000038146973,38.09999847412109
1780530739389973000,81.41297290039063,14.519999504089355,-11.15999984741211,37.73999786376953
1780530739400105000,81.42310498046875,13.5,-10.859999656677246,37.73999786376953
1780530739410206200,81.43320629882813,12.84000015258789,-10.559999465942385,37.97999954223633
1780530739470844700,81.4938447265625,8.880000114440918,-10.4399995803833,36.59999847412109
1780530739541584400,81.56458447265625,4.139999866485596,-12.059999465942385,34.86000061035156
1780530739551685600,81.574685546875,2.5199999809265137,-12.479999542236328,34.20000076293945
1780530739561817600,81.58481762695313,1.6799999475479126,-13.25999927520752,33.84000015258789
1780530739571918800,81.5949189453125,0.8999999761581421,-13.739999771118164,34.02000045776367
1780530739582050600,81.60505053710938,-0.1199999973177909,-14.09999942779541,34.79999923706055
1780530739632648700,81.65564868164063,-4.980000019073486,-17.579999923706055,35.63999938964844
1780530739652882000,81.6758818359375,-6.960000038146973,-18.84000015258789,36.18000030517578
1780530739662983200,81.68598315429688,-7.859999656677246,-19.799999237060547,37.02000045776367
1780530739683216400,81.70621630859375,-8.9399995803833,-19.85999870300293,37.68000030517578
1780530739693317600,81.71631762695313,-9.59999942779541,-19.739999771118164,38.27999877929688
1780530739754017300,81.77701733398438,-11.699999809265137,-16.979999542236328,40.20000076293945
1780530739774219800,81.7972197265625,-11.219999313354492,-15.899999618530272,39.71999740600586
1780530739784351700,81.80735180664063,-11.09999942779541,-13.739999771118164,39.540000915527344
1780530739794453000,81.81745288085938,-11.09999942779541,-12.65999984741211,39.71999740600586
1780530739804554200,81.82755419921875,-9.84000015258789,-12.719999313354492,39.65999984741211
1780530739814686200,81.83768627929688,-8.880000114440918,-11.880000114440918,40.68000030517578
1780530739824787500,81.84778735351563,-7.679999828338623,-12.960000038146973,40.68000030517578
1780530739834888700,81.857888671875,-5.759999752044678,-13.199999809265137,40.20000076293945
1780530739845020700,81.86802075195313,-4.859999656677246,-12.84000015258789,40.13999938964844
1780530739855152400,81.87815234375,-3.899999856948853,-11.81999969482422,39.59999847412109
1780530739875355100,81.89835522460938,-0.959999978542328,-10.380000114440918,39.23999786376953
1780530739885456400,81.90845629882813,-0.0599999986588954,-9.179999351501465,38.81999969482422
1780530739895557600,81.9185576171875,1.1999999284744265,-8.579999923706055,39.18000030517578
1780530739905659100,81.9286591796875,2.4600000381469727,-7.919999599456787,39.18000030517578
1780530739925831200,81.9488310546875,5.099999904632568,-8.09999942779541,39.119998931884766
1780530739935963000,81.958962890625,6.359999656677246,-8.399999618530273,38.52000045776367
1780530739946064400,81.969064453125,7.5,-8.760000228881836,38.27999877929688
1780530739966267000,81.98926684570313,10.4399995803833,-7.739999771118164,37.91999816894531
1780530740006733300,82.0297333984375,17.639999389648438,-7.919999599456787,37.20000076293945
1780530740016865000,82.03986499023438,18.53999900817871,-8.399999618530273,36.41999816894531
1780530740026966500,82.04996655273438,19.5,-8.760000228881836,36.540000915527344
1780530740107838000,82.130837890625,30.11999893188477,-9.960000038146973,33.65999984741211
1780530740117939200,82.14093920898438,30.779998779296875,-10.139999389648438,33.119998931884766
1780530740128010200,82.15101025390625,31.19999885559082,-10.31999969482422,32.7599983215332
1780530740158375200,82.18137524414063,32.459999084472656,-8.699999809265137,30.65999984741211
1780530740168446000,82.19144604492188,33.119998931884766,-8.880000114440918,31.01999855041504
1780530740178577700,82.20157763671875,33.959999084472656,-9.65999984741211,31.439998626708984
1780530740188679200,82.21167919921875,34.79999923706055,-9.960000038146973,31.31999969482422
1780530740198780400,82.22178051757813,35.21999740600586,-10.139999389648438,32.040000915527344
1780530740208851200,82.23185131835938,35.099998474121094,-9.479999542236328,31.559999465942383
1780530740229084400,82.25208447265625,35.21999740600586,-8.880000114440918,31.979999542236328
1780530740249256400,82.27225634765625,34.55999755859375,-8.880000114440918,32.34000015258789
1780530740259388200,82.28238818359375,34.380001068115234,-7.980000019073486,32.70000076293945
1780530740269489700,82.29248974609375,33.599998474121094,-6.71999979019165,33.29999923706055
1780530740279591000,82.3025908203125,32.15999984741211,-5.759999752044678,33.18000030517578
1780530740299763000,82.32276293945313,30.65999984741211,-6.239999771118164,33.84000015258789
1780530740319996200,82.34299609375,29.81999969482422,-8.34000015258789,35.099998474121094
1780530740330128100,82.35312817382813,29.21999931335449,-8.880000114440918,36.0
1780530740340229400,82.3632294921875,28.07999992370605,-8.9399995803833,36.41999816894531
1780530740360462600,82.38346264648438,26.03999900817871,-9.239999771118164,36.959999084472656
1780530740370533400,82.39353344726563,24.959999084472656,-9.719999313354492,36.89999771118164
1780530740380634600,82.40363452148438,23.57999992370605,-10.139999389648438,37.31999969482422
1780530740390705400,82.41370532226563,22.439998626708984,-10.31999969482422,37.2599983215332
1780530740400776200,82.42377612304688,21.959999084472656,-10.559999465942385,37.68000030517578
1780530740410816500,82.43381640625,20.399999618530277,-10.679999351501465,37.619998931884766
1780530740420887300,82.44388720703125,19.920000076293945,-11.519999504089355,37.86000061035156
1780530740430988500,82.45398852539063,19.5,-11.639999389648438,38.52000045776367
1780530740501545200,82.52454516601563,12.239999771118164,-10.380000114440918,37.73999786376953
1780530740521686800,82.54468676757813,11.09999942779541,-11.09999942779541,37.55999755859375
1780530740531788300,82.55478833007813,10.4399995803833,-11.34000015258789,37.5
1780530740541859000,82.56485913085938,9.960000038146973,-11.81999969482422,36.89999771118164
1780530740551929900,82.57492993164063,9.300000190734863,-12.0,36.77999877929688
1780530740562000600,82.58500073242188,8.460000038146973,-11.460000038146973,37.13999938964844
1780530740572071400,82.59507153320313,7.139999866485596,-11.09999942779541,37.07999801635742
1780530740582172700,82.60517260742188,6.359999656677246,-10.739999771118164,37.5
1780530740602283800,82.62528369140625,4.199999809265137,-11.15999984741211,36.71999740600586
1780530740622455800,82.64545581054688,2.220000028610229,-11.880000114440918,36.29999923706055
1780530740632526600,82.65552661132813,1.1999999284744265,-12.300000190734863,36.47999954223633
1780530740652637700,82.6756376953125,-1.3799999952316284,-13.679999351501465,36.959999084472656
1780530740662739200,82.6857392578125,-2.039999961853028,-14.279999732971191,37.07999801635742
1780530740672840400,82.69584033203125,-3.240000009536743,-14.639999389648438,36.959999084472656
1780530740682941700,82.70594165039063,-4.319999694824219,-15.299999237060549,36.540000915527344
1780530740692982000,82.71598193359375,-5.039999961853027,-15.420000076293944,36.59999847412109
1780530740713123600,82.73612353515625,-7.319999694824219,-16.5,35.939998626708984
1780530740723224800,82.74622485351563,-7.859999656677246,-17.279998779296875,36.47999954223633
1780530740733295900,82.7562958984375,-9.59999942779541,-17.8799991607666,36.959999084472656
1780530740743366700,82.76636669921875,-10.859999656677246,-18.0,37.91999816894531
1780530740753468000,82.77646801757813,-12.119999885559082,-16.979999542236328,38.15999984741211
1780530740763569200,82.78656909179688,-13.380000114440918,-16.5,38.63999938964844
1780530740783772000,82.80677197265625,-14.519999504089355,-17.100000381469727,39.05999755859375
1780530740793812200,82.81681225585938,-14.81999969482422,-17.940000534057617,39.959999084472656
1780530740803913500,82.82691357421875,-15.420000076293944,-17.760000228881836,40.20000076293945
1780530740813984300,82.836984375,-15.239999771118164,-17.520000457763672,40.31999969482422
1780530740834186800,82.85718676757813,-15.479999542236328,-16.020000457763672,40.73999786376953
1780530740844288300,82.86728833007813,-16.260000228881836,-15.719999313354492,39.959999084472656
1780530740894672600,82.91767260742188,-13.31999969482422,-14.15999984741211,37.97999954223633
1780530740935047400,82.95804736328125,-7.919999599456787,-11.9399995803833,38.15999984741211
1780530740945118200,82.9681181640625,-6.659999847412109,-10.979999542236328,37.91999816894531
1780530740965321000,82.98832104492188,-3.659999847412109,-9.359999656677246,37.13999938964844
1780530740975422200,82.99842211914063,-2.639999866485596,-8.880000114440918,36.36000061035156
1780530740985493000,83.00849291992188,-1.1399999856948853,-9.119999885559082,36.59999847412109
1780530740995594200,83.01859423828125,0.7799999713897705,-9.119999885559082,36.84000015258789
1780530741005665000,83.0286650390625,2.039999961853028,-8.9399995803833,36.89999771118164
1780530741015766500,83.0387666015625,3.899999856948853,-9.65999984741211,36.540000915527344
1780530741025837300,83.04883740234375,5.279999732971191,-9.0,35.81999969482422
1780530741035908000,83.058908203125,7.079999923706055,-8.699999809265137,34.97999954223633
1780530741045979000,83.06897875976563,9.119999885559082,-9.239999771118164,34.91999816894531
1780530741056049700,83.07904956054688,10.5,-8.760000228881836,35.459999084472656
1780530741066120400,83.08912036132813,12.420000076293944,-9.0,36.0
1780530741076221700,83.0992216796875,13.979999542236328,-9.239999771118164,36.05999755859375
1780530741086292500,83.10929248046875,15.420000076293944,-8.880000114440918,36.05999755859375
1780530741096332800,83.11933276367188,17.639999389648438,-8.760000228881836,35.81999969482422
1780530741106434300,83.12943432617188,19.439998626708984,-8.519999504089355,35.57999801635742
1780530741116505000,83.13950512695313,20.939998626708984,-8.519999504089355,35.7599983215332
1780530741126575900,83.14957592773438,22.559999465942383,-8.399999618530273,35.34000015258789
1780530741136646700,83.15964672851563,23.03999900817871,-8.639999389648438,34.79999923706055
1780530741227192300,83.2501923828125,30.779998779296875,-9.899999618530272,31.5
1780530741237232600,83.26023266601563,31.07999992370605,-10.199999809265137,30.899999618530277
1780530741247303400,83.27030346679688,30.899999618530277,-9.899999618530272,30.479999542236328
1780530741257404700,83.28040478515625,31.559999465942383,-9.420000076293944,30.299999237060547
1780530741267506000,83.290505859375,32.21999740600586,-10.619999885559082,30.479999542236328
1780530741277607200,83.30060717773438,32.099998474121094,-10.979999542236328,30.479999542236328
1780530741287647500,83.3106474609375,32.7599983215332,-11.15999984741211,31.439998626708984
1780530741297718300,83.32071826171875,32.939998626708984,-10.979999542236328,31.31999969482422
1780530741307819800,83.33081982421875,33.41999816894531,-10.5,31.07999992370605
1780530741317859800,83.34085986328125,33.84000015258789,-10.4399995803833,31.07999992370605
1780530741327900200,83.35090014648438,33.599998474121094,-9.59999942779541,30.71999931335449
1780530741338001700,83.36100170898438,33.47999954223633,-9.479999542236328,31.01999855041504
1780530741348072400,83.37107250976563,32.880001068115234,-9.899999618530272,31.67999839782715
1780530741358173700,83.38117358398438,32.459999084472656,-8.9399995803833,32.459999084472656
1780530741368214000,83.39121411132813,31.5,-9.59999942779541,33.18000030517578
1780530741378315300,83.40131518554688,30.65999984741211,-9.65999984741211,33.71999740600586
1780530741388416500,83.41141650390625,29.69999885559082,-9.300000190734863,34.439998626708984
1780530741398487300,83.4214873046875,28.559999465942383,-9.539999961853027,34.97999954223633
1780530741448841500,83.47184155273438,22.31999969482422,-11.039999961853027,37.20000076293945
1780530741469044000,83.4920439453125,19.439998626708984,-10.380000114440918,38.21999740600586
1780530741499287000,83.522287109375,14.75999927520752,-11.09999942779541,39.0
1780530741539539700,83.56253979492188,10.260000228881836,-10.079999923706056,39.23999786376953
1780530741610065700,83.63306567382813,4.199999809265137,-9.960000038146973,36.84000015258789
1780530741700825000,83.7238251953125,-2.879999876022339,-11.219999313354492,34.79999923706055
1780530741731068000,83.75406787109375,-7.919999599456787,-10.979999542236328,34.13999938964844
1780530741781483000,83.80448291015625,-12.84000015258789,-16.619998931884766,34.31999969482422
1780530741801655000,83.82465502929688,-15.239999771118164,-18.0,34.20000076293945
1780530741811725800,83.83472583007813,-16.260000228881836,-18.84000015258789,35.279998779296875
1780530741821766100,83.84476611328125,-17.219999313354492,-19.559999465942383,36.05999755859375
1780530741831867600,83.85486767578125,-18.059999465942383,-19.61999893188477,36.65999984741211
1780530741841938400,83.8649384765625,-18.600000381469727,-19.799999237060547,37.20000076293945
1780530741882282500,83.90528247070313,-21.600000381469727,-18.71999931335449,38.7599983215332
1780530741892322800,83.91532275390625,-21.899999618530277,-18.84000015258789,39.18000030517578
1780530741902424000,83.92542407226563,-21.779998779296875,-18.059999465942383,39.119998931884766
1780530741912525600,83.93552563476563,-21.420000076293945,-17.459999084472656,38.81999969482422
1780530741922596400,83.94559643554688,-20.57999992370605,-16.85999870300293,38.63999938964844
1780530741932667100,83.95566723632813,-20.03999900817871,-15.960000038146973,38.21999740600586
1780530741952808700,83.97580859375,-18.899999618530277,-14.039999961853027,39.0
1780530741962879500,83.98587939453125,-17.459999084472656,-13.920000076293944,39.0
1780530741972950300,83.9959501953125,-15.960000038146973,-13.139999389648438,39.29999923706055
1780530741983021000,84.00602099609375,-14.219999313354492,-13.139999389648438,38.87999725341797
1780530741993091800,84.016091796875,-12.359999656677246,-12.719999313354492,38.7599983215332
1780530742003162600,84.02616259765625,-11.219999313354492,-11.579999923706056,38.7599983215332
1780530742033375000,84.056375,-6.779999732971191,-8.9399995803833,39.119998931884766
1780530742073658400,84.09665844726563,0.959999978542328,-6.539999961853027,39.119998931884766
1780530742134113500,84.15711352539063,11.579999923706056,-7.799999713897705,37.73999786376953
1780530742144153900,84.16715380859375,13.739999771118164,-8.399999618530273,37.55999755859375
1780530742154255000,84.17725512695313,15.239999771118164,-9.179999351501465,37.13999938964844
1780530742164326100,84.187326171875,17.34000015258789,-9.65999984741211,36.41999816894531
1780530742174397000,84.19739697265625,18.84000015258789,-10.5,35.880001068115234
1780530742184467700,84.2074677734375,20.57999992370605,-9.359999656677246,35.70000076293945
1780530742194538500,84.21753857421875,22.31999969482422,-8.039999961853027,35.279998779296875
1780530742204609300,84.227609375,23.939998626708984,-8.819999694824219,34.79999923706055
1780530742214710500,84.23771044921875,25.439998626708984,-9.119999885559082,34.02000045776367
1780530742224781300,84.24778125,26.939998626708984,-10.619999885559082,32.81999969482422
1780530742234882600,84.25788256835938,28.19999885559082,-12.420000076293944,31.26000022888184
1780530742244953300,84.26795336914063,29.459999084472656,-12.239999771118164,30.11999893188477
1780530742285328100,84.308328125,34.619998931884766,-13.139999389648438,28.799999237060547
1780530742295399000,84.31839892578125,35.63999938964844,-13.199999809265137,29.03999900817871
1780530742305500400,84.32850048828125,36.29999923706055,-13.25999927520752,28.68000030517578
1780530742315601700,84.3386015625,36.65999984741211,-13.380000114440918,28.439998626708984
1780530742325703000,84.34870288085938,36.959999084472656,-13.31999969482422,27.71999931335449
1780530742335804400,84.35880444335938,37.2599983215332,-13.380000114440918,27.71999931335449
1780530742345905700,84.36890576171875,37.55999755859375,-12.779999732971191,27.599998474121094
1780530742366047200,84.38904711914063,37.55999755859375,-12.359999656677246,27.959999084472656
1780530742376148500,84.3991484375,37.2599983215332,-12.359999656677246,27.599998474121094
1780530742386280400,84.40928051757813,36.65999984741211,-12.059999465942385,27.959999084472656
1780530742406391600,84.4293916015625,36.18000030517578,-11.15999984741211,29.15999984741211
1780530742416523300,84.43952319335938,36.0,-10.739999771118164,29.76000022888184
1780530742426624500,84.44962451171875,35.459999084472656,-10.4399995803833,30.479999542236328
1780530742436726000,84.45972607421875,34.73999786376953,-10.260000228881836,31.19999885559082
1780530742446827300,84.4698271484375,33.65999984741211,-10.199999809265137,31.979999542236328
1780530742456928500,84.47992846679688,32.57999801635742,-10.079999923706056,33.119998931884766
1780530742467060500,84.490060546875,31.5,-9.59999942779541,34.13999938964844
1780530742537708500,84.56070849609375,22.19999885559082,-9.59999942779541,39.05999755859375
1780530742547840500,84.57084057617188,20.15999984741211,-10.199999809265137,38.7599983215332
1780530742557972200,84.58097216796875,18.779998779296875,-10.679999351501465,39.0
1780530742578205400,84.60120532226563,15.719999313354492,-11.279999732971191,38.52000045776367
1780530742588306700,84.611306640625,14.579999923706056,-11.09999942779541,38.57999801635742
1780530742598438700,84.62143872070313,12.960000038146973,-10.979999542236328,37.97999954223633
1780530742608570400,84.6315703125,11.34000015258789,-11.34000015258789,37.79999923706055
1780530742618671600,84.64167163085938,10.31999969482422,-11.639999389648438,37.79999923706055
1780530742628773000,84.65177319335938,9.479999542236328,-11.219999313354492,37.619998931884766
1780530742638874400,84.66187426757813,9.420000076293944,-11.460000038146973,37.5
1780530742648945200,84.67194506835938,9.119999885559082,-11.880000114440918,37.2599983215332
1780530742659077000,84.6820771484375,9.059999465942385,-11.09999942779541,37.02000045776367
1780530742699482400,84.722482421875,5.159999847412109,-9.0,36.41999816894531
1780530742709583600,84.73258349609375,4.920000076293945,-10.019999504089355,35.880001068115234
1780530742739857200,84.76285717773438,3.9599997997283936,-10.260000228881836,35.70000076293945
1780530742770130400,84.79313037109375,1.919999957084656,-11.219999313354492,35.099998474121094
1780530742790363600,84.81336376953125,0.0599999986588954,-12.779999732971191,35.099998474121094
1780530742800465000,84.82346484375,-1.079999923706055,-13.4399995803833,35.15999984741211
1780530742810566100,84.83356616210938,-1.6799999475479126,-14.039999961853027,35.040000915527344
1780530742820667600,84.84366772460938,-2.4600000381469727,-14.639999389648438,35.21999740600586
1780530742830769000,84.85376879882813,-3.839999914169312,-15.899999618530272,34.02000045776367
1780530742840870100,84.8638701171875,-4.739999771118164,-17.520000457763672,34.5
1780530742850971600,84.8739716796875,-6.059999942779541,-18.71999931335449,34.439998626708984
1780530742861073000,84.88407299804688,-7.319999694824219,-19.799999237060547,34.619998931884766
1780530742871174100,84.89417407226563,-8.15999984741211,-20.279998779296875,35.939998626708984
1780530742901478100,84.92447802734375,-10.920000076293944,-21.71999931335449,37.07999801635742
1780530742911609900,84.93460986328125,-12.239999771118164,-21.53999900817871,37.07999801635742
1780530742931843000,84.95484301757813,-15.179999351501465,-21.420000076293945,37.79999923706055
1780530742941975000,84.96497509765625,-15.359999656677246,-21.779998779296875,38.459999084472656
1780530742952076300,84.975076171875,-15.719999313354492,-22.020000457763672,38.93999862670898
1780530742962147000,84.98514697265625,-16.079999923706055,-22.13999938964844,39.59999847412109
1780530742972278800,84.99527880859375,-16.079999923706055,-21.84000015258789,39.65999984741211
1780530742992512000,85.01551196289063,-15.960000038146973,-20.520000457763672,39.71999740600586
1780530743002613500,85.02561352539063,-15.839999198913574,-19.5,39.84000015258789
1780530743012714800,85.03571484375,-15.59999942779541,-18.35999870300293,39.84000015258789
1780530743022816000,85.04581591796875,-15.179999351501465,-17.8799991607666,38.93999862670898
1780530743032917200,85.05591723632813,-14.880000114440918,-17.03999900817871,39.18000030517578
1780530743043018800,85.06601879882813,-13.25999927520752,-16.260000228881836,38.70000076293945
1780530743093525200,85.11652514648438,-8.760000228881836,-10.380000114440918,39.36000061035156
1780530743113728000,85.13672802734375,-6.0,-9.179999351501465,38.52000045776367
1780530743123829200,85.14682934570313,-4.199999809265137,-8.9399995803833,38.57999801635742
1780530743133900000,85.15690014648438,-2.3999998569488525,-8.819999694824219,37.73999786376953
1780530743143910000,85.16690991210938,-0.6599999666213989,-8.279999732971191,38.040000915527344
1780530743153980700,85.17698071289063,0.8999999761581421,-8.399999618530273,37.91999816894531
1780530743214435800,85.23743579101563,11.15999984741211,-7.37999963760376,37.5
1780530743274921700,85.29792163085938,21.299999237060547,-8.279999732971191,36.47999954223633
1780530743284992500,85.30799243164063,22.68000030517578,-7.919999599456787,35.63999938964844
1780530743305134000,85.32813403320313,26.099998474121094,-7.799999713897705,34.79999923706055
1780530743315204900,85.33820483398438,27.299999237060547,-7.859999656677246,34.13999938964844
1780530743355488300,85.37848828125,30.599998474121094,-8.220000267028809,32.63999938964844
1780530743365467400,85.38846728515625,31.739999771118164,-9.300000190734863,32.57999801635742
1780530743375568600,85.39856860351563,32.459999084472656,-9.84000015258789,32.81999969482422
1780530743385639400,85.40863940429688,33.599998474121094,-10.019999504089355,32.7599983215332
1780530743395710200,85.41871020507813,34.02000045776367,-10.380000114440918,31.920000076293945
1780530743405750500,85.42875048828125,34.86000061035156,-9.960000038146973,31.439998626708984
1780530743415852000,85.43885205078125,34.97999954223633,-10.260000228881836,30.899999618530277
1780530743425953300,85.44895336914063,35.21999740600586,-10.31999969482422,30.53999900817871
1780530743435993600,85.45899365234375,35.81999969482422,-10.4399995803833,30.71999931335449
1780530743446034000,85.46903393554688,35.57999801635742,-10.4399995803833,30.71999931335449
1780530743456135200,85.47913525390625,35.63999938964844,-9.719999313354492,30.899999618530277
1780530743466206000,85.4892060546875,35.52000045776367,-9.539999961853027,30.899999618530277
1780530743476307200,85.49930712890625,35.15999984741211,-9.420000076293944,30.420000076293945
1780530743486347500,85.50934741210938,34.86000061035156,-9.179999351501465,31.19999885559082
1780530743496448800,85.51944873046875,34.73999786376953,-9.719999313354492,31.67999839782715
1780530743506519600,85.52951953125,33.779998779296875,-10.019999504089355,32.15999984741211
1780530743516560000,85.53955981445313,33.84000015258789,-9.960000038146973,33.119998931884766
1780530743526600200,85.54960009765625,33.779998779296875,-10.5,33.29999923706055
1780530743536701400,85.55970141601563,32.81999969482422,-10.380000114440918,33.959999084472656
1780530743607136000,85.63013598632813,25.31999969482422,-9.179999351501465,37.13999938964844
1780530743617237500,85.64023754882813,24.18000030517578,-8.760000228881836,37.43999862670898
1780530743627308300,85.65030834960938,22.85999870300293,-7.259999752044678,37.55999755859375
1780530743657581600,85.68058154296875,18.420000076293945,-6.299999713897705,38.09999847412109
1780530743687794000,85.7107939453125,15.299999237060549,-8.639999389648438,38.27999877929688
1780530743697865000,85.72086499023438,14.579999923706056,-9.119999885559082,37.91999816894531
1780530743707935700,85.73093579101563,13.739999771118164,-9.84000015258789,38.040000915527344
1780530743717975800,85.74097583007813,13.139999389648438,-9.899999618530272,38.15999984741211
1780530743738148000,85.76114819335938,12.300000190734863,-10.019999504089355,38.34000015258789
1780530743748249300,85.77124926757813,11.399999618530272,-9.719999313354492,38.040000915527344
1780530743758320000,85.78132006835938,9.539999961853027,-9.539999961853027,37.13999938964844
1780530743768360400,85.7913603515625,8.460000038146973,-9.65999984741211,36.36000061035156
1780530743778431200,85.80143115234375,8.039999961853027,-9.84000015258789,36.119998931884766
1780530743788471600,85.81147143554688,7.679999828338623,-10.4399995803833,36.0
1780530743798572800,85.82157275390625,7.37999963760376,-10.920000076293944,36.05999755859375
1780530743808643600,85.8316435546875,6.839999675750732,-11.519999504089355,36.47999954223633
1780530743818714400,85.84171435546875,5.759999752044678,-11.639999389648438,35.939998626708984
1780530743838886700,85.86188671875,3.7200000286102295,-12.239999771118164,35.57999801635742
1780530743848988000,85.87198779296875,2.759999990463257,-11.9399995803833,35.279998779296875
1780530743859058700,85.88205859375,1.319999933242798,-12.300000190734863,35.15999984741211
1780530743869129500,85.89212939453125,0.4199999868869781,-12.59999942779541,35.57999801635742
1780530743879200300,85.9022001953125,-0.4199999868869781,-13.380000114440918,35.880001068115234
1780530743889271000,85.91227099609375,-1.7999999523162842,-14.519999504089355,36.05999755859375
1780530743899372500,85.92237255859375,-2.5799999237060547,-15.420000076293944,36.23999786376953
1780530743909443300,85.932443359375,-3.059999942779541,-15.719999313354492,36.0
1780530743919483400,85.9424833984375,-4.199999809265137,-16.020000457763672,35.81999969482422
1780530743929585000,85.9525849609375,-4.559999942779541,-16.559999465942383,36.05999755859375
1780530743939686100,85.96268603515625,-5.400000095367432,-17.459999084472656,36.47999954223633
1780530743990009600,86.01300952148438,-12.0,-18.84000015258789,38.81999969482422
1780530744000080400,86.02308032226563,-12.84000015258789,-19.020000457763672,38.87999725341797
1780530744010151200,86.03315112304688,-13.679999351501465,-18.65999984741211,39.36000061035156
1780530744020222000,86.04322192382813,-14.460000038146973,-18.71999931335449,39.65999984741211
1780530744030292700,86.05329272460938,-14.09999942779541,-18.18000030517578,40.02000045776367
1780530744050434300,86.07343432617188,-14.219999313354492,-17.219999313354492,40.73999786376953
1780530744060505300,86.08350537109375,-14.15999984741211,-16.739999771118164,40.79999923706055
1780530744070606600,86.09360668945313,-14.039999961853027,-16.260000228881836,40.619998931884766
1780530744080707800,86.10370776367188,-13.979999542236328,-15.960000038146973,40.2599983215332
1780530744100849400,86.12384936523438,-11.9399995803833,-15.059999465942385,39.77999877929688
1780530744110920200,86.13392016601563,-11.81999969482422,-13.079999923706056,39.71999740600586
1780530744131092500,86.15409252929688,-10.019999504089355,-11.279999732971191,39.89999771118164
1780530744141163300,86.16416333007813,-9.0,-10.31999969482422,39.23999786376953
1780530744151264500,86.17426440429688,-7.199999809265137,-11.09999942779541,39.23999786376953
1780530744161335300,86.18433520507813,-6.059999942779541,-10.679999351501465,39.119998931884766
1780530744181476900,86.20447680664063,-4.199999809265137,-9.539999961853027,39.23999786376953
1780530744191578000,86.214578125,-3.179999828338623,-9.179999351501465,39.05999755859375
1780530744201649200,86.22464916992188,-1.919999957084656,-8.819999694824219,39.119998931884766
1780530744211750400,86.23475048828125,-0.3599999845027923,-8.519999504089355,39.36000061035156
1780530744221821200,86.2448212890625,2.1599998474121094,-7.679999828338623,39.59999847412109
1780530744231922400,86.25492236328125,3.839999914169312,-6.71999979019165,39.47999954223633
1780530744272266800,86.29526684570313,9.960000038146973,-6.420000076293945,38.93999862670898
1780530744302479000,86.32547900390625,14.75999927520752,-6.71999979019165,37.68000030517578
1780530744312580400,86.33558032226563,15.960000038146973,-6.71999979019165,37.68000030517578
1780530744352924700,86.37592456054688,22.439998626708984,-8.639999389648438,36.18000030517578
1780530744363026000,86.38602587890625,24.059999465942383,-9.239999771118164,35.939998626708984
1780530744373127400,86.39612744140625,25.439998626708984,-9.779999732971191,35.939998626708984
1780530744383198200,86.4061982421875,26.34000015258789,-9.779999732971191,35.70000076293945
1780530744393269000,86.41626904296875,27.599998474121094,-9.899999618530272,34.86000061035156
1780530744403339800,86.42633984375,28.13999938964844,-9.420000076293944,34.07999801635742
1780530744413441000,86.43644091796875,28.979999542236328,-9.300000190734863,33.29999923706055
1780530744423511800,86.44651171875,29.69999885559082,-9.239999771118164,32.70000076293945
1780530744433582600,86.45658251953125,30.35999870300293,-9.359999656677246,32.7599983215332
1780530744443683800,86.46668383789063,31.85999870300293,-10.139999389648438,32.81999969482422
1780530744473957400,86.49695727539063,33.89999771118164,-11.219999313354492,32.099998474121094
1780530744484028200,86.50702807617188,34.380001068115234,-10.979999542236328,31.920000076293945
1780530744494099000,86.51709887695313,34.439998626708984,-10.800000190734863,32.040000915527344
1780530744534351600,86.5573515625,34.619998931884766,-8.09999942779541,32.459999084472656
1780530744544422400,86.56742236328125,33.89999771118164,-8.399999618530273,32.279998779296875
1780530744574604300,86.59760424804688,32.7599983215332,-8.460000038146973,33.540000915527344
1780530744584705800,86.60770581054688,31.799999237060547,-7.259999752044678,34.5
1780530744594807000,86.61780712890625,31.3799991607666,-6.71999979019165,35.21999740600586
1780530744635151000,86.65815112304688,27.479999542236328,-7.259999752044678,37.2599983215332
1780530744645191400,86.66819140625,26.81999969482422,-7.319999694824219,37.31999969482422
1780530744655293000,86.67829296875,25.85999870300293,-7.440000057220459,37.380001068115234
1780530744665394200,86.68839428710938,25.13999938964844,-7.980000019073486,37.31999969482422
1780530744675465000,86.69846484375,23.57999992370605,-8.399999618530273,37.13999938964844
1780530744695637000,86.71863696289063,21.779998779296875,-8.15999984741211,38.15999984741211
1780530744705707800,86.72870776367188,20.76000022888184,-8.34000015258789,38.27999877929688
1780530744715778600,86.73877856445313,20.57999992370605,-8.639999389648438,38.57999801635742
1780530744725819000,86.74881884765625,19.979999542236328,-9.479999542236328,38.09999847412109
1780530744735920400,86.75892041015625,19.07999992370605,-9.960000038146973,37.5
1780530744745991200,86.7689912109375,18.299999237060547,-10.019999504089355,37.68000030517578
1780530744756062000,86.77906201171875,17.399999618530273,-10.31999969482422,37.380001068115234
1780530744776173000,86.79917309570313,15.299999237060549,-10.739999771118164,38.15999984741211
1780530744786213000,86.80921313476563,14.579999923706056,-11.09999942779541,38.15999984741211
1780530744796314600,86.81931469726563,13.739999771118164,-10.619999885559082,38.09999847412109
1780530744806385400,86.82938549804688,13.019999504089355,-10.5,37.91999816894531
1780530744816456200,86.83945629882813,12.779999732971191,-10.679999351501465,36.65999984741211
1780530744836597800,86.85959765625,11.399999618530272,-10.859999656677246,36.47999954223633
1780530744846699000,86.86969897460938,10.800000190734863,-11.039999961853027,36.71999740600586
1780530744887012900,86.91001293945313,7.139999866485596,-12.239999771118164,36.59999847412109
1780530744897114000,86.92011401367188,6.179999828338623,-12.179999351501465,37.20000076293945
1780530744907215400,86.93021533203125,4.619999885559082,-12.479999542236328,37.20000076293945
1780530744927418000,86.95041821289063,2.3999998569488525,-12.779999732971191,36.71999740600586
1780530744937489000,86.96048901367188,0.8999999761581421,-13.5,37.13999938964844
1780530744947590100,86.97059008789063,0.0599999986588954,-13.799999237060549,37.13999938964844
1780530744957691400,86.98069140625,-1.2599999904632568,-14.579999923706056,37.02000045776367
1780530744977833200,87.00083325195313,-3.119999885559082,-16.559999465942383,37.55999755859375
1780530744987934500,87.0109345703125,-4.259999752044678,-17.520000457763672,38.27999877929688
1780530744998005200,87.02100512695313,-4.920000076293945,-17.579999923706055,38.57999801635742
1780530745048481300,87.07148120117188,-10.019999504089355,-18.35999870300293,40.13999938964844
1780530745058582500,87.08158251953125,-10.5,-18.35999870300293,40.2599983215332
1780530745078785300,87.10178540039063,-12.239999771118164,-17.940000534057617,40.20000076293945
1780530745088917000,87.1119169921875,-12.84000015258789,-17.940000534057617,40.31999969482422
1780530745099018500,87.1220185546875,-13.739999771118164,-17.8799991607666,40.73999786376953
1780530745109089300,87.13208935546875,-13.5,-18.53999900817871,41.040000915527344
1780530745119190500,87.1421904296875,-14.519999504089355,-18.18000030517578,40.31999969482422
1780530745129291800,87.15229174804688,-14.579999923706056,-17.399999618530273,39.959999084472656
1780530745159595800,87.182595703125,-12.300000190734863,-14.039999961853027,40.31999969482422
1780530745179829000,87.2028291015625,-11.039999961853027,-13.25999927520752,40.13999938964844
1780530745240498000,87.26349780273438,-4.559999942779541,-9.420000076293944,38.93999862670898
1780530745250599200,87.27359912109375,-3.299999952316284,-9.179999351501465,38.81999969482422
1780530745260700400,87.28370043945313,-2.3399999141693115,-8.399999618530273,37.86000061035156
1780530745280933600,87.30393359375,0.1799999922513961,-8.279999732971191,38.15999984741211
1780530745291035100,87.31403515625,1.6799999475479126,-7.559999942779541,37.86000061035156
1780530745301166800,87.32416674804688,4.019999980926514,-7.799999713897705,38.21999740600586
1780530745311268000,87.33426806640625,5.579999923706055,-7.259999752044678,38.040000915527344
1780530745321339000,87.3443388671875,7.259999752044678,-7.440000057220459,37.55999755859375
1780530745331470800,87.35447094726563,9.300000190734863,-7.980000019073486,37.43999862670898
1780530745341572000,87.36457202148438,11.279999732971191,-8.220000267028809,37.68000030517578
1780530745351673300,87.37467333984375,13.31999969482422,-8.639999389648438,37.02000045776367
1780530745361774800,87.38477490234375,15.59999942779541,-8.880000114440918,37.02000045776367
1780530745371876000,87.3948759765625,17.81999969482422,-9.119999885559082,36.89999771118164
1780530745381977300,87.40497729492188,19.07999992370605,-9.0,35.7599983215332
1780530745402210600,87.42521044921875,21.84000015258789,-8.9399995803833,34.97999954223633
1780530745412311800,87.43531176757813,22.61999893188477,-8.34000015258789,34.68000030517578
1780530745432575500,87.45557543945313,24.899999618530277,-8.579999923706055,34.79999923706055
1780530745442676700,87.4656767578125,25.5,-8.819999694824219,34.13999938964844
1780530745452778200,87.4757783203125,27.18000030517578,-9.0,33.65999984741211
1780530745462879500,87.48587939453125,28.26000022888184,-9.059999465942385,33.119998931884766
1780530745533619200,87.556619140625,33.119998931884766,-11.09999942779541,30.959999084472656
1780530745543720400,87.56672045898438,32.880001068115234,-9.420000076293944,30.959999084472656
1780530745553822000,87.57682202148438,32.34000015258789,-7.980000019073486,31.5
1780530745563892700,87.58689282226563,32.880001068115234,-7.679999828338623,30.779998779296875
1780530745584126000,87.6071259765625,33.779998779296875,-10.079999923706056,30.779998779296875
1780530745594196700,87.61719677734375,34.73999786376953,-11.039999961853027,30.059999465942383
1780530745604298000,87.62729809570313,34.439998626708984,-10.800000190734863,30.53999900817871
1780530745614399200,87.63739916992188,34.02000045776367,-11.34000015258789,30.84000015258789
1780530745624531200,87.64753125,33.71999740600586,-10.679999351501465,30.84000015258789
1780530745634663000,87.65766284179688,33.47999954223633,-10.800000190734863,31.979999542236328
1780530745644733700,87.66773364257813,33.599998474121094,-10.920000076293944,32.57999801635742
1780530745654865700,87.67786572265625,32.63999938964844,-10.920000076293944,32.939998626708984
1780530745664997400,87.68799731445313,31.67999839782715,-10.739999771118164,34.20000076293945
1780530745675098600,87.6980986328125,30.53999900817871,-10.380000114440918,34.86000061035156
1780530745685200100,87.7082001953125,29.15999984741211,-9.84000015258789,35.939998626708984
1780530745695301400,87.71830126953125,28.3799991607666,-9.0,37.02000045776367
1780530745705463800,87.7284638671875,27.18000030517578,-9.420000076293944,36.71999740600586
1780530745715565000,87.73856494140625,25.739999771118164,-9.65999984741211,37.13999938964844
1780530745725666300,87.74866625976563,24.239999771118164,-9.59999942779541,37.07999801635742
1780530745786335200,87.80933520507813,17.34000015258789,-9.960000038146973,39.05999755859375
1780530745816639200,87.83963916015625,14.15999984741211,-10.139999389648438,38.63999938964844
1780530745826740500,87.84974047851563,12.899999618530272,-10.31999969482422,37.73999786376953
1780530745836872400,87.85987255859375,11.699999809265137,-10.679999351501465,37.2599983215332
1780530745846973700,87.8699736328125,11.15999984741211,-11.279999732971191,36.47999954223633
1780530745857075000,87.88007495117188,10.739999771118164,-11.219999313354492,35.7599983215332
1780530745867176400,87.89017651367188,10.199999809265137,-10.979999542236328,36.05999755859375
1780530745877277700,87.90027758789063,9.479999542236328,-11.34000015258789,35.880001068115234
1780530745887379000,87.91037890625,9.059999465942385,-11.519999504089355,36.0
1780530745917713400,87.94071337890625,7.019999980926514,-12.479999542236328,35.279998779296875
1780530745927815000,87.95081494140625,6.179999828338623,-11.880000114440918,34.439998626708984
1780530745937916200,87.96091625976563,5.339999675750732,-11.880000114440918,34.68000030517578
1780530745958149400,87.9811494140625,3.7799999713897705,-11.639999389648438,34.91999816894531
1780530745978351900,88.00135180664063,1.9799998998641968,-13.25999927520752,35.7599983215332
1780530745988453000,88.011453125,0.959999978542328,-14.15999984741211,35.34000015258789
1780530745998554600,88.0215546875,-0.2399999946355819,-15.179999351501465,35.279998779296875
1780530746038807300,88.06180737304688,-4.199999809265137,-14.09999942779541,36.05999755859375
1780530746048878000,88.07187817382813,-5.460000038146973,-14.639999389648438,36.23999786376953
1780530746058918400,88.08191845703125,-6.779999732971191,-15.779999732971191,36.540000915527344
1780530746069019600,88.09201953125,-7.319999694824219,-18.0,37.02000045776367
1780530746079090400,88.10209033203125,-7.679999828338623,-19.559999465942383,37.02000045776367
1780530746129475000,88.15247509765625,-11.699999809265137,-21.239999771118164,38.7599983215332
1780530746149616600,88.17261669921875,-12.359999656677246,-21.84000015258789,38.87999725341797
1780530746159687400,88.1826875,-12.539999961853027,-21.959999084472656,38.70000076293945
1780530746169758200,88.19275830078125,-12.84000015258789,-21.479999542236328,39.05999755859375
1780530746189930200,88.21293017578125,-13.139999389648438,-19.559999465942383,40.13999938964844
1780530746240345300,88.26334545898438,-12.539999961853027,-15.119999885559082,39.29999923706055
1780530746250416000,88.273416015625,-12.119999885559082,-14.639999389648438,38.81999969482422
1780530746260517400,88.28351733398438,-11.34000015258789,-14.219999313354492,38.040000915527344
1780530746270588200,88.29358813476563,-10.199999809265137,-14.219999313354492,37.619998931884766
1780530746280659000,88.30365893554688,-9.420000076293944,-13.4399995803833,37.86000061035156
1780530746290760400,88.31376049804688,-8.460000038146973,-12.65999984741211,37.73999786376953
1780530746300831200,88.32383129882813,-7.980000019073486,-11.519999504089355,38.27999877929688
1780530746310902000,88.33390209960938,-7.259999752044678,-10.559999465942385,38.63999938964844
1780530746320972800,88.34397290039063,-5.819999694824219,-9.65999984741211,38.459999084472656
1780530746401569800,88.42456982421875,7.079999923706055,-6.659999847412109,37.86000061035156
1780530746431812600,88.4548125,11.9399995803833,-5.87999963760376,36.36000061035156
1780530746441883400,88.46488330078125,13.799999237060549,-6.0,36.23999786376953
1780530746462055400,88.48505541992188,16.920000076293945,-6.839999675750732,35.81999969482422
1780530746472095700,88.495095703125,18.959999084472656,-7.079999923706055,35.279998779296875
1780530746482197200,88.505197265625,19.85999870300293,-7.619999885559082,34.619998931884766
1780530746492268000,88.51526806640625,21.65999984741211,-8.15999984741211,33.23999786376953
1780530746502338800,88.5253388671875,24.299999237060547,-7.799999713897705,33.47999954223633
1780530746512409600,88.53540966796875,24.71999931335449,-6.899999618530273,33.540000915527344
1780530746522419200,88.54541918945313,25.799999237060547,-6.659999847412109,33.0
1780530746532551200,88.55555126953125,26.76000022888184,-7.019999980926514,33.41999816894531
1780530746562733000,88.58573315429688,29.69999885559082,-10.619999885559082,32.21999740600586
1780530746572803800,88.59580395507813,30.779998779296875,-10.380000114440918,32.21999740600586
1780530746582905000,88.60590502929688,30.71999931335449,-9.59999942779541,32.7599983215332
1780530746623188200,88.64618823242188,31.739999771118164,-8.880000114440918,32.57999801635742
1780530746633259000,88.65625903320313,32.39999771118164,-8.9399995803833,33.119998931884766
1780530746693684000,88.71668408203125,31.26000022888184,-8.09999942779541,33.89999771118164
1780530746703754800,88.72675463867188,30.53999900817871,-8.09999942779541,34.2599983215332
1780530746723926800,88.7469267578125,29.939998626708984,-8.760000228881836,34.68000030517578
1780530746734028300,88.7570283203125,29.279998779296875,-8.460000038146973,35.15999984741211
1780530746744099000,88.76709912109375,28.920000076293945,-9.300000190734863,35.39999771118164
1780530746764210200,88.78721020507813,26.8799991607666,-10.139999389648438,35.939998626708984
1780530746774311400,88.7973115234375,25.26000022888184,-10.920000076293944,36.23999786376953
1780530746784412700,88.80741259765625,24.0,-11.15999984741211,36.36000061035156
1780530746794483500,88.8174833984375,22.979999542236328,-10.859999656677246,36.540000915527344
1780530746804584700,88.82758471679688,22.5,-10.800000190734863,37.20000076293945
1780530746814655700,88.83765576171875,22.020000457763672,-11.039999961853027,37.5
1780530746824818000,88.84781787109375,21.420000076293945,-10.920000076293944,37.86000061035156
1780530746834888700,88.857888671875,20.57999992370605,-11.15999984741211,38.21999740600586
1780530746865162200,88.88816235351563,17.760000228881836,-10.5,38.70000076293945
1780530746885334300,88.90833422851563,16.3799991607666,-10.199999809265137,37.55999755859375
1780530746915546600,88.93854663085938,14.15999984741211,-9.779999732971191,37.43999862670898
1780530746925617400,88.94861743164063,13.979999542236328,-9.59999942779541,37.31999969482422
1780530746965961700,88.98896166992188,12.059999465942385,-10.199999809265137,36.89999771118164
1780530746976063000,88.99906298828125,11.519999504089355,-9.719999313354492,36.47999954223633
1780530747006244900,89.02924487304688,8.699999809265137,-8.699999809265137,35.39999771118164
1780530747016316000,89.03931591796875,7.919999599456787,-9.539999961853027,34.91999816894531
1780530747026386700,89.04938671875,7.259999752044678,-11.15999984741211,35.21999740600586
1780530747036488000,89.05948803710938,6.659999847412109,-12.479999542236328,35.21999740600586
1780530747046558700,89.06955883789063,6.179999828338623,-13.139999389648438,35.15999984741211
1780530747056629500,89.07962939453125,5.159999847412109,-13.619999885559082,35.70000076293945
1780530747066700300,89.0897001953125,4.920000076293945,-14.399999618530272,35.81999969482422
1780530747086872300,89.10987231445313,3.059999942779541,-14.880000114440918,36.23999786376953
1780530747096882200,89.11988208007813,2.4600000381469727,-15.479999542236328,36.29999923706055
1780530747117023700,89.14002368164063,0.8999999761581421,-15.539999961853027,36.89999771118164
1780530747127094500,89.15009448242188,0.7199999690055847,-16.3799991607666,37.43999862670898
1780530747137165300,89.16016528320313,0.1799999922513961,-17.69999885559082,38.15999984741211
1780530747147266800,89.17026684570313,-0.959999978542328,-18.479999542236328,38.15999984741211
1780530747157368000,89.1803681640625,-1.6200000047683716,-19.439998626708984,38.7599983215332
1780530747167408400,89.19040844726563,-2.759999990463257,-19.61999893188477,38.93999862670898
1780530747217823200,89.2408232421875,-5.579999923706055,-19.31999969482422,42.84000015258789
1780530747227894300,89.25089428710938,-6.239999771118164,-19.13999938964844,43.02000045776367
1780530747237965000,89.26096508789063,-6.599999904632568,-18.779998779296875,42.77999877929688
1780530747248066300,89.27106640625,-7.079999923706055,-18.11999893188477,42.36000061035156
1780530747268207900,89.29120776367188,-7.739999771118164,-17.639999389648438,42.05999755859375
1780530747278278700,89.30127856445313,-7.919999599456787,-17.219999313354492,41.93999862670898
1780530747288319000,89.31131909179688,-7.679999828338623,-16.85999870300293,42.23999786376953
1780530747298389800,89.3213896484375,-7.319999694824219,-16.5,41.93999862670898
1780530747308491000,89.33149096679688,-7.559999942779541,-15.779999732971191,41.459999084472656
1780530747318561800,89.34156176757813,-7.019999980926514,-15.239999771118164,40.97999954223633
1780530747328632600,89.35163256835938,-7.139999866485596,-14.579999923706056,40.20000076293945
1780530747338734000,89.36173413085938,-6.839999675750732,-14.219999313354492,40.2599983215332
1780530747348804900,89.37180493164063,-5.87999963760376,-13.739999771118164,40.20000076293945
1780530747368977000,89.39197680664063,-4.980000019073486,-12.300000190734863,39.84000015258789
1780530747389179600,89.4121796875,-3.119999885559082,-10.559999465942385,39.05999755859375
1780530747429493200,89.4524931640625,1.319999933242798,-8.34000015258789,37.73999786376953
1780530747439594500,89.46259448242188,2.039999961853028,-8.09999942779541,37.43999862670898
1780530747449665300,89.47266528320313,3.899999856948853,-7.259999752044678,37.2599983215332
1780530747459736000,89.48273608398438,5.039999961853027,-7.079999923706055,37.31999969482422
1780530747469807000,89.49280712890625,6.0,-4.920000076293945,37.07999801635742
1780530747479908400,89.50290844726563,6.960000038146973,-3.7799999713897705,37.2599983215332
1780530747489979100,89.51297924804688,8.220000267028809,-3.5999999046325684,36.89999771118164
1780530747500050000,89.5230498046875,9.539999961853027,-3.539999961853028,36.41999816894531
1780530747510120700,89.53312060546875,11.9399995803833,-5.099999904632568,36.71999740600586
1780530747520191500,89.54319140625,14.699999809265137,-6.359999656677246,36.47999954223633
1780530747530262300,89.55326220703125,16.559999465942383,-6.839999675750732,36.71999740600586
1780530747540363500,89.56336352539063,18.420000076293945,-6.839999675750732,36.59999847412109
1780530747550434300,89.57343432617188,19.559999465942383,-7.319999694824219,36.18000030517578
1780530747560505300,89.58350537109375,20.69999885559082,-6.659999847412109,35.939998626708984
1780530747570576100,89.593576171875,21.71999931335449,-6.480000019073486,34.86000061035156
1780530747580677400,89.60367749023438,22.31999969482422,-6.539999961853027,34.73999786376953
1780530747590748200,89.613748046875,23.939998626708984,-6.179999828338623,34.380001068115234
1780530747600819000,89.62381884765625,24.899999618530277,-6.839999675750732,33.89999771118164
1780530747610889700,89.6338896484375,25.85999870300293,-7.259999752044678,33.89999771118164
1780530747620960500,89.64396044921875,27.420000076293945,-7.259999752044678,32.81999969482422
1780530747641102000,89.66410205078125,29.63999938964844,-7.259999752044678,31.799999237060547
1780530747651142400,89.67414233398438,31.01999855041504,-7.139999866485596,31.67999839782715
1780530747661243600,89.68424365234375,31.559999465942383,-8.039999961853027,31.739999771118164
1780530747671345200,89.69434521484375,32.099998474121094,-8.399999618530273,31.26000022888184
1780530747681446400,89.7044462890625,33.05999755859375,-9.119999885559082,31.439998626708984
1780530747691517200,89.71451708984375,33.0,-9.359999656677246,31.26000022888184
1780530747701557500,89.7245576171875,33.71999740600586,-8.880000114440918,31.07999992370605
1780530747711658800,89.73465869140625,33.599998474121094,-8.639999389648438,31.07999992370605
1780530747721729500,89.7447294921875,33.65999984741211,-8.039999961853027,30.479999542236328
1780530747731800300,89.75480029296875,33.959999084472656,-7.919999599456787,30.420000076293945
1780530747782215400,89.80521533203125,33.959999084472656,-7.319999694824219,32.279998779296875
1780530747792286200,89.8152861328125,33.119998931884766,-7.5,32.880001068115234
1780530747802296000,89.82529614257813,32.7599983215332,-7.619999885559082,33.18000030517578
1780530747812397300,89.83539721679688,31.739999771118164,-8.279999732971191,33.599998474121094
1780530747822498600,89.84549853515625,30.959999084472656,-8.460000038146973,34.380001068115234
1780530747832600000,89.85560009765625,30.35999870300293,-7.679999828338623,34.79999923706055
1780530747842670800,89.8656708984375,29.63999938964844,-7.259999752044678,35.459999084472656
1780530747852772000,89.87577221679688,28.3799991607666,-6.960000038146973,35.939998626708984
1780530747893116400,89.91611645507813,22.85999870300293,-8.460000038146973,36.59999847412109
1780530747953663200,89.97666333007813,16.979999542236328,-7.019999980926514,37.55999755859375
1780530747973835300,89.99683520507813,14.75999927520752,-7.37999963760376,36.84000015258789
1780530747983936500,90.0069365234375,13.979999542236328,-8.819999694824219,36.540000915527344
1780530747994038000,90.0170380859375,13.4399995803833,-10.559999465942385,36.36000061035156
1780530748004108800,90.02710888671875,12.0,-11.279999732971191,36.119998931884766
1780530748014210000,90.0372099609375,11.81999969482422,-11.699999809265137,36.47999954223633
1780530748024311300,90.04731127929688,10.920000076293944,-11.519999504089355,36.41999816894531
1780530748034412800,90.05741284179688,10.139999389648438,-11.09999942779541,36.89999771118164
1780530748044514000,90.06751416015625,9.719999313354492,-10.979999542236328,36.540000915527344
1780530748054584800,90.07758471679688,8.279999732971191,-10.979999542236328,35.880001068115234
1780530748125233000,90.14823291015624,2.3399999141693115,-13.380000114440918,35.81999969482422
1780530748145466000,90.16846606445311,0.1799999922513961,-14.880000114440918,35.279998779296875
1780530748155567400,90.1785673828125,-0.6599999666213989,-15.539999961853027,35.15999984741211
1780530748165668900,90.1886689453125,-1.8600000143051147,-16.3799991607666,34.79999923706055
1780530748175770000,90.19877001953124,-2.879999876022339,-16.799999237060547,34.91999816894531
1780530748185871400,90.20887133789064,-4.380000114440918,-17.8799991607666,35.15999984741211
1780530748195972900,90.21897290039064,-6.119999885559082,-18.84000015258789,35.040000915527344
1780530748206074000,90.22907421875,-6.779999732971191,-19.559999465942383,35.57999801635742
1780530748226276600,90.24927661132811,-7.859999656677246,-20.34000015258789,36.540000915527344
1780530748236378000,90.25937817382813,-8.460000038146973,-20.76000022888184,37.619998931884766
1780530748246479400,90.26947924804688,-9.119999885559082,-20.76000022888184,38.27999877929688
1780530748256580600,90.27958056640624,-9.84000015258789,-21.600000381469727,38.459999084472656
1780530748266651400,90.2896513671875,-10.380000114440918,-21.899999618530277,39.0
1780530748276783400,90.29978344726564,-10.5,-21.899999618530277,39.29999923706055
1780530748286884600,90.30988452148438,-10.859999656677246,-22.739999771118164,39.959999084472656
1780530748296985900,90.31998583984377,-10.859999656677246,-22.439998626708984,40.97999954223633
1780530748357624300,90.38062426757811,-12.420000076293944,-18.18000030517578,40.86000061035156
1780530748367725600,90.3907255859375,-12.0,-17.399999618530273,40.5
1780530748377857500,90.400857421875,-11.039999961853027,-16.739999771118164,40.55999755859375
1780530748428394800,90.45139477539064,-8.579999923706055,-11.219999313354492,40.91999816894531
1780530748448597200,90.47159716796877,-6.599999904632568,-9.59999942779541,41.34000015258789
1780530748458698500,90.48169848632811,-6.059999942779541,-8.880000114440918,39.77999877929688
1780530748468800000,90.49180004882813,-5.039999961853027,-9.84000015258789,39.29999923706055
1780530748478901200,90.5019013671875,-3.659999847412109,-9.539999961853027,39.23999786376953
1780530748489002500,90.51200244140624,-2.220000028610229,-9.84000015258789,38.70000076293945
1780530748499165000,90.5221650390625,-0.7199999690055847,-9.65999984741211,39.23999786376953
1780530748509266200,90.53226611328124,1.0199999809265137,-9.479999542236328,38.70000076293945
1780530748519367400,90.54236743164064,3.119999885559082,-9.719999313354492,38.040000915527344
1780530748529469000,90.55246899414064,4.679999828338623,-9.65999984741211,37.86000061035156
1780530748600208600,90.62320874023438,14.699999809265137,-8.819999694824219,36.89999771118164
1780530748610310000,90.63330981445311,16.31999969482422,-9.719999313354492,36.05999755859375
1780530748620441900,90.64344189453124,18.18000030517578,-10.859999656677246,35.21999740600586
1780530748630543000,90.65354321289064,20.21999931335449,-11.460000038146973,34.73999786376953
1780530748640644400,90.66364428710938,21.899999618530277,-12.359999656677246,34.20000076293945
1780530748660847000,90.68384716796876,24.420000076293945,-12.84000015258789,33.599998474121094
1780530748681049600,90.70404956054688,26.279998779296875,-12.300000190734863,32.939998626708984
1780530748691181600,90.714181640625,27.059999465942383,-11.75999927520752,32.21999740600586
1780530748701313300,90.72431323242188,28.31999969482422,-11.15999984741211,31.799999237060547
1780530748711445200,90.7344453125,29.34000015258789,-11.09999942779541,31.739999771118164
1780530748721485600,90.74448559570313,30.11999893188477,-11.15999984741211,31.799999237060547
1780530748731617300,90.7546171875,31.13999938964844,-11.279999732971191,31.920000076293945
1780530748741718500,90.76471850585938,31.26000022888184,-12.300000190734863,31.3799991607666
1780530748761829600,90.78482958984377,32.57999801635742,-13.25999927520752,30.239999771118164
1780530748771961600,90.79496166992188,33.47999954223633,-13.559999465942385,29.8799991607666
1780530748782062800,90.80506274414064,33.89999771118164,-13.199999809265137,30.479999542236328
1780530748792133600,90.81513354492188,33.959999084472656,-13.25999927520752,30.11999893188477
1780530748802174000,90.82517407226564,33.65999984741211,-12.239999771118164,29.939998626708984
1780530748812275200,90.83527514648438,33.36000061035156,-12.239999771118164,30.17999839782715
1780530748822346000,90.84534594726564,33.41999816894531,-12.179999351501465,30.059999465942383
1780530748832447500,90.85544750976564,33.119998931884766,-12.65999984741211,30.71999931335449
1780530748842487600,90.86548754882811,33.119998931884766,-12.899999618530272,31.31999969482422
1780530748852589000,90.87558911132813,33.05999755859375,-12.779999732971191,31.739999771118164
1780530748882801400,90.90580151367188,30.779998779296875,-12.719999313354492,33.779998779296875
1780530748892872200,90.9158720703125,29.399999618530277,-12.359999656677246,34.55999755859375
1780530748913013800,90.936013671875,28.07999992370605,-12.0,35.70000076293945
1780530748923115000,90.94611499023438,26.57999992370605,-11.15999984741211,36.23999786376953
1780530748973499600,90.99649975585938,18.65999984741211,-11.579999923706056,38.63999938964844
1780530748983601000,91.00660083007811,17.579999923706055,-11.699999809265137,38.63999938964844
1780530749023975700,91.0469755859375,13.31999969482422,-10.5,39.959999084472656
1780530749034077000,91.05707690429688,12.119999885559082,-10.199999809265137,40.31999969482422
1780530749044147700,91.06714770507811,11.9399995803833,-10.739999771118164,39.77999877929688
1780530749054218500,91.07721850585938,10.979999542236328,-10.739999771118164,39.47999954223633
1780530749104603100,91.12760302734377,7.019999980926514,-10.739999771118164,39.0
1780530749124714200,91.14771435546876,5.87999963760376,-11.639999389648438,37.619998931884766
1780530749134754600,91.15775463867188,6.179999828338623,-11.880000114440918,36.65999984741211
1780530749144855800,91.16785571289064,5.099999904632568,-12.059999465942385,36.05999755859375
1780530749195209700,91.21820971679688,2.2799999713897705,-12.539999961853027,36.05999755859375
1780530749245594400,91.26859448242188,-1.7400000095367432,-14.399999618530272,34.86000061035156
1780530749255665200,91.2786650390625,-2.3399999141693115,-14.9399995803833,35.459999084472656
1780530749265766400,91.28876635742188,-2.759999990463257,-15.420000076293944,35.81999969482422
1780530749275837200,91.29883715820311,-4.139999866485596,-16.19999885559082,35.7599983215332
1780530749316120600,91.33912060546876,-7.980000019073486,-18.600000381469727,36.65999984741211
1780530749326221800,91.34922192382813,-8.34000015258789,-19.13999938964844,37.02000045776367
1780530749336292600,91.35929272460938,-9.0,-19.799999237060547,37.02000045776367
1780530749346363400,91.36936328125,-9.960000038146973,-20.34000015258789,37.380001068115234
1780530749356464600,91.37946459960938,-10.800000190734863,-20.63999938964844,38.040000915527344
1780530749366566100,91.38956616210938,-11.699999809265137,-20.76000022888184,38.34000015258789
1780530749376637000,91.39963696289064,-12.0,-20.63999938964844,39.29999923706055
1780530749386707700,91.40970776367188,-12.719999313354492,-19.61999893188477,39.65999984741211
1780530749406879700,91.42987963867188,-12.899999618530272,-18.959999084472656,40.619998931884766
1780530749416920000,91.43992016601564,-13.199999809265137,-18.420000076293945,40.91999816894531
1780530749427021300,91.45002124023438,-12.779999732971191,-19.26000022888184,40.91999816894531
1780530749437092000,91.46009204101564,-12.899999618530272,-19.19999885559082,40.79999923706055
1780530749447163000,91.47016284179688,-12.420000076293944,-18.479999542236328,40.619998931884766
1780530749487415600,91.51041552734377,-11.34000015258789,-14.639999389648438,40.73999786376953
1780530749507587800,91.530587890625,-10.31999969482422,-13.019999504089355,40.619998931884766
1780530749547901400,91.5709013671875,-5.159999847412109,-10.920000076293944,39.36000061035156
1780530749568043000,91.59104296875,-3.539999961853028,-10.019999504089355,39.05999755859375
1780530749578144500,91.60114453125,-2.5199999809265137,-9.899999618530272,38.52000045776367
1780530749588215300,91.61121533203124,-0.8399999737739563,-9.0,38.27999877929688
1780530749608387300,91.63138720703124,2.4600000381469727,-8.399999618530273,37.380001068115234
1780530749618458000,91.6414580078125,4.079999923706055,-8.460000038146973,37.20000076293945
1780530749628529000,91.65152880859377,5.699999809265137,-8.34000015258789,37.07999801635742
1780530749638630100,91.66163012695311,7.079999923706055,-8.460000038146973,37.02000045776367
1780530749648731600,91.67173168945313,8.699999809265137,-8.699999809265137,36.65999984741211
1780530749658833000,91.6818330078125,10.800000190734863,-8.34000015258789,36.77999877929688
1780530749668934100,91.69193408203124,12.300000190734863,-9.239999771118164,36.65999984741211
1780530749679035400,91.70203540039064,14.519999504089355,-8.819999694824219,36.47999954223633
1780530749689106200,91.71210620117188,16.31999969482422,-9.300000190734863,36.119998931884766
1780530749709278500,91.73227856445313,19.68000030517578,-9.359999656677246,34.86000061035156
1780530749719349200,91.74234936523438,20.8799991607666,-9.899999618530272,34.31999969482422
1780530749729420000,91.752419921875,22.5,-9.239999771118164,34.20000076293945
1780530749739490800,91.76249072265624,24.059999465942383,-9.59999942779541,33.540000915527344
1780530749749561600,91.7725615234375,25.19999885559082,-10.079999923706056,33.36000061035156
1780530749759632400,91.78263232421877,25.979999542236328,-10.199999809265137,32.63999938964844
1780530749769703200,91.792703125,27.18000030517578,-10.800000190734863,31.67999839782715
1780530749779774000,91.80277392578124,28.01999855041504,-10.739999771118164,30.959999084472656
1780530749789844700,91.8128447265625,29.03999900817871,-10.979999542236328,30.239999771118164
1780530749830097400,91.85309741210938,32.34000015258789,-12.84000015258789,28.3799991607666
1780530749840107300,91.86310717773438,32.63999938964844,-13.139999389648438,27.899999618530277
1780530749850239200,91.8732392578125,32.939998626708984,-12.539999961853027,28.3799991607666
1780530749860340500,91.88334057617188,33.0,-11.699999809265137,28.3799991607666
1780530749910724900,91.93372485351564,32.39999771118164,-10.079999923706056,30.479999542236328
1780530749951008300,91.97400830078124,32.34000015258789,-9.779999732971191,32.040000915527344
1780530749971149800,91.99414990234376,30.84000015258789,-9.539999961853027,33.540000915527344
1780530749981220600,92.004220703125,29.81999969482422,-9.960000038146973,34.68000030517578
1780530750001331700,92.02433178710938,27.599998474121094,-10.380000114440918,35.39999771118164
1780530750021473300,92.04447338867188,24.53999900817871,-10.019999504089355,36.18000030517578
1780530750031544000,92.0545439453125,23.03999900817871,-10.679999351501465,36.41999816894531
1780530750041584400,92.06458447265624,21.53999900817871,-11.039999961853027,37.380001068115234
1780530750051655200,92.0746552734375,19.920000076293945,-11.9399995803833,37.20000076293945
1780530750061726000,92.08472583007811,19.07999992370605,-11.81999969482422,37.31999969482422
1780530750071796700,92.09479663085938,18.0,-11.75999927520752,37.43999862670898
1780530750081898000,92.10489794921877,17.219999313354492,-11.09999942779541,37.68000030517578
1780530750091968800,92.11496875,16.5,-10.859999656677246,37.91999816894531
1780530750102070300,92.1250703125,15.839999198913574,-11.09999942779541,38.34000015258789
1780530750122211800,92.1452119140625,13.4399995803833,-10.800000190734863,38.70000076293945
1780530750172565800,92.19556567382811,8.880000114440918,-9.719999313354492,36.65999984741211
1780530750182636500,92.20563647460938,8.399999618530273,-9.479999542236328,36.47999954223633
1780530750192707300,92.21570727539064,8.09999942779541,-9.300000190734863,35.7599983215332
1780530750202778000,92.22577807617188,7.559999942779541,-9.119999885559082,35.39999771118164
1780530750212849000,92.23584887695311,6.839999675750732,-9.059999465942385,34.97999954223633
1780530750222889200,92.24588916015624,6.059999942779541,-8.9399995803833,34.79999923706055
1780530750232990500,92.25599047851564,5.039999961853027,-9.420000076293944,34.86000061035156
1780530750243061500,92.2660615234375,5.21999979019165,-10.079999923706056,35.099998474121094
1780530750253132300,92.27613232421876,5.039999961853027,-10.559999465942385,34.68000030517578
1780530750263233500,92.28623364257813,4.619999885559082,-11.34000015258789,34.619998931884766
1780530750273304300,92.29630419921877,4.440000057220459,-11.399999618530272,34.380001068115234
1780530750283405600,92.30640551757811,3.7200000286102295,-11.399999618530272,34.31999969482422
1780530750293476400,92.31647631835938,3.4800000190734863,-11.579999923706056,34.380001068115234
1780530750303547100,92.32654711914064,3.059999942779541,-11.81999969482422,34.380001068115234
1780530750313648600,92.33664868164064,2.1599998474121094,-12.479999542236328,34.2599983215332
1780530750323750000,92.34675,1.3799999952316284,-12.84000015258789,33.779998779296875
1780530750343891500,92.36689135742188,-1.2599999904632568,-13.139999389648438,33.779998779296875
1780530750364063500,92.3870634765625,-2.93999981880188,-15.299999237060549,34.02000045776367
1780530750374134300,92.39713427734377,-3.059999942779541,-16.139999389648438,34.55999755859375
1780530750384235800,92.40723583984376,-3.9599997997283936,-18.18000030517578,34.20000076293945
1780530750394337000,92.4173369140625,-5.400000095367432,-18.899999618530277,34.439998626708984
1780530750404407800,92.42740771484377,-5.819999694824219,-19.559999465942383,35.099998474121094
1780530750414448000,92.4374482421875,-6.179999828338623,-20.8799991607666,35.39999771118164
1780530750424549400,92.44754931640624,-6.480000019073486,-22.3799991607666,36.18000030517578
1780530750434620200,92.4576201171875,-6.71999979019165,-23.76000022888184,36.59999847412109
1780530750444660500,92.46766040039064,-7.5,-24.84000015258789,37.20000076293945
1780530750454731300,92.47773120117188,-8.279999732971191,-25.979999542236328,38.09999847412109
1780530750464802000,92.48780200195311,-8.15999984741211,-26.15999984741211,38.87999725341797
1780530750474903300,92.4979033203125,-8.519999504089355,-27.239999771118164,39.59999847412109
1780530750484943600,92.50794360351564,-8.399999618530273,-27.53999900817871,39.84000015258789
1780530750495045000,92.51804516601564,-8.519999504089355,-28.13999938964844,39.77999877929688
1780530750505116000,92.52811596679688,-9.479999542236328,-28.26000022888184,39.71999740600586
1780530750525318400,92.548318359375,-9.179999351501465,-27.84000015258789,40.02000045776367
1780530750575733500,92.5987333984375,-7.919999599456787,-21.53999900817871,39.23999786376953
1780530750646351000,92.66935107421877,-1.1399999856948853,-13.619999885559082,37.68000030517578
1780530750656452600,92.67945263671876,-0.0599999986588954,-12.479999542236328,37.07999801635742
1780530750666553900,92.68955395507813,1.319999933242798,-10.979999542236328,36.540000915527344
1780530750676655000,92.69965502929688,2.2799999713897705,-10.079999923706056,36.41999816894531
1780530750686756400,92.70975634765624,3.9599997997283936,-8.880000114440918,36.05999755859375
1780530750696857900,92.71985791015624,6.239999771118164,-7.980000019073486,35.57999801635742
1780530750706959000,92.729958984375,7.980000019073486,-7.319999694824219,35.15999984741211
1780530750717030000,92.74002978515624,10.019999504089355,-6.659999847412109,34.86000061035156
1780530750747303400,92.77030346679688,15.59999942779541,-6.239999771118164,34.13999938964844
1780530750757435100,92.78043505859377,17.579999923706055,-5.819999694824219,34.13999938964844
1780530750767536400,92.79053637695311,19.26000022888184,-6.119999885559082,33.959999084472656
1780530750797840400,92.82084033203124,24.420000076293945,-5.519999980926514,32.939998626708984
1780530750807941600,92.83094165039064,26.459999084472656,-4.920000076293945,33.29999923706055
1780530750868580000,92.891580078125,31.85999870300293,-3.9599997997283936,29.8799991607666
1780530750878681600,92.901681640625,33.540000915527344,-5.21999979019165,29.279998779296875
1780530750888782800,92.91178295898438,34.619998931884766,-5.460000038146973,29.03999900817871
1780530750898853600,92.921853515625,35.34000015258789,-5.159999847412109,28.559999465942383
1780530750908955000,92.93195483398438,35.459999084472656,-5.819999694824219,28.26000022888184
1780530750919025700,92.94202563476564,35.279998779296875,-6.239999771118164,27.779998779296875
1780530750939259000,92.9622587890625,36.47999954223633,-6.779999732971191,27.35999870300293
1780530750949360000,92.97236010742188,37.5,-6.71999979019165,27.299999237060547
1780530750959431000,92.98243090820311,38.09999847412109,-7.37999963760376,27.059999465942383
1780530750969532400,92.99253247070313,37.68000030517578,-7.559999942779541,26.81999969482422
1780530750979664100,93.0026640625,37.20000076293945,-7.619999885559082,27.0
1780530750989765400,93.01276538085938,36.540000915527344,-8.15999984741211,26.76000022888184
1780530750999836200,93.02283618164064,36.41999816894531,-8.34000015258789,27.35999870300293
1780530751009937700,93.03293774414064,36.29999923706055,-8.819999694824219,28.13999938964844
1780530751020039000,93.04303881835938,36.23999786376953,-9.65999984741211,28.559999465942383
1780530751060505300,93.08350537109376,32.57999801635742,-8.34000015258789,32.81999969482422
1780530751100941000,93.12394116210938,27.479999542236328,-6.359999656677246,36.59999847412109
1780530751111042300,93.13404223632811,26.279998779296875,-6.420000076293945,36.77999877929688
1780530751131245000,93.1542451171875,22.68000030517578,-7.079999923706055,37.07999801635742
1780530751151417000,93.1744169921875,18.71999931335449,-7.559999942779541,37.97999954223633
1780530751171619800,93.19461987304688,16.19999885559082,-7.859999656677246,38.87999725341797
1780530751181721000,93.20472119140624,15.420000076293944,-7.859999656677246,38.87999725341797
1780530751191822300,93.214822265625,13.859999656677246,-8.519999504089355,38.63999938964844
1780530751201923600,93.22492358398438,12.59999942779541,-8.460000038146973,38.34000015258789
1780530751212025000,93.23502514648438,11.460000038146973,-9.0,38.21999740600586
1780530751222026200,93.24502612304688,10.679999351501465,-9.719999313354492,38.09999847412109
1780530751242198500,93.26519848632812,10.619999885559082,-9.84000015258789,38.040000915527344
1780530751252299800,93.2752998046875,9.719999313354492,-10.199999809265137,37.91999816894531
1780530751262401000,93.28540112304688,8.9399995803833,-10.199999809265137,36.959999084472656
1780530751272502300,93.29550219726562,8.09999942779541,-10.31999969482422,36.59999847412109
1780530751282603800,93.30560375976565,7.199999809265137,-10.260000228881836,35.81999969482422
1780530751292674600,93.31567456054688,7.259999752044678,-9.779999732971191,35.459999084472656
1780530751312907800,93.33590771484376,5.21999979019165,-7.559999942779541,35.459999084472656
1780530751383617000,93.40661694335938,1.2599999904632568,-12.539999961853027,31.85999870300293
1780530751393718300,93.41671826171876,0.3599999845027923,-14.279999732971191,31.439998626708984
1780530751434093000,93.45709301757812,-4.019999980926514,-17.399999618530273,30.899999618530277
1780530751444133400,93.46713330078126,-4.139999866485596,-18.299999237060547,31.19999885559082
1780530751454234600,93.47723461914065,-4.679999828338623,-19.19999885559082,31.5
1780530751464305400,93.48730541992188,-5.579999923706055,-20.279998779296875,31.799999237060547
1780530751504588500,93.52758862304688,-9.179999351501465,-23.939998626708984,32.63999938964844
1780530751514659300,93.53765942382812,-10.139999389648438,-24.600000381469727,33.23999786376953
1780530751524760600,93.54776049804688,-10.380000114440918,-25.559999465942383,33.65999984741211
1780530751534862000,93.55786206054688,-11.219999313354492,-26.21999931335449,34.439998626708984
1780530751554973200,93.57797314453126,-11.75999927520752,-26.34000015258789,36.89999771118164
1780530751565074400,93.58807446289065,-12.239999771118164,-25.31999969482422,37.97999954223633
1780530751575145200,93.59814526367188,-12.59999942779541,-24.959999084472656,38.93999862670898
1780530751585216000,93.60821606445312,-12.899999618530272,-23.81999969482422,39.41999816894531
1780530751595286800,93.61828686523438,-13.31999969482422,-23.459999084472656,39.89999771118164
1780530751605357600,93.62835766601565,-13.380000114440918,-23.399999618530277,40.20000076293945
1780530751635570000,93.65856982421874,-12.059999465942385,-21.18000030517578,40.68000030517578
1780530751645610200,93.6686103515625,-11.460000038146973,-19.439998626708984,40.86000061035156
1780530751675853300,93.69885327148438,-9.539999961853027,-16.260000228881836,39.05999755859375
1780530751685893600,93.7088935546875,-9.119999885559082,-15.479999542236328,38.63999938964844
1780530751695995000,93.71899487304688,-7.440000057220459,-14.880000114440918,38.39999771118164
1780530751706065700,93.72906567382812,-6.539999961853027,-13.920000076293944,38.21999740600586
1780530751716136400,93.73913647460938,-5.579999923706055,-12.779999732971191,38.81999969482422
1780530751726207200,93.74920727539065,-4.079999923706055,-11.699999809265137,38.63999938964844
1780530751766460000,93.7894599609375,0.8999999761581421,-7.139999866485596,39.05999755859375
1780530751776561200,93.79956103515624,2.700000047683716,-6.960000038146973,38.70000076293945
1780530751786632000,93.8096318359375,4.5,-4.799999713897705,38.34000015258789
1780530751796702700,93.81970263671874,6.059999942779541,-3.179999828338623,37.97999954223633
1780530751806773800,93.82977368164065,7.919999599456787,-3.419999837875366,37.79999923706055
1780530751857219000,93.88021899414062,16.020000457763672,-6.119999885559082,36.59999847412109
1780530751877421800,93.900421875,20.15999984741211,-6.599999904632568,35.459999084472656
1780530751887462100,93.91046215820312,22.07999992370605,-7.739999771118164,34.55999755859375
1780530751897563400,93.9205634765625,23.57999992370605,-8.34000015258789,33.599998474121094
1780530751907634200,93.93063427734376,24.959999084472656,-8.15999984741211,33.36000061035156
1780530751917705000,93.940705078125,26.21999931335449,-8.220000267028809,32.70000076293945
1780530751927806500,93.95080639648438,26.76000022888184,-7.559999942779541,32.70000076293945
1780530751937816000,93.96081616210938,27.84000015258789,-7.679999828338623,33.05999755859375
1780530751998271500,94.021271484375,32.939998626708984,-8.819999694824219,30.53999900817871
1780530752028453400,94.05145336914065,34.68000030517578,-9.059999465942385,30.239999771118164
1780530752038432500,94.0614326171875,34.55999755859375,-9.119999885559082,30.35999870300293
1780530752068706000,94.0917060546875,33.540000915527344,-10.4399995803833,31.26000022888184
1780530752108989200,94.1319892578125,32.63999938964844,-8.220000267028809,32.7599983215332
1780530752119029500,94.14202954101565,32.099998474121094,-8.09999942779541,32.7599983215332
1780530752129130800,94.152130859375,31.439998626708984,-8.34000015258789,32.7599983215332
1780530752139201500,94.16220141601562,31.19999885559082,-8.760000228881836,33.23999786376953
1780530752149272300,94.17227221679688,30.17999839782715,-9.960000038146973,33.65999984741211
1780530752169353000,94.19235302734376,28.01999855041504,-9.779999732971191,35.34000015258789
1780530752179423700,94.202423828125,26.21999931335449,-9.65999984741211,35.57999801635742
1780530752189494500,94.21249462890626,25.439998626708984,-9.179999351501465,36.47999954223633
1780530752199565300,94.2225654296875,23.8799991607666,-9.539999961853027,37.02000045776367
1780530752209666800,94.23266674804688,22.920000076293945,-9.479999542236328,37.02000045776367
1780530752219737600,94.24273754882812,21.959999084472656,-9.479999542236328,36.959999084472656
1780530752229808400,94.25280834960938,20.76000022888184,-10.31999969482422,36.89999771118164
1780530752239848700,94.2628486328125,20.03999900817871,-10.079999923706056,37.13999938964844
1780530752249950000,94.27294995117188,19.07999992370605,-10.4399995803833,37.380001068115234
1780530752260051200,94.28305126953126,18.0,-9.899999618530272,37.91999816894531
1780530752280192800,94.30319287109376,14.279999732971191,-8.639999389648438,37.91999816894531
1780530752290233000,94.31323315429688,12.899999618530272,-8.9399995803833,37.68000030517578
1780530752300334300,94.32333422851562,11.81999969482422,-9.239999771118164,37.43999862670898
1780530752310405000,94.33340502929688,12.539999961853027,-10.619999885559082,38.21999740600586
1780530752320476000,94.34347583007812,11.460000038146973,-10.4399995803833,37.5
1780530752330516200,94.35351611328124,10.920000076293944,-9.960000038146973,37.43999862670898
1780530752340617700,94.36361767578126,10.5,-9.479999542236328,37.20000076293945
1780530752350719000,94.37371899414065,9.239999771118164,-9.420000076293944,36.41999816894531
1780530752391002000,94.41400219726565,7.980000019073486,-9.779999732971191,36.59999847412109
1780530752401103400,94.42410327148436,7.37999963760376,-9.65999984741211,35.939998626708984
1780530752441417200,94.46441723632812,3.7200000286102295,-11.279999732971191,34.73999786376953
1780530752451488000,94.47448803710938,2.700000047683716,-11.9399995803833,34.2599983215332
1780530752461589200,94.48458935546876,1.6799999475479126,-12.779999732971191,34.2599983215332
1780530752471660000,94.49465991210936,1.079999923706055,-13.019999504089355,33.84000015258789
1780530752481700400,94.50470043945312,0.5399999618530273,-14.279999732971191,33.71999740600586
1780530752491801600,94.51480151367188,-0.2399999946355819,-14.639999389648438,33.29999923706055
1780530752501872600,94.52487255859376,-0.6599999666213989,-15.59999942779541,33.36000061035156
1780530752511912700,94.53491259765624,-1.6200000047683716,-16.619998931884766,33.540000915527344
1780530752521983500,94.5449833984375,-2.4600000381469727,-17.279998779296875,33.89999771118164
1780530752532054300,94.55505419921874,-3.539999961853028,-18.35999870300293,34.20000076293945
1780530752542125300,94.56512524414065,-5.039999961853027,-19.020000457763672,33.71999740600586
1780530752552196000,94.57519604492188,-5.940000057220459,-19.799999237060547,33.779998779296875
1780530752562267000,94.58526684570312,-6.539999961853027,-21.11999893188477,33.89999771118164
1780530752572368100,94.5953681640625,-7.139999866485596,-22.13999938964844,34.5
1780530752582439000,94.60543896484376,-7.019999980926514,-23.03999900817871,35.57999801635742
1780530752592509700,94.615509765625,-7.440000057220459,-23.81999969482422,36.65999984741211
1780530752602550000,94.62555004882812,-8.579999923706055,-23.03999900817871,37.73999786376953
1780530752612651300,94.6356513671875,-9.0,-23.03999900817871,38.70000076293945
1780530752663005400,94.68600537109376,-10.5,-23.459999084472656,40.86000061035156
1780530752673076200,94.696076171875,-10.679999351501465,-23.279998779296875,41.040000915527344
1780530752713389800,94.73638989257812,-11.399999618530272,-20.57999992370605,41.040000915527344
1780530752733501000,94.7565009765625,-11.81999969482422,-18.779998779296875,39.540000915527344
1780530752743571700,94.76657177734376,-11.519999504089355,-16.799999237060547,39.59999847412109
1780530752753642500,94.776642578125,-11.399999618530272,-14.639999389648438,39.59999847412109
1780530752824229600,94.84722973632812,-4.079999923706055,-10.4399995803833,38.81999969482422
1780530752884776400,94.9077763671875,5.159999847412109,-6.179999828338623,37.20000076293945
1780530752904918300,94.92791821289065,7.859999656677246,-6.599999904632568,36.959999084472656
1780530752914989000,94.93798901367188,9.65999984741211,-6.480000019073486,37.13999938964844
1780530752925059800,94.94805981445312,10.979999542236328,-6.71999979019165,36.59999847412109
1780530752935130600,94.95813061523438,12.59999942779541,-6.779999732971191,36.59999847412109
1780530752945232000,94.96823193359376,14.399999618530272,-6.420000076293945,35.939998626708984
1780530752955302700,94.978302734375,15.479999542236328,-6.71999979019165,35.39999771118164
1780530752965373400,94.98837353515626,17.279998779296875,-6.899999618530273,35.21999740600586
1780530752975444200,94.9984443359375,18.84000015258789,-6.899999618530273,35.099998474121094
1780530752985515000,95.00851489257812,20.520000457763672,-6.839999675750732,35.39999771118164
1780530753005656600,95.02865649414062,23.76000022888184,-7.019999980926514,35.34000015258789
1780530753015758000,95.03875805664065,25.31999969482422,-7.199999809265137,34.97999954223633
1780530753025859300,95.048859375,26.459999084472656,-7.619999885559082,34.439998626708984
1780530753035899600,95.05889965820312,27.65999984741211,-8.039999961853027,34.619998931884766
1780530753046031400,95.06903125,28.61999893188477,-8.039999961853027,33.89999771118164
1780530753056132900,95.0791328125,29.15999984741211,-7.919999599456787,33.599998474121094
1780530753066234000,95.08923413085938,30.059999465942383,-8.399999618530273,32.880001068115234
1780530753076335400,95.09933544921876,30.959999084472656,-8.34000015258789,32.57999801635742
1780530753086497800,95.10949780273438,31.439998626708984,-8.760000228881836,32.39999771118164
1780530753096599000,95.11959912109376,32.63999938964844,-9.539999961853027,32.34000015258789
1780530753106669800,95.129669921875,32.70000076293945,-9.179999351501465,32.7599983215332
1780530753157085000,95.1800849609375,33.119998931884766,-7.919999599456787,33.18000030517578
1780530753207500000,95.2305,31.439998626708984,-6.960000038146973,35.15999984741211
1780530753217601300,95.24060131835938,30.899999618530277,-6.480000019073486,35.7599983215332
1780530753227702500,95.25070263671876,29.76000022888184,-5.400000095367432,35.939998626708984
1780530753237742800,95.26074291992188,28.61999893188477,-4.679999828338623,36.47999954223633
1780530753247844000,95.27084399414062,27.71999931335449,-4.139999866485596,36.41999816894531
1780530753257915000,95.28091479492188,26.81999969482422,-4.440000057220459,36.47999954223633
1780530753278056700,95.301056640625,26.03999900817871,-5.639999866485596,37.13999938964844
1780530753288158000,95.31115795898438,24.779998779296875,-6.480000019073486,37.5
1780530753318431200,95.34143115234374,22.739999771118164,-6.539999961853027,38.15999984741211
1780530753328532700,95.35153271484376,22.19999885559082,-6.539999961853027,37.97999954223633
1780530753338573000,95.36157299804688,20.520000457763672,-6.420000076293945,37.380001068115234
1780530753348674300,95.37167431640626,18.899999618530277,-7.739999771118164,37.02000045776367
1780530753358745000,95.3817451171875,18.299999237060547,-7.980000019073486,37.07999801635742
1780530753368876800,95.39187670898436,17.459999084472656,-7.799999713897705,37.31999969482422
1780530753378917000,95.40191723632812,17.81999969482422,-7.739999771118164,38.09999847412109
1780530753449656800,95.47265673828124,11.81999969482422,-8.460000038146973,37.619998931884766
1780530753469859600,95.49285961914065,10.5,-9.059999465942385,36.47999954223633
1780530753479991300,95.5029912109375,10.800000190734863,-9.119999885559082,36.71999740600586
1780530753490092800,95.5130927734375,10.139999389648438,-9.59999942779541,36.84000015258789
1780530753510325800,95.53332568359374,8.819999694824219,-10.619999885559082,36.71999740600586
1780530753520427300,95.54342724609376,6.960000038146973,-10.800000190734863,36.05999755859375
1780530753530528500,95.55352856445312,6.420000076293945,-11.219999313354492,35.880001068115234
1780530753540629800,95.56362963867188,6.059999942779541,-11.880000114440918,35.279998779296875
1780530753550761700,95.57376171875,5.819999694824219,-12.719999313354492,35.939998626708984
1780530753560863000,95.58386303710938,5.339999675750732,-13.5,35.70000076293945
1780530753570964200,95.59396411132812,4.5,-14.75999927520752,35.52000045776367
1780530753581065700,95.60406567382812,3.5999999046325684,-15.239999771118164,35.63999938964844
1780530753591167000,95.6141669921875,2.879999876022339,-15.839999198913574,35.39999771118164
1780530753621471000,95.64447094726565,1.5,-18.600000381469727,36.41999816894531
1780530753631602700,95.65460278320312,0.4199999868869781,-18.84000015258789,36.71999740600586
1780530753661937200,95.68493725585938,-2.3399999141693115,-18.959999084472656,39.0
1780530753672038700,95.69503857421876,-2.93999981880188,-18.84000015258789,39.89999771118164
1780530753742808800,95.76580883789065,-6.420000076293945,-17.279998779296875,41.81999969482422
1780530753752910000,95.77591015625,-6.839999675750732,-18.84000015258789,41.34000015258789
1780530753763042000,95.7860419921875,-6.71999979019165,-18.71999931335449,41.52000045776367
1780530753773143300,95.79614331054688,-6.599999904632568,-18.53999900817871,41.21999740600586
1780530753783275000,95.80627490234374,-6.599999904632568,-18.11999893188477,40.91999816894531
1780530753793376500,95.81637646484376,-5.759999752044678,-17.100000381469727,41.81999969482422
1780530753803477800,95.82647778320312,-5.699999809265137,-16.3799991607666,41.459999084472656
1780530753813579000,95.8365791015625,-5.699999809265137,-15.479999542236328,41.040000915527344
1780530753823680300,95.84668017578124,-5.039999961853027,-15.539999961853027,40.37999725341797
1780530753853984300,95.876984375,-3.0,-13.559999465942385,38.93999862670898
1780530753864055000,95.88705493164062,-1.919999957084656,-12.59999942779541,39.119998931884766
1780530753884288300,95.90728833007812,0.2399999946355819,-11.09999942779541,40.2599983215332
1780530753894389500,95.91738940429688,1.559999942779541,-10.679999351501465,40.43999862670898
1780530753904491000,95.92749096679688,2.4600000381469727,-9.420000076293944,40.2599983215332
1780530753914592300,95.93759228515626,2.93999981880188,-8.519999504089355,40.13999938964844
1780530753924693500,95.94769360351565,4.679999828338623,-8.09999942779541,39.77999877929688
1780530753934794800,95.95779467773436,6.059999942779541,-7.079999923706055,39.65999984741211
1780530753944896300,95.96789624023438,7.739999771118164,-6.539999961853027,39.540000915527344
1780530753954997500,95.97799755859376,9.65999984741211,-6.299999713897705,38.70000076293945
1780530754015605500,96.03860546875,18.0,-3.539999961853028,37.02000045776367
1780530754035808000,96.05880810546876,21.11999893188477,-4.5,36.84000015258789
1780530754045909500,96.06890942382812,22.68000030517578,-4.739999771118164,36.29999923706055
1780530754066051000,96.08905102539065,26.099998474121094,-5.400000095367432,34.2599983215332
1780530754076060700,96.09906079101565,27.959999084472656,-5.460000038146973,33.959999084472656
1780530754086162200,96.109162109375,28.920000076293945,-6.179999828338623,33.47999954223633
1780530754096233000,96.11923291015626,29.939998626708984,-6.960000038146973,33.41999816894531
1780530754106303700,96.1293037109375,30.899999618530277,-6.839999675750732,33.0
1780530754116344000,96.13934399414065,31.5,-7.139999866485596,32.15999984741211
1780530754126445300,96.1494453125,32.52000045776367,-6.899999618530273,31.3799991607666
1780530754136516000,96.15951611328126,32.939998626708984,-7.199999809265137,30.65999984741211
1780530754146617300,96.16961743164065,33.540000915527344,-8.279999732971191,29.76000022888184
1780530754156657700,96.17965771484376,34.79999923706055,-8.760000228881836,29.459999084472656
1780530754227275300,96.25027514648436,35.70000076293945,-6.960000038146973,31.31999969482422
1780530754277568300,96.300568359375,33.89999771118164,-5.699999809265137,34.13999938964844
1780530754297740500,96.32074047851565,31.739999771118164,-5.639999866485596,35.099998474121094
1780530754307780600,96.33078051757812,31.01999855041504,-5.519999980926514,35.7599983215332
1780530754317821000,96.34082104492188,30.239999771118164,-5.819999694824219,35.7599983215332
1780530754327922400,96.35092236328126,29.03999900817871,-6.119999885559082,36.59999847412109
1780530754337962500,96.36096240234374,28.13999938964844,-6.179999828338623,37.2599983215332
1780530754348064000,96.37106396484376,26.69999885559082,-6.839999675750732,36.89999771118164
1780530754358134800,96.381134765625,25.68000030517578,-7.139999866485596,37.68000030517578
1780530754388377600,96.41137768554688,23.279998779296875,-8.399999618530273,38.040000915527344
1780530754398448400,96.42144848632812,22.020000457763672,-8.760000228881836,38.09999847412109
1780530754408519200,96.43151928710938,20.939998626708984,-8.880000114440918,38.34000015258789
1780530754418620700,96.44162060546876,19.739999771118164,-9.479999542236328,38.39999771118164
1780530754428691500,96.45169140625,18.0,-9.539999961853027,38.459999084472656
1780530754438762200,96.46176220703126,17.459999084472656,-9.300000190734863,38.7599983215332
1780530754448863500,96.47186352539065,16.260000228881836,-9.59999942779541,39.47999954223633
1780530754458934300,96.48193432617188,15.59999942779541,-9.300000190734863,39.59999847412109
1780530754539531300,96.56253125,8.760000228881836,-9.059999465942385,37.13999938964844
1780530754549632500,96.57263256835938,8.34000015258789,-9.359999656677246,36.71999740600586
1780530754559703300,96.58270336914065,8.279999732971191,-9.719999313354492,36.84000015258789
1780530754569774000,96.59277416992188,7.319999694824219,-10.019999504089355,36.71999740600586
1780530754589946400,96.6129462890625,6.119999885559082,-10.739999771118164,36.23999786376953
1780530754600047600,96.62304760742188,5.759999752044678,-11.279999732971191,35.39999771118164
1780530754610118400,96.63311840820312,5.87999963760376,-12.119999885559082,35.099998474121094
1780530754620219600,96.6432197265625,6.119999885559082,-12.65999984741211,34.86000061035156
1780530754630290400,96.65329052734376,6.119999885559082,-13.739999771118164,34.73999786376953
1780530754640391700,96.6633916015625,5.21999979019165,-14.34000015258789,34.73999786376953
1780530754650462700,96.67346264648438,3.899999856948853,-15.0,34.5
1780530754660533500,96.68353344726565,2.759999990463257,-15.299999237060549,34.31999969482422
1780530754670604300,96.69360424804688,0.5399999618530273,-14.639999389648438,33.89999771118164
1780530754690776300,96.7137763671875,-0.7799999713897705,-15.420000076293944,34.91999816894531
1780530754700847000,96.72384716796876,-2.3399999141693115,-16.139999389648438,35.39999771118164
1780530754741191400,96.76419140625,-5.639999866485596,-18.53999900817871,36.47999954223633
1780530754751292700,96.77429272460938,-6.179999828338623,-18.959999084472656,37.31999969482422
1780530754791545300,96.81454541015626,-7.919999599456787,-17.69999885559082,39.71999740600586
1780530754821819000,96.84481884765626,-8.699999809265137,-17.940000534057617,40.07999801635742
1780530754831889700,96.8548896484375,-8.399999618530273,-18.0,40.55999755859375
1780530754841960400,96.86496044921876,-8.34000015258789,-17.15999984741211,40.97999954223633
1780530754852031200,96.87503125,-7.259999752044678,-16.619998931884766,41.040000915527344
1780530754862102000,96.88510205078126,-6.420000076293945,-15.899999618530272,40.97999954223633
1780530754872203300,96.89520336914065,-5.759999752044678,-15.719999313354492,41.21999740600586
1780530754882274000,96.90527416992188,-5.579999923706055,-14.75999927520752,40.68000030517578
1780530754892344800,96.9153447265625,-5.279999732971191,-13.799999237060549,40.55999755859375
1780530754922618400,96.94561840820312,-1.5,-13.199999809265137,40.2599983215332
1780530754932658700,96.95565869140626,0.3599999845027923,-12.84000015258789,40.37999725341797
1780530754942760000,96.96576000976565,1.559999942779541,-12.119999885559082,40.07999801635742
1780530754952800300,96.97580029296876,2.3399999141693115,-11.219999313354492,40.07999801635742
1780530754993083400,97.01608349609376,6.480000019073486,-7.440000057220459,40.55999755859375
1780530755003154200,97.026154296875,7.859999656677246,-7.019999980926514,40.619998931884766
1780530755073741300,97.0967412109375,19.07999992370605,-6.659999847412109,38.21999740600586
1780530755083812000,97.10681201171874,21.059999465942383,-7.019999980926514,37.2599983215332
1780530755093883100,97.11688305664065,22.559999465942383,-6.839999675750732,36.89999771118164
1780530755113994000,97.13699389648436,24.600000381469727,-7.259999752044678,35.52000045776367
1780530755124095500,97.14709545898438,25.5,-7.139999866485596,34.91999816894531
1780530755134166300,97.15716625976565,27.35999870300293,-8.220000267028809,33.84000015258789
1780530755144237000,97.16723706054688,28.85999870300293,-7.799999713897705,33.71999740600586
1780530755154307800,97.17730786132812,30.299999237060547,-6.659999847412109,33.119998931884766
1780530755164409000,97.1874091796875,31.61999893188477,-7.139999866485596,32.880001068115234
1780530755174510300,97.19751025390624,32.459999084472656,-7.559999942779541,32.459999084472656
1780530755184581400,97.20758129882812,33.41999816894531,-9.239999771118164,31.3799991607666
1780530755194652200,97.21765209960938,34.79999923706055,-11.09999942779541,31.01999855041504
1780530755255199000,97.27819897460938,37.5,-10.380000114440918,30.420000076293945
1780530755265300200,97.28830029296876,37.68000030517578,-9.960000038146973,31.01999855041504
1780530755285441800,97.30844189453126,37.73999786376953,-9.179999351501465,31.61999893188477
1780530755295543300,97.31854321289065,37.380001068115234,-8.9399995803833,31.67999839782715
1780530755345927700,97.368927734375,35.39999771118164,-7.919999599456787,32.459999084472656
1780530755355968000,97.37896801757812,35.34000015258789,-7.5,32.81999969482422
1780530755366069200,97.3890693359375,34.73999786376953,-7.319999694824219,33.959999084472656
1780530755376170500,97.39917041015624,33.71999740600586,-7.199999809265137,34.02000045776367
1780530755386241500,97.40924145507812,33.540000915527344,-6.839999675750732,34.619998931884766
1780530755396281600,97.41928149414062,32.099998474121094,-7.319999694824219,35.39999771118164
1780530755406383000,97.42938305664065,30.779998779296875,-7.679999828338623,35.7599983215332
1780530755416484400,97.439484375,29.939998626708984,-7.859999656677246,36.36000061035156
1780530755446727200,97.46972705078124,26.76000022888184,-9.0,35.7599983215332
1780530755456798000,97.4797978515625,25.68000030517578,-9.420000076293944,36.05999755859375
1780530755466899500,97.4898994140625,24.479999542236328,-9.719999313354492,36.0
1780530755476939800,97.49993969726565,23.399999618530277,-9.84000015258789,36.77999877929688
1780530755487010600,97.51001049804688,22.439998626708984,-10.31999969482422,37.20000076293945
1780530755547527000,97.57052685546876,15.65999984741211,-9.179999351501465,38.39999771118164
1780530755557597700,97.58059765625,15.299999237060549,-9.539999961853027,38.34000015258789
1780530755567668500,97.59066845703126,15.0,-9.65999984741211,38.57999801635742
1780530755577769700,97.60076977539065,14.34000015258789,-10.31999969482422,38.27999877929688
1780530755587810000,97.61081005859376,14.34000015258789,-10.739999771118164,38.15999984741211
1780530755597880800,97.620880859375,13.019999504089355,-10.619999885559082,37.79999923706055
1780530755607982000,97.63098217773438,12.179999351501465,-10.739999771118164,37.13999938964844
1780530755658397200,97.68139721679688,7.259999752044678,-8.220000267028809,36.59999847412109
1780530755678538800,97.70153881835938,7.5,-11.09999942779541,37.02000045776367
1780530755688609500,97.71160961914065,6.0,-12.0,36.540000915527344
1780530755698680300,97.72168041992188,5.099999904632568,-12.65999984741211,36.77999877929688
1780530755708751000,97.73175122070312,3.7799999713897705,-13.25999927520752,36.59999847412109
1780530755718822000,97.74182177734374,3.0,-14.519999504089355,36.36000061035156
1780530755728892700,97.751892578125,2.039999961853028,-15.0,36.36000061035156
1780530755738933000,97.76193310546876,1.1399999856948853,-15.839999198913574,36.65999984741211
1780530755749034500,97.77203442382812,0.1199999973177909,-16.31999969482422,36.84000015258789
1780530755779246800,97.80224682617188,-2.039999961853028,-18.11999893188477,38.52000045776367
1780530755789317600,97.81231762695312,-2.5799999237060547,-18.84000015258789,39.18000030517578
1780530755799419000,97.8224189453125,-3.539999961853028,-19.26000022888184,39.23999786376953
1780530755809489700,97.83248974609376,-4.319999694824219,-19.68000030517578,39.47999954223633
1780530755819591000,97.8425908203125,-5.699999809265137,-20.03999900817871,39.89999771118164
1780530755829692400,97.8526923828125,-6.539999961853027,-20.520000457763672,39.71999740600586
1780530755839793700,97.86279370117188,-6.599999904632568,-20.21999931335449,40.31999969482422
1780530755849895000,97.87289501953126,-7.5,-20.03999900817871,40.2599983215332
1780530755880168400,97.90316845703126,-8.09999942779541,-18.18000030517578,41.70000076293945
1780530755890239200,97.9132392578125,-8.09999942779541,-17.279998779296875,42.29999923706055
1780530755900340500,97.92334057617188,-8.460000038146973,-16.139999389648438,42.41999816894531
1780530755910441700,97.93344165039062,-8.519999504089355,-15.239999771118164,42.18000030517578
1780530755920512800,97.9435126953125,-7.980000019073486,-15.0,41.7599983215332
1780530755940684800,97.96368481445312,-6.420000076293945,-14.34000015258789,41.27999877929688
1780530755950786000,97.9737861328125,-5.21999979019165,-13.739999771118164,41.39999771118164
1780530755960887300,97.98388720703124,-4.380000114440918,-13.31999969482422,41.27999877929688
1780530755970988800,97.99398876953126,-3.659999847412109,-12.239999771118164,40.68000030517578
1780530756011272000,98.03427197265626,0.0599999986588954,-9.119999885559082,40.07999801635742
1780530756021373200,98.04437329101565,1.0199999809265137,-8.760000228881836,39.71999740600586
1780530756041606400,98.0646064453125,3.419999837875366,-7.559999942779541,39.65999984741211
1780530756051707600,98.07470776367188,4.980000019073486,-7.319999694824219,38.70000076293945
1780530756071910400,98.09491040039065,8.279999732971191,-6.059999942779541,37.91999816894531
1780530756081981200,98.10498120117188,10.380000114440918,-5.339999675750732,37.79999923706055
1780530756092082400,98.11508251953126,11.75999927520752,-4.980000019073486,37.31999969482422
1780530756112315600,98.13531567382812,15.119999885559082,-4.799999713897705,38.34000015258789
1780530756122386400,98.14538647460938,16.85999870300293,-5.519999980926514,38.15999984741211
1780530756132487700,98.15548779296876,19.3799991607666,-5.819999694824219,38.7599983215332
1780530756142589200,98.16558911132812,20.76000022888184,-5.940000057220459,37.79999923706055
1780530756152690400,98.1756904296875,22.439998626708984,-6.480000019073486,36.36000061035156
1780530756182994400,98.20599438476565,25.799999237060547,-5.159999847412109,34.13999938964844
1780530756193095700,98.216095703125,27.53999900817871,-5.21999979019165,33.779998779296875
1780530756203227400,98.22622729492188,28.61999893188477,-5.87999963760376,33.65999984741211
1780530756213329000,98.23632885742188,29.939998626708984,-6.480000019073486,33.29999923706055
1780530756223430100,98.24643017578126,31.01999855041504,-7.440000057220459,33.41999816894531
1780530756233531400,98.25653149414065,31.85999870300293,-7.980000019073486,32.70000076293945
1780530756243632600,98.26663256835936,32.15999984741211,-7.5,32.459999084472656
1780530756253734100,98.27673413085938,33.0,-7.259999752044678,31.799999237060547
1780530756263835400,98.28683544921876,33.65999984741211,-6.899999618530273,31.31999969482422
1780530756273936600,98.2969365234375,33.599998474121094,-6.899999618530273,31.5
1780530756284068600,98.30706860351565,34.73999786376953,-7.37999963760376,31.19999885559082
1780530756294169900,98.317169921875,34.73999786376953,-7.859999656677246,31.01999855041504
1780530756304271000,98.32727099609374,35.34000015258789,-8.15999984741211,30.84000015258789
1780530756314342000,98.337341796875,35.57999801635742,-8.039999961853027,30.059999465942383
1780530756324443400,98.347443359375,35.57999801635742,-8.279999732971191,30.239999771118164
1780530756405284400,98.42828442382812,32.15999984741211,-7.37999963760376,34.31999969482422
1780530756475993600,98.49899365234376,24.65999984741211,-6.71999979019165,38.459999084472656
1780530756496226800,98.51922680664065,22.85999870300293,-7.079999923706055,38.7599983215332
1780530756506328000,98.529328125,21.84000015258789,-7.5,38.459999084472656
1780530756516460000,98.5394599609375,21.059999465942383,-7.980000019073486,38.57999801635742
1780530756526561300,98.54956127929688,19.3799991607666,-8.699999809265137,38.459999084472656
1780530756536662500,98.55966259765626,17.81999969482422,-8.880000114440918,38.81999969482422
1780530756546794500,98.56979443359376,17.15999984741211,-8.09999942779541,39.05999755859375
1780530756637736700,98.66073681640626,9.84000015258789,-8.220000267028809,37.55999755859375
1780530756647838200,98.67083813476565,9.359999656677246,-8.699999809265137,37.02000045776367
1780530756657939500,98.680939453125,8.220000267028809,-8.819999694824219,36.05999755859375
1780530756668040700,98.69104077148438,7.5,-9.359999656677246,35.34000015258789
1780530756678111500,98.70111157226565,6.599999904632568,-9.239999771118164,34.91999816894531
1780530756688243500,98.71124340820312,5.940000057220459,-9.479999542236328,35.279998779296875
1780530756708476400,98.73147631835936,5.039999961853027,-9.899999618530272,35.15999984741211
1780530756718578000,98.74157788085938,4.799999713897705,-10.679999351501465,35.15999984741211
1780530756728679200,98.75167919921876,4.019999980926514,-11.34000015258789,33.65999984741211
1780530756738811000,98.76181079101562,3.0,-11.34000015258789,33.540000915527344
1780530756748912400,98.77191235351565,2.639999866485596,-12.179999351501465,33.540000915527344
1780530756759013600,98.782013671875,1.6200000047683716,-13.199999809265137,33.23999786376953
1780530756769145300,98.79214526367188,1.319999933242798,-13.739999771118164,34.02000045776367
1780530756779246800,98.80224682617188,0.4799999892711639,-14.81999969482422,33.89999771118164
1780530756789348000,98.81234814453126,0.1799999922513961,-15.59999942779541,34.13999938964844
1780530756799479800,98.82247973632812,-0.959999978542328,-15.59999942779541,34.31999969482422
1780530756809581300,98.83258129882812,-2.1599998474121094,-16.079999923706055,34.55999755859375
1780530756819682600,98.8426826171875,-3.539999961853028,-16.079999923706055,34.97999954223633
1780530756900401700,98.92340161132812,-11.15999984741211,-17.34000015258789,37.73999786376953
1780530756930675000,98.95367504882812,-12.479999542236328,-17.219999313354492,39.23999786376953
1780530756950816500,98.97381640625,-12.539999961853027,-16.85999870300293,39.65999984741211
1780530756960887300,98.98388720703124,-12.719999313354492,-16.920000076293945,39.59999847412109
1780530756970988800,98.99398876953126,-12.779999732971191,-16.440000534057617,39.36000061035156
1780530756981059600,99.0040595703125,-12.119999885559082,-16.5,39.47999954223633
1780530756991130400,99.01413037109376,-11.219999313354492,-16.19999885559082,39.540000915527344
1780530757001201200,99.024201171875,-10.31999969482422,-15.119999885559082,39.65999984741211
1780530757021373200,99.04437329101565,-7.980000019073486,-14.15999984741211,40.55999755859375
1780530757031444000,99.05444384765624,-7.199999809265137,-13.4399995803833,39.89999771118164
1780530757041545500,99.06454541015626,-6.179999828338623,-13.139999389648438,39.89999771118164
1780530757051646700,99.07464672851565,-4.619999885559082,-12.300000190734863,39.959999084472656
1780530757081889500,99.1048896484375,-1.0199999809265137,-8.880000114440918,40.5
1780530757091960300,99.11496020507812,-0.1799999922513961,-8.279999732971191,39.71999740600586
1780530757102031000,99.12503100585936,1.5,-8.699999809265137,39.84000015258789
1780530757132243700,99.15524365234376,7.259999752044678,-8.279999732971191,39.05999755859375
1780530757142345000,99.16534497070312,8.399999618530273,-7.919999599456787,38.81999969482422
1780530757152446200,99.1754462890625,9.539999961853027,-7.799999713897705,38.7599983215332
1780530757162517000,99.18551708984376,10.979999542236328,-7.919999599456787,38.27999877929688
1780530757172587800,99.195587890625,12.779999732971191,-8.220000267028809,38.040000915527344
1780530757233073700,99.25607373046876,20.459999084472656,-7.5,36.89999771118164
1780530757243175000,99.2661748046875,22.439998626708984,-8.220000267028809,35.880001068115234
1780530757253245700,99.27624560546874,24.0,-8.639999389648438,35.279998779296875
1780530757263316500,99.28631640625,25.799999237060547,-9.179999351501465,34.86000061035156
1780530757273387500,99.29638745117188,27.71999931335449,-9.359999656677246,33.65999984741211
1780530757283458300,99.30645825195312,28.5,-9.59999942779541,33.05999755859375
1780530757293559600,99.3165595703125,29.81999969482422,-9.960000038146973,31.67999839782715
1780530757374156500,99.39715649414065,36.18000030517578,-9.65999984741211,28.920000076293945
1780530757384257800,99.4072578125,36.77999877929688,-9.539999961853027,28.61999893188477
1780530757394298000,99.41729809570312,36.959999084472656,-9.779999732971191,27.959999084472656
1780530757404399400,99.4273994140625,36.29999923706055,-10.139999389648438,27.299999237060547
1780530757414500600,99.43750048828124,36.47999954223633,-10.739999771118164,27.479999542236328
1780530757424602000,99.44760205078126,36.65999984741211,-10.800000190734863,27.71999931335449
1780530757434642200,99.45764208984374,37.13999938964844,-10.979999542236328,28.439998626708984
1780530757444774100,99.46777416992188,36.89999771118164,-10.739999771118164,29.15999984741211
1780530757464946200,99.4879462890625,36.0,-9.84000015258789,30.35999870300293
1780530757475017000,99.49801684570312,34.97999954223633,-9.539999961853027,31.13999938964844
1780530757485087700,99.50808764648436,34.5,-9.359999656677246,31.920000076293945
1780530757495158500,99.51815844726562,33.71999740600586,-8.9399995803833,33.05999755859375
1780530757505260000,99.52826000976565,32.099998474121094,-9.059999465942385,33.119998931884766
1780530757515300400,99.53830029296876,30.71999931335449,-9.119999885559082,34.31999969482422
1780530757525401600,99.54840161132812,29.099998474121094,-9.59999942779541,35.040000915527344
1780530757535502800,99.5585029296875,27.420000076293945,-9.899999618530272,36.0
1780530757565684700,99.58868481445312,23.8799991607666,-7.079999923706055,38.27999877929688
1780530757575816700,99.59881665039065,22.5,-6.480000019073486,39.18000030517578
1780530757666545400,99.68954541015626,10.380000114440918,-8.15999984741211,39.23999786376953
1780530757676585700,99.69958569335938,9.239999771118164,-7.799999713897705,39.23999786376953
1780530757686687000,99.70968701171876,8.34000015258789,-7.980000019073486,39.36000061035156
1780530757696788200,99.71978833007812,7.37999963760376,-8.279999732971191,39.77999877929688
1780530757706828500,99.72982861328126,6.779999732971191,-7.799999713897705,38.39999771118164
1780530757727000600,99.75000048828124,6.359999656677246,-8.460000038146973,37.5
1780530757737071600,99.76007153320312,6.179999828338623,-9.179999351501465,36.65999984741211
1780530757747172900,99.7701728515625,6.179999828338623,-9.899999618530272,36.65999984741211
1780530757757274000,99.78027416992188,6.059999942779541,-10.559999465942385,35.81999969482422
1780530757767314400,99.790314453125,4.920000076293945,-10.800000190734863,35.39999771118164
1780530757777415700,99.80041577148438,4.259999752044678,-10.859999656677246,34.73999786376953
1780530757787486500,99.81048657226565,3.4800000190734863,-11.34000015258789,34.5
1780530757797526800,99.82052685546876,3.119999885559082,-12.119999885559082,34.55999755859375
1780530757807597600,99.83059765625,2.819999933242798,-13.019999504089355,33.779998779296875
1780530757817698800,99.84069873046874,2.700000047683716,-13.5,33.84000015258789
1780530757827769900,99.85076977539065,1.9799998998641968,-13.799999237060549,33.779998779296875
1780530757837871000,99.86087109375,1.0199999809265137,-13.619999885559082,33.540000915527344
1780530757847942000,99.87094189453126,-0.2399999946355819,-13.4399995803833,33.599998474121094
1780530757858012700,99.8810126953125,-1.1399999856948853,-13.380000114440918,34.13999938964844
1780530757908458200,99.93145825195312,-6.71999979019165,-16.799999237060547,35.52000045776367
1780530757938609700,99.96160961914065,-10.079999923706056,-18.059999465942383,36.540000915527344
1780530757978953700,100.00195361328124,-12.59999942779541,-19.799999237060547,37.07999801635742
1780530757989024500,100.0120244140625,-12.899999618530272,-20.939998626708984,37.2599983215332
1780530757999095300,100.02209521484374,-13.619999885559082,-21.11999893188477,37.43999862670898
1780530758009166300,100.03216625976565,-13.799999237060549,-21.71999931335449,37.73999786376953
1780530758019206400,100.04220629882812,-14.34000015258789,-21.35999870300293,37.380001068115234
1780530758029308000,100.05230786132812,-15.539999961853027,-19.68000030517578,37.43999862670898
1780530758039378700,100.06237866210938,-15.179999351501465,-19.26000022888184,37.73999786376953
1780530758049449500,100.07244946289065,-14.639999389648438,-18.53999900817871,37.73999786376953
1780530758069621500,100.09262158203126,-11.460000038146973,-18.059999465942383,38.27999877929688
1780530758079692300,100.1026923828125,-10.800000190734863,-16.68000030517578,38.7599983215332
1780530758089793500,100.11279345703124,-9.960000038146973,-15.359999656677246,38.15999984741211
1780530758099864600,100.12286450195312,-9.239999771118164,-14.34000015258789,37.86000061035156
1780530758109935400,100.13293530273438,-8.399999618530273,-13.139999389648438,36.84000015258789
1780530758119975400,100.14297534179688,-7.019999980926514,-12.539999961853027,36.119998931884766
1780530758130077000,100.15307690429688,-6.0,-11.519999504089355,36.18000030517578
1780530758140147700,100.16314770507812,-4.199999809265137,-10.559999465942385,35.81999969482422
1780530758150249000,100.1732490234375,-3.119999885559082,-9.779999732971191,35.7599983215332
1780530758180461300,100.20346142578126,2.039999961853028,-8.519999504089355,35.70000076293945
1780530758190562800,100.21356274414065,3.539999961853028,-8.279999732971191,36.0
1780530758200664000,100.2236640625,5.460000038146973,-8.220000267028809,36.540000915527344
1780530758210734800,100.23373486328126,6.899999618530273,-7.739999771118164,36.65999984741211
1780530758251018000,100.27401806640626,12.779999732971191,-4.019999980926514,36.18000030517578
1780530758271220700,100.294220703125,16.3799991607666,-4.739999771118164,36.0
1780530758281291500,100.30429150390626,18.239999771118164,-4.679999828338623,35.52000045776367
1780530758291362300,100.3143623046875,19.559999465942383,-5.579999923706055,35.21999740600586
1780530758301463600,100.32446362304688,20.8799991607666,-6.059999942779541,35.15999984741211
1780530758311534300,100.33453442382812,22.26000022888184,-6.059999942779541,34.97999954223633
1780530758351878700,100.37487866210938,26.51999855041504,-6.119999885559082,34.439998626708984
1780530758382152000,100.40515185546874,30.299999237060547,-5.579999923706055,33.41999816894531
1780530758412364500,100.43536450195312,30.779998779296875,-7.019999980926514,33.36000061035156
1780530758422435300,100.44543530273438,31.5,-7.5,32.880001068115234
1780530758432506000,100.45550610351565,32.39999771118164,-7.679999828338623,32.939998626708984
1780530758442577000,100.46557690429688,33.05999755859375,-8.220000267028809,32.459999084472656
1780530758452678100,100.47567822265626,33.779998779296875,-8.15999984741211,32.57999801635742
1780530758472819700,100.49581982421876,34.13999938964844,-7.859999656677246,32.7599983215332
1780530758482921200,100.50592114257812,34.79999923706055,-6.839999675750732,33.23999786376953
1780530758533275100,100.55627514648438,33.36000061035156,-4.380000114440918,35.040000915527344
1780530758553416700,100.57641674804688,32.279998779296875,-6.359999656677246,35.39999771118164
1780530758573588700,100.59658862304688,30.420000076293945,-6.239999771118164,36.119998931884766
1780530758583690200,100.60669018554688,29.57999992370605,-6.599999904632568,35.880001068115234
1780530758593730300,100.61673022460936,28.739999771118164,-6.359999656677246,36.0
1780530758603801300,100.62680126953126,27.239999771118164,-6.71999979019165,36.41999816894531
1780530758634013700,100.657013671875,23.279998779296875,-7.739999771118164,38.040000915527344
1780530758644115000,100.66711499023438,22.85999870300293,-7.559999942779541,38.63999938964844
1780530758654185700,100.67718579101565,22.020000457763672,-7.919999599456787,38.7599983215332
1780530758674296800,100.697296875,20.520000457763672,-7.679999828338623,38.87999725341797
1780530758684367600,100.70736767578126,19.13999938964844,-8.039999961853027,38.15999984741211
1780530758694468900,100.71746875,18.18000030517578,-7.980000019073486,38.09999847412109
1780530758704570400,100.7275703125,17.520000457763672,-8.279999732971191,38.040000915527344
1780530758714641200,100.73764111328126,17.03999900817871,-7.799999713897705,38.34000015258789
1780530758724681500,100.74768139648438,16.139999389648438,-7.619999885559082,38.52000045776367
1780530758734782700,100.75778271484376,15.0,-7.919999599456787,38.27999877929688
1780530758744853500,100.767853515625,13.979999542236328,-7.679999828338623,38.21999740600586
1780530758754954800,100.77795483398438,12.539999961853027,-8.15999984741211,37.79999923706055
1780530758805400300,100.828400390625,8.880000114440918,-8.760000228881836,36.29999923706055
1780530758815501600,100.83850146484374,7.919999599456787,-9.239999771118164,36.0
1780530758825572400,100.848572265625,7.319999694824219,-9.300000190734863,35.7599983215332
1780530758835643400,100.85864331054688,6.599999904632568,-9.479999542236328,35.279998779296875
1780530758845744600,100.86874462890626,6.0,-10.079999923706056,35.459999084472656
1780530758896129000,100.91912890625,0.0,-12.960000038146973,35.34000015258789
1780530758906230500,100.92923046875,-0.8999999761581421,-13.5,35.459999084472656
1780530758926433000,100.94943310546876,-3.899999856948853,-15.0,35.39999771118164
1780530758936534300,100.9595341796875,-4.920000076293945,-15.539999961853027,34.91999816894531
1780530758946605000,100.96960498046874,-6.960000038146973,-16.739999771118164,34.31999969482422
1780530758956706600,100.97970654296876,-8.15999984741211,-17.579999923706055,34.07999801635742
1780530758966807800,100.98980786132812,-9.479999542236328,-18.53999900817871,34.31999969482422
1780530758997081300,101.02008129882812,-12.960000038146973,-17.760000228881836,35.880001068115234
1780530759007182600,101.0301826171875,-14.81999969482422,-18.0,36.41999816894531
1780530759017283800,101.04028393554688,-15.899999618530272,-19.07999992370605,36.41999816894531
1780530759027354600,101.05035473632812,-17.34000015258789,-20.57999992370605,36.47999954223633
1780530759037456100,101.0604560546875,-18.239999771118164,-22.31999969482422,36.77999877929688
1780530759047557400,101.07055737304688,-17.81999969482422,-22.85999870300293,36.77999877929688
1780530759057628200,101.08062817382812,-17.940000534057617,-22.020000457763672,37.55999755859375
1780530759067759900,101.090759765625,-17.639999389648438,-22.31999969482422,37.68000030517578
1780530759087962600,101.11096264648438,-17.81999969482422,-21.0,38.27999877929688
1780530759098064000,101.12106396484376,-18.11999893188477,-20.939998626708984,38.040000915527344
1780530759108165000,101.1311650390625,-17.69999885559082,-19.13999938964844,38.70000076293945
1780530759138469000,101.16146923828126,-15.420000076293944,-15.539999961853027,38.87999725341797
1780530759148570600,101.17157055664065,-14.519999504089355,-15.0,38.34000015258789
1780530759209178400,101.23217846679688,-6.599999904632568,-9.0,38.52000045776367
1780530759239482400,101.262482421875,-2.93999981880188,-7.319999694824219,38.39999771118164
1780530759249614300,101.2726142578125,-0.2999999821186065,-7.799999713897705,38.70000076293945
1780530759259715600,101.28271557617188,1.3799999952316284,-7.37999963760376,38.09999847412109
1780530759269847300,101.29284741210938,3.419999837875366,-6.539999961853027,37.86000061035156
1780530759279948800,101.30294873046876,5.099999904632568,-6.599999904632568,37.5
1780530759290080500,101.31308056640626,5.819999694824219,-6.179999828338623,37.31999969482422
1780530759310283300,101.333283203125,9.059999465942385,-6.539999961853027,37.31999969482422
1780530759320415000,101.3434150390625,11.039999961853027,-6.659999847412109,37.07999801635742
1780530759330516200,101.35351611328124,13.799999237060549,-6.420000076293945,36.89999771118164
1780530759340617700,101.36361767578126,15.59999942779541,-7.37999963760376,36.23999786376953
1780530759350719000,101.37371899414065,17.459999084472656,-7.679999828338623,35.70000076293945
1780530759360820200,101.3838203125,18.959999084472656,-7.799999713897705,34.55999755859375
1780530759370921500,101.39392138671874,19.979999542236328,-8.279999732971191,33.71999740600586
1780530759381023000,101.40402294921876,22.020000457763672,-8.699999809265137,33.71999740600586
1780530759391154700,101.41415478515626,23.69999885559082,-9.0,33.47999954223633
1780530759411388000,101.43438793945312,27.299999237060547,-9.119999885559082,33.36000061035156
1780530759421489200,101.4444892578125,27.779998779296875,-9.0,32.279998779296875
1780530759431590700,101.45459057617188,29.03999900817871,-9.119999885559082,31.67999839782715
1780530759441722400,101.46472241210938,29.81999969482422,-9.960000038146973,30.959999084472656
1780530759451823600,101.47482373046876,30.779998779296875,-10.380000114440918,30.84000015258789
1780530759471996000,101.49499584960938,32.939998626708984,-10.260000228881836,30.35999870300293
1780530759482127600,101.50512768554688,34.20000076293945,-10.4399995803833,30.059999465942383
1780530759492259600,101.51525952148438,34.5,-10.4399995803833,29.76000022888184
1780530759532664800,101.55566479492188,36.0,-10.31999969482422,30.059999465942383
1780530759562999300,101.58599926757812,34.68000030517578,-8.699999809265137,30.599998474121094
1780530759573100500,101.5961005859375,34.619998931884766,-8.639999389648438,30.899999618530277
1780530759583201800,101.60620190429688,33.84000015258789,-8.9399995803833,31.19999885559082
1780530759593303300,101.61630322265626,32.880001068115234,-9.0,31.799999237060547
1780530759623668200,101.64666821289065,30.599998474121094,-7.679999828338623,34.55999755859375
1780530759653972200,101.67697216796876,25.85999870300293,-7.619999885559082,36.29999923706055
1780530759694377500,101.71737744140626,20.81999969482422,-7.259999752044678,39.540000915527344
1780530759704478700,101.72747875976565,18.84000015258789,-7.199999809265137,39.89999771118164
1780530759724681500,101.74768139648438,15.899999618530272,-8.15999984741211,40.02000045776367
1780530759764995000,101.7879951171875,11.639999389648438,-7.259999752044678,39.36000061035156
1780530759775065900,101.79806591796876,10.920000076293944,-7.199999809265137,39.36000061035156
1780530759785136600,101.80813671875,9.779999732971191,-7.199999809265137,39.47999954223633
1780530759795207400,101.81820751953126,9.239999771118164,-7.559999942779541,39.41999816894531
1780530759805278200,101.8282783203125,8.819999694824219,-7.859999656677246,39.05999755859375
1780530759825389300,101.84838940429688,7.319999694824219,-8.039999961853027,37.91999816894531
1780530759835490600,101.85849047851562,6.480000019073486,-7.919999599456787,37.79999923706055
1780530759845592000,101.86859204101565,5.940000057220459,-8.579999923706055,37.2599983215332
1780530759855632400,101.87863232421876,5.339999675750732,-9.179999351501465,37.02000045776367
1780530759865733600,101.88873364257812,5.159999847412109,-9.960000038146973,36.59999847412109
1780530759875804400,101.89880444335938,5.099999904632568,-10.31999969482422,35.63999938964844
1780530759885905700,101.90890576171876,4.920000076293945,-10.559999465942385,35.39999771118164
1780530759895976400,101.9189765625,4.440000057220459,-10.859999656677246,35.21999740600586
1780530759906047200,101.92904711914062,3.5999999046325684,-10.800000190734863,34.68000030517578
1780530759936290300,101.95929028320312,1.7400000095367432,-11.9399995803833,33.36000061035156
1780530759946361000,101.96936108398438,0.959999978542328,-11.15999984741211,33.0
1780530759956432000,101.97943188476565,-0.8999999761581421,-10.739999771118164,33.0
1780530759966533000,101.989533203125,-2.3999998569488525,-10.679999351501465,33.119998931884766
1780530759976634400,101.99963427734374,-3.539999961853028,-11.81999969482422,32.939998626708984
1780530759986705200,102.009705078125,-3.539999961853028,-13.799999237060549,33.05999755859375
1780530759996776200,102.01977612304688,-3.299999952316284,-15.779999732971191,32.57999801635742
1780530760006785800,102.02978588867188,-4.380000114440918,-16.799999237060547,32.7599983215332
1780530760057170400,102.08017041015626,-9.960000038146973,-18.959999084472656,34.91999816894531
1780530760077312000,102.10031201171876,-12.239999771118164,-19.68000030517578,35.21999740600586
1780530760097514500,102.12051440429688,-13.4399995803833,-20.399999618530277,36.18000030517578
1780530760147929600,102.1709296875,-16.559999465942383,-18.779998779296875,39.05999755859375
1780530760158000400,102.18100048828126,-17.03999900817871,-18.35999870300293,39.18000030517578
1780530760178203100,102.201203125,-17.279998779296875,-17.520000457763672,39.23999786376953
1780530760188274000,102.21127392578126,-17.399999618530273,-16.31999969482422,38.7599983215332
1780530760198344700,102.2213447265625,-16.85999870300293,-15.119999885559082,38.93999862670898
1780530760208446000,102.23144604492188,-16.68000030517578,-14.15999984741211,38.34000015258789
1780530760218516700,102.24151684570312,-15.779999732971191,-13.079999923706056,38.459999084472656
1780530760228618200,102.2516181640625,-14.75999927520752,-12.59999942779541,38.21999740600586
1780530760238689000,102.26168896484376,-13.799999237060549,-12.179999351501465,37.55999755859375
1780530760268901400,102.2919013671875,-9.719999313354492,-11.219999313354492,37.07999801635742
1780530760278972200,102.30197216796876,-7.980000019073486,-10.679999351501465,37.31999969482422
1780530760319347000,102.34234692382812,-3.5999999046325684,-6.359999656677246,38.70000076293945
1780530760329448200,102.3524482421875,-2.3399999141693115,-5.699999809265137,38.57999801635742
1780530760339519000,102.36251904296876,-0.6599999666213989,-5.579999923706055,38.7599983215332
1780530760359691000,102.38269091796874,3.7799999713897705,-5.819999694824219,39.18000030517578
1780530760369792500,102.39279248046876,5.279999732971191,-5.819999694824219,38.63999938964844
1780530760379893800,102.40289379882812,7.440000057220459,-5.87999963760376,38.70000076293945
1780530760389995000,102.4129951171875,8.880000114440918,-6.179999828338623,37.86000061035156
1780530760400065800,102.42306567382812,10.31999969482422,-6.179999828338623,36.77999877929688
1780530760410167300,102.43316723632812,11.399999618530272,-6.420000076293945,36.29999923706055
1780530760470744600,102.49374462890626,21.53999900817871,-8.399999618530273,36.71999740600586
1780530760510997200,102.53399731445312,25.920000076293945,-8.519999504089355,34.97999954223633
1780530760521098500,102.54409838867188,27.11999893188477,-9.119999885559082,34.13999938964844
1780530760531169300,102.55416918945312,27.53999900817871,-9.84000015258789,33.71999740600586
1780530760541240000,102.56423999023436,28.439998626708984,-9.899999618530272,33.05999755859375
1780530760551280400,102.5742802734375,30.0,-10.139999389648438,32.81999969482422
1780530760561382000,102.5843818359375,30.239999771118164,-9.960000038146973,32.7599983215332
1780530760571452700,102.59445263671876,31.67999839782715,-9.899999618530272,32.099998474121094
1780530760581523500,102.6045234375,32.21999740600586,-9.539999961853027,31.920000076293945
1780530760631877400,102.65487744140626,34.439998626708984,-9.65999984741211,31.5
1780530760641948200,102.6649482421875,34.380001068115234,-9.300000190734863,31.439998626708984
1780530760652049400,102.67504931640624,34.31999969482422,-9.899999618530272,31.61999893188477
1780530760672160500,102.69516040039062,33.84000015258789,-9.779999732971191,31.5
1780530760682231300,102.70523120117188,33.29999923706055,-9.59999942779541,32.15999984741211
1780530760692332800,102.71533276367188,33.23999786376953,-8.399999618530273,32.70000076293945
1780530760702403600,102.72540356445312,32.34000015258789,-8.039999961853027,33.779998779296875
1780530760712444000,102.73544384765626,31.61999893188477,-7.980000019073486,34.5
1780530760732646400,102.755646484375,28.559999465942383,-7.739999771118164,34.79999923706055
1780530760793101800,102.81610180664065,20.520000457763672,-8.220000267028809,37.5
1780530760803172600,102.82617260742188,19.559999465942383,-9.119999885559082,37.43999862670898
1780530760813243400,102.83624340820312,18.899999618530277,-9.300000190734863,36.959999084472656
1780530760823314200,102.84631420898438,18.420000076293945,-9.539999961853027,37.619998931884766
1780530760833354500,102.8563544921875,17.15999984741211,-9.719999313354492,37.5
1780530760843455700,102.86645581054688,15.960000038146973,-9.420000076293944,38.34000015258789
1780530760853526500,102.87652661132812,14.460000038146973,-9.359999656677246,38.09999847412109
1780530760873698600,102.89669848632812,12.239999771118164,-9.59999942779541,37.20000076293945
1780530760883769600,102.90676953125,11.279999732971191,-9.84000015258789,36.71999740600586
1780530760893840400,102.91684033203126,10.739999771118164,-9.84000015258789,36.84000015258789
1780530760903911200,102.9269111328125,9.899999618530272,-9.479999542236328,37.380001068115234
1780530760913982000,102.93698193359376,9.0,-9.239999771118164,36.65999984741211
1780530760924052700,102.947052734375,8.220000267028809,-9.300000190734863,36.36000061035156
1780530760934154000,102.95715405273438,6.179999828338623,-8.220000267028809,36.0
1780530760944224800,102.96722485351565,5.759999752044678,-8.279999732971191,35.459999084472656
1780530760964427500,102.98742749023438,3.4800000190734863,-7.859999656677246,34.55999755859375
1780530760974498300,102.99749829101565,3.059999942779541,-9.0,34.31999969482422
1780530760984569000,103.00756909179688,2.5799999237060547,-8.579999923706055,34.619998931884766
1780530760994640000,103.01763989257812,2.1599998474121094,-8.9399995803833,34.68000030517578
1780530761004680200,103.02768017578126,0.8999999761581421,-8.9399995803833,35.34000015258789
1780530761014781400,103.03778149414065,0.4199999868869781,-9.59999942779541,35.459999084472656
1780530761024852200,103.04785229492188,-1.7999999523162842,-11.039999961853027,34.5
1780530761034953500,103.05795336914062,-3.5999999046325684,-12.119999885559082,34.13999938964844
1780530761044993800,103.06799389648438,-3.9599997997283936,-13.979999542236328,33.65999984741211
1780530761055095300,103.07809521484376,-4.980000019073486,-13.619999885559082,33.959999084472656
1780530761065166000,103.088166015625,-4.980000019073486,-13.979999542236328,34.439998626708984
1780530761075236900,103.09823681640626,-6.119999885559082,-13.859999656677246,35.279998779296875
1780530761085307600,103.1083076171875,-7.319999694824219,-13.679999351501465,36.0
1780530761095378400,103.11837841796876,-8.9399995803833,-13.859999656677246,35.81999969482422
1780530761115550500,103.13855053710938,-11.81999969482422,-14.519999504089355,34.73999786376953
1780530761125621200,103.14862133789065,-13.079999923706056,-14.639999389648438,34.31999969482422
1780530761135692000,103.15869213867188,-13.380000114440918,-15.899999618530272,34.439998626708984
1780530761145762800,103.1687626953125,-14.34000015258789,-15.479999542236328,35.34000015258789
1780530761155803100,103.17880322265626,-14.15999984741211,-16.559999465942383,36.18000030517578
1780530761165904400,103.188904296875,-14.519999504089355,-16.799999237060547,36.89999771118164
1780530761175975400,103.19897534179688,-15.179999351501465,-16.5,38.15999984741211
1780530761186046200,103.20904614257812,-16.139999389648438,-16.139999389648438,38.34000015258789
1780530761196117000,103.21911694335938,-17.219999313354492,-16.5,38.34000015258789
1780530761206218200,103.22921826171876,-17.760000228881836,-16.920000076293945,39.05999755859375
1780530761216289000,103.2392890625,-17.34000015258789,-17.81999969482422,39.47999954223633
1780530761226329300,103.24932934570312,-16.5,-19.020000457763672,40.43999862670898
1780530761236430600,103.2594306640625,-16.139999389648438,-17.760000228881836,41.040000915527344
1780530761246501400,103.26950146484376,-15.0,-17.760000228881836,40.97999954223633
1780530761256541700,103.27954174804688,-15.119999885559082,-16.85999870300293,40.37999725341797
1780530761266612500,103.28961254882812,-14.460000038146973,-16.020000457763672,39.65999984741211
1780530761276713700,103.29971362304688,-14.219999313354492,-15.779999732971191,39.65999984741211
1780530761286784500,103.30978442382812,-13.559999465942385,-15.479999542236328,39.36000061035156
1780530761296855600,103.31985546875,-13.380000114440918,-14.34000015258789,38.87999725341797
1780530761306865200,103.329865234375,-12.779999732971191,-12.719999313354492,39.41999816894531
1780530761337108200,103.36010815429688,-9.119999885559082,-10.019999504089355,39.959999084472656
1780530761347179000,103.37017895507812,-7.559999942779541,-10.199999809265137,40.02000045776367
1780530761357219000,103.38021899414062,-6.239999771118164,-9.0,39.71999740600586
1780530761367320600,103.39032055664065,-5.339999675750732,-9.420000076293944,39.18000030517578
1780530761377391400,103.40039135742188,-4.139999866485596,-9.0,39.36000061035156
1780530761387462100,103.41046215820312,-3.119999885559082,-7.980000019073486,39.0
1780530761397533000,103.42053295898438,-2.5799999237060547,-6.359999656677246,39.23999786376953
1780530761407634200,103.43063427734376,0.3599999845027923,-5.039999961853027,39.65999984741211
1780530761417705000,103.440705078125,1.3799999952316284,-3.119999885559082,39.23999786376953
1780530761427775700,103.45077563476562,3.359999895095825,-2.4600000381469727,39.05999755859375
1780530761437846500,103.46084643554688,5.460000038146973,-2.039999961853028,38.34000015258789
1780530761447886800,103.47088696289065,6.71999979019165,-2.220000028610229,38.09999847412109
1780530761457988400,103.48098828125,8.399999618530273,-2.879999876022339,37.86000061035156
1780530761468059100,103.49105908203126,10.4399995803833,-2.879999876022339,38.21999740600586
1780530761478130000,103.5011298828125,11.880000114440918,-3.539999961853028,38.15999984741211
1780530761488200700,103.51120068359376,12.65999984741211,-3.240000009536743,37.86000061035156
1780530761498271500,103.521271484375,15.719999313354492,-3.899999856948853,37.86000061035156
1780530761508342300,103.53134228515626,16.920000076293945,-3.4800000190734863,36.89999771118164
1780530761518443500,103.54144360351565,19.26000022888184,-3.899999856948853,36.84000015258789
1780530761528514300,103.55151440429688,20.69999885559082,-3.659999847412109,36.18000030517578
1780530761538585000,103.56158520507812,21.600000381469727,-3.359999895095825,35.70000076293945
1780530761548655900,103.57165576171874,22.26000022888184,-4.019999980926514,35.459999084472656
1780530761568828200,103.591828125,24.479999542236328,-4.079999923706055,34.07999801635742
1780530761578899000,103.60189892578126,24.600000381469727,-4.259999752044678,33.18000030517578
1780530761589000200,103.61200024414065,26.34000015258789,-4.380000114440918,32.63999938964844
1780530761599071000,103.62207104492188,26.81999969482422,-4.679999828338623,31.5
1780530761609141800,103.63214184570312,28.5,-5.759999752044678,31.67999839782715
1780530761619212500,103.64221264648438,29.69999885559082,-5.940000057220459,31.920000076293945
1780530761629283300,103.65228344726565,30.11999893188477,-5.699999809265137,31.739999771118164
1780530761639354000,103.66235400390624,31.26000022888184,-6.599999904632568,31.739999771118164
1780530761659526400,103.6825263671875,33.18000030517578,-6.359999656677246,30.65999984741211
1780530761679698400,103.70269848632812,32.880001068115234,-5.400000095367432,29.81999969482422
1780530761689799700,103.71279956054688,32.21999740600586,-5.819999694824219,29.939998626708984
1780530761709941200,103.73294116210936,33.18000030517578,-6.899999618530273,31.85999870300293
1780530761720073200,103.7430732421875,33.599998474121094,-8.09999942779541,32.279998779296875
1780530761730174500,103.75317456054688,33.599998474121094,-7.859999656677246,32.459999084472656
1780530761740275700,103.76327563476562,33.119998931884766,-7.319999694824219,32.7599983215332
1780530761750316000,103.77331591796874,32.939998626708984,-7.079999923706055,33.599998474121094
1780530761760448000,103.78344799804688,32.279998779296875,-7.319999694824219,33.959999084472656
1780530761770549200,103.79354931640626,31.3799991607666,-7.259999752044678,34.380001068115234
1780530761780650500,103.803650390625,30.84000015258789,-7.859999656677246,34.439998626708984
1780530761790752000,103.813751953125,29.76000022888184,-7.619999885559082,34.86000061035156
1780530761800853200,103.82385327148438,28.5,-7.319999694824219,35.57999801635742
1780530761810954500,103.83395458984376,27.479999542236328,-6.480000019073486,35.880001068115234
1780530761821055700,103.8440556640625,25.799999237060547,-6.299999713897705,36.71999740600586
1780530761831126800,103.85412670898438,24.479999542236328,-6.299999713897705,37.20000076293945
1780530761841228000,103.86422802734376,22.920000076293945,-6.239999771118164,37.380001068115234
1780530761851329300,103.87432934570312,21.239999771118164,-7.199999809265137,37.91999816894531
1780530761861430500,103.88443041992188,20.100000381469727,-6.960000038146973,38.52000045776367
1780530761871470800,103.89447094726565,18.479999542236328,-7.079999923706055,38.52000045776367
1780530761881602800,103.90460278320312,17.81999969482422,-7.319999694824219,38.81999969482422
1780530761891704000,103.9147041015625,16.739999771118164,-7.079999923706055,39.23999786376953
1780530761901805300,103.92480541992188,15.899999618530272,-6.599999904632568,38.87999725341797
1780530761911906800,103.93490673828126,14.75999927520752,-6.839999675750732,39.23999786376953
1780530761922008000,103.94500805664065,13.019999504089355,-6.599999904632568,39.05999755859375
1780530761932078800,103.95507885742188,11.699999809265137,-6.539999961853027,38.81999969482422
1780530761942149600,103.96514965820312,10.739999771118164,-6.960000038146973,38.63999938964844
1780530761952251000,103.9752509765625,9.84000015258789,-7.139999866485596,38.27999877929688
1780530761962352000,103.98535205078124,8.819999694824219,-7.440000057220459,37.97999954223633
1780530761972453600,103.99545361328126,8.15999984741211,-7.919999599456787,37.79999923706055
1780530762063335000,104.0863349609375,3.539999961853028,-8.9399995803833,34.86000061035156
1780530762123912200,104.146912109375,-0.5399999618530273,-10.4399995803833,34.13999938964844
1780530762204753400,104.22775341796876,-7.859999656677246,-16.020000457763672,36.84000015258789
1780530762214824200,104.23782421875,-7.919999599456787,-17.81999969482422,37.2599983215332
1780530762305430800,104.3284306640625,-13.4399995803833,-16.31999969482422,41.81999969482422
1780530762396159700,104.41915966796876,-10.079999923706056,-10.079999923706056,39.959999084472656
1780530762416301300,104.43930126953126,-7.919999599456787,-9.119999885559082,39.71999740600586
1780530762496898000,104.51989794921874,1.2599999904632568,-5.339999675750732,38.93999862670898
1780530762547282700,104.57028271484376,9.899999618530272,-2.819999933242798,37.97999954223633
1780530762617778200,104.64077807617188,20.34000015258789,-5.279999732971191,35.459999084472656
1780530762637920000,104.660919921875,24.18000030517578,-5.159999847412109,34.79999923706055
1780530762738536400,104.76153637695312,31.13999938964844,-9.0,30.899999618530277
1780530762748637700,104.7716376953125,30.84000015258789,-8.09999942779541,31.559999465942383
1780530762819102700,104.84210278320312,31.01999855041504,-5.639999866485596,34.31999969482422
1780530762909678800,104.93267895507812,22.3799991607666,-4.859999656677246,37.68000030517578
1780530762939922000,104.962921875,19.979999542236328,-4.859999656677246,38.52000045776367
1780530763010448000,105.03344775390624,15.420000076293944,-7.980000019073486,39.119998931884766
1780530763070903300,105.0939033203125,9.65999984741211,-6.779999732971191,37.43999862670898
1780530763101146000,105.12414599609374,7.739999771118164,-6.119999885559082,36.71999740600586
1780530763151469600,105.17446948242188,6.480000019073486,-8.519999504089355,35.040000915527344
1780530763161540600,105.18454052734376,4.920000076293945,-8.15999984741211,34.55999755859375
1780530763232127700,105.25512768554688,-0.5999999642372131,-11.15999984741211,36.0
1780530763322795300,105.34579516601562,-9.779999732971191,-16.139999389648438,38.52000045776367
1780530763423595000,105.44659497070312,-11.81999969482422,-15.839999198913574,40.55999755859375
1780530763433696300,105.4566962890625,-11.34000015258789,-14.399999618530272,40.07999801635742
1780530763463939000,105.48693896484374,-10.260000228881836,-12.420000076293944,38.93999862670898
1780530763474009900,105.497009765625,-8.9399995803833,-12.300000190734863,39.0
1780530763484111400,105.507111328125,-7.859999656677246,-11.579999923706056,38.63999938964844
1780530763494182100,105.51718212890626,-6.839999675750732,-10.679999351501465,38.39999771118164
1780530763514293200,105.53729321289065,-4.859999656677246,-10.619999885559082,38.040000915527344
1780530763524364000,105.54736401367188,-3.539999961853028,-10.199999809265137,37.91999816894531
1780530763534434800,105.55743481445312,-2.039999961853028,-9.84000015258789,37.73999786376953
1780530763544505600,105.56750561523438,-1.319999933242798,-8.760000228881836,38.09999847412109
1780530763554546000,105.5775458984375,-0.5399999618530273,-8.220000267028809,38.09999847412109
1780530763564647200,105.58764721679688,0.8399999737739563,-7.679999828338623,38.040000915527344
1780530763574718000,105.59771801757812,1.8600000143051147,-7.559999942779541,37.91999816894531
1780530763584788700,105.60778881835938,3.9599997997283936,-7.440000057220459,37.43999862670898
1780530763594859500,105.61785961914065,5.279999732971191,-6.899999618530273,36.71999740600586
1780530763615031800,105.63803173828126,7.799999713897705,-6.179999828338623,36.41999816894531
1780530763705699300,105.72869921875,19.799999237060547,-5.460000038146973,35.34000015258789
1780530763776225500,105.7992255859375,25.26000022888184,-5.21999979019165,34.380001068115234
1780530763796367000,105.8193671875,26.8799991607666,-4.440000057220459,35.39999771118164
1780530763826579500,105.84957934570312,25.85999870300293,-5.460000038146973,33.89999771118164
1780530763836681000,105.85968090820312,26.8799991607666,-6.480000019073486,34.07999801635742
1780530763846721000,105.86972094726562,25.920000076293945,-5.279999732971191,34.5
1780530763856822500,105.87982250976565,26.03999900817871,-5.460000038146973,35.21999740600586
1780530763887035000,105.91003491210938,25.739999771118164,-4.259999752044678,35.57999801635742
1780530763907176400,105.93017651367188,26.57999992370605,-5.099999904632568,36.0
1780530763957530400,105.9805302734375,22.3799991607666,-5.699999809265137,37.73999786376953
1780530763987804000,106.01080395507812,18.479999542236328,-4.739999771118164,38.70000076293945
1780530764028117500,106.05111743164062,16.3799991607666,-6.599999904632568,37.5
1780530764048289800,106.07128979492188,14.699999809265137,-6.179999828338623,37.619998931884766
1780530764108775700,106.13177563476565,10.31999969482422,-4.799999713897705,36.84000015258789
1780530764118907400,106.14190747070312,9.420000076293944,-5.639999866485596,36.84000015258789
1780530764149211400,106.17221142578126,9.779999732971191,-5.159999847412109,35.7599983215332
1780530764159343000,106.18234301757812,9.420000076293944,-5.400000095367432,35.459999084472656
1780530764179515400,106.20251538085938,8.880000114440918,-5.87999963760376,35.279998779296875
1780530764230022000,106.25302197265626,5.099999904632568,-6.71999979019165,34.5
1780530764300761600,106.32376171875,1.079999923706055,-12.359999656677246,35.52000045776367
1780530764341166800,106.36416674804688,-1.6200000047683716,-13.199999809265137,36.540000915527344
1780530764351268400,106.37426831054688,-2.639999866485596,-12.84000015258789,36.89999771118164
1780530764381572000,106.40457202148436,-4.559999942779541,-14.579999923706056,38.81999969482422
1780530764462382800,106.4853828125,-9.779999732971191,-14.460000038146973,41.459999084472656
1780530764472484000,106.49548413085938,-10.31999969482422,-12.59999942779541,41.459999084472656
1780530764482585300,106.50558544921876,-10.5,-12.539999961853027,40.619998931884766
1780530764492686800,106.51568676757812,-9.539999961853027,-12.719999313354492,40.91999816894531
1780530764512859000,106.53585888671876,-9.179999351501465,-11.519999504089355,41.39999771118164
1780530764522990600,106.54599047851562,-8.220000267028809,-10.380000114440918,41.57999801635742
1780530764533092000,106.55609204101565,-8.34000015258789,-9.179999351501465,40.97999954223633
1780530764543193300,106.566193359375,-7.919999599456787,-8.09999942779541,41.040000915527344
1780530764553294600,106.57629467773438,-7.019999980926514,-8.579999923706055,40.13999938964844
1780530764563395800,106.58639575195312,-7.139999866485596,-7.559999942779541,39.05999755859375
1780530764573497300,106.59649731445312,-6.359999656677246,-7.559999942779541,38.93999862670898
1780530764583598600,106.6065986328125,-4.619999885559082,-7.679999828338623,39.119998931884766
1780530764593699800,106.61669995117188,-3.4800000190734863,-5.699999809265137,39.23999786376953
1780530764603801300,106.62680126953126,-1.8600000143051147,-4.859999656677246,39.89999771118164
1780530764613902600,106.63690258789065,0.1199999973177909,-4.440000057220459,39.65999984741211
1780530764623973400,106.64697338867188,1.1399999856948853,-2.639999866485596,39.23999786376953
1780530764634074600,106.65707470703126,2.5199999809265137,-3.059999942779541,39.540000915527344
1780530764644145400,106.6671455078125,4.019999980926514,-3.7200000286102295,39.0
1780530764674327300,106.69732739257812,7.440000057220459,-3.059999942779541,38.27999877929688
1780530764684428500,106.70742846679688,9.960000038146973,-2.879999876022339,38.27999877929688
1780530764704570400,106.7275703125,14.579999923706056,-3.539999961853028,38.040000915527344
1780530764714641200,106.73764111328126,15.539999961853027,-4.319999694824219,37.5
1780530764724712000,106.7477119140625,16.260000228881836,-3.7200000286102295,37.619998931884766
1780530764734752300,106.75775219726565,18.0,-4.920000076293945,36.65999984741211
1780530764744823000,106.76782299804688,18.239999771118164,-4.319999694824219,36.59999847412109
1780530764754924300,106.77792431640626,20.03999900817871,-3.419999837875366,35.57999801635742
1780530764765025500,106.78802563476565,21.059999465942383,-4.380000114440918,34.73999786376953
1780530764775096300,106.79809643554688,22.439998626708984,-3.659999847412109,34.79999923706055
1780530764785167000,106.8081669921875,23.76000022888184,-3.839999914169312,34.380001068115234
1780530764795238000,106.81823779296874,24.059999465942383,-4.739999771118164,34.68000030517578
1780530764805339400,106.82833935546876,25.19999885559082,-3.7200000286102295,34.68000030517578
1780530764815410200,106.83841015625,25.85999870300293,-4.440000057220459,34.20000076293945
1780530764825481000,106.84848095703126,27.059999465942383,-5.699999809265137,34.02000045776367
1780530764835551700,106.8585517578125,28.26000022888184,-5.279999732971191,33.599998474121094
1780530764845592000,106.86859204101565,28.799999237060547,-6.839999675750732,32.39999771118164
1780530764855662800,106.87866284179688,29.279998779296875,-6.299999713897705,32.21999740600586
1780530764865764000,106.88876416015626,29.81999969482422,-6.539999961853027,31.559999465942383
1780530764875804400,106.89880444335938,29.76000022888184,-6.839999675750732,30.959999084472656
1780530764885905700,106.90890576171876,30.299999237060547,-6.059999942779541,31.61999893188477
1780530764895946000,106.91894604492188,30.11999893188477,-6.119999885559082,31.26000022888184
1780530764906078000,106.92907788085938,29.939998626708984,-5.039999961853027,31.07999992370605
1780530764916179200,106.93917919921876,30.65999984741211,-5.21999979019165,30.899999618530277
1780530764926250000,106.94925,30.959999084472656,-5.039999961853027,30.84000015258789
1780530764936290300,106.95929028320312,32.099998474121094,-5.279999732971191,31.19999885559082
1780530764966533000,106.989533203125,31.920000076293945,-4.859999656677246,33.29999923706055
1780530764986705200,107.009705078125,30.71999931335449,-5.039999961853027,33.779998779296875
1780530764996745500,107.01974536132812,29.8799991607666,-5.940000057220459,33.599998474121094
1780530765006847000,107.02984692382812,29.34000015258789,-6.839999675750732,34.13999938964844
1780530765026988500,107.04998852539065,28.13999938964844,-6.0,35.880001068115234
1780530765047130000,107.07013012695312,25.979999542236328,-3.059999942779541,37.5
1780530765077342500,107.10034252929688,21.11999893188477,-5.099999904632568,37.13999938964844
1780530765127696400,107.1506962890625,15.960000038146973,-4.739999771118164,38.040000915527344
1780530765157909000,107.18090893554688,13.25999927520752,-6.0,38.81999969482422
1780530765188182300,107.21118237304688,10.979999542236328,-7.799999713897705,37.86000061035156
1780530765238536400,107.26153637695312,7.37999963760376,-7.739999771118164,36.47999954223633
1780530765288890400,107.31189038085938,5.819999694824219,-9.119999885559082,34.68000030517578
1780530765379497000,107.4024970703125,0.0,-14.15999984741211,34.439998626708984
1780530765439922000,107.462921875,-6.480000019073486,-17.279998779296875,34.79999923706055
1780530765490245400,107.51324536132812,-9.0,-18.959999084472656,37.97999954223633
1780530765500346600,107.5233466796875,-9.179999351501465,-19.3799991607666,38.57999801635742
1780530765510417400,107.53341748046876,-10.5,-19.020000457763672,38.39999771118164
1780530765520488200,107.54348828125,-11.15999984741211,-19.3799991607666,39.23999786376953
1780530765560802000,107.58380200195312,-13.31999969482422,-18.959999084472656,39.119998931884766
1780530765570872800,107.59387280273438,-13.139999389648438,-18.71999931335449,39.18000030517578
1780530765631297500,107.65429760742188,-9.0,-12.59999942779541,37.79999923706055
1780530765661540600,107.68454052734376,-7.679999828338623,-7.199999809265137,37.68000030517578
1780530765732066600,107.75506665039065,1.7400000095367432,-4.079999923706055,36.65999984741211
1780530765772288800,107.79528881835938,7.5,-2.039999961853028,35.34000015258789
1780530765832683000,107.85568310546876,17.279998779296875,-2.759999990463257,36.05999755859375
1780530765883067600,107.90606762695312,23.34000015258789,-4.139999866485596,33.84000015258789
1780530765943492400,107.96649243164065,29.63999938964844,-5.339999675750732,33.05999755859375
1780530766013988000,108.03698803710938,30.0,-5.579999923706055,33.41999816894531
1780530766104625200,108.12762524414065,26.099998474121094,-4.019999980926514,36.119998931884766
1780530766144969500,108.16796948242188,21.779998779296875,-5.21999979019165,38.040000915527344
1780530766155040300,108.17804028320312,20.100000381469727,-4.739999771118164,37.79999923706055
1780530766165111000,108.18811108398438,18.059999465942383,-4.679999828338623,37.91999816894531
1780530766195353900,108.21835375976562,16.139999389648438,-5.819999694824219,37.02000045776367
1780530766205424600,108.22842456054688,16.5,-5.759999752044678,37.73999786376953
1780530766215526100,108.23852612304688,15.779999732971191,-5.699999809265137,38.459999084472656
1780530766225627400,108.24862744140626,14.399999618530272,-6.119999885559082,38.93999862670898
1780530766235728600,108.25872875976565,13.739999771118164,-6.059999942779541,38.34000015258789
1780530766245830100,108.268830078125,12.0,-7.199999809265137,37.619998931884766
1780530766255901000,108.27890087890626,11.219999313354492,-7.679999828338623,37.31999969482422
1780530766265971700,108.2889716796875,10.5,-7.859999656677246,36.89999771118164
1780530766286174200,108.30917431640626,9.779999732971191,-6.71999979019165,37.619998931884766
1780530766306315800,108.32931567382812,8.399999618530273,-6.659999847412109,36.77999877929688
1780530766326518500,108.3495185546875,7.199999809265137,-7.019999980926514,34.86000061035156
1780530766346629600,108.36962963867188,5.579999923706055,-7.079999923706055,33.47999954223633
1780530766376933600,108.39993359375,4.679999828338623,-7.37999963760376,34.31999969482422
1780530766386943200,108.40994311523436,4.799999713897705,-6.960000038146973,34.31999969482422
1780530766417247200,108.44024731445312,3.7200000286102295,-8.519999504089355,34.73999786376953
1780530766437419300,108.46041918945312,-0.0599999986588954,-9.65999984741211,35.040000915527344
1780530766518168800,108.5411689453125,-7.440000057220459,-15.359999656677246,33.84000015258789
1780530766528270300,108.55127026367188,-9.479999542236328,-15.960000038146973,33.36000061035156
1780530766538371600,108.56137158203126,-10.260000228881836,-15.779999732971191,34.86000061035156
1780530766548472800,108.57147290039065,-11.279999732971191,-16.079999923706055,35.34000015258789
1780530766558574000,108.58157397460936,-13.199999809265137,-16.260000228881836,35.63999938964844
1780530766568675600,108.59167553710938,-13.799999237060549,-15.359999656677246,37.20000076293945
1780530766578776800,108.60177685546876,-14.34000015258789,-16.139999389648438,37.13999938964844
1780530766588908500,108.61190844726562,-15.059999465942385,-17.459999084472656,37.5
1780530766619212500,108.64221264648438,-14.81999969482422,-16.31999969482422,38.57999801635742
1780530766629283300,108.65228344726565,-14.9399995803833,-15.0,39.41999816894531
1780530766639415300,108.66241528320312,-15.119999885559082,-15.719999313354492,39.05999755859375
1780530766649516500,108.6725166015625,-15.299999237060549,-15.539999961853027,38.93999862670898
1780530766659617800,108.68261767578124,-15.059999465942385,-15.119999885559082,38.93999862670898
1780530766669688600,108.6926884765625,-13.920000076293944,-16.020000457763672,38.15999984741211
1780530766679820500,108.70282055664065,-13.31999969482422,-16.19999885559082,37.86000061035156
1780530766689921800,108.712921875,-12.179999351501465,-16.5,37.97999954223633
1780530766700023000,108.72302294921874,-10.5,-16.5,38.21999740600586
1780530766710124500,108.73312451171876,-9.960000038146973,-15.179999351501465,37.97999954223633
1780530766801066800,108.82406665039062,-0.2999999821186065,-5.819999694824219,37.68000030517578
1780530766841472000,108.86447192382812,6.659999847412109,-4.920000076293945,36.77999877929688
1780530766851573500,108.87457348632812,8.639999389648438,-4.5,37.07999801635742
1780530766861644300,108.88464428710938,10.139999389648438,-4.440000057220459,37.13999938964844
1780530766871715000,108.89471508789065,11.15999984741211,-3.359999895095825,37.31999969482422
1780530766881846800,108.9048466796875,12.359999656677246,-4.199999809265137,37.68000030517578
1780530766891948300,108.9149482421875,14.34000015258789,-4.319999694824219,37.380001068115234
1780530766902049500,108.92504956054688,15.479999542236328,-3.359999895095825,36.89999771118164
1780530766912150800,108.93515087890626,17.399999618530273,-4.259999752044678,35.70000076293945
1780530766922252000,108.945251953125,18.779998779296875,-3.7799999713897705,35.459999084472656
1780530766952586800,108.97558666992188,23.34000015258789,-6.539999961853027,34.86000061035156
1780530766962688000,108.98568798828126,23.51999855041504,-6.899999618530273,33.959999084472656
1780530766972789200,108.99578930664065,22.799999237060547,-6.239999771118164,33.29999923706055
1780530766982890500,109.00589038085936,23.34000015258789,-6.839999675750732,33.05999755859375
1780530767003093200,109.02609326171876,26.21999931335449,-5.940000057220459,33.29999923706055
1780530767023295700,109.04629565429688,28.5,-6.359999656677246,33.779998779296875
1780530767033397200,109.05639721679688,28.979999542236328,-7.559999942779541,33.540000915527344
1780530767043529000,109.06652905273438,29.459999084472656,-8.220000267028809,33.71999740600586
1780530767053630200,109.07663012695312,29.81999969482422,-8.579999923706055,33.47999954223633
1780530767063731700,109.08673168945312,29.81999969482422,-8.880000114440918,33.18000030517578
1780530767073863400,109.09686352539065,30.35999870300293,-8.639999389648438,33.540000915527344
1780530767083934200,109.10693432617188,29.8799991607666,-8.760000228881836,32.939998626708984
1780530767094005000,109.1170048828125,29.76000022888184,-9.300000190734863,33.36000061035156
1780530767104075800,109.12707568359374,29.8799991607666,-9.0,33.540000915527344
1780530767114146600,109.137146484375,29.459999084472656,-9.239999771118164,33.41999816894531
1780530767124217600,109.14721752929688,28.739999771118164,-9.239999771118164,34.439998626708984
1780530767134288400,109.15728833007812,28.439998626708984,-9.059999465942385,34.55999755859375
1780530767144389600,109.1673896484375,27.420000076293945,-8.639999389648438,35.39999771118164
1780530767164531200,109.18753125,25.799999237060547,-7.619999885559082,36.05999755859375
1780530767174632400,109.19763256835938,25.01999855041504,-7.37999963760376,36.71999740600586
1780530767184703200,109.207703125,25.01999855041504,-7.019999980926514,37.20000076293945
1780530767194774000,109.21777392578124,23.76000022888184,-6.539999961853027,37.5
1780530767204844800,109.2278447265625,23.34000015258789,-7.139999866485596,38.52000045776367
1780530767214946300,109.2379462890625,21.84000015258789,-7.619999885559082,38.57999801635742
1780530767225017000,109.24801708984376,20.63999938964844,-8.399999618530273,38.52000045776367
1780530767235088000,109.258087890625,19.739999771118164,-8.760000228881836,38.52000045776367
1780530767275401500,109.2984013671875,15.539999961853027,-8.519999504089355,38.52000045776367
1780530767325755600,109.34875561523438,12.0,-7.799999713897705,38.15999984741211
1780530767335826400,109.35882641601565,11.15999984741211,-8.399999618530273,38.459999084472656
1780530767345836000,109.3688359375,10.079999923706056,-7.919999599456787,38.57999801635742
1780530767355937500,109.3789375,9.179999351501465,-7.739999771118164,38.040000915527344
1780530767366008300,109.38900830078126,8.460000038146973,-7.739999771118164,37.86000061035156
1780530767386088700,109.40908862304688,7.259999752044678,-7.440000057220459,37.619998931884766
1780530767396129000,109.41912890625,6.779999732971191,-7.199999809265137,38.040000915527344
1780530767406230500,109.42923046875,6.119999885559082,-7.619999885559082,37.91999816894531
1780530767426341600,109.44934155273438,5.639999866485596,-8.639999389648438,37.02000045776367
1780530767436412400,109.45941235351565,5.87999963760376,-9.239999771118164,36.05999755859375
1780530767446513700,109.469513671875,5.639999866485596,-9.300000190734863,36.29999923706055
1780530767456615000,109.47961499023438,5.699999809265137,-9.119999885559082,37.02000045776367
1780530767496837000,109.51983715820312,2.220000028610229,-7.619999885559082,35.39999771118164
1780530767506908000,109.52990795898438,0.8999999761581421,-8.519999504089355,35.39999771118164
1780530767537181400,109.56018139648438,-2.93999981880188,-9.59999942779541,35.21999740600586
1780530767557231400,109.5802314453125,-4.079999923706055,-9.779999732971191,35.39999771118164
1780530767567271700,109.59027172851565,-4.019999980926514,-10.31999969482422,36.29999923706055
1780530767627818500,109.65081860351565,-7.5,-12.84000015258789,38.040000915527344
1780530767637889300,109.66088916015624,-7.799999713897705,-13.4399995803833,39.18000030517578
1780530767647960000,109.6709599609375,-7.859999656677246,-13.31999969482422,39.959999084472656
1780530767658092000,109.68109204101565,-8.579999923706055,-13.619999885559082,40.02000045776367
1780530767678233600,109.70123364257812,-9.779999732971191,-13.4399995803833,40.68000030517578
1780530767718486300,109.741486328125,-11.579999923706056,-11.15999984741211,41.63999938964844
1780530767728587500,109.75158740234374,-10.679999351501465,-11.15999984741211,41.39999771118164
1780530767738658300,109.761658203125,-10.679999351501465,-10.199999809265137,40.79999923706055
1780530767748698600,109.77169873046876,-11.219999313354492,-9.059999465942385,40.20000076293945
1780530767758739000,109.78173901367188,-11.579999923706056,-8.9399995803833,40.55999755859375
1780530767768840200,109.79184008789062,-10.5,-7.980000019073486,40.86000061035156
1780530767778911000,109.80191088867188,-9.420000076293944,-7.859999656677246,40.37999725341797
1780530767799113700,109.82211376953126,-7.079999923706055,-8.699999809265137,39.71999740600586
1780530767809184500,109.8321845703125,-6.71999979019165,-6.960000038146973,39.540000915527344
1780530767829326000,109.852326171875,-4.319999694824219,-5.759999752044678,39.47999954223633
1780530767839427300,109.86242724609374,-3.059999942779541,-3.419999837875366,39.47999954223633
1780530767849498400,109.87249829101565,-2.5799999237060547,-3.5999999046325684,38.87999725341797
1780530767859538400,109.88253833007812,-1.5,-2.3399999141693115,39.36000061035156
1780530767869640000,109.89263989257812,0.3599999845027923,-2.220000028610229,38.39999771118164
1780530767879710700,109.90271069335938,0.8399999737739563,-2.879999876022339,37.79999923706055
1780530767899852300,109.92285229492188,4.259999752044678,-2.879999876022339,37.380001068115234
1780530767909892600,109.932892578125,5.579999923706055,-2.879999876022339,37.619998931884766
1780530767919963400,109.94296337890626,7.739999771118164,-3.4800000190734863,37.68000030517578
1780530767940074500,109.96307446289065,11.219999313354492,-3.359999895095825,36.47999954223633
1780530767950145300,109.97314526367188,13.25999927520752,-3.119999885559082,36.84000015258789
1780530767960216000,109.98321606445312,14.639999389648438,-3.539999961853028,36.36000061035156
1780530767970317300,109.9933173828125,16.979999542236328,-5.87999963760376,36.05999755859375
1780530767980388000,110.00338818359376,18.299999237060547,-6.119999885559082,35.880001068115234
1780530768010600400,110.03360034179688,22.26000022888184,-8.399999618530273,34.5
1780530768020702000,110.04370190429688,23.399999618530277,-9.239999771118164,34.07999801635742
1780530768030772700,110.05377270507812,24.299999237060547,-10.019999504089355,33.47999954223633
1780530768040843500,110.06384350585938,25.5,-10.199999809265137,32.81999969482422
1780530768050914300,110.07391430664065,26.8799991607666,-10.739999771118164,33.05999755859375
1780530768061015600,110.084015625,27.779998779296875,-10.5,33.29999923706055
1780530768071056000,110.09405590820312,28.3799991607666,-9.84000015258789,33.36000061035156
1780530768081126700,110.10412670898438,28.19999885559082,-9.359999656677246,33.36000061035156
1780530768111339000,110.13433911132812,29.81999969482422,-8.09999942779541,31.739999771118164
1780530768141551400,110.16455126953124,31.01999855041504,-8.819999694824219,31.13999938964844
1780530768181926100,110.20492602539062,31.799999237060547,-10.380000114440918,32.880001068115234
1780530768212169200,110.23516918945312,31.979999542236328,-10.380000114440918,33.89999771118164
1780530768222240000,110.24523999023438,31.67999839782715,-9.960000038146973,34.13999938964844
1780530768232341200,110.25534130859376,31.31999969482422,-10.260000228881836,34.20000076293945
1780530768242412000,110.265412109375,30.479999542236328,-10.380000114440918,34.02000045776367
1780530768252513300,110.27551318359374,28.979999542236328,-10.380000114440918,34.97999954223633
1780530768262584000,110.285583984375,28.07999992370605,-10.739999771118164,35.7599983215332
1780530768272655000,110.29565502929688,26.69999885559082,-10.380000114440918,36.540000915527344
1780530768282726000,110.30572583007812,25.799999237060547,-10.31999969482422,37.55999755859375
1780530768292796700,110.31579663085938,25.19999885559082,-10.31999969482422,37.43999862670898
1780530768312999200,110.33599926757812,23.100000381469727,-10.31999969482422,37.20000076293945
1780530768353343500,110.37634350585938,18.600000381469727,-7.799999713897705,39.23999786376953
1780530768363414300,110.38641430664065,16.920000076293945,-8.279999732971191,39.18000030517578
1780530768383555800,110.40655590820312,14.399999618530272,-7.919999599456787,39.959999084472656
1780530768423869700,110.44686962890626,11.399999618530272,-7.919999599456787,39.540000915527344
1780530768433971000,110.45697094726565,11.279999732971191,-8.760000228881836,39.0
1780530768444041700,110.46704174804688,10.800000190734863,-8.699999809265137,38.39999771118164
1780530768454143000,110.47714306640626,9.960000038146973,-8.34000015258789,38.27999877929688
1780530768464244200,110.487244140625,9.84000015258789,-9.059999465942385,37.43999862670898
1780530768474345700,110.497345703125,8.639999389648438,-9.0,37.20000076293945
1780530768484416500,110.50741650390626,8.880000114440918,-9.65999984741211,37.20000076293945
1780530768494487300,110.5174873046875,8.760000228881836,-10.859999656677246,36.71999740600586
1780530768524699600,110.54769970703126,8.15999984741211,-11.460000038146973,35.939998626708984
1780530768534801000,110.55780078125,8.15999984741211,-11.699999809265137,35.939998626708984
1780530768544841200,110.56784130859376,7.799999713897705,-11.75999927520752,36.05999755859375
1780530768554942500,110.5779423828125,7.139999866485596,-12.539999961853027,36.05999755859375
1780530768565044000,110.5880439453125,6.420000076293945,-13.679999351501465,35.880001068115234
1780530768575114800,110.59811474609376,5.460000038146973,-13.799999237060549,35.63999938964844
1780530768585124400,110.60812426757812,4.859999656677246,-13.739999771118164,36.0
1780530768655711700,110.67871166992188,-0.7799999713897705,-15.299999237060549,38.15999984741211
1780530768706004500,110.72900439453124,-4.559999942779541,-16.440000534057617,39.59999847412109
1780530768716106000,110.73910595703126,-5.460000038146973,-17.219999313354492,40.2599983215332
1780530768736278000,110.75927807617188,-6.480000019073486,-17.459999084472656,40.68000030517578
1780530768746318300,110.769318359375,-6.779999732971191,-17.69999885559082,41.040000915527344
1780530768756389000,110.77938916015626,-7.259999752044678,-17.34000015258789,41.15999984741211
1780530768766429400,110.78942944335938,-7.37999963760376,-17.399999618530273,41.70000076293945
1780530768776530700,110.79953076171876,-7.679999828338623,-17.520000457763672,41.459999084472656
1780530768786601500,110.8096015625,-7.919999599456787,-16.739999771118164,41.63999938964844
1780530768796672300,110.81967236328126,-8.519999504089355,-16.799999237060547,41.52000045776367
1780530768806773800,110.82977368164065,-8.9399995803833,-16.85999870300293,41.15999984741211
1780530768816844500,110.83984448242188,-9.119999885559082,-16.619998931884766,41.09999847412109
1780530768887462100,110.91046215820312,-5.579999923706055,-10.920000076293944,39.119998931884766
1780530768897533000,110.92053295898438,-4.319999694824219,-10.199999809265137,38.7599983215332
1780530768907634200,110.93063427734376,-3.0,-9.65999984741211,38.70000076293945
1780530768947978500,110.970978515625,0.1199999973177909,-7.139999866485596,39.0
1780530768958079700,110.98107983398438,1.559999942779541,-6.480000019073486,38.63999938964844
1780530768968150500,110.99115063476565,3.359999895095825,-6.179999828338623,38.27999877929688
1780530768978252000,111.001251953125,5.039999961853027,-6.299999713897705,37.91999816894531
1780530768988353300,111.01135327148438,6.420000076293945,-6.899999618530273,37.13999938964844
1780530768998454500,111.02145458984376,7.799999713897705,-7.019999980926514,37.43999862670898
1780530769008555800,111.0315556640625,9.420000076293944,-7.139999866485596,37.68000030517578
1780530769018687700,111.04168774414065,10.800000190734863,-7.559999942779541,37.73999786376953
1780530769028728000,111.05172802734376,12.59999942779541,-7.079999923706055,37.86000061035156
1780530769059032000,111.08203198242188,17.399999618530273,-7.679999828338623,36.05999755859375
1780530769069133300,111.09213330078126,18.779998779296875,-8.519999504089355,35.63999938964844
1780530769079234600,111.10223461914065,20.03999900817871,-8.460000038146973,35.099998474121094
1780530769089335800,111.11233569335936,21.18000030517578,-8.9399995803833,34.5
1780530769099437300,111.12243725585938,22.5,-9.719999313354492,34.2599983215332
1780530769109538600,111.13253857421876,23.63999938964844,-10.019999504089355,34.07999801635742
1780530769119639800,111.14263989257812,24.84000015258789,-10.079999923706056,34.31999969482422
1780530769170146600,111.193146484375,28.5,-7.799999713897705,34.07999801635742
1780530769180247800,111.20324780273438,29.279998779296875,-8.399999618530273,33.779998779296875
1780530769230754300,111.25375439453126,29.76000022888184,-8.639999389648438,34.31999969482422
1780530769240855600,111.26385546875,29.69999885559082,-8.519999504089355,34.31999969482422
1780530769250987500,111.27398754882812,29.939998626708984,-8.039999961853027,34.2599983215332
1780530769271190000,111.29418994140624,30.059999465942383,-8.039999961853027,35.459999084472656
1780530769281291500,111.30429150390626,29.69999885559082,-8.09999942779541,35.70000076293945
1780530769291423200,111.31442333984376,29.03999900817871,-7.859999656677246,35.57999801635742
1780530769301524700,111.32452465820312,28.07999992370605,-7.919999599456787,35.15999984741211
1780530769311656400,111.33465649414065,27.239999771118164,-8.34000015258789,35.040000915527344
1780530769321757700,111.3447578125,27.11999893188477,-8.819999694824219,36.05999755859375
1780530769331859200,111.35485913085938,26.81999969482422,-9.300000190734863,36.959999084472656
1780530769341960400,111.36496044921876,25.85999870300293,-9.65999984741211,37.55999755859375
1780530769352061700,111.37506176757812,24.899999618530277,-9.65999984741211,37.91999816894531
1780530769432903000,111.45590283203126,17.399999618530273,-8.760000228881836,38.81999969482422
1780530769443004200,111.46600415039065,17.15999984741211,-8.639999389648438,38.7599983215332
1780530769503612000,111.52661181640624,12.65999984741211,-7.980000019073486,38.52000045776367
1780530769523845000,111.54684521484376,12.359999656677246,-7.980000019073486,37.619998931884766
1780530769533946400,111.5569462890625,11.880000114440918,-8.460000038146973,36.89999771118164
1780530769544017400,111.56701733398438,10.800000190734863,-8.039999961853027,35.34000015258789
1780530769554088200,111.57708813476565,10.5,-8.279999732971191,34.86000061035156
1780530769564220000,111.58721997070312,9.779999732971191,-8.9399995803833,34.619998931884766
1780530769574321200,111.59732104492188,9.779999732971191,-9.119999885559082,34.73999786376953
1780530769584392000,111.60739184570312,9.899999618530272,-10.4399995803833,35.15999984741211
1780530769614726400,111.63772631835936,9.0,-12.359999656677246,34.5
1780530769624797400,111.64779736328126,8.039999961853027,-12.65999984741211,34.619998931884766
1780530769634929200,111.65792919921876,6.71999979019165,-12.719999313354492,34.79999923706055
1780530769655101200,111.67810107421874,4.739999771118164,-12.239999771118164,35.63999938964844
1780530769665141500,111.6881416015625,4.259999752044678,-11.880000114440918,35.7599983215332
1780530769685313800,111.70831372070312,2.1599998474121094,-12.59999942779541,36.0
1780530769695384600,111.71838452148438,0.5999999642372131,-13.739999771118164,35.7599983215332
1780530769766002200,111.78900219726565,-7.980000019073486,-17.940000534057617,37.91999816894531
1780530769776103400,111.799103515625,-8.579999923706055,-18.35999870300293,38.39999771118164
1780530769786143700,111.80914379882812,-9.539999961853027,-18.959999084472656,38.21999740600586
1780530769796245000,111.81924487304688,-10.739999771118164,-18.71999931335449,38.70000076293945
1780530769806315800,111.82931567382812,-11.039999961853027,-18.239999771118164,39.0
1780530769826488000,111.84948803710938,-11.279999732971191,-18.18000030517578,39.59999847412109
1780530769836589300,111.85958935546876,-11.399999618530272,-18.11999893188477,39.47999954223633
1780530769846690600,111.86969067382812,-11.519999504089355,-18.299999237060547,39.65999984741211
1780530769856792000,111.8797919921875,-11.639999389648438,-18.35999870300293,40.02000045776367
1780530769866862800,111.88986279296876,-11.579999923706056,-17.81999969482422,40.31999969482422
1780530769876933600,111.89993359375,-10.679999351501465,-17.760000228881836,40.31999969482422
1780530769887004400,111.91000439453126,-10.139999389648438,-17.520000457763672,40.619998931884766
1780530769897075200,111.9200751953125,-9.960000038146973,-16.739999771118164,40.20000076293945
1780530769937419300,111.96041918945312,-6.480000019073486,-12.65999984741211,39.89999771118164
1780530769977733000,112.00073315429688,-2.220000028610229,-9.239999771118164,38.39999771118164
1780530769987834400,112.01083447265626,-0.6599999666213989,-8.039999961853027,38.21999740600586
1780530769997905200,112.0209052734375,0.3599999845027923,-7.5,38.39999771118164
1780530770008006700,112.03100659179688,1.9799998998641968,-6.659999847412109,38.52000045776367
1780530770018077400,112.04107739257812,3.839999914169312,-6.960000038146973,39.29999923706055
1780530770028148200,112.05114819335938,5.21999979019165,-5.940000057220459,39.0
1780530770038188500,112.0611884765625,6.179999828338623,-5.21999979019165,38.63999938964844
1780530770048289800,112.07128979492188,7.5,-5.039999961853027,38.21999740600586
1780530770058330000,112.081330078125,8.9399995803833,-4.319999694824219,37.97999954223633
1780530770068401000,112.09140087890626,10.679999351501465,-5.159999847412109,38.459999084472656
1780530770078471700,112.1014716796875,12.960000038146973,-5.639999866485596,38.57999801635742
1780530770088542500,112.11154248046876,14.579999923706056,-5.279999732971191,38.39999771118164
1780530770098613200,112.12161328125,15.779999732971191,-5.400000095367432,37.91999816894531
1780530770108714500,112.13171459960938,17.219999313354492,-5.279999732971191,37.55999755859375
1780530770118785300,112.14178540039065,18.420000076293945,-5.460000038146973,36.89999771118164
1780530770128886800,112.15188671875,19.979999542236328,-6.119999885559082,36.89999771118164
1780530770138988000,112.16198803710938,21.35999870300293,-6.71999979019165,36.71999740600586
1780530770149089300,112.17208935546876,22.68000030517578,-7.259999752044678,36.119998931884766
1780530770159129600,112.18212963867188,24.600000381469727,-7.37999963760376,36.0
1780530770169230800,112.19223095703126,25.559999465942383,-7.259999752044678,35.279998779296875
1780530770179301600,112.20230151367188,26.15999984741211,-7.199999809265137,34.439998626708984
1780530770189342000,112.21234204101565,27.239999771118164,-7.37999963760376,33.71999740600586
1780530770209483500,112.2324833984375,28.5,-7.739999771118164,33.41999816894531
1780530770219585000,112.2425849609375,29.57999992370605,-7.679999828338623,33.540000915527344
1780530770229655800,112.25265576171876,29.939998626708984,-7.559999942779541,33.779998779296875
1780530770239757000,112.26275708007812,29.81999969482422,-7.919999599456787,33.540000915527344
1780530770249827800,112.27282788085938,30.71999931335449,-8.34000015258789,33.71999740600586
1780530770300304000,112.32330395507812,32.099998474121094,-8.639999389648438,33.779998779296875
1780530770360820200,112.3838203125,30.299999237060547,-7.859999656677246,36.36000061035156
1780530770421275600,112.44427563476565,26.279998779296875,-7.440000057220459,38.21999740600586
1780530770501933600,112.52493359375,20.520000457763672,-6.480000019073486,38.09999847412109
1780530770512004400,112.53500439453126,19.61999893188477,-7.139999866485596,37.97999954223633
1780530770522105600,112.54510571289065,18.899999618530277,-7.440000057220459,37.5
1780530770592754000,112.61575390625,12.960000038146973,-8.460000038146973,36.77999877929688
1780530770622905300,112.6459052734375,11.75999927520752,-9.359999656677246,36.0
1780530770673320200,112.6963203125,7.619999885559082,-10.139999389648438,36.36000061035156
1780530770693523000,112.71652294921876,6.960000038146973,-11.579999923706056,36.77999877929688
1780530770703593700,112.72659375,6.71999979019165,-12.300000190734863,36.959999084472656
1780530770713695000,112.73669506835938,6.420000076293945,-12.719999313354492,37.55999755859375
1780530770723765800,112.74676586914065,5.099999904632568,-13.619999885559082,37.43999862670898
1780530770733836500,112.75683642578124,3.5999999046325684,-14.639999389648438,37.07999801635742
1780530770743907300,112.7669072265625,2.639999866485596,-15.179999351501465,36.959999084472656
1780530770754008800,112.7770087890625,1.319999933242798,-15.359999656677246,36.65999984741211
1780530770764079600,112.78707958984376,0.5999999642372131,-15.539999961853027,36.18000030517578
1780530770774180900,112.79718090820312,0.2399999946355819,-16.079999923706055,36.77999877929688
1780530770784190700,112.80719067382812,-0.3599999845027923,-16.619998931884766,36.540000915527344
1780530770804332300,112.82733227539065,-1.6200000047683716,-18.239999771118164,38.27999877929688
1780530770814433500,112.83743359375,-2.819999933242798,-18.65999984741211,38.040000915527344
1780530770824443400,112.847443359375,-3.5999999046325684,-18.65999984741211,38.81999969482422
1780530770834544600,112.85754467773438,-3.7799999713897705,-18.65999984741211,39.0
1780530770844646000,112.86764599609376,-4.259999752044678,-18.84000015258789,39.540000915527344
1780530770854686200,112.87768627929688,-4.679999828338623,-18.899999618530277,40.07999801635742
1780530770864726500,112.8877265625,-5.339999675750732,-19.920000076293945,40.02000045776367
1780530770874827800,112.89782788085938,-5.759999752044678,-20.100000381469727,40.2599983215332
1780530770884898600,112.90789868164065,-6.420000076293945,-20.63999938964844,40.2599983215332
1780530770915111000,112.93811083984374,-7.079999923706055,-19.3799991607666,40.55999755859375
1780530770925182000,112.94818188476565,-6.899999618530273,-18.779998779296875,40.73999786376953
1780530770935252700,112.95825268554688,-6.599999904632568,-18.35999870300293,40.5
1780530770945354000,112.96835400390626,-7.319999694824219,-17.579999923706055,40.68000030517578
1780530770995677400,113.01867749023438,-6.119999885559082,-12.479999542236328,39.84000015258789
1780530771046062000,113.06906201171876,-1.8600000143051147,-11.399999618530272,38.7599983215332
1780530771056163300,113.07916333007812,-1.1399999856948853,-10.5,38.39999771118164
1780530771066234000,113.08923413085938,-0.7799999713897705,-10.079999923706056,37.86000061035156
1780530771076335400,113.09933544921876,0.4199999868869781,-9.119999885559082,37.619998931884766
1780530771086406100,113.10940625,1.6799999475479126,-8.279999732971191,37.68000030517578
1780530771096477000,113.11947680664062,3.240000009536743,-8.220000267028809,37.5
1780530771116588000,113.13958813476565,6.059999942779541,-7.019999980926514,37.31999969482422
1780530771126658800,113.14965893554688,7.199999809265137,-6.480000019073486,37.02000045776367
1780530771136760300,113.15976025390626,8.09999942779541,-6.299999713897705,37.13999938964844
1780530771146800400,113.16980029296874,8.9399995803833,-6.0,37.20000076293945
1780530771166972700,113.18997265625,12.239999771118164,-5.87999963760376,37.02000045776367
1780530771177074000,113.20007397460938,13.979999542236328,-5.159999847412109,37.02000045776367
1780530771197215500,113.22021557617188,16.739999771118164,-3.359999895095825,36.36000061035156
1780530771227397400,113.2503974609375,19.3799991607666,-4.5,36.23999786376953
1780530771257671000,113.2806708984375,22.5,-3.9599997997283936,35.7599983215332
1780530771267741700,113.29074169921876,23.34000015258789,-4.319999694824219,36.0
1780530771277843000,113.30084301757812,24.600000381469727,-4.5,36.41999816894531
1780530771287944200,113.31094409179688,25.439998626708984,-4.199999809265137,37.07999801635742
1780530771298015000,113.32101489257812,26.459999084472656,-4.319999694824219,36.89999771118164
1780530771328258000,113.35125805664065,28.26000022888184,-5.400000095367432,36.36000061035156
1780530771378703600,113.40170361328126,29.939998626708984,-4.079999923706055,36.119998931884766
1780530771388744000,113.41174389648438,30.479999542236328,-4.559999942779541,35.70000076293945
1780530771398845200,113.42184521484376,30.53999900817871,-4.559999942779541,35.099998474121094
1780530771408946400,113.43194653320312,30.420000076293945,-5.460000038146973,34.5
1780530771429088000,113.452087890625,30.599998474121094,-6.059999942779541,34.97999954223633
1780530771439189500,113.462189453125,30.299999237060547,-6.239999771118164,35.39999771118164
1780530771449260300,113.47226025390626,30.420000076293945,-5.339999675750732,36.18000030517578
1780530771459361500,113.48236157226565,29.81999969482422,-5.519999980926514,35.57999801635742
1780530771469432300,113.49243237304688,28.739999771118164,-3.899999856948853,36.05999755859375
1780530771479533600,113.50253344726562,27.479999542236328,-2.819999933242798,36.0
1780530771529918200,113.55291821289065,24.35999870300293,-4.980000019073486,37.20000076293945
1780530771550059800,113.57305981445312,23.399999618530277,-4.859999656677246,37.5
1780530771560161000,113.5831611328125,23.21999931335449,-5.519999980926514,37.68000030517578
1780530771580363800,113.60336376953126,21.600000381469727,-6.059999942779541,38.21999740600586
1780530771590465000,113.61346508789065,20.8799991607666,-6.420000076293945,38.34000015258789
1780530771600566300,113.62356616210936,19.61999893188477,-6.299999713897705,38.15999984741211
1780530771610637000,113.63363696289062,18.65999984741211,-6.659999847412109,37.79999923706055
1780530771620707800,113.64370776367188,17.399999618530273,-6.239999771118164,37.2599983215332
1780530771640910600,113.66391064453126,16.139999389648438,-6.239999771118164,37.02000045776367
1780530771651011800,113.67401171875,15.779999732971191,-6.960000038146973,36.59999847412109
1780530771661082600,113.68408251953124,15.65999984741211,-8.039999961853027,36.47999954223633
1780530771671153400,113.6941533203125,15.059999465942385,-8.579999923706055,36.23999786376953
1780530771681255000,113.7042548828125,13.979999542236328,-9.119999885559082,36.23999786376953
1780530771691417000,113.7144169921875,12.479999542236328,-9.119999885559082,36.0
1780530771701487900,113.72448779296874,11.219999313354492,-9.420000076293944,35.57999801635742
1780530771711589400,113.73458935546876,10.559999465942385,-10.139999389648438,35.459999084472656
1780530771721660200,113.74466015625,10.380000114440918,-11.279999732971191,35.15999984741211
1780530771782146000,113.80514599609376,4.920000076293945,-12.059999465942385,36.23999786376953
1780530771792277800,113.81527783203126,4.259999752044678,-12.779999732971191,36.18000030517578
1780530771802379000,113.82537890625,3.7200000286102295,-13.4399995803833,36.29999923706055
1780530771812449800,113.83544970703124,2.4600000381469727,-13.920000076293944,36.29999923706055
1780530771862956500,113.88595654296876,-2.639999866485596,-16.739999771118164,37.91999816894531
1780530771873057800,113.89605786132812,-3.539999961853028,-17.940000534057617,38.27999877929688
1780530771883189800,113.90618969726565,-4.619999885559082,-18.479999542236328,38.70000076293945
1780530771893260500,113.91626049804688,-5.039999961853027,-18.84000015258789,38.52000045776367
1780530771903361800,113.92636181640626,-6.299999713897705,-19.799999237060547,38.7599983215332
1780530771913493500,113.93649340820312,-6.899999618530273,-20.399999618530277,39.77999877929688
1780530771923595000,113.94659497070312,-7.37999963760376,-21.35999870300293,39.89999771118164
1780530771933696300,113.9566962890625,-8.460000038146973,-21.53999900817871,40.37999725341797
1780530771964061200,113.98706127929688,-9.359999656677246,-18.53999900817871,40.5
1780530771974162400,113.99716235351562,-9.779999732971191,-18.779998779296875,40.31999969482422
1780530771984264000,114.00726391601565,-9.420000076293944,-19.19999885559082,39.959999084472656
1780530771994365200,114.017365234375,-9.779999732971191,-18.65999984741211,40.31999969482422
1780530772034801000,114.05780078125,-9.719999313354492,-16.559999465942383,38.87999725341797
1780530772044902400,114.06790234375,-9.779999732971191,-15.59999942779541,38.34000015258789
1780530772115611600,114.13861157226565,-4.799999713897705,-10.979999542236328,38.21999740600586
1780530772125713000,114.148712890625,-3.7200000286102295,-10.139999389648438,37.97999954223633
1780530772135814100,114.15881420898438,-2.819999933242798,-9.539999961853027,37.73999786376953
1780530772145915400,114.16891528320312,-2.1599998474121094,-8.639999389648438,37.68000030517578
1780530772166118100,114.1891181640625,1.079999923706055,-7.37999963760376,36.71999740600586
1780530772176219400,114.19921948242188,2.879999876022339,-6.839999675750732,36.47999954223633
1780530772186320600,114.20932055664062,4.679999828338623,-6.899999618530273,36.41999816894531
1780530772196422100,114.21942211914065,6.239999771118164,-6.779999732971191,36.36000061035156
1780530772206523400,114.2295234375,7.799999713897705,-6.420000076293945,36.59999847412109
1780530772216624600,114.23962475585938,9.65999984741211,-6.659999847412109,36.84000015258789
1780530772226726100,114.24972607421876,11.639999389648438,-6.480000019073486,36.41999816894531
1780530772236827400,114.25982739257812,13.31999969482422,-6.839999675750732,36.540000915527344
1780530772246959000,114.269958984375,14.9399995803833,-7.139999866485596,36.23999786376953
1780530772257060600,114.280060546875,16.559999465942383,-7.259999752044678,35.81999969482422
1780530772267161900,114.29016186523438,18.299999237060547,-7.259999752044678,35.70000076293945
1780530772287364400,114.3103642578125,21.0,-6.960000038146973,35.459999084472656
1780530772297465900,114.3204658203125,21.899999618530277,-6.299999713897705,35.70000076293945
1780530772307567000,114.33056713867188,22.799999237060547,-6.179999828338623,35.880001068115234
1780530772317668400,114.34066845703126,24.18000030517578,-5.400000095367432,35.459999084472656
1780530772337871000,114.36087109375,26.03999900817871,-5.460000038146973,34.619998931884766
1780530772408580400,114.43158032226565,30.71999931335449,-7.079999923706055,34.5
1780530772418681600,114.441681640625,31.61999893188477,-6.839999675750732,34.380001068115234
1780530772428813300,114.45181323242188,31.979999542236328,-5.759999752044678,35.099998474121094
1780530772438914800,114.46191479492188,31.07999992370605,-5.159999847412109,34.68000030517578
1780530772449016000,114.47201611328126,30.959999084472656,-5.039999961853027,34.439998626708984
1780530772459117300,114.48211743164065,30.299999237060547,-6.0,34.439998626708984
1780530772479350500,114.5023505859375,32.040000915527344,-9.059999465942385,34.91999816894531
1780530772489451800,114.51245166015624,31.739999771118164,-9.539999961853027,34.79999923706055
1780530772499553300,114.52255322265626,31.19999885559082,-9.59999942779541,34.68000030517578
1780530772509654500,114.53265454101565,30.299999237060547,-9.84000015258789,34.86000061035156
1780530772519755800,114.542755859375,29.15999984741211,-9.779999732971191,35.34000015258789
1780530772529857000,114.55285693359374,28.739999771118164,-9.59999942779541,36.119998931884766
1780530772539958500,114.56295849609376,28.68000030517578,-9.359999656677246,37.13999938964844
1780530772550090200,114.57309033203126,28.01999855041504,-9.0,36.959999084472656
1780530772560161000,114.5831611328125,26.69999885559082,-9.179999351501465,36.59999847412109
1780530772570262500,114.59326245117188,26.099998474121094,-9.359999656677246,36.71999740600586
1780530772600505300,114.62350537109376,24.420000076293945,-9.779999732971191,37.79999923706055
1780530772610576100,114.633576171875,23.34000015258789,-9.420000076293944,38.27999877929688
1780530772620647000,114.64364697265626,22.19999885559082,-9.359999656677246,38.34000015258789
1780530772630717700,114.6537177734375,20.399999618530277,-9.239999771118164,38.15999984741211
1780530772640788500,114.66378857421876,19.979999542236328,-9.59999942779541,37.97999954223633
1780530772650889700,114.6738896484375,19.31999969482422,-9.84000015258789,37.380001068115234
1780530772660991200,114.6839912109375,18.71999931335449,-9.960000038146973,37.97999954223633
1780530772671062000,114.69406201171876,18.600000381469727,-9.359999656677246,38.15999984741211
1780530772721477000,114.74447705078126,13.559999465942385,-8.09999942779541,38.21999740600586
1780530772731578400,114.75457836914065,13.31999969482422,-8.460000038146973,38.040000915527344
1780530772741557500,114.7645576171875,11.9399995803833,-8.699999809265137,38.21999740600586
1780530772751659000,114.77465893554688,11.399999618530272,-9.179999351501465,37.5
1780530772781932300,114.80493237304688,8.579999923706055,-8.639999389648438,36.59999847412109
1780530772792033500,114.81503344726562,7.739999771118164,-9.0,36.47999954223633
1780530772812236300,114.835236328125,6.420000076293945,-9.779999732971191,36.29999923706055
1780530772822307000,114.84530712890626,6.119999885559082,-9.899999618530272,36.119998931884766
1780530772832408300,114.855408203125,4.920000076293945,-10.199999809265137,35.63999938964844
1780530772842509800,114.865509765625,3.9599997997283936,-11.09999942779541,35.52000045776367
1780530772852580600,114.87558056640626,2.759999990463257,-11.75999927520752,35.459999084472656
1780530772862621000,114.88562084960938,2.1599998474121094,-12.899999618530272,35.63999938964844
1780530772872722200,114.89572216796876,1.2599999904632568,-13.380000114440918,35.57999801635742
1780530772882793000,114.90579296875,0.7199999690055847,-13.619999885559082,35.70000076293945
1780530772892863700,114.91586376953126,-0.2999999821186065,-14.279999732971191,35.880001068115234
1780530772943217700,114.9662177734375,-3.839999914169312,-14.34000015258789,38.34000015258789
1780530772953319200,114.97631909179688,-4.380000114440918,-15.420000076293944,39.119998931884766
1780530772963390000,114.98638989257812,-5.819999694824219,-15.65999984741211,39.05999755859375
1780530772973491200,114.9964912109375,-6.480000019073486,-15.779999732971191,39.119998931884766
1780530772983562000,115.00656201171876,-7.5,-16.19999885559082,39.18000030517578
1780530772993602300,115.01660229492188,-8.579999923706055,-16.85999870300293,39.47999954223633
1780530773003673000,115.02667309570312,-9.059999465942385,-17.03999900817871,39.84000015258789
1780530773033824500,115.05682446289065,-10.679999351501465,-16.68000030517578,41.459999084472656
1780530773084239400,115.1072392578125,-10.979999542236328,-15.719999313354492,41.57999801635742
1780530773094310100,115.11731005859374,-10.739999771118164,-15.0,41.52000045776367
1780530773114452000,115.13745190429688,-10.31999969482422,-13.979999542236328,40.619998931884766
1780530773124553200,115.14755322265626,-9.899999618530272,-14.34000015258789,40.07999801635742
1780530773134654500,115.15765454101565,-9.65999984741211,-13.920000076293944,39.18000030517578
1780530773144694800,115.16769482421876,-8.220000267028809,-13.920000076293944,38.57999801635742
1780530773154765600,115.177765625,-7.619999885559082,-13.559999465942385,38.39999771118164
1780530773164866800,115.18786669921874,-7.199999809265137,-12.359999656677246,38.34000015258789
1780530773174937600,115.1979375,-6.0,-12.479999542236328,38.21999740600586
1780530773185008400,115.20800830078124,-5.759999752044678,-11.09999942779541,38.21999740600586
1780530773195079400,115.21807934570312,-4.920000076293945,-9.65999984741211,38.459999084472656
1780530773255504100,115.27850415039065,0.4799999892711639,-7.5,38.93999862670898
1780530773265605400,115.28860546875,1.8600000143051147,-7.5,38.39999771118164
1780530773275676200,115.29867626953126,3.7200000286102295,-7.5,38.459999084472656
1780530773305888500,115.32888842773436,8.760000228881836,-6.659999847412109,37.97999954223633
1780530773326060800,115.34906079101565,12.479999542236328,-6.420000076293945,37.68000030517578
1780530773396708900,115.419708984375,20.459999084472656,-5.759999752044678,35.81999969482422
1780530773406779600,115.42977954101562,21.65999984741211,-5.87999963760376,35.880001068115234
1780530773447154400,115.47015454101565,26.459999084472656,-8.880000114440918,34.91999816894531
1780530773457225200,115.48022509765624,27.779998779296875,-9.539999961853027,34.91999816894531
1780530773467326700,115.49032666015626,29.03999900817871,-10.079999923706056,34.97999954223633
1780530773477428000,115.50042797851565,29.15999984741211,-10.139999389648438,35.21999740600586
1780530773497569500,115.52056958007812,28.85999870300293,-10.019999504089355,35.279998779296875
1780530773507670800,115.5306708984375,28.739999771118164,-9.779999732971191,35.099998474121094
1780530773517741600,115.54074145507812,29.399999618530277,-9.719999313354492,34.439998626708984
1780530773527843000,115.55084301757812,30.35999870300293,-10.260000228881836,34.20000076293945
1780530773537913900,115.56091381835938,30.84000015258789,-10.679999351501465,33.84000015258789
1780530773548015000,115.57101513671876,31.07999992370605,-10.800000190734863,33.65999984741211
1780530773568156700,115.59115673828126,31.920000076293945,-11.15999984741211,34.31999969482422
1780530773578258000,115.6012578125,31.799999237060547,-10.739999771118164,34.31999969482422
1780530773598430200,115.62143017578126,30.959999084472656,-10.739999771118164,34.13999938964844
1780530773608501000,115.6315009765625,30.0,-10.380000114440918,34.20000076293945
1780530773628673000,115.65167309570312,28.26000022888184,-10.5,35.39999771118164
1780530773638774300,115.66177416992188,28.01999855041504,-10.979999542236328,36.119998931884766
1780530773669017300,115.69201733398438,26.69999885559082,-10.380000114440918,37.07999801635742
1780530773679088000,115.70208813476565,25.559999465942383,-9.84000015258789,37.20000076293945
1780530773689159000,115.71215893554688,24.53999900817871,-10.679999351501465,37.02000045776367
1780530773699229700,115.72222973632812,23.34000015258789,-10.979999542236328,36.540000915527344
1780530773709331000,115.7323310546875,22.020000457763672,-11.399999618530272,36.71999740600586
1780530773719401700,115.74240161132812,21.420000076293945,-11.639999389648438,36.59999847412109
1780530773729503200,115.75250317382812,20.69999885559082,-11.279999732971191,37.43999862670898
1780530773779918000,115.80291796875,15.960000038146973,-10.859999656677246,38.21999740600586
1780530773789988900,115.81298876953124,15.119999885559082,-11.09999942779541,37.20000076293945
1780530773800090400,115.82309033203126,14.880000114440918,-11.279999732971191,36.71999740600586
1780530773810161200,115.8331611328125,14.399999618530272,-11.219999313354492,36.65999984741211
1780530773820170800,115.84317065429688,14.039999961853027,-11.039999961853027,36.84000015258789
1780530773830272300,115.85327221679688,13.380000114440918,-10.619999885559082,37.20000076293945
1780530773840373500,115.86337353515626,12.719999313354492,-10.380000114440918,37.2599983215332
1780530773850444300,115.8734443359375,11.399999618530272,-10.079999923706056,36.959999084472656
1780530773860484600,115.88348461914065,10.260000228881836,-9.59999942779541,36.65999984741211
1780530773920970500,115.94397045898438,6.059999942779541,-11.9399995803833,37.02000045776367
1780530773941081600,115.96408154296876,4.440000057220459,-13.4399995803833,37.55999755859375
1780530773951182800,115.97418286132812,2.93999981880188,-14.09999942779541,37.31999969482422
1780530773991496400,116.01449633789062,-0.6599999666213989,-14.219999313354492,38.040000915527344
1780530774062022700,116.08502270507812,-5.099999904632568,-18.0,40.43999862670898
1780530774072093400,116.09509350585938,-5.639999866485596,-18.059999465942383,40.55999755859375
1780530774082194700,116.10519458007812,-6.299999713897705,-18.18000030517578,41.040000915527344
1780530774092265500,116.11526538085936,-6.839999675750732,-18.35999870300293,41.52000045776367
1780530774102305800,116.12530590820312,-7.440000057220459,-18.53999900817871,42.18000030517578
1780530774112376600,116.13537646484374,-7.980000019073486,-18.239999771118164,42.540000915527344
1780530774122478000,116.14547802734376,-7.980000019073486,-18.18000030517578,42.65999984741211
1780530774142589200,116.16558911132812,-8.9399995803833,-17.760000228881836,42.47999954223633
1780530774152690400,116.1756904296875,-9.179999351501465,-17.34000015258789,42.540000915527344
1780530774162761200,116.18576123046876,-9.479999542236328,-16.799999237060547,42.05999755859375
1780530774172832000,116.19583203125,-8.760000228881836,-16.559999465942383,41.52000045776367
1780530774182902800,116.20590283203126,-8.399999618530273,-15.65999984741211,41.040000915527344
1780530774193004000,116.21600415039065,-8.220000267028809,-15.59999942779541,40.43999862670898
1780530774213176300,116.23617626953126,-8.34000015258789,-15.239999771118164,39.29999923706055
1780530774223247000,116.2462470703125,-7.919999599456787,-14.880000114440918,39.540000915527344
1780530774233287400,116.25628735351565,-7.019999980926514,-14.09999942779541,39.47999954223633
1780530774243388700,116.266388671875,-6.239999771118164,-13.799999237060549,40.07999801635742
1780530774253490000,116.27648999023438,-4.920000076293945,-13.199999809265137,40.20000076293945
1780530774263591200,116.28659106445312,-3.7799999713897705,-12.239999771118164,39.959999084472656
1780530774273662000,116.29666186523436,-3.059999942779541,-11.75999927520752,39.47999954223633
1780530774283763500,116.30676342773438,-2.3999998569488525,-10.559999465942385,38.81999969482422
1780530774374431200,116.39743115234376,8.699999809265137,-5.279999732971191,37.31999969482422
1780530774455089200,116.47808911132812,19.979999542236328,-6.420000076293945,36.23999786376953
1780530774485362400,116.50836254882812,23.399999618530277,-6.960000038146973,34.619998931884766
1780530774495433200,116.51843310546874,23.76000022888184,-8.039999961853027,33.65999984741211
1780530774505534700,116.52853466796876,24.65999984741211,-8.9399995803833,33.119998931884766
1780530774555949600,116.57894946289062,29.459999084472656,-8.760000228881836,33.29999923706055
1780530774566020400,116.58902026367188,30.11999893188477,-9.420000076293944,33.36000061035156
1780530774596294000,116.6192939453125,31.01999855041504,-9.59999942779541,33.41999816894531
1780530774606425900,116.62942578125,31.01999855041504,-9.179999351501465,33.23999786376953
1780530774636729600,116.6597294921875,31.85999870300293,-10.31999969482422,32.70000076293945
1780530774646831000,116.6698310546875,32.70000076293945,-10.199999809265137,32.7599983215332
1780530774656932400,116.67993237304688,31.799999237060547,-9.899999618530272,33.05999755859375
1780530774667064000,116.69006396484374,31.439998626708984,-9.539999961853027,33.119998931884766
1780530774677134800,116.700134765625,30.53999900817871,-8.760000228881836,33.89999771118164
1780530774687236400,116.710236328125,29.03999900817871,-8.760000228881836,34.20000076293945
1780530774697307100,116.72030712890626,28.68000030517578,-9.300000190734863,34.31999969482422
1780530774707438800,116.73043896484376,28.559999465942383,-9.899999618530272,35.15999984741211
1780530774717540400,116.74054028320312,27.35999870300293,-10.260000228881836,35.34000015258789
1780530774737773300,116.76077319335936,25.739999771118164,-10.079999923706056,36.119998931884766
1780530774747874800,116.77087475585938,24.779998779296875,-9.359999656677246,36.77999877929688
1780530774757976000,116.78097607421876,23.939998626708984,-9.300000190734863,36.71999740600586
1780530774768077300,116.79107739257812,22.61999893188477,-9.119999885559082,36.89999771118164
1780530774778178600,116.80117846679688,22.020000457763672,-9.239999771118164,37.5
1780530774808482600,116.83148266601565,18.35999870300293,-8.34000015258789,38.7599983215332
1780530774818584000,116.841583984375,17.279998779296875,-8.09999942779541,38.52000045776367
1780530774889323800,116.91232373046876,10.31999969482422,-8.880000114440918,38.09999847412109
1780530774899364000,116.92236401367188,9.960000038146973,-8.9399995803833,37.79999923706055
1780530774909495800,116.93249584960938,9.59999942779541,-9.059999465942385,37.68000030517578
1780530774919597000,116.94259716796876,9.479999542236328,-9.179999351501465,37.86000061035156
1780530774929698600,116.95269848632812,9.059999465942385,-9.84000015258789,37.43999862670898
1780530774939769300,116.96276928710938,8.399999618530273,-9.719999313354492,37.86000061035156
1780530774960002300,116.98300219726562,7.019999980926514,-10.380000114440918,37.20000076293945
1780530774970103800,116.99310375976565,6.659999847412109,-10.739999771118164,37.91999816894531
1780530774980205000,117.003205078125,6.119999885559082,-11.579999923706056,37.86000061035156
1780530774990275800,117.01327587890626,5.460000038146973,-12.300000190734863,37.380001068115234
1780530775000346600,117.0233466796875,4.920000076293945,-13.199999809265137,37.86000061035156
1780530775010478600,117.033478515625,3.5999999046325684,-14.34000015258789,37.55999755859375
1780530775020518700,117.0435185546875,2.759999990463257,-15.059999465942385,37.20000076293945
1780530775030650600,117.05365063476565,1.919999957084656,-15.65999984741211,37.43999862670898
1780530775040751900,117.063751953125,1.2599999904632568,-16.3799991607666,37.2599983215332
1780530775081157000,117.1041572265625,-1.919999957084656,-15.65999984741211,39.18000030517578
1780530775101329400,117.12432934570312,-2.3999998569488525,-16.5,40.31999969482422
1780530775111461000,117.13446118164065,-2.819999933242798,-16.68000030517578,40.68000030517578
1780530775131664000,117.15466381835938,-4.079999923706055,-17.520000457763672,41.09999847412109
1780530775172069000,117.19506909179688,-4.739999771118164,-16.739999771118164,42.71999740600586
1780530775182170400,117.20517041015626,-5.099999904632568,-17.03999900817871,42.89999771118164
1780530775192271600,117.21527172851565,-5.339999675750732,-17.100000381469727,43.20000076293945
1780530775202373000,117.225373046875,-6.420000076293945,-17.03999900817871,43.20000076293945
1780530775212474400,117.23547436523438,-6.480000019073486,-16.85999870300293,42.71999740600586
1780530775222545200,117.24554516601565,-6.539999961853027,-16.3799991607666,42.540000915527344
1780530775232616000,117.25561596679688,-7.5,-15.839999198913574,42.18000030517578
1780530775242686700,117.26568676757812,-7.319999694824219,-15.960000038146973,42.05999755859375
1780530775272990700,117.29599072265626,-7.019999980926514,-15.359999656677246,41.459999084472656
1780530775283061500,117.3060615234375,-6.659999847412109,-14.880000114440918,40.86000061035156
1780530775293132300,117.31613232421876,-6.420000076293945,-14.579999923706056,40.68000030517578
1780530775313273900,117.33627392578126,-4.739999771118164,-11.75999927520752,40.43999862670898
1780530775353618200,117.3766181640625,-2.700000047683716,-8.699999809265137,40.07999801635742
1780530775373790200,117.39679028320312,0.0599999986588954,-9.119999885559082,39.71999740600586
1780530775383800000,117.40680004882812,1.0199999809265137,-8.460000038146973,39.77999877929688
1780530775414012400,117.43701245117188,4.199999809265137,-7.079999923706055,39.71999740600586
1780530775424083200,117.44708325195312,5.699999809265137,-6.960000038146973,39.29999923706055
1780530775444224800,117.46722485351565,8.699999809265137,-6.480000019073486,38.63999938964844
1780530775454265000,117.47726513671876,9.779999732971191,-5.940000057220459,38.52000045776367
1780530775474376200,117.49737622070312,13.5,-6.420000076293945,37.79999923706055
1780530775484477400,117.5074775390625,14.9399995803833,-6.539999961853027,37.31999969482422
1780530775494548200,117.51754833984376,16.5,-7.139999866485596,36.65999984741211
1780530775504619000,117.52761889648436,17.639999389648438,-7.199999809265137,36.05999755859375
1780530775514720500,117.53772045898438,18.84000015258789,-7.019999980926514,35.52000045776367
1780530775524821800,117.54782177734376,20.57999992370605,-7.440000057220459,35.15999984741211
1780530775534892500,117.557892578125,22.68000030517578,-8.09999942779541,34.68000030517578
1780530775544963300,117.56796337890626,24.479999542236328,-8.34000015258789,34.380001068115234
1780530775555064600,117.57806469726565,25.920000076293945,-8.819999694824219,34.20000076293945
1780530775565105000,117.58810498046876,27.11999893188477,-9.239999771118164,34.07999801635742
1780530775605449200,117.62844921875,30.479999542236328,-9.239999771118164,32.81999969482422
1780530775625621200,117.64862133789065,30.899999618530277,-8.819999694824219,32.39999771118164
1780530775635692000,117.65869213867188,31.31999969482422,-8.34000015258789,32.459999084472656
1780530775645762800,117.6687626953125,31.85999870300293,-8.639999389648438,32.34000015258789
1780530775655833600,117.67883349609374,32.34000015258789,-8.279999732971191,32.34000015258789
1780530775665904400,117.688904296875,32.459999084472656,-8.399999618530273,32.459999084472656
1780530775726420700,117.74942065429688,32.39999771118164,-7.559999942779541,33.71999740600586
1780530775736491800,117.75949169921876,32.099998474121094,-7.259999752044678,33.65999984741211
1780530775746593000,117.76959301757812,31.3799991607666,-7.559999942779541,34.02000045776367
1780530775756663800,117.77966381835938,30.71999931335449,-8.220000267028809,34.07999801635742
1780530775776835800,117.7998359375,29.21999931335449,-9.059999465942385,35.099998474121094
1780530775796977400,117.81997729492188,25.5,-6.480000019073486,36.29999923706055
1780530775807048200,117.83004809570312,24.299999237060547,-6.960000038146973,37.07999801635742
1780530775817119000,117.84011889648436,22.68000030517578,-6.359999656677246,36.71999740600586
1780530775827190000,117.85018994140626,21.84000015258789,-7.440000057220459,36.540000915527344
1780530775837260800,117.8602607421875,21.779998779296875,-8.579999923706055,36.65999984741211
1780530775847331600,117.87033154296876,21.11999893188477,-8.399999618530273,36.959999084472656
1780530775857402400,117.88040234375,20.34000015258789,-8.279999732971191,37.5
1780530775867503600,117.89050366210938,19.19999885559082,-7.799999713897705,38.09999847412109
1780530775877574400,117.90057446289065,17.760000228881836,-7.919999599456787,38.34000015258789
1780530775887645200,117.91064526367188,16.799999237060547,-7.619999885559082,38.7599983215332
1780530775897746400,117.92074633789062,16.020000457763672,-7.619999885559082,38.93999862670898
1780530775968333800,117.99133374023438,9.239999771118164,-8.039999961853027,37.2599983215332
1780530775978374000,118.00137377929688,8.760000228881836,-7.980000019073486,37.43999862670898
1780530775988475400,118.01147534179688,8.15999984741211,-8.399999618530273,37.13999938964844
1780530775998576600,118.02157666015626,7.5,-8.880000114440918,36.84000015258789
1780530776018687700,118.04168774414065,5.639999866485596,-9.65999984741211,36.119998931884766
1780530776028758500,118.05175854492188,5.279999732971191,-10.019999504089355,36.18000030517578
1780530776038859800,118.06185986328126,4.739999771118164,-10.199999809265137,35.70000076293945
1780530776048961000,118.0719609375,4.019999980926514,-10.920000076293944,35.57999801635742
1780530776058971000,118.08197094726565,3.179999828338623,-11.519999504089355,35.34000015258789
1780530776069072100,118.09207202148436,2.1599998474121094,-11.880000114440918,35.279998779296875
1780530776079143000,118.10214282226562,0.8999999761581421,-12.420000076293944,35.63999938964844
1780530776099284700,118.12228466796876,-1.1399999856948853,-13.859999656677246,35.880001068115234
1780530776109355500,118.13235546875,-2.3399999141693115,-14.699999809265137,35.7599983215332
1780530776129527600,118.15252758789065,-4.980000019073486,-14.9399995803833,35.57999801635742
1780530776159740000,118.18273999023438,-7.679999828338623,-16.979999542236328,35.63999938964844
1780530776169780200,118.1927802734375,-8.639999389648438,-18.0,36.18000030517578
1780530776179851000,118.20285107421876,-9.65999984741211,-19.31999969482422,36.47999954223633
1780530776200023000,118.22302294921874,-10.619999885559082,-20.21999931335449,37.5
1780530776210124500,118.23312451171876,-11.219999313354492,-20.69999885559082,37.79999923706055
1780530776220195300,118.2431953125,-12.239999771118164,-20.63999938964844,38.39999771118164
1780530776230266000,118.25326611328126,-13.5,-20.63999938964844,38.81999969482422
1780530776240337000,118.2633369140625,-14.279999732971191,-20.8799991607666,39.47999954223633
1780530776250407700,118.27340771484376,-15.239999771118164,-20.69999885559082,39.89999771118164
1780530776260448000,118.28344799804688,-15.299999237060549,-20.69999885559082,39.84000015258789
1780530776270518800,118.29351879882812,-15.539999961853027,-19.439998626708984,39.77999877929688
1780530776280620000,118.3036201171875,-16.31999969482422,-18.35999870300293,39.71999740600586
1780530776290660400,118.31366040039065,-16.31999969482422,-17.459999084472656,39.540000915527344
1780530776300761600,118.32376171875,-16.799999237060547,-16.920000076293945,39.36000061035156
1780530776310832400,118.33383227539062,-16.3799991607666,-17.15999984741211,38.87999725341797
1780530776320872700,118.34387280273438,-15.839999198913574,-17.219999313354492,38.70000076293945
1780530776330974000,118.35397387695312,-15.239999771118164,-16.68000030517578,38.34000015258789
1780530776341075500,118.36407543945312,-14.460000038146973,-15.59999942779541,38.27999877929688
1780530776351146200,118.37414624023438,-13.559999465942385,-15.119999885559082,38.459999084472656
1780530776371257300,118.39425732421876,-11.15999984741211,-13.799999237060549,37.86000061035156
1780530776381297700,118.40429760742188,-9.779999732971191,-13.079999923706056,37.86000061035156
1780530776391399000,118.41439892578126,-8.9399995803833,-11.81999969482422,37.13999938964844
1780530776401500200,118.42450024414065,-7.37999963760376,-10.679999351501465,37.13999938964844
1780530776411440400,118.4344404296875,-6.299999713897705,-9.779999732971191,37.07999801635742
1780530776421511200,118.44451123046876,-4.920000076293945,-8.819999694824219,37.02000045776367
1780530776431551500,118.45455151367187,-3.419999837875366,-8.819999694824219,37.5
1780530776441622300,118.46462231445312,-2.2799999713897705,-8.399999618530273,36.89999771118164
1780530776451723800,118.47472387695312,-0.2399999946355819,-7.859999656677246,37.2599983215332
1780530776461794600,118.48479467773436,1.8600000143051147,-7.679999828338623,37.2599983215332
1780530776492037400,118.51503735351562,7.799999713897705,-5.460000038146973,36.18000030517578
1780530776542391300,118.56539135742187,18.18000030517578,-3.539999961853028,35.279998779296875
1780530776602877200,118.62587719726562,26.76000022888184,-4.980000019073486,33.540000915527344
1780530776643129900,118.6661298828125,31.26000022888184,-6.420000076293945,30.899999618530277
1780530776653231400,118.6762314453125,31.739999771118164,-6.420000076293945,30.420000076293945
1780530776663332600,118.68633251953123,32.099998474121094,-6.899999618530273,30.53999900817871
1780530776683535000,118.70653515625,34.2599983215332,-7.559999942779541,30.420000076293945
1780530776693575400,118.71657543945312,34.91999816894531,-8.09999942779541,30.84000015258789
1780530776703677000,118.72667700195312,35.57999801635742,-8.639999389648438,30.53999900817871
1780530776713778200,118.73677807617187,35.52000045776367,-8.880000114440918,30.479999542236328
1780530776723849000,118.74684887695312,35.70000076293945,-9.539999961853027,30.299999237060547
1780530776734011400,118.75701147460936,36.05999755859375,-9.65999984741211,30.599998474121094
1780530776744082200,118.76708227539062,36.36000061035156,-8.460000038146973,31.26000022888184
1780530776774325000,118.79732495117187,36.41999816894531,-8.519999504089355,33.119998931884766
1780530776784395800,118.80739575195312,35.57999801635742,-9.719999313354492,33.41999816894531
1780530776794466600,118.81746655273436,34.68000030517578,-9.479999542236328,33.89999771118164
1780530776804537300,118.82753735351562,33.84000015258789,-9.59999942779541,34.02000045776367
1780530776814608100,118.83760815429687,33.0,-9.59999942779541,33.89999771118164
1780530776824679000,118.84767895507812,32.52000045776367,-9.65999984741211,34.13999938964844
1780530776844851200,118.86785131835936,30.35999870300293,-10.019999504089355,34.20000076293945
1780530776854922000,118.877921875,29.15999984741211,-10.380000114440918,35.040000915527344
1780530776864992800,118.88799267578123,27.84000015258789,-10.739999771118164,35.7599983215332
1780530776875094000,118.89809399414062,27.0,-11.519999504089355,36.41999816894531
1780530776885164800,118.90816479492187,25.85999870300293,-10.920000076293944,37.20000076293945
1780530776895266000,118.91826611328123,24.299999237060547,-10.139999389648438,37.31999969482422
1780530776925539600,118.94853955078123,18.959999084472656,-8.880000114440918,39.23999786376953
1780530776975954700,118.99895458984376,14.699999809265137,-7.799999713897705,40.13999938964844
1780530777006197500,119.02919750976562,10.5,-6.659999847412109,39.05999755859375
1780530777016268300,119.03926831054687,9.479999542236328,-6.960000038146973,38.70000076293945
1780530777026369800,119.04936987304689,8.399999618530273,-7.319999694824219,37.79999923706055
1780530777036440600,119.05944067382812,7.679999828338623,-8.039999961853027,37.13999938964844
1780530777046511400,119.06951147460936,7.37999963760376,-8.579999923706055,37.20000076293945
1780530777056582100,119.07958203125,6.659999847412109,-8.399999618530273,36.84000015258789
1780530777066683400,119.08968334960936,5.400000095367432,-8.220000267028809,36.540000915527344
1780530777076784600,119.09978466796876,4.5,-8.460000038146973,36.47999954223633
1780530777086855400,119.10985546875,2.93999981880188,-9.179999351501465,35.39999771118164
1780530777096957000,119.11995703125,2.3399999141693115,-9.779999732971191,34.68000030517578
1780530777107058200,119.13005810546876,2.1599998474121094,-10.380000114440918,34.55999755859375
1780530777117159400,119.14015942382812,1.1399999856948853,-10.739999771118164,34.02000045776367
1780530777127260700,119.1502607421875,0.5399999618530273,-10.979999542236328,34.02000045776367
1780530777147433000,119.17043286132812,-1.1999999284744265,-12.960000038146973,33.29999923706055
1780530777207949300,119.23094921875,-8.880000114440918,-14.639999389648438,34.20000076293945
1780530777218020000,119.24102001953123,-9.84000015258789,-15.65999984741211,34.07999801635742
1780530777268465700,119.29146557617187,-15.899999618530272,-17.579999923706055,35.81999969482422
1780530777288637700,119.3116376953125,-15.960000038146973,-18.53999900817871,38.34000015258789
1780530777298678000,119.32167797851562,-16.85999870300293,-18.779998779296875,38.459999084472656
1780530777308779300,119.331779296875,-16.799999237060547,-18.53999900817871,38.63999938964844
1780530777318911200,119.3419111328125,-17.34000015258789,-18.600000381469727,39.05999755859375
1780530777329012500,119.35201245117187,-17.15999984741211,-19.13999938964844,39.540000915527344
1780530777339113700,119.36211376953123,-17.459999084472656,-19.26000022888184,40.07999801635742
1780530777359316500,119.38231640625,-16.440000534057617,-18.71999931335449,40.43999862670898
1780530777369448200,119.3924482421875,-15.960000038146973,-17.940000534057617,40.68000030517578
1780530777379488500,119.40248852539062,-14.639999389648438,-17.100000381469727,40.79999923706055
1780530777389620500,119.41262036132812,-14.34000015258789,-16.139999389648438,39.89999771118164
1780530777399721700,119.4227216796875,-13.4399995803833,-15.839999198913574,40.07999801635742
1780530777409823000,119.43282299804687,-12.719999313354492,-14.880000114440918,39.540000915527344
1780530777419924500,119.44292456054689,-11.399999618530272,-13.979999542236328,39.0
1780530777440127000,119.463126953125,-7.739999771118164,-12.65999984741211,38.63999938964844
1780530777490694700,119.51369458007812,-0.5999999642372131,-6.420000076293945,39.36000061035156
1780530777500765400,119.52376538085936,0.5999999642372131,-6.179999828338623,38.70000076293945
1780530777521029000,119.54402905273436,4.139999866485596,-6.599999904632568,38.34000015258789
1780530777541231600,119.56423168945312,7.259999752044678,-6.0,38.34000015258789
1780530777591738400,119.61473828125,16.19999885559082,-5.339999675750732,35.63999938964844
1780530777642244900,119.66524487304687,23.21999931335449,-6.359999656677246,34.2599983215332
1780530777652376800,119.675376953125,24.299999237060547,-6.599999904632568,33.41999816894531
1780530777662478000,119.68547802734376,25.920000076293945,-7.139999866485596,32.81999969482422
1780530777672579300,119.69557934570312,27.84000015258789,-7.37999963760376,32.939998626708984
1780530777733248300,119.75624829101562,31.979999542236328,-4.440000057220459,30.65999984741211
1780530777783846400,119.80684643554687,34.86000061035156,-7.37999963760376,31.13999938964844
1780530777793948000,119.81694799804689,34.86000061035156,-7.679999828338623,30.71999931335449
1780530777814150400,119.837150390625,35.39999771118164,-8.639999389648438,31.19999885559082
1780530777824251600,119.84725170898436,35.459999084472656,-7.919999599456787,31.739999771118164
1780530777834353200,119.85735327148436,34.97999954223633,-7.679999828338623,31.920000076293945
1780530777905123300,119.92812329101562,28.85999870300293,-7.019999980926514,37.13999938964844
1780530777915224600,119.938224609375,27.53999900817871,-7.199999809265137,38.15999984741211
1780530777925356500,119.9483564453125,26.399999618530277,-7.980000019073486,38.459999084472656
1780530777935457800,119.95845776367187,24.479999542236328,-8.09999942779541,38.63999938964844
1780530777945589800,119.96858984375,23.03999900817871,-7.919999599456787,39.23999786376953
1780530777955691000,119.97869091796876,21.779998779296875,-7.799999713897705,39.23999786376953
1780530777965822700,119.98882275390623,20.69999885559082,-7.5,39.959999084472656
1780530777975924200,119.99892431640625,19.739999771118164,-7.619999885559082,40.20000076293945
1780530778077059300,120.10005932617187,10.019999504089355,-7.739999771118164,38.57999801635742
1780530778147738000,120.17073803710936,6.779999732971191,-8.34000015258789,36.540000915527344
1780530778157839400,120.18083935546876,6.480000019073486,-9.059999465942385,35.70000076293945
1780530778198244600,120.22124462890623,3.299999952316284,-7.259999752044678,36.0
1780530778238711000,120.2617109375,1.319999933242798,-11.34000015258789,36.0
1780530778258913500,120.28191357421876,-0.2399999946355819,-13.619999885559082,35.52000045776367
1780530778268984300,120.291984375,-1.319999933242798,-14.460000038146973,35.39999771118164
1780530778279085800,120.3020859375,-2.639999866485596,-15.479999542236328,35.459999084472656
1780530778289217500,120.31221752929687,-3.299999952316284,-15.839999198913574,35.7599983215332
1780530778299288300,120.32228833007812,-3.7200000286102295,-16.19999885559082,35.939998626708984
1780530778309389800,120.33238989257812,-3.839999914169312,-16.979999542236328,36.29999923706055
1780530778319491000,120.34249096679687,-4.380000114440918,-17.279998779296875,36.71999740600586
1780530778329561900,120.35256176757812,-5.279999732971191,-17.459999084472656,36.77999877929688
1780530778339632600,120.36263256835936,-5.940000057220459,-17.69999885559082,37.619998931884766
1780530778369845000,120.39284497070312,-8.34000015258789,-18.18000030517578,39.41999816894531
1780530778379946200,120.4029462890625,-8.880000114440918,-18.65999984741211,39.84000015258789
1780530778389986600,120.41298657226562,-9.059999465942385,-19.3799991607666,40.02000045776367
1780530778400088000,120.42308813476562,-9.359999656677246,-19.439998626708984,40.68000030517578
1780530778410189300,120.43318920898436,-9.59999942779541,-19.5,41.040000915527344
1780530778420290600,120.44329052734376,-9.479999542236328,-19.439998626708984,41.040000915527344
1780530778430361300,120.453361328125,-9.59999942779541,-19.26000022888184,40.97999954223633
1780530778440462600,120.46346264648436,-9.899999618530272,-19.020000457763672,41.040000915527344
1780530778450533400,120.47353344726562,-10.31999969482422,-18.18000030517578,41.27999877929688
1780530778500948500,120.52394848632812,-10.679999351501465,-13.019999504089355,42.119998931884766
1780530778521090000,120.54409008789062,-9.779999732971191,-11.9399995803833,41.39999771118164
1780530778531191600,120.55419165039062,-8.9399995803833,-11.09999942779541,41.57999801635742
1780530778571535600,120.59453564453123,-5.099999904632568,-8.460000038146973,41.21999740600586
1780530778581606400,120.6046064453125,-3.5999999046325684,-8.09999942779541,41.39999771118164
1780530778591677200,120.61467724609376,-2.639999866485596,-7.739999771118164,40.91999816894531
1780530778601748200,120.62474829101562,-1.1399999856948853,-7.259999752044678,40.86000061035156
1780530778611819000,120.63481909179689,0.6599999666213989,-7.37999963760376,40.73999786376953
1780530778621920300,120.64492016601562,1.9799998998641968,-7.440000057220459,40.2599983215332
1780530778631960600,120.65496069335936,4.139999866485596,-7.440000057220459,40.20000076293945
1780530778642031400,120.66503125,6.0,-7.980000019073486,39.540000915527344
1780530778652132600,120.67513256835936,8.220000267028809,-8.460000038146973,39.23999786376953
1780530778692415700,120.71541577148436,16.920000076293945,-8.279999732971191,37.43999862670898
1780530778702486500,120.72548657226562,17.81999969482422,-9.119999885559082,36.71999740600586
1780530778712588000,120.73558813476562,19.61999893188477,-9.59999942779541,35.880001068115234
1780530778752962800,120.775962890625,26.15999984741211,-9.239999771118164,34.02000045776367
1780530778763033600,120.78603369140625,27.35999870300293,-9.420000076293944,33.540000915527344
1780530778773104400,120.7961044921875,28.5,-9.0,33.05999755859375
1780530778783205600,120.80620556640623,29.76000022888184,-9.239999771118164,32.459999084472656
1780530778793307000,120.81630688476562,30.959999084472656,-9.420000076293944,31.920000076293945
1780530778803377700,120.82637768554687,31.979999542236328,-8.9399995803833,31.61999893188477
1780530778843722000,120.86672192382812,34.55999755859375,-9.960000038146973,29.15999984741211
1780530778853792800,120.87679272460936,34.79999923706055,-10.4399995803833,28.5
1780530778873934300,120.89693432617187,37.13999938964844,-10.31999969482422,28.439998626708984
1780530778884035600,120.90703564453123,37.55999755859375,-11.09999942779541,28.61999893188477
1780530778894106600,120.91710668945312,37.86000061035156,-10.800000190734863,28.85999870300293
1780530778904208000,120.92720776367187,37.13999938964844,-11.399999618530272,28.61999893188477
1780530778914278700,120.93727856445312,37.13999938964844,-11.460000038146973,28.739999771118164
1780530778924380000,120.9473798828125,36.959999084472656,-10.979999542236328,29.15999984741211
1780530778934450700,120.95745068359376,36.959999084472656,-10.920000076293944,29.81999969482422
1780530778944521500,120.967521484375,36.41999816894531,-10.800000190734863,30.479999542236328
1780530778954592300,120.97759228515623,35.7599983215332,-10.619999885559082,31.3799991607666
1780530778964663000,120.9876630859375,34.5,-10.920000076293944,31.739999771118164
1780530778984835300,121.00783544921876,32.7599983215332,-10.859999656677246,33.540000915527344
1780530778994906000,121.01790600585936,31.439998626708984,-10.5,34.439998626708984
1780530779015078100,121.038078125,28.07999992370605,-9.179999351501465,36.36000061035156
1780530779095736000,121.11873608398436,16.19999885559082,-9.119999885559082,39.84000015258789
1780530779115938800,121.13893872070312,14.639999389648438,-9.479999542236328,40.619998931884766
1780530779126009600,121.14900952148436,13.739999771118164,-9.300000190734863,40.68000030517578
1780530779136050000,121.1590498046875,12.719999313354492,-9.300000190734863,40.79999923706055
1780530779146120700,121.16912060546876,10.979999542236328,-8.09999942779541,39.77999877929688
1780530779156161000,121.1791611328125,9.899999618530272,-7.079999923706055,39.18000030517578
1780530779166262300,121.18926220703123,9.179999351501465,-7.5,38.57999801635742
1780530779176302600,121.19930249023436,8.760000228881836,-7.799999713897705,38.34000015258789
1780530779186403800,121.20940380859376,8.639999389648438,-9.059999465942385,38.459999084472656
1780530779196505000,121.21950512695312,8.15999984741211,-10.199999809265137,38.15999984741211
1780530779206606600,121.22960668945312,7.37999963760376,-10.380000114440918,38.15999984741211
1780530779216646700,121.23964672851562,6.599999904632568,-10.199999809265137,37.5
1780530779226748200,121.249748046875,5.400000095367432,-10.260000228881836,37.02000045776367
1780530779236849400,121.25984936523436,4.920000076293945,-10.199999809265137,36.77999877929688
1780530779246920200,121.26992016601562,4.920000076293945,-10.380000114440918,36.77999877929688
1780530779297243600,121.32024365234376,2.5199999809265137,-11.399999618530272,36.65999984741211
1780530779307345000,121.33034497070312,1.5,-12.119999885559082,36.84000015258789
1780530779317446400,121.3404462890625,-0.0599999986588954,-13.079999923706056,36.65999984741211
1780530779327517200,121.35051708984376,-1.3799999952316284,-13.4399995803833,37.20000076293945
1780530779337588000,121.360587890625,-2.1599998474121094,-13.5,37.13999938964844
1780530779347628300,121.37062817382812,-3.4800000190734863,-13.559999465942385,36.89999771118164
1780530779357729500,121.3807294921875,-4.199999809265137,-13.859999656677246,37.31999969482422
1780530779367830800,121.39083081054687,-4.980000019073486,-14.75999927520752,37.13999938964844
1780530779377871000,121.40087109375,-6.0,-15.779999732971191,37.13999938964844
1780530779398043400,121.42104345703125,-8.460000038146973,-16.979999542236328,37.619998931884766
1780530779408144600,121.43114453125,-9.359999656677246,-17.100000381469727,37.31999969482422
1780530779418246000,121.44124584960936,-10.739999771118164,-17.279998779296875,37.73999786376953
1780530779428347100,121.45134716796876,-10.859999656677246,-17.8799991607666,38.21999740600586
1780530779438448600,121.46144873046876,-11.519999504089355,-18.11999893188477,38.52000045776367
1780530779448550000,121.4715498046875,-12.359999656677246,-18.420000076293945,39.18000030517578
1780530779458651100,121.48165112304687,-12.719999313354492,-18.420000076293945,40.02000045776367
1780530779478823200,121.5018232421875,-13.859999656677246,-18.84000015258789,41.09999847412109
1780530779488924700,121.51192456054687,-14.09999942779541,-18.239999771118164,41.70000076293945
1780530779498965000,121.52196508789062,-13.859999656677246,-17.760000228881836,41.81999969482422
1780530779579561700,121.60256176757812,-10.859999656677246,-12.0,41.15999984741211
1780530779630038000,121.6530380859375,-6.539999961853027,-7.799999713897705,40.07999801635742
1780530779710756900,121.7337568359375,5.159999847412109,-6.480000019073486,37.91999816894531
1780530779720827600,121.74382763671876,6.839999675750732,-6.359999656677246,38.39999771118164
1780530779730929000,121.75392895507812,8.220000267028809,-7.139999866485596,37.97999954223633
1780530779740969200,121.76396923828123,9.899999618530272,-7.019999980926514,37.73999786376953
1780530779751070700,121.77407080078125,11.699999809265137,-7.319999694824219,37.55999755859375
1780530779761141500,121.7841416015625,13.859999656677246,-7.559999942779541,36.59999847412109
1780530779771273200,121.79427319335936,15.65999984741211,-7.559999942779541,36.65999984741211
1780530779781344000,121.80434399414062,17.520000457763672,-8.34000015258789,36.71999740600586
1780530779801516300,121.82451635742189,20.57999992370605,-9.119999885559082,36.23999786376953
1780530779811587000,121.83458715820312,22.61999893188477,-8.699999809265137,35.70000076293945
1780530779821688300,121.84468823242187,24.600000381469727,-8.519999504089355,35.15999984741211
1780530779831789600,121.85478955078123,25.85999870300293,-8.460000038146973,34.68000030517578
1780530779841890800,121.86489086914062,27.059999465942383,-9.059999465942385,33.89999771118164
1780530779851961600,121.87496166992187,27.65999984741211,-9.420000076293944,33.47999954223633
1780530779862063000,121.88506298828123,28.920000076293945,-10.260000228881836,33.0
1780530779872134000,121.8951337890625,30.059999465942383,-10.4399995803833,32.7599983215332
1780530779882204700,121.90520458984376,30.599998474121094,-10.619999885559082,32.15999984741211
1780530779902407200,121.9254072265625,32.57999801635742,-10.139999389648438,32.040000915527344
1780530779912478200,121.93547827148436,33.47999954223633,-10.019999504089355,31.19999885559082
1780530779922579500,121.94557934570312,34.07999801635742,-10.4399995803833,31.19999885559082
1780530779942812700,121.96581274414062,33.959999084472656,-11.639999389648438,30.779998779296875
1780530779952883500,121.97588354492189,33.71999740600586,-12.179999351501465,31.13999938964844
1780530779962984700,121.98598461914062,34.13999938964844,-11.460000038146973,31.5
1780530779973086000,121.9960859375,34.07999801635742,-10.979999542236328,31.61999893188477
1780530780053713400,122.07671337890623,32.39999771118164,-9.65999984741211,34.5
1780530780063784200,122.0867841796875,31.799999237060547,-9.539999961853027,35.279998779296875
1780530780073855000,122.09685498046876,30.11999893188477,-9.779999732971191,35.939998626708984
1780530780083956200,122.10695629882812,29.57999992370605,-9.59999942779541,36.29999923706055
1780530780094027300,122.11702734375,28.920000076293945,-9.119999885559082,36.23999786376953
1780530780104128500,122.12712841796876,27.779998779296875,-8.34000015258789,36.84000015258789
1780530780114229800,122.13722973632812,27.18000030517578,-8.34000015258789,36.77999877929688
1780530780134401800,122.15740185546876,23.939998626708984,-9.59999942779541,37.619998931884766
1780530780144472800,122.16747290039062,23.03999900817871,-10.859999656677246,37.380001068115234
1780530780154543600,122.17754370117189,21.779998779296875,-10.979999542236328,37.20000076293945
1780530780164614400,122.18761450195312,20.8799991607666,-10.979999542236328,37.68000030517578
1780530780174746000,122.19774609375,19.5,-10.979999542236328,37.43999862670898
1780530780184786400,122.20778637695312,17.69999885559082,-10.920000076293944,37.619998931884766
1780530780194857200,122.21785717773436,17.279998779296875,-10.5,37.79999923706055
1780530780225069600,122.24806958007812,14.399999618530272,-9.65999984741211,37.86000061035156
1780530780245211100,122.26821118164062,11.639999389648438,-9.719999313354492,37.68000030517578
1780530780265383400,122.28838354492189,10.380000114440918,-9.84000015258789,37.619998931884766
1780530780285586000,122.3085859375,9.239999771118164,-10.019999504089355,37.68000030517578
1780530780295656700,122.31865673828123,7.859999656677246,-10.260000228881836,37.380001068115234
1780530780305758200,122.32875830078125,6.839999675750732,-10.739999771118164,37.5
1780530780315859500,122.338859375,5.819999694824219,-10.380000114440918,37.13999938964844
1780530780325960700,122.34896069335936,4.199999809265137,-10.380000114440918,36.540000915527344
1780530780356264700,122.3792646484375,2.639999866485596,-11.699999809265137,35.7599983215332
1780530780366366000,122.38936596679687,1.319999933242798,-12.119999885559082,35.099998474121094
1780530780376406300,122.39940625,0.3599999845027923,-12.420000076293944,34.5
1780530780386507500,122.40950756835936,-0.8999999761581421,-13.5,34.31999969482422
1780530780396578300,122.41957836914062,-1.7400000095367432,-13.979999542236328,34.619998931884766
1780530780406679800,122.4296796875,-1.919999957084656,-15.299999237060549,35.34000015258789
1780530780416720100,122.43972021484376,-3.0,-16.559999465942383,35.39999771118164
1780530780426821400,122.4498212890625,-4.079999923706055,-17.15999984741211,35.459999084472656
1780530780467196200,122.49019604492187,-7.139999866485596,-19.26000022888184,35.279998779296875
1780530780497500200,122.52050024414062,-10.380000114440918,-18.899999618530277,36.84000015258789
1780530780517641700,122.54064184570312,-12.960000038146973,-19.5,37.68000030517578
1780530780568148200,122.59114819335936,-16.079999923706055,-18.11999893188477,39.77999877929688
1780530780578249500,122.60124951171876,-15.899999618530272,-17.8799991607666,39.47999954223633
1780530780588381400,122.61138134765623,-15.839999198913574,-16.440000534057617,39.84000015258789
1780530780598513200,122.62151318359376,-15.779999732971191,-15.539999961853027,39.77999877929688
1780530780608584000,122.631583984375,-15.839999198913574,-15.960000038146973,39.05999755859375
1780530780618685400,122.641685546875,-15.779999732971191,-15.239999771118164,39.47999954223633
1780530780628817200,122.65181713867187,-15.0,-16.079999923706055,39.59999847412109
1780530780638918400,122.66191845703123,-14.519999504089355,-16.799999237060547,39.540000915527344
1780530780649050400,122.67205029296876,-13.199999809265137,-16.020000457763672,39.59999847412109
1780530780679384800,122.702384765625,-10.5,-15.299999237060549,38.63999938964844
1780530780689486000,122.71248608398436,-9.960000038146973,-14.219999313354492,38.52000045776367
1780530780699587600,122.72258764648436,-9.779999732971191,-13.619999885559082,37.68000030517578
1780530780709719300,122.73271923828123,-8.639999389648438,-13.199999809265137,37.91999816894531
1780530780719820500,122.74282055664062,-7.619999885559082,-12.539999961853027,37.20000076293945
1780530780729952500,122.75295239257812,-6.299999713897705,-12.84000015258789,36.959999084472656
1780530780750155000,122.77315502929687,-3.299999952316284,-11.039999961853027,37.5
1780530780780489500,122.80348950195312,1.6799999475479126,-9.539999961853027,39.18000030517578
1780530780790591000,122.81359106445312,3.240000009536743,-9.899999618530272,39.119998931884766
1780530780800722700,122.82372265625,4.679999828338623,-9.59999942779541,38.39999771118164
1780530780810824000,122.83382397460936,5.940000057220459,-9.359999656677246,37.619998931884766
1780530780820956000,122.84395581054687,8.039999961853027,-10.139999389648438,36.77999877929688
1780530780831057200,122.85405712890623,10.31999969482422,-10.139999389648438,36.29999923706055
1780530780841158400,122.86415844726562,12.420000076293944,-10.739999771118164,36.18000030517578
1780530780851260000,122.87426000976562,14.279999732971191,-11.219999313354492,35.880001068115234
1780530780922030000,122.94503002929687,23.63999938964844,-10.619999885559082,34.5
1780530780932131300,122.95513134765623,24.779998779296875,-10.679999351501465,33.599998474121094
1780530780952364500,122.97536450195312,26.69999885559082,-11.15999984741211,31.85999870300293
1780530780982668500,123.00566845703123,30.299999237060547,-12.539999961853027,31.07999992370605
1780530780992769800,123.01576977539062,30.899999618530277,-13.079999923706056,30.899999618530277
1780530781002871000,123.02587109375,31.3799991607666,-13.199999809265137,29.81999969482422
1780530781012972500,123.03597265625,32.040000915527344,-13.380000114440918,29.34000015258789
1780530781023073800,123.04607373046876,31.739999771118164,-14.09999942779541,29.279998779296875
1780530781033175000,123.05617504882812,32.040000915527344,-14.279999732971191,28.739999771118164
1780530781043276500,123.06627661132812,32.21999740600586,-14.15999984741211,29.69999885559082
1780530781053408300,123.076408203125,32.52000045776367,-14.15999984741211,29.459999084472656
1780530781063509500,123.08650952148436,32.459999084472656,-12.719999313354492,29.51999855041504
1780530781093844000,123.11684399414062,33.36000061035156,-12.119999885559082,29.63999938964844
1780530781103945500,123.12694555664062,33.47999954223633,-13.4399995803833,29.81999969482422
1780530781114046700,123.13704663085936,33.47999954223633,-14.75999927520752,29.8799991607666
1780530781124178400,123.14717846679687,32.7599983215332,-14.460000038146973,30.959999084472656
1780530781134249200,123.15724926757812,32.52000045776367,-13.859999656677246,31.67999839782715
1780530781144350700,123.16735083007812,31.5,-13.559999465942385,32.39999771118164
1780530781194887700,123.2178876953125,25.799999237060547,-12.779999732971191,35.34000015258789
1780530781204989200,123.2279892578125,24.65999984741211,-13.25999927520752,35.52000045776367
1780530781225191700,123.24819165039062,22.020000457763672,-12.539999961853027,36.05999755859375
1780530781245425000,123.2684248046875,19.07999992370605,-11.279999732971191,37.5
1780530781255495700,123.27849560546876,18.18000030517578,-11.09999942779541,38.09999847412109
1780530781265627400,123.28862744140623,16.979999542236328,-10.679999351501465,38.27999877929688
1780530781295901000,123.31890087890623,13.679999351501465,-11.039999961853027,38.63999938964844
1780530781316134100,123.33913403320312,11.15999984741211,-10.979999542236328,38.34000015258789
1780530781326265900,123.34926586914062,10.019999504089355,-10.4399995803833,38.34000015258789
1780530781336367400,123.35936743164062,8.34000015258789,-10.380000114440918,37.97999954223633
1780530781346468600,123.36946850585936,6.960000038146973,-10.619999885559082,37.91999816894531
1780530781376833500,123.39983349609376,5.639999866485596,-10.559999465942385,36.41999816894531
1780530781386965500,123.40996557617189,5.519999980926514,-10.4399995803833,36.23999786376953
1780530781457583000,123.4805830078125,0.1799999922513961,-12.479999542236328,33.959999084472656
1780530781467654000,123.49065380859376,-0.7799999713897705,-12.719999313354492,33.599998474121094
1780530781477755100,123.50075512695312,-1.2599999904632568,-13.859999656677246,33.29999923706055
1780530781507998200,123.53099829101562,-3.539999961853028,-17.279998779296875,33.36000061035156
1780530781518099500,123.54109936523436,-4.619999885559082,-17.760000228881836,33.71999740600586
1780530781548342300,123.57134228515623,-8.579999923706055,-17.279998779296875,34.31999969482422
1780530781558413000,123.5814130859375,-10.139999389648438,-16.68000030517578,34.07999801635742
1780530781568514600,123.5915146484375,-10.979999542236328,-17.459999084472656,34.07999801635742
1780530781578615800,123.60161572265623,-12.300000190734863,-17.760000228881836,34.55999755859375
1780530781588717000,123.61171704101562,-12.899999618530272,-20.03999900817871,34.20000076293945
1780530781608889000,123.63188916015623,-14.039999961853027,-22.3799991607666,34.79999923706055
1780530781618960100,123.64196020507812,-14.09999942779541,-23.100000381469727,34.73999786376953
1780530781629031000,123.65203100585936,-14.279999732971191,-23.399999618530277,35.15999984741211
1780530781639071000,123.66207104492187,-15.539999961853027,-23.51999855041504,35.040000915527344
1780530781649142000,123.67214208984376,-15.779999732971191,-23.57999992370605,35.57999801635742
1780530781659243300,123.6822431640625,-16.19999885559082,-23.21999931335449,36.05999755859375
1780530781669344500,123.69234448242187,-16.079999923706055,-23.21999931335449,35.939998626708984
1780530781679445800,123.70244580078123,-15.59999942779541,-22.920000076293945,35.70000076293945
1780530781689516500,123.7125166015625,-15.119999885559082,-22.979999542236328,35.63999938964844
1780530781719790000,123.7427900390625,-14.399999618530272,-22.19999885559082,35.099998474121094
1780530781729891300,123.75289135742187,-13.5,-21.299999237060547,34.97999954223633
1780530781739962000,123.76296215820312,-12.719999313354492,-20.21999931335449,34.619998931884766
1780530781750063600,123.77306372070312,-12.59999942779541,-19.26000022888184,34.73999786376953
1780530781760134400,123.78313452148436,-11.9399995803833,-18.479999542236328,35.040000915527344
1780530781770235600,123.79323559570312,-11.9399995803833,-17.03999900817871,35.15999984741211
1780530781790407700,123.81340771484376,-10.739999771118164,-14.039999961853027,35.57999801635742
1780530781800478500,123.823478515625,-9.899999618530272,-12.239999771118164,35.63999938964844
1780530781810580000,123.833580078125,-8.760000228881836,-11.399999618530272,35.34000015258789
1780530781840792300,123.86379223632812,-4.859999656677246,-10.260000228881836,35.279998779296875
1780530781850863000,123.87386303710936,-3.7200000286102295,-9.59999942779541,35.279998779296875
1780530781901247500,123.92424755859376,3.839999914169312,-7.5,36.23999786376953
1780530781911349000,123.93434887695312,6.059999942779541,-7.37999963760376,36.59999847412109
1780530781921419800,123.94441967773436,7.440000057220459,-6.960000038146973,36.36000061035156
1780530781931521000,123.95452099609376,9.300000190734863,-6.599999904632568,36.23999786376953
1780530782022311000,124.04531079101562,23.21999931335449,-8.819999694824219,34.5
1780530782042483000,124.06548291015623,24.65999984741211,-7.619999885559082,32.880001068115234
1780530782052553700,124.0755537109375,25.920000076293945,-7.980000019073486,32.81999969482422
1780530782062655000,124.08565502929687,26.51999855041504,-8.519999504089355,33.18000030517578
1780530782072725800,124.09572583007812,27.84000015258789,-9.239999771118164,33.29999923706055
1780530782082766000,124.10576611328123,28.979999542236328,-9.960000038146973,33.23999786376953
1780530782092867600,124.11586767578125,29.69999885559082,-10.199999809265137,32.63999938964844
1780530782102968800,124.12596875,30.53999900817871,-10.739999771118164,32.52000045776367
1780530782113039600,124.13603955078123,31.3799991607666,-11.460000038146973,32.15999984741211
1780530782133211600,124.15621166992187,32.39999771118164,-12.059999465942385,32.34000015258789
1780530782143313200,124.16631323242189,32.57999801635742,-12.239999771118164,31.979999542236328
1780530782153384000,124.17638403320312,32.81999969482422,-12.179999351501465,32.52000045776367
1780530782163454700,124.18645483398436,33.0,-12.239999771118164,32.279998779296875
1780530782173495000,124.1964951171875,32.39999771118164,-11.75999927520752,32.459999084472656
1780530782183565800,124.20656591796876,32.279998779296875,-11.279999732971191,32.63999938964844
1780530782193636600,124.21663671875,31.439998626708984,-10.559999465942385,32.70000076293945
1780530782203707400,124.22670727539062,30.65999984741211,-10.199999809265137,33.41999816894531
1780530782213717000,124.23671704101562,30.53999900817871,-10.5,33.779998779296875
1780530782223818500,124.24681860351562,29.76000022888184,-10.260000228881836,34.619998931884766
1780530782243990500,124.26699047851562,28.68000030517578,-10.019999504089355,34.97999954223633
1780530782254061300,124.27706127929687,27.18000030517578,-9.539999961853027,35.70000076293945
1780530782264162600,124.28716259765623,26.279998779296875,-8.880000114440918,35.57999801635742
1780530782274233300,124.2972333984375,25.559999465942383,-9.119999885559082,36.18000030517578
1780530782284304100,124.30730419921876,24.65999984741211,-9.539999961853027,36.59999847412109
1780530782294344400,124.31734448242187,23.69999885559082,-9.119999885559082,36.540000915527344
1780530782304415200,124.32741528320312,22.439998626708984,-9.779999732971191,37.20000076293945
1780530782314516700,124.33751684570312,21.11999893188477,-9.420000076293944,37.55999755859375
1780530782324587500,124.34758740234376,19.979999542236328,-9.539999961853027,37.86000061035156
1780530782334627800,124.3576279296875,19.3799991607666,-9.84000015258789,38.39999771118164
1780530782344729000,124.36772900390623,18.53999900817871,-9.899999618530272,37.79999923706055
1780530782354830300,124.37783032226562,17.520000457763672,-10.079999923706056,37.97999954223633
1780530782364931600,124.387931640625,16.85999870300293,-9.300000190734863,37.91999816894531
1780530782375002400,124.39800244140623,15.839999198913574,-9.119999885559082,38.040000915527344
1780530782385042700,124.40804272460936,15.059999465942385,-8.579999923706055,38.21999740600586
1780530782395144200,124.41814428710936,14.399999618530272,-8.460000038146973,38.27999877929688
1780530782405215000,124.42821508789062,13.380000114440918,-8.460000038146973,38.09999847412109
1780530782415285800,124.43828564453123,12.65999984741211,-8.639999389648438,37.55999755859375
1780530782435427300,124.45842724609376,11.880000114440918,-9.0,37.55999755859375
1780530782445498000,124.468498046875,11.34000015258789,-9.960000038146973,37.20000076293945
1780530782475710500,124.49871044921876,7.980000019073486,-10.619999885559082,36.41999816894531
1780530782485811700,124.50881176757812,7.259999752044678,-10.380000114440918,36.36000061035156
1780530782495882500,124.51888256835936,6.359999656677246,-10.31999969482422,36.65999984741211
1780530782505953500,124.52895361328125,5.039999961853027,-9.059999465942385,36.23999786376953
1780530782516024300,124.5390244140625,4.199999809265137,-9.479999542236328,36.18000030517578
1780530782526125600,124.54912548828123,3.0,-10.079999923706056,36.47999954223633
1780530782536196400,124.5591962890625,2.5199999809265137,-11.279999732971191,36.05999755859375
1780530782546267100,124.56926708984376,1.7400000095367432,-12.84000015258789,35.939998626708984
1780530782556338000,124.579337890625,0.8399999737739563,-13.4399995803833,36.0
1780530782606814000,124.62981396484376,-4.440000057220459,-16.440000534057617,37.02000045776367
1780530782647097300,124.67009741210936,-8.819999694824219,-17.34000015258789,38.27999877929688
1780530782717592800,124.7405927734375,-13.920000076293944,-17.100000381469727,40.43999862670898
1780530782727663600,124.75066357421876,-14.519999504089355,-17.03999900817871,39.959999084472656
1780530782737704000,124.76070385742187,-14.639999389648438,-17.100000381469727,39.65999984741211
1780530782767946800,124.79094677734376,-13.920000076293944,-14.880000114440918,39.29999923706055
1780530782778017500,124.801017578125,-13.979999542236328,-13.979999542236328,39.540000915527344
1780530782788119000,124.811119140625,-13.4399995803833,-13.4399995803833,39.0
1780530782798189800,124.82118994140625,-13.5,-13.31999969482422,38.81999969482422
1780530782808291000,124.831291015625,-12.84000015258789,-12.960000038146973,39.29999923706055
1780530782818361900,124.84136181640623,-12.059999465942385,-12.539999961853027,38.63999938964844
1780530782848604700,124.87160473632812,-8.699999809265137,-9.539999961853027,39.41999816894531
1780530782858706200,124.8817060546875,-7.139999866485596,-8.699999809265137,39.84000015258789
1780530782888949000,124.91194897460936,-3.7200000286102295,-7.619999885559082,39.0
1780530782909151700,124.93215185546876,-0.4799999892711639,-6.299999713897705,39.05999755859375
1780530782919222500,124.94222241210936,1.7400000095367432,-5.579999923706055,39.0
1780530782929293300,124.95229321289062,3.7799999713897705,-4.980000019073486,38.93999862670898
1780530782939364000,124.96236401367187,5.819999694824219,-5.21999979019165,39.41999816894531
1780530782949404400,124.972404296875,7.079999923706055,-5.279999732971191,39.0
1780530782959505700,124.98250561523436,8.519999504089355,-5.579999923706055,38.57999801635742
1780530782999850000,125.02285009765625,16.5,-5.639999866485596,37.2599983215332
1780530783009951200,125.032951171875,18.059999465942383,-5.579999923706055,36.77999877929688
1780530783040163600,125.06316357421876,23.69999885559082,-8.09999942779541,35.70000076293945
1780530783060335900,125.0833359375,26.81999969482422,-8.639999389648438,34.439998626708984
1780530783100527400,125.12352734375,31.19999885559082,-9.779999732971191,31.559999465942383
1780530783140810500,125.163810546875,34.55999755859375,-10.679999351501465,31.19999885559082
1780530783160952300,125.18395239257812,34.68000030517578,-10.260000228881836,30.420000076293945
1780530783181124400,125.20412426757812,35.459999084472656,-11.15999984741211,29.69999885559082
1780530783191195100,125.21419506835936,35.880001068115234,-11.81999969482422,29.459999084472656
1780530783201266000,125.22426586914062,36.18000030517578,-12.539999961853027,29.34000015258789
1780530783211336700,125.23433666992187,36.41999816894531,-13.019999504089355,29.81999969482422
1780530783221438000,125.24443798828123,36.119998931884766,-13.079999923706056,30.17999839782715
1780530783231478300,125.25447827148436,35.099998474121094,-12.719999313354492,30.899999618530277
1780530783241579500,125.26457958984376,34.55999755859375,-12.300000190734863,30.899999618530277
1780530783251681000,125.27468090820312,33.89999771118164,-12.300000190734863,31.439998626708984
1780530783261782300,125.2847822265625,33.41999816894531,-11.880000114440918,32.52000045776367
1780530783292086300,125.31508618164062,32.34000015258789,-12.059999465942385,33.84000015258789
1780530783302187500,125.3251875,31.3799991607666,-12.719999313354492,33.599998474121094
1780530783312288800,125.33528881835936,30.0,-12.59999942779541,34.5
1780530783322359600,125.34535961914062,28.3799991607666,-12.59999942779541,34.68000030517578
1780530783332461000,125.3554609375,26.939998626708984,-13.019999504089355,35.52000045776367
1780530783342531800,125.36553173828123,25.26000022888184,-11.699999809265137,36.59999847412109
1780530783392977400,125.41597729492187,16.979999542236328,-9.779999732971191,38.93999862670898
1780530783403078700,125.42607861328123,16.5,-10.079999923706056,39.29999923706055
1780530783413180000,125.43617993164062,15.239999771118164,-10.380000114440918,38.7599983215332
1780530783423250700,125.44625073242187,13.559999465942385,-10.559999465942385,38.39999771118164
1780530783433352200,125.45635229492189,12.420000076293944,-10.139999389648438,38.459999084472656
1780530783453554700,125.4765546875,10.139999389648438,-9.479999542236328,38.459999084472656
1780530783473635300,125.49663525390623,7.679999828338623,-7.919999599456787,37.73999786376953
1780530783544405500,125.56740551757812,2.819999933242798,-10.260000228881836,36.36000061035156
1780530783554507000,125.57750708007812,2.0999999046325684,-11.279999732971191,35.81999969482422
1780530783564608300,125.58760815429687,1.8600000143051147,-11.639999389648438,35.21999740600586
1780530783574740000,125.59773999023436,1.0199999809265137,-12.059999465942385,34.5
1780530783584841500,125.60784155273436,0.0,-13.139999389648438,34.02000045776367
1780530783655550500,125.67855053710936,-6.539999961853027,-15.65999984741211,34.5
1780530783665682400,125.68868237304687,-7.619999885559082,-16.799999237060547,33.959999084472656
1780530783675783700,125.69878369140623,-8.819999694824219,-17.639999389648438,33.599998474121094
1780530783685885200,125.70888525390625,-10.31999969482422,-18.059999465942383,33.540000915527344
1780530783696017000,125.71901684570312,-10.800000190734863,-18.84000015258789,33.89999771118164
1780530783706118100,125.7291181640625,-11.75999927520752,-18.779998779296875,34.07999801635742
1780530783716219600,125.7392197265625,-12.65999984741211,-19.61999893188477,34.73999786376953
1780530783766726100,125.78972607421876,-16.020000457763672,-20.100000381469727,37.79999923706055
1780530783776827400,125.79982739257812,-16.920000076293945,-19.799999237060547,37.97999954223633
1780530783807161900,125.83016186523436,-17.8799991607666,-19.020000457763672,38.34000015258789
1780530783837496300,125.86049633789062,-16.19999885559082,-16.799999237060547,38.70000076293945
1780530783847597800,125.87059790039062,-15.779999732971191,-16.139999389648438,38.93999862670898
1780530783867800300,125.89080029296876,-14.34000015258789,-13.920000076293944,39.41999816894531
1780530783877901600,125.90090161132812,-14.039999961853027,-13.5,39.71999740600586
1780530783888003000,125.91100317382812,-12.899999618530272,-12.65999984741211,39.65999984741211
1780530783898104300,125.92110424804687,-10.979999542236328,-12.65999984741211,39.47999954223633
1780530783908175000,125.93117504882812,-9.179999351501465,-11.880000114440918,39.18000030517578
1780530783918306800,125.94130688476562,-7.199999809265137,-11.639999389648438,39.0
1780530783928408300,125.951408203125,-4.980000019073486,-11.279999732971191,38.93999862670898
1780530783938509600,125.96150952148436,-3.299999952316284,-10.019999504089355,38.81999969482422
1780530783948580400,125.97158032226562,-2.3999998569488525,-9.239999771118164,38.34000015258789
1780530783968813600,125.9918134765625,0.4799999892711639,-8.220000267028809,38.15999984741211
1780530783978945300,126.0019453125,2.0999999046325684,-8.279999732971191,38.21999740600586
1780530784009249300,126.03224926757812,7.799999713897705,-7.739999771118164,38.7599983215332
1780530784019381200,126.04238134765625,9.0,-7.859999656677246,39.119998931884766
1780530784039553300,126.06255322265623,13.5,-7.619999885559082,38.39999771118164
1780530784049654500,126.07265454101562,15.299999237060549,-7.919999599456787,38.040000915527344
1780530784100222200,126.12322216796876,23.76000022888184,-10.4399995803833,35.52000045776367
1780530784110323500,126.13332348632812,25.31999969482422,-11.15999984741211,34.31999969482422
1780530784120425000,126.14342504882812,27.11999893188477,-11.81999969482422,33.65999984741211
1780530784130526200,126.15352612304687,28.559999465942383,-12.179999351501465,33.0
1780530784140627500,126.16362744140623,28.920000076293945,-11.9399995803833,32.459999084472656
1780530784150698200,126.1736982421875,29.8799991607666,-12.420000076293944,31.979999542236328
1780530784160799500,126.18379956054687,30.11999893188477,-12.960000038146973,30.71999931335449
1780530784181002200,126.20400219726562,32.39999771118164,-14.279999732971191,29.15999984741211
1780530784191103500,126.214103515625,33.23999786376953,-14.34000015258789,28.920000076293945
1780530784201205000,126.224205078125,34.13999938964844,-14.639999389648438,28.739999771118164
1780530784211336700,126.23433666992187,35.52000045776367,-15.299999237060549,28.439998626708984
1780530784221438000,126.24443798828123,35.81999969482422,-15.420000076293944,28.26000022888184
1780530784231539500,126.25453955078125,36.36000061035156,-16.31999969482422,27.71999931335449
1780530784241640700,126.264640625,37.07999801635742,-16.68000030517578,28.01999855041504
1780530784271853000,126.29485302734376,36.89999771118164,-15.59999942779541,29.279998779296875
1780530784302096100,126.32509619140625,36.59999847412109,-15.0,30.17999839782715
1780530784312167000,126.3351669921875,35.7599983215332,-14.279999732971191,30.599998474121094
1780530784322237700,126.34523779296876,35.880001068115234,-13.799999237060549,31.67999839782715
1780530784332308500,126.35530859375,35.39999771118164,-12.300000190734863,33.05999755859375
1780530784342379300,126.36537915039062,34.07999801635742,-11.519999504089355,33.84000015258789
1780530784382692900,126.40569287109376,29.099998474121094,-11.519999504089355,36.89999771118164
1780530784412905200,126.4359052734375,25.01999855041504,-10.800000190734863,38.09999847412109
1780530784423006700,126.4460068359375,24.18000030517578,-10.079999923706056,39.05999755859375
1780530784433077500,126.45607739257812,22.739999771118164,-8.9399995803833,39.05999755859375
1780530784443148300,126.46614819335936,21.65999984741211,-8.880000114440918,39.47999954223633
1780530784453219000,126.47621899414062,19.68000030517578,-8.760000228881836,39.77999877929688
1780530784463320300,126.4863203125,18.11999893188477,-9.059999465942385,38.87999725341797
1780530784473421600,126.49642163085936,17.279998779296875,-10.380000114440918,38.63999938964844
1780530784483462000,126.5064619140625,15.899999618530272,-10.4399995803833,38.34000015258789
1780530784493532700,126.51653271484376,14.880000114440918,-10.559999465942385,38.09999847412109
1780530784533785300,126.55678540039062,11.279999732971191,-11.039999961853027,38.34000015258789
1780530784543856000,126.56685620117187,10.559999465942385,-10.559999465942385,38.09999847412109
1780530784553957600,126.57695751953123,9.779999732971191,-10.859999656677246,37.79999923706055
1780530784564028400,126.5870283203125,8.15999984741211,-11.279999732971191,37.31999969482422
1780530784574129700,126.59712963867187,7.319999694824219,-10.920000076293944,37.43999862670898
1780530784584200400,126.60720043945312,6.420000076293945,-11.039999961853027,37.2599983215332
1780530784594271200,126.61727124023436,6.420000076293945,-12.300000190734863,37.02000045776367
1780530784614474000,126.63747387695312,5.639999866485596,-12.779999732971191,36.36000061035156
1780530784624544800,126.64754467773436,5.039999961853027,-13.799999237060549,35.880001068115234
1780530784644716800,126.667716796875,3.119999885559082,-13.4399995803833,35.880001068115234
1780530784654787600,126.67778759765623,2.5199999809265137,-13.31999969482422,35.939998626708984
1780530784674990300,126.697990234375,0.1199999973177909,-12.899999618530272,36.71999740600586
1780530784685091600,126.70809155273436,-0.959999978542328,-13.019999504089355,36.41999816894531
1780530784705294300,126.72829443359376,-1.9799998998641968,-15.119999885559082,36.59999847412109
1780530784765871600,126.78887158203123,-9.420000076293944,-17.219999313354492,38.15999984741211
1780530784775972900,126.79897290039062,-11.039999961853027,-18.11999893188477,37.97999954223633
1780530784796145200,126.81914526367189,-12.84000015258789,-18.65999984741211,38.63999938964844
1780530784806246400,126.82924633789062,-13.25999927520752,-19.3799991607666,39.71999740600586
1780530784826388000,126.84938793945312,-14.639999389648438,-19.3799991607666,40.55999755859375
1780530784836458800,126.85945874023436,-15.420000076293944,-19.439998626708984,40.86000061035156
1780530784846499000,126.8694990234375,-15.899999618530272,-18.959999084472656,40.55999755859375
1780530784856539400,126.87953930664062,-16.559999465942383,-19.020000457763672,40.55999755859375
1780530784866640600,126.889640625,-16.559999465942383,-19.68000030517578,40.68000030517578
1780530784876742000,126.89974194335936,-16.079999923706055,-19.68000030517578,41.15999984741211
1780530784886812700,126.90981274414062,-15.299999237060549,-19.68000030517578,41.39999771118164
1780530784896883700,126.9198837890625,-14.75999927520752,-18.600000381469727,41.21999740600586
1780530784937227800,126.96022778320312,-14.34000015258789,-11.579999923706056,40.43999862670898
1780530784947298600,126.97029858398436,-13.559999465942385,-11.880000114440918,40.43999862670898
1780530784957369300,126.98036938476562,-12.779999732971191,-13.139999389648438,39.959999084472656
1780530784967440100,126.99044018554687,-11.639999389648438,-12.719999313354492,39.84000015258789
1780530784977511000,127.00051098632812,-10.4399995803833,-12.65999984741211,40.02000045776367
1780530784987582000,127.01058203125,-9.539999961853027,-12.179999351501465,39.71999740600586
1780530784997683200,127.02068310546876,-7.619999885559082,-11.460000038146973,39.71999740600586
1780530785007784400,127.03078442382812,-6.420000076293945,-11.09999942779541,39.59999847412109
1780530785078219000,127.10121899414062,4.199999809265137,-6.480000019073486,38.09999847412109
1780530785098330000,127.121330078125,7.5,-6.119999885559082,38.39999771118164
1780530785128573000,127.15157299804687,13.619999885559082,-6.659999847412109,37.55999755859375
1780530785138644000,127.16164404296876,15.359999656677246,-7.019999980926514,37.20000076293945
1780530785148684000,127.17168408203123,16.85999870300293,-8.15999984741211,36.89999771118164
1780530785158785500,127.18178564453125,18.600000381469727,-7.619999885559082,35.880001068115234
1780530785189058800,127.21205883789062,23.63999938964844,-7.079999923706055,35.040000915527344
1780530785199160300,127.22216040039062,25.01999855041504,-7.739999771118164,35.15999984741211
1780530785209200400,127.23220043945312,25.85999870300293,-8.460000038146973,34.91999816894531
1780530785219240700,127.24224072265623,26.63999938964844,-9.239999771118164,34.20000076293945
1780530785229342200,127.25234228515625,27.599998474121094,-10.019999504089355,33.119998931884766
1780530785239413000,127.2624130859375,28.26000022888184,-10.559999465942385,32.21999740600586
1780530785249483800,127.27248388671876,29.51999855041504,-11.15999984741211,31.67999839782715
1780530785259585000,127.2825849609375,30.059999465942383,-10.859999656677246,31.19999885559082
1780530785279757000,127.30275708007812,31.739999771118164,-11.460000038146973,31.439998626708984
1780530785289858600,127.31285864257812,32.099998474121094,-11.75999927520752,31.3799991607666
1780530785299959800,127.32295971679687,32.57999801635742,-11.880000114440918,31.61999893188477
1780530785320071000,127.34307080078123,33.18000030517578,-12.65999984741211,31.439998626708984
1780530785330172200,127.35317211914062,33.41999816894531,-11.9399995803833,31.61999893188477
1780530785350344200,127.37334423828123,33.599998474121094,-11.460000038146973,32.040000915527344
1780530785370486000,127.39348608398436,31.979999542236328,-10.800000190734863,32.39999771118164
1780530785380556800,127.40355688476562,31.26000022888184,-10.139999389648438,31.979999542236328
1780530785390658000,127.41365795898436,30.65999984741211,-8.9399995803833,32.279998779296875
1780530785420900900,127.44390087890623,28.19999885559082,-8.039999961853027,35.52000045776367
1780530785430941200,127.45394116210936,27.53999900817871,-9.0,36.05999755859375
1780530785451082800,127.47408276367187,26.57999992370605,-10.139999389648438,36.65999984741211
1780530785501589500,127.52458959960936,20.34000015258789,-10.139999389648438,38.70000076293945
1780530785511660300,127.53466040039062,19.13999938964844,-9.719999313354492,38.52000045776367
1780530785541903000,127.56490307617187,14.880000114440918,-9.539999961853027,39.29999923706055
1780530785551974000,127.57497387695312,14.15999984741211,-9.960000038146973,39.36000061035156
1780530785612490200,127.635490234375,8.399999618530273,-8.220000267028809,38.93999862670898
1780530785632693000,127.65569287109376,7.079999923706055,-8.760000228881836,37.68000030517578
1780530785642794200,127.66579418945312,6.659999847412109,-8.760000228881836,37.43999862670898
1780530785652895500,127.6758955078125,5.759999752044678,-8.880000114440918,36.47999954223633
1780530785662997000,127.6859970703125,5.759999752044678,-9.359999656677246,36.18000030517578
1780530785703310600,127.726310546875,3.359999895095825,-9.779999732971191,36.18000030517578
1780530785713411800,127.73641186523436,2.220000028610229,-10.079999923706056,35.81999969482422
1780530785723482600,127.74648266601562,1.319999933242798,-10.559999465942385,35.39999771118164
1780530785733584100,127.75658422851562,0.2999999821186065,-11.15999984741211,34.97999954223633
1780530785743655000,127.76665502929689,-0.3599999845027923,-10.920000076293944,34.79999923706055
1780530785824312800,127.84731274414062,-7.37999963760376,-15.539999961853027,34.91999816894531
1780530785874758400,127.89775830078123,-12.0,-17.100000381469727,36.23999786376953
1780530785884829200,127.9078291015625,-12.719999313354492,-17.69999885559082,35.34000015258789
1780530785905001200,127.92800122070312,-13.559999465942385,-19.85999870300293,35.70000076293945
1780530785915102700,127.93810278320312,-13.679999351501465,-20.15999984741211,35.57999801635742
1780530785925173500,127.94817358398436,-14.09999942779541,-20.76000022888184,36.29999923706055
1780530785935244300,127.95824438476562,-14.460000038146973,-20.939998626708984,36.29999923706055
1780530785945315000,127.96831518554689,-14.579999923706056,-21.53999900817871,36.36000061035156
1780530785955416300,127.97841625976562,-15.0,-21.0,36.84000015258789
1780530785965517600,127.988517578125,-15.479999542236328,-20.399999618530277,37.2599983215332
1780530785975558000,127.99855786132812,-15.179999351501465,-20.03999900817871,37.380001068115234
1780530785985659100,128.0086591796875,-15.119999885559082,-19.13999938964844,37.31999969482422
1780530786015871700,128.03887182617189,-13.5,-18.239999771118164,36.18000030517578
1780530786025973000,128.04897290039062,-13.380000114440918,-17.279998779296875,36.0
1780530786036043800,128.05904370117187,-13.31999969482422,-16.739999771118164,36.18000030517578
1780530786046084000,128.069083984375,-12.84000015258789,-15.59999942779541,36.29999923706055
1780530786056185300,128.07918530273437,-12.479999542236328,-14.699999809265137,36.65999984741211
1780530786066347800,128.08934765625,-11.15999984741211,-14.039999961853027,36.71999740600586
1780530786076327000,128.09932690429687,-9.84000015258789,-12.719999313354492,36.47999954223633
1780530786116640800,128.13964086914064,-4.799999713897705,-8.399999618530273,37.2599983215332
1780530786126711600,128.14971166992189,-3.4800000190734863,-7.980000019073486,37.68000030517578
1780530786136782300,128.1597822265625,-2.5799999237060547,-7.559999942779541,37.79999923706055
1780530786146822700,128.16982275390626,-1.1999999284744265,-6.779999732971191,38.21999740600586
1780530786207369500,128.23036938476562,9.899999618530272,-6.119999885559082,38.040000915527344
1780530786227541500,128.25054150390625,12.960000038146973,-6.420000076293945,36.959999084472656
1780530786237642800,128.26064282226562,14.219999313354492,-6.779999732971191,37.02000045776367
1780530786247744300,128.270744140625,16.19999885559082,-7.259999752044678,36.119998931884766
1780530786257845500,128.28084545898437,17.760000228881836,-7.079999923706055,35.57999801635742
1780530786267916300,128.29091625976562,19.3799991607666,-8.15999984741211,35.21999740600586
1780530786278017500,128.301017578125,21.239999771118164,-8.699999809265137,34.5
1780530786288119000,128.311119140625,23.03999900817871,-9.179999351501465,33.84000015258789
1780530786298220300,128.32122021484375,24.959999084472656,-10.559999465942385,33.71999740600586
1780530786308321500,128.33132153320312,26.459999084472656,-10.979999542236328,33.36000061035156
1780530786318392300,128.34139233398437,27.959999084472656,-11.579999923706056,32.81999969482422
1780530786328463000,128.35146313476562,28.3799991607666,-11.399999618530272,32.57999801635742
1780530786368807400,128.39180737304687,29.69999885559082,-8.220000267028809,32.39999771118164
1780530786409121000,128.43212109375,32.459999084472656,-11.15999984741211,32.63999938964844
1780530786459627800,128.48262768554687,33.71999740600586,-10.679999351501465,32.63999938964844
1780530786479830300,128.50283032226562,32.7599983215332,-10.800000190734863,32.7599983215332
1780530786489931800,128.51293188476564,32.040000915527344,-10.920000076293944,33.23999786376953
1780530786500033000,128.52303295898437,30.899999618530277,-10.679999351501465,33.959999084472656
1780530786510134300,128.53313427734375,29.8799991607666,-10.619999885559082,34.73999786376953
1780530786530337000,128.5533369140625,28.439998626708984,-9.899999618530272,35.81999969482422
1780530786540438300,128.56343823242187,27.420000076293945,-9.59999942779541,36.29999923706055
1780530786550539500,128.57353955078125,26.03999900817871,-9.899999618530272,36.71999740600586
1780530786560641000,128.58364111328126,25.07999992370605,-10.679999351501465,36.36000061035156
1780530786570742300,128.5937421875,23.76000022888184,-10.920000076293944,36.84000015258789
1780530786580843500,128.60384350585937,22.799999237060547,-11.81999969482422,37.02000045776367
1780530786590944800,128.61394482421875,22.26000022888184,-12.359999656677246,37.07999801635742
1780530786601046300,128.62404638671876,21.53999900817871,-11.9399995803833,37.91999816894531
1780530786611147500,128.6341474609375,20.520000457763672,-12.119999885559082,37.91999816894531
1780530786641451500,128.66445141601562,16.85999870300293,-11.880000114440918,38.15999984741211
1780530786651552800,128.674552734375,15.65999984741211,-11.399999618530272,38.459999084472656
1780530786661623600,128.68462353515625,14.639999389648438,-11.34000015258789,38.21999740600586
1780530786671755500,128.6947556152344,13.5,-11.15999984741211,38.459999084472656
1780530786681856800,128.70485668945312,13.079999923706056,-11.699999809265137,38.09999847412109
1780530786691988500,128.71498852539062,12.539999961853027,-12.059999465942385,37.91999816894531
1780530786702090000,128.72509008789064,11.460000038146973,-12.0,37.380001068115234
1780530786712221700,128.7352216796875,11.09999942779541,-12.479999542236328,37.380001068115234
1780530786722353700,128.74535375976564,10.199999809265137,-12.300000190734863,37.07999801635742
1780530786772860200,128.79586010742187,6.239999771118164,-12.0,37.02000045776367
1780530786782961400,128.80596142578125,5.159999847412109,-11.75999927520752,36.89999771118164
1780530786793063000,128.81606298828126,4.739999771118164,-11.639999389648438,36.959999084472656
1780530786803164200,128.8261640625,3.179999828338623,-12.0,36.119998931884766
1780530786813265400,128.83626538085937,2.3399999141693115,-12.65999984741211,35.52000045776367
1780530786863863600,128.88686352539062,-2.220000028610229,-13.619999885559082,36.540000915527344
1780530786873964800,128.89696484375,-2.5799999237060547,-15.359999656677246,36.41999816894531
1780530786884066300,128.90706640625,-3.119999885559082,-15.359999656677246,36.23999786376953
1780530786894167600,128.91716748046875,-3.839999914169312,-16.559999465942383,35.7599983215332
1780530786904299300,128.92729931640625,-4.139999866485596,-17.579999923706055,36.18000030517578
1780530786914400800,128.93740087890626,-4.739999771118164,-18.35999870300293,36.47999954223633
1780530786924502000,128.947501953125,-5.400000095367432,-19.68000030517578,35.880001068115234
1780530786944735200,128.9677353515625,-7.559999942779541,-21.059999465942383,36.119998931884766
1780530786954836500,128.97783642578125,-8.579999923706055,-21.779998779296875,36.36000061035156
1780530786964937700,128.98793774414062,-9.059999465942385,-22.5,37.2599983215332
1780530786975039200,128.99803930664064,-9.359999656677246,-23.15999984741211,37.619998931884766
1780530786985140500,129.00814038085937,-10.260000228881836,-23.69999885559082,37.43999862670898
1780530786995241700,129.01824169921875,-10.5,-23.63999938964844,37.619998931884766
1780530787005373700,129.02837377929689,-12.300000190734863,-23.15999984741211,37.79999923706055
1780530787015475000,129.03847485351562,-13.31999969482422,-22.3799991607666,38.63999938964844
1780530787025576200,129.048576171875,-13.979999542236328,-21.899999618530277,39.36000061035156
1780530787055849700,129.078849609375,-14.81999969482422,-20.8799991607666,39.36000061035156
1780530787065920500,129.08892041015625,-14.81999969482422,-20.57999992370605,39.0
1780530787076021800,129.09902172851562,-13.859999656677246,-20.21999931335449,39.59999847412109
1780530787086092500,129.10909252929687,-14.219999313354492,-19.439998626708984,38.81999969482422
1780530787096193800,129.11919384765625,-13.31999969482422,-19.020000457763672,38.87999725341797
1780530787106203600,129.12920361328125,-12.59999942779541,-18.059999465942383,38.87999725341797
1780530787116305000,129.13930493164062,-12.119999885559082,-17.579999923706055,38.57999801635742
1780530787126406400,129.14940649414064,-10.739999771118164,-16.619998931884766,38.27999877929688
1780530787136507600,129.15950756835937,-9.779999732971191,-15.719999313354492,39.23999786376953
1780530787217104600,129.24010473632814,-0.959999978542328,-8.699999809265137,40.2599983215332
1780530787267489000,129.29048901367187,7.919999599456787,-6.539999961853027,39.18000030517578
1780530787277559800,129.30055981445312,9.899999618530272,-6.899999618530273,38.459999084472656
1780530787287661300,129.31066137695314,11.460000038146973,-6.839999675750732,38.52000045776367
1780530787297762600,129.32076245117187,12.84000015258789,-6.71999979019165,37.91999816894531
1780530787307833300,129.33083325195312,14.75999927520752,-6.299999713897705,37.68000030517578
1780530787317904100,129.34090405273437,16.260000228881836,-5.579999923706055,37.43999862670898
1780530787327944400,129.3509443359375,18.420000076293945,-6.71999979019165,36.23999786376953
1780530787348086000,129.3710859375,23.399999618530277,-8.819999694824219,35.040000915527344
1780530787358187300,129.38118725585937,25.61999893188477,-10.019999504089355,34.380001068115234
1780530787368227600,129.3912275390625,27.059999465942383,-10.199999809265137,33.65999984741211
1780530787378298400,129.40129833984375,28.26000022888184,-11.039999961853027,33.36000061035156
1780530787388369200,129.411369140625,29.63999938964844,-10.559999465942385,33.18000030517578
1780530787398470400,129.42147045898437,30.35999870300293,-10.260000228881836,32.7599983215332
1780530787408541400,129.43154150390626,31.439998626708984,-10.199999809265137,32.279998779296875
1780530787418642700,129.441642578125,32.459999084472656,-10.559999465942385,31.3799991607666
1780530787428744000,129.45174389648437,33.29999923706055,-11.399999618530272,30.71999931335449
1780530787458986800,129.48198681640625,35.52000045776367,-12.59999942779541,30.059999465942383
1780530787469027000,129.49202709960937,35.57999801635742,-13.31999969482422,29.69999885559082
1780530787479128600,129.5021286621094,35.880001068115234,-13.679999351501465,29.459999084472656
1780530787489199400,129.51219946289064,36.119998931884766,-14.880000114440918,28.979999542236328
1780530787499270100,129.52227026367189,36.71999740600586,-15.239999771118164,29.399999618530277
1780530787509371400,129.53237133789062,37.13999938964844,-14.9399995803833,29.279998779296875
1780530787549685000,129.57268505859375,36.0,-13.199999809265137,31.26000022888184
1780530787569857300,129.59285717773437,34.91999816894531,-12.84000015258789,31.85999870300293
1780530787589998800,129.61299877929687,33.119998931884766,-11.15999984741211,33.119998931884766
1780530787610140400,129.63314038085937,31.799999237060547,-10.31999969482422,34.86000061035156
1780530787620241700,129.64324169921875,31.07999992370605,-10.4399995803833,35.15999984741211
1780530787630312400,129.6533125,30.17999839782715,-10.739999771118164,35.099998474121094
1780530787640383200,129.66338330078125,29.099998474121094,-10.31999969482422,35.459999084472656
1780530787670565000,129.69356518554687,24.71999931335449,-11.039999961853027,35.880001068115234
1780530787680605400,129.70360546875,22.920000076293945,-11.219999313354492,36.29999923706055
1780530787690676200,129.71367626953125,21.959999084472656,-11.219999313354492,36.84000015258789
1780530787700777700,129.72377783203126,20.03999900817871,-10.859999656677246,37.2599983215332
1780530787710848500,129.7338486328125,18.779998779296875,-10.739999771118164,37.73999786376953
1780530787720949800,129.74394970703125,18.11999893188477,-11.579999923706056,38.09999847412109
1780530787731020500,129.7540205078125,17.03999900817871,-12.359999656677246,37.97999954223633
1780530787741091300,129.76409130859375,16.260000228881836,-12.779999732971191,38.34000015258789
1780530787781435600,129.804435546875,11.9399995803833,-11.699999809265137,37.73999786376953
1780530787811709000,129.834708984375,7.619999885559082,-9.179999351501465,37.79999923706055
1780530787831942100,129.85494213867187,6.179999828338623,-11.279999732971191,36.77999877929688
1780530787842013000,129.86501293945312,4.980000019073486,-11.09999942779541,36.540000915527344
1780530787912569600,129.93556958007812,-1.6200000047683716,-12.779999732971191,35.57999801635742
1780530787932711200,129.95571118164062,-3.0,-13.979999542236328,35.099998474121094
1780530787942812700,129.96581274414064,-3.839999914169312,-15.179999351501465,35.040000915527344
1780530787952883500,129.97588354492189,-4.5,-16.260000228881836,34.55999755859375
1780530787973055500,129.99605541992187,-6.960000038146973,-17.8799991607666,34.55999755859375
1780530787983126300,130.00612622070312,-7.980000019073486,-18.299999237060547,34.5
1780530787993197000,130.01619702148437,-9.719999313354492,-19.5,34.73999786376953
1780530788003267800,130.02626782226562,-10.139999389648438,-20.03999900817871,34.97999954223633
1780530788023440000,130.04643994140625,-12.239999771118164,-20.69999885559082,36.119998931884766
1780530788033511000,130.05651098632814,-12.239999771118164,-20.520000457763672,36.77999877929688
1780530788043612200,130.06661206054687,-13.139999389648438,-20.459999084472656,37.73999786376953
1780530788053713400,130.07671337890625,-13.559999465942385,-19.920000076293945,38.15999984741211
1780530788063784200,130.0867841796875,-14.09999942779541,-18.959999084472656,38.63999938964844
1780530788083956200,130.10695629882812,-15.839999198913574,-17.34000015258789,39.23999786376953
1780530788094057700,130.1170576171875,-16.079999923706055,-17.399999618530273,39.47999954223633
1780530788104128500,130.12712841796875,-16.799999237060547,-17.520000457763672,39.77999877929688
1780530788114199300,130.13719921875,-16.619998931884766,-16.619998931884766,40.02000045776367
1780530788124300500,130.14730053710937,-17.279998779296875,-16.139999389648438,39.84000015258789
1780530788134401800,130.15740185546875,-17.639999389648438,-14.399999618530272,39.71999740600586
1780530788144442000,130.16744213867187,-16.85999870300293,-13.019999504089355,40.07999801635742
1780530788154543600,130.17754370117189,-16.020000457763672,-12.179999351501465,40.43999862670898
1780530788164644900,130.18764477539062,-14.519999504089355,-10.920000076293944,40.2599983215332
1780530788174715600,130.19771557617187,-13.5,-10.739999771118164,40.43999862670898
1780530788184786400,130.20778637695312,-12.779999732971191,-9.84000015258789,40.5
1780530788194887700,130.2178876953125,-12.059999465942385,-9.359999656677246,40.43999862670898
1780530788204958500,130.22795849609375,-11.75999927520752,-9.059999465942385,40.619998931884766
1780530788215060000,130.23806005859376,-10.5,-8.579999923706055,40.91999816894531
1780530788225100000,130.24810009765625,-9.059999465942385,-8.039999961853027,40.86000061035156
1780530788235171000,130.25817114257814,-7.739999771118164,-7.919999599456787,40.55999755859375
1780530788305666600,130.32866650390625,2.4600000381469727,-4.799999713897705,38.459999084472656
1780530788315767800,130.33876782226562,4.199999809265137,-6.420000076293945,38.27999877929688
1780530788325808000,130.34880810546875,6.359999656677246,-6.71999979019165,38.459999084472656
1780530788345919200,130.36891918945312,10.619999885559082,-7.440000057220459,37.86000061035156
1780530788366091300,130.38909130859375,15.59999942779541,-7.440000057220459,37.619998931884766
1780530788376192800,130.39919287109376,17.639999389648438,-7.619999885559082,37.55999755859375
1780530788396334300,130.41933422851562,21.18000030517578,-8.039999961853027,36.0
1780530788416536800,130.43953686523437,24.299999237060547,-8.279999732971191,34.79999923706055
1780530788426638300,130.4496384277344,25.85999870300293,-8.460000038146973,34.68000030517578
1780530788436709000,130.45970922851564,27.35999870300293,-8.519999504089355,34.20000076293945
1780530788456881200,130.47988110351562,30.17999839782715,-9.59999942779541,33.23999786376953
1780530788466952000,130.48995190429687,31.07999992370605,-9.899999618530272,33.0
1780530788487124000,130.5101240234375,32.39999771118164,-10.559999465942385,31.799999237060547
1780530788497164300,130.52016430664062,33.29999923706055,-10.619999885559082,31.3799991607666
1780530788507235000,130.53023510742187,33.84000015258789,-10.979999542236328,31.01999855041504
1780530788567782100,130.5907822265625,35.21999740600586,-12.359999656677246,32.7599983215332
1780530788608095700,130.631095703125,33.23999786376953,-11.81999969482422,34.20000076293945
1780530788618197000,130.64119702148437,33.0,-11.699999809265137,34.439998626708984
1780530788628267800,130.65126782226562,31.559999465942383,-11.460000038146973,34.79999923706055
1780530788668581600,130.69158154296875,28.61999893188477,-9.84000015258789,37.5
1780530788678683000,130.70168286132812,27.84000015258789,-10.079999923706056,38.34000015258789
1780530788688753700,130.71175366210937,26.279998779296875,-9.899999618530272,38.52000045776367
1780530788698855000,130.72185498046875,25.3799991607666,-10.079999923706056,39.18000030517578
1780530788708926000,130.73192602539064,23.69999885559082,-9.960000038146973,39.36000061035156
1780530788719027200,130.74202709960937,22.799999237060547,-9.65999984741211,39.47999954223633
1780530788769472800,130.79247265625,15.839999198913574,-6.659999847412109,39.540000915527344
1780530788779513000,130.80251318359376,14.81999969482422,-6.779999732971191,40.02000045776367
1780530788799654700,130.82265454101562,13.619999885559082,-9.119999885559082,39.36000061035156
1780530788809756000,130.832755859375,12.899999618530272,-9.239999771118164,39.59999847412109
1780530788819857200,130.84285717773437,12.300000190734863,-8.880000114440918,39.36000061035156
1780530788860171000,130.8831708984375,8.220000267028809,-7.799999713897705,38.81999969482422
1780530788890413800,130.91341381835937,6.299999713897705,-9.479999542236328,38.27999877929688
1780530788900454100,130.9234541015625,5.579999923706055,-9.59999942779541,37.20000076293945
1780530788910525000,130.93352490234375,4.619999885559082,-9.899999618530272,37.02000045776367
1780530788920626200,130.94362622070312,4.199999809265137,-10.260000228881836,36.65999984741211
1780530788930727700,130.95372778320314,3.5999999046325684,-10.31999969482422,36.0
1780530788971071700,130.99407177734375,-0.7799999713897705,-10.979999542236328,36.71999740600586
1780530788981112000,131.00411206054687,-1.3799999952316284,-11.9399995803833,36.29999923706055
1780530788991213300,131.01421337890625,-2.879999876022339,-12.779999732971191,35.81999969482422
1780530789031588000,131.05458813476562,-7.259999752044678,-14.15999984741211,34.97999954223633
1780530789051729700,131.07472973632812,-9.0,-16.31999969482422,35.279998779296875
1780530789061800700,131.08480078125,-10.139999389648438,-17.219999313354492,34.97999954223633
1780530789081972700,131.10497265625,-12.479999542236328,-18.059999465942383,35.459999084472656
1780530789092104400,131.1151044921875,-13.559999465942385,-18.0,35.7599983215332
1780530789102175200,131.12517529296875,-13.979999542236328,-18.35999870300293,36.29999923706055
1780530789112276700,131.13527685546876,-14.579999923706056,-18.53999900817871,36.65999984741211
1780530789122378000,131.1453779296875,-15.119999885559082,-19.07999992370605,37.02000045776367
1780530789132479200,131.15547924804687,-15.719999313354492,-19.31999969482422,36.89999771118164
1780530789142550000,131.16555004882812,-17.100000381469727,-18.959999084472656,37.2599983215332
1780530789152651500,131.17565161132814,-17.399999618530273,-18.959999084472656,37.5
1780530789162752800,131.18575268554687,-17.69999885559082,-18.420000076293945,37.73999786376953
1780530789193056800,131.21605688476564,-17.34000015258789,-16.260000228881836,39.540000915527344
1780530789203158000,131.22615795898437,-17.639999389648438,-14.699999809265137,39.71999740600586
1780530789213259300,131.23625927734375,-17.219999313354492,-12.960000038146973,39.29999923706055
1780530789233462000,131.2564619140625,-15.539999961853027,-8.34000015258789,39.41999816894531
1780530789243563300,131.26656323242187,-14.399999618530272,-7.799999713897705,39.77999877929688
1780530789344454400,131.36745434570312,-0.1799999922513961,-5.699999809265137,41.040000915527344
1780530789354586000,131.37758618164062,1.4399999380111694,-5.940000057220459,40.97999954223633
1780530789364687600,131.3876875,4.019999980926514,-6.239999771118164,40.43999862670898
1780530789374819300,131.3978193359375,5.519999980926514,-6.539999961853027,39.959999084472656
1780530789395022000,131.41802197265625,8.639999389648438,-7.079999923706055,38.459999084472656
1780530789405123300,131.42812329101562,9.719999313354492,-7.739999771118164,37.97999954223633
1780530789415255300,131.43825537109376,12.059999465942385,-8.880000114440918,38.27999877929688
1780530789425326000,131.448326171875,14.399999618530272,-10.019999504089355,37.97999954223633
1780530789435457800,131.45845776367187,16.260000228881836,-10.559999465942385,37.68000030517578
1780530789445559000,131.46855908203125,18.35999870300293,-11.460000038146973,37.43999862670898
1780530789455691000,131.47869091796875,20.76000022888184,-12.179999351501465,36.119998931884766
1780530789465792300,131.48879223632812,22.19999885559082,-12.479999542236328,35.34000015258789
1780530789496126700,131.51912670898437,26.69999885559082,-12.420000076293944,34.02000045776367
1780530789516329500,131.53932958984376,28.920000076293945,-11.399999618530272,33.23999786376953
1780530789526400300,131.54940014648437,30.0,-11.460000038146973,32.57999801635742
1780530789536532000,131.55953198242187,31.07999992370605,-11.399999618530272,31.67999839782715
1780530789566836000,131.5898359375,33.05999755859375,-11.699999809265137,30.65999984741211
1780530789597170400,131.62017041015625,35.099998474121094,-12.84000015258789,29.279998779296875
1780530789607271700,131.63027172851562,35.459999084472656,-13.380000114440918,29.21999931335449
1780530789627505000,131.6505048828125,34.91999816894531,-13.679999351501465,29.63999938964844
1780530789637606100,131.66060620117187,34.68000030517578,-13.920000076293944,29.69999885559082
1780530789647707600,131.67070776367189,34.439998626708984,-14.279999732971191,29.57999992370605
1780530789657809000,131.68080883789062,34.13999938964844,-14.460000038146973,29.76000022888184
1780530789667910100,131.69091015625,34.13999938964844,-14.699999809265137,29.81999969482422
1780530789678011600,131.70101171875,33.71999740600586,-14.399999618530272,30.299999237060547
1780530789688082400,131.71108251953126,33.36000061035156,-14.15999984741211,30.65999984741211
1780530789698214100,131.72121411132812,33.18000030517578,-13.199999809265137,31.3799991607666
1780530789708315400,131.7313154296875,31.920000076293945,-12.239999771118164,31.739999771118164
1780530789728548600,131.75154858398437,30.599998474121094,-11.75999927520752,33.41999816894531
1780530789738680600,131.7616806640625,29.459999084472656,-11.81999969482422,34.31999969482422
1780530789748812300,131.77181225585937,29.34000015258789,-12.0,35.880001068115234
1780530789789278700,131.81227880859376,22.07999992370605,-10.979999542236328,38.15999984741211
1780530789799380000,131.8223798828125,20.63999938964844,-11.639999389648438,38.52000045776367
1780530789809481200,131.83248120117187,19.439998626708984,-11.9399995803833,38.63999938964844
1780530789819613200,131.84261328125,18.18000030517578,-11.81999969482422,38.39999771118164
1780530789860079400,131.88307934570312,12.779999732971191,-10.199999809265137,41.09999847412109
1780530789890291700,131.91329174804687,9.719999313354492,-9.59999942779541,40.07999801635742
1780530789910402800,131.93340283203125,6.960000038146973,-9.59999942779541,39.47999954223633
1780530789980929000,132.00392895507812,2.879999876022339,-9.960000038146973,37.380001068115234
1780530789991030300,132.0140302734375,1.7999999523162842,-9.420000076293944,36.84000015258789
1780530790001101000,132.02410107421875,2.2799999713897705,-9.539999961853027,36.84000015258789
1780530790011141400,132.03414135742187,1.8600000143051147,-10.199999809265137,36.23999786376953
1780530790021242600,132.04424267578125,1.1999999284744265,-10.31999969482422,36.59999847412109
1780530790031313400,132.0543134765625,0.5999999642372131,-10.979999542236328,36.47999954223633
1780530790041353700,132.06435375976562,-0.6599999666213989,-11.699999809265137,36.0
1780530790051455200,132.07445532226564,-1.6200000047683716,-12.0,36.0
1780530790061526000,132.08452612304689,-2.3399999141693115,-12.479999542236328,35.459999084472656
1780530790081667600,132.10466748046875,-3.9599997997283936,-13.739999771118164,34.2599983215332
1780530790091738400,132.11473828125,-4.259999752044678,-14.699999809265137,33.89999771118164
1780530790101839600,132.12483959960937,-5.099999904632568,-15.779999732971191,33.36000061035156
1780530790111940900,132.13494091796875,-6.420000076293945,-16.260000228881836,33.71999740600586
1780530790122042400,132.14504248046876,-6.839999675750732,-16.979999542236328,34.13999938964844
1780530790132113200,132.15511303710937,-7.739999771118164,-17.639999389648438,34.619998931884766
1780530790182497500,132.20549755859375,-11.75999927520752,-17.279998779296875,37.2599983215332
1780530790192599000,132.21559912109376,-12.84000015258789,-16.079999923706055,38.27999877929688
1780530790202700300,132.2257001953125,-13.139999389648438,-16.19999885559082,39.119998931884766
1780530790212801500,132.23580151367187,-13.859999656677246,-15.779999732971191,39.29999923706055
1780530790232912600,132.25591259765625,-15.299999237060549,-16.3799991607666,40.07999801635742
1780530790242983400,132.2659833984375,-15.539999961853027,-16.559999465942383,40.2599983215332
1780530790253023700,132.27602368164062,-15.899999618530272,-15.960000038146973,40.43999862670898
1780530790263064000,132.28606396484375,-16.079999923706055,-15.179999351501465,40.55999755859375
1780530790293307000,132.31630688476562,-15.479999542236328,-12.300000190734863,41.15999984741211
1780530790303377700,132.32637768554687,-15.059999465942385,-12.0,41.040000915527344
1780530790313479200,132.33647924804689,-14.399999618530272,-11.519999504089355,40.73999786376953
1780530790323550000,132.34655004882814,-12.899999618530272,-11.219999313354492,40.619998931884766
1780530790333651200,132.35665112304687,-11.699999809265137,-10.979999542236328,40.55999755859375
1780530790343661000,132.3666611328125,-10.079999923706056,-10.019999504089355,40.2599983215332
1780530790353731800,132.37673193359376,-8.9399995803833,-9.779999732971191,40.2599983215332
1780530790363833000,132.3868330078125,-7.799999713897705,-9.300000190734863,40.31999969482422
1780530790394045400,132.41704541015625,-3.539999961853028,-8.639999389648438,40.43999862670898
1780530790404085800,132.42708569335937,-2.4600000381469727,-8.819999694824219,39.959999084472656
1780530790424257800,132.4472578125,0.0,-6.899999618530273,39.77999877929688
1780530790464541200,132.48754125976564,6.659999847412109,-6.179999828338623,38.39999771118164
1780530790474642400,132.49764233398437,8.880000114440918,-6.599999904632568,37.73999786376953
1780530790484713200,132.50771313476562,10.380000114440918,-7.019999980926514,37.97999954223633
1780530790514925600,132.53792553710937,15.299999237060549,-8.579999923706055,37.55999755859375
1780530790525026800,132.54802685546875,17.219999313354492,-9.119999885559082,37.13999938964844
1780530790535097600,132.55809765625,19.5,-10.019999504089355,36.84000015258789
1780530790545168400,132.56816845703125,21.299999237060547,-10.559999465942385,36.540000915527344
1780530790595644700,132.61864477539064,27.65999984741211,-10.5,33.959999084472656
1780530790605685000,132.62868505859376,28.3799991607666,-10.800000190734863,33.540000915527344
1780530790615755800,132.638755859375,29.279998779296875,-11.219999313354492,33.18000030517578
1780530790625826600,132.64882666015626,30.11999893188477,-11.460000038146973,32.7599983215332
1780530790645998600,132.66899853515625,32.099998474121094,-11.399999618530272,31.67999839782715
1780530790656099800,132.67909985351562,33.23999786376953,-12.0,31.61999893188477
1780530790666170600,132.68917065429687,33.18000030517578,-11.039999961853027,31.31999969482422
1780530790686343000,132.70934301757814,33.29999923706055,-11.75999927520752,31.19999885559082
1780530790696444200,132.71944409179687,32.57999801635742,-12.059999465942385,30.959999084472656
1780530790756899600,132.77989965820314,33.119998931884766,-11.81999969482422,33.36000061035156
1780530790797213200,132.82021313476562,32.81999969482422,-11.75999927520752,35.15999984741211
1780530790807284000,132.83028393554687,31.61999893188477,-11.75999927520752,36.18000030517578
1780530790817385200,132.84038525390625,30.0,-11.460000038146973,36.71999740600586
1780530790827456000,132.8504560546875,28.85999870300293,-10.800000190734863,37.55999755859375
1780530790837557500,132.8605576171875,27.53999900817871,-10.31999969482422,37.97999954223633
1780530790847597800,132.87059790039064,26.21999931335449,-9.359999656677246,37.86000061035156
1780530790867800300,132.89080029296875,23.51999855041504,-9.420000076293944,38.34000015258789
1780530790877871000,132.90087109375,22.07999992370605,-9.779999732971191,38.81999969482422
1780530790887972400,132.91097241210937,20.69999885559082,-10.139999389648438,39.36000061035156
1780530790898043400,132.92104345703126,19.85999870300293,-9.719999313354492,39.18000030517578
1780530790908144600,132.93114453125,18.779998779296875,-10.019999504089355,39.65999984741211
1780530790918246000,132.94124584960937,16.920000076293945,-10.079999923706056,39.47999954223633
1780530790928316700,132.95131665039062,15.960000038146973,-9.779999732971191,39.77999877929688
1780530790938387500,132.96138745117187,14.34000015258789,-10.019999504089355,39.959999084472656
1780530790948458200,132.97145825195312,12.84000015258789,-9.300000190734863,39.89999771118164
1780530790958529000,132.98152905273437,11.75999927520752,-8.699999809265137,39.65999984741211
1780530790978701300,133.00170141601564,9.359999656677246,-8.639999389648438,38.87999725341797
1780530790998843000,133.0218427734375,8.15999984741211,-9.119999885559082,38.21999740600586
1780530791008913700,133.03191357421875,7.619999885559082,-9.359999656677246,38.15999984741211
1780530791018984400,133.041984375,7.319999694824219,-9.359999656677246,38.09999847412109
1780530791059267600,133.082267578125,4.199999809265137,-9.420000076293944,36.65999984741211
1780530791079470300,133.10247021484375,2.4600000381469727,-9.899999618530272,36.119998931884766
1780530791109682700,133.1326826171875,0.2999999821186065,-11.09999942779541,35.939998626708984
1780530791119784000,133.14278393554687,-0.7799999713897705,-12.119999885559082,35.34000015258789
1780530791129854700,133.15285473632812,-1.6799999475479126,-12.479999542236328,35.279998779296875
1780530791139925500,133.16292553710937,-2.819999933242798,-13.31999969482422,34.97999954223633
1780530791160097800,133.18309790039064,-5.279999732971191,-13.199999809265137,33.84000015258789
1780530791170168600,133.19316845703125,-5.759999752044678,-13.619999885559082,33.84000015258789
1780530791180239400,133.2032392578125,-6.539999961853027,-14.34000015258789,33.89999771118164
1780530791190310100,133.21331005859375,-6.71999979019165,-15.539999961853027,34.55999755859375
1780530791200350500,133.2233505859375,-7.559999942779541,-16.739999771118164,34.619998931884766
1780530791210421200,133.23342114257812,-8.760000228881836,-17.459999084472656,34.2599983215332
1780530791220492000,133.24349194335937,-10.260000228881836,-18.0,34.13999938964844
1780530791240664000,133.2636640625,-10.859999656677246,-18.420000076293945,35.279998779296875
1780530791250704400,133.27370434570312,-12.239999771118164,-18.479999542236328,35.39999771118164
1780530791260805600,133.2838056640625,-13.019999504089355,-18.479999542236328,36.119998931884766
1780530791280947200,133.303947265625,-16.020000457763672,-19.13999938964844,36.959999084472656
1780530791291018200,133.31401831054689,-16.559999465942383,-18.779998779296875,37.619998931884766
1780530791301089000,133.32408911132814,-16.920000076293945,-18.65999984741211,37.97999954223633
1780530791311190300,133.33419018554687,-17.15999984741211,-18.35999870300293,38.39999771118164
1780530791321261000,133.34426098632812,-17.15999984741211,-17.15999984741211,39.18000030517578
1780530791331331800,133.35433178710937,-17.219999313354492,-16.260000228881836,39.540000915527344
1780530791341433000,133.36443310546875,-17.459999084472656,-14.75999927520752,39.84000015258789
1780530791351504000,133.37450390625,-17.34000015258789,-13.5,39.84000015258789
1780530791361574700,133.38457470703125,-16.979999542236328,-12.899999618530272,39.59999847412109
1780530791371645400,133.3946455078125,-16.31999969482422,-12.179999351501465,39.959999084472656
1780530791381747000,133.40474682617187,-15.299999237060549,-11.81999969482422,39.77999877929688
1780530791391817700,133.41481762695312,-14.460000038146973,-10.979999542236328,40.07999801635742
1780530791401858000,133.42485815429689,-13.4399995803833,-10.079999923706056,40.02000045776367
1780530791411898400,133.4348984375,-12.539999961853027,-9.779999732971191,40.07999801635742
1780530791432040000,133.4550400390625,-10.4399995803833,-8.639999389648438,40.37999725341797
1780530791442141200,133.46514111328125,-9.899999618530272,-8.279999732971191,40.5
1780530791452212000,133.4752119140625,-8.34000015258789,-7.5,40.43999862670898
1780530791462221800,133.48522192382814,-6.839999675750732,-7.079999923706055,40.55999755859375
1780530791472292600,133.4952927246094,-5.460000038146973,-6.779999732971191,40.2599983215332
1780530791482393900,133.50539379882812,-3.539999961853028,-6.539999961853027,39.959999084472656
1780530791492495000,133.5154951171875,-1.8600000143051147,-6.359999656677246,39.71999740600586
1780530791502505000,133.5255048828125,0.4799999892711639,-6.420000076293945,39.77999877929688
1780530791512636700,133.53563671875,2.4600000381469727,-6.0,39.77999877929688
1780530791532778500,133.55577856445314,6.480000019073486,-6.239999771118164,39.77999877929688
1780530791552859000,133.57585888671875,9.239999771118164,-7.079999923706055,38.93999862670898
1780530791562960400,133.58596044921876,10.920000076293944,-7.319999694824219,38.93999862670898
1780530791573031200,133.59603125,12.239999771118164,-8.34000015258789,38.57999801635742
1780530791583102000,133.60610205078126,13.920000076293944,-8.460000038146973,38.21999740600586
1780530791593203200,133.616203125,16.19999885559082,-8.9399995803833,37.97999954223633
1780530791603304400,133.62630444335937,18.11999893188477,-9.420000076293944,37.380001068115234
1780530791613405700,133.63640576171875,19.920000076293945,-9.359999656677246,36.23999786376953
1780530791633578000,133.65657788085937,22.559999465942383,-8.880000114440918,35.63999938964844
1780530791643648800,133.66664868164062,24.059999465942383,-8.699999809265137,35.099998474121094
1780530791663790300,133.68679028320312,27.239999771118164,-10.139999389648438,33.23999786376953
1780530791683962400,133.70696240234375,30.059999465942383,-11.15999984741211,31.85999870300293
1780530791704134700,133.727134765625,31.739999771118164,-12.359999656677246,31.01999855041504
1780530791714205400,133.73720532226562,33.0,-12.359999656677246,31.01999855041504
1780530791724306700,133.747306640625,33.779998779296875,-12.359999656677246,30.299999237060547
1780530791754580200,133.77758032226564,35.15999984741211,-13.799999237060549,30.11999893188477
1780530791804995000,133.8279951171875,35.70000076293945,-12.479999542236328,30.239999771118164
1780530791815096600,133.8380966796875,34.86000061035156,-12.119999885559082,30.84000015258789
1780530791825197800,133.84819775390625,35.279998779296875,-11.039999961853027,31.3799991607666
1780530791835299000,133.85829907226562,34.55999755859375,-11.15999984741211,31.920000076293945
1780530791845431000,133.86843115234376,34.73999786376953,-11.279999732971191,32.39999771118164
1780530791855562800,133.87856274414062,34.97999954223633,-11.460000038146973,32.880001068115234
1780530791865664000,133.8886640625,34.2599983215332,-11.579999923706056,33.959999084472656
1780530791875765500,133.898765625,33.119998931884766,-11.399999618530272,34.97999954223633
1780530791885866800,133.90886669921875,31.559999465942383,-10.979999542236328,35.939998626708984
1780530791895968000,133.91896801757812,30.299999237060547,-10.679999351501465,36.59999847412109
1780530791906038800,133.92903881835937,28.85999870300293,-10.079999923706056,36.71999740600586
1780530791916170800,133.93917065429687,27.599998474121094,-9.779999732971191,37.13999938964844
1780530791936373200,133.95937329101562,24.71999931335449,-9.779999732971191,37.79999923706055
1780530791946474800,133.96947485351564,23.21999931335449,-10.199999809265137,38.15999984741211
1780530791976778500,133.99977856445312,19.26000022888184,-10.920000076293944,38.93999862670898
1780530792007113200,134.03011328125,14.460000038146973,-10.5,39.47999954223633
1780530792017214500,134.04021435546875,12.84000015258789,-10.4399995803833,39.29999923706055
1780530792027315700,134.05031567382812,12.0,-9.84000015258789,39.47999954223633
1780530792057589200,134.08058935546876,10.380000114440918,-8.579999923706055,39.23999786376953
1780530792077822200,134.100822265625,8.579999923706055,-9.179999351501465,38.52000045776367
1780530792148562200,134.1715622558594,1.6799999475479126,-9.960000038146973,37.55999755859375
1780530792168764700,134.1917646484375,1.1999999284744265,-10.619999885559082,36.540000915527344
1780530792178896600,134.20189672851564,0.4199999868869781,-11.09999942779541,36.05999755859375
1780530792188998000,134.21199780273437,0.1199999973177909,-12.059999465942385,35.939998626708984
1780530792209200400,134.23220043945312,-1.0199999809265137,-12.65999984741211,36.05999755859375
1780530792219302000,134.24230200195314,-1.7400000095367432,-12.719999313354492,36.119998931884766
1780530792229403100,134.25240307617187,-3.4800000190734863,-13.079999923706056,35.939998626708984
1780530792239504400,134.26250439453125,-5.339999675750732,-13.739999771118164,36.23999786376953
1780530792249606000,134.27260595703126,-6.539999961853027,-14.460000038146973,36.05999755859375
1780530792259707100,134.28270703125,-7.799999713897705,-15.0,36.05999755859375
1780530792269808400,134.29280834960937,-8.460000038146973,-15.239999771118164,36.18000030517578
1780530792290011100,134.31301123046876,-10.139999389648438,-15.899999618530272,35.57999801635742
1780530792300142800,134.32314282226562,-10.5,-16.139999389648438,36.0
1780530792310244000,134.333244140625,-11.460000038146973,-16.020000457763672,36.540000915527344
1780530792320345600,134.343345703125,-12.179999351501465,-15.960000038146973,36.71999740600586
1780530792330446800,134.35344677734375,-13.079999923706056,-15.960000038146973,37.86000061035156
1780530792340548000,134.36354809570312,-14.039999961853027,-15.899999618530272,38.39999771118164
1780530792350649300,134.3736494140625,-14.399999618530272,-16.19999885559082,39.29999923706055
1780530792360750800,134.38375073242187,-15.059999465942385,-15.59999942779541,39.77999877929688
1780530792370852000,134.39385205078125,-15.899999618530272,-15.299999237060549,39.77999877929688
1780530792380923000,134.4039228515625,-16.619998931884766,-14.639999389648438,39.89999771118164
1780530792391054800,134.41405493164064,-17.279998779296875,-13.559999465942385,40.07999801635742
1780530792401125600,134.42412573242189,-17.219999313354492,-13.5,40.55999755859375
1780530792411227000,134.43422680664062,-16.559999465942383,-12.960000038146973,40.86000061035156
1780530792421267200,134.44426708984375,-16.079999923706055,-12.84000015258789,41.040000915527344
1780530792441469700,134.4644697265625,-14.639999389648438,-12.0,40.619998931884766
1780530792542055700,134.5650556640625,-3.7200000286102295,-7.019999980926514,39.84000015258789
1780530792622652700,134.64565258789062,7.619999885559082,-4.859999656677246,39.0
1780530792683047000,134.706046875,19.559999465942383,-8.09999942779541,36.540000915527344
1780530792703158000,134.72615795898437,22.020000457763672,-9.179999351501465,35.63999938964844
1780530792713259300,134.73625927734375,23.03999900817871,-9.84000015258789,35.39999771118164
1780530792723360800,134.74636083984376,24.18000030517578,-9.84000015258789,35.57999801635742
1780530792733431600,134.756431640625,25.439998626708984,-10.31999969482422,34.79999923706055
1780530792743502300,134.76650244140626,26.099998474121094,-10.5,34.619998931884766
1780530792753573000,134.77657299804687,26.939998626708984,-10.859999656677246,34.13999938964844
1780530792763644000,134.78664379882812,28.439998626708984,-10.859999656677246,33.29999923706055
1780530792773714700,134.79671459960937,28.979999542236328,-11.09999942779541,32.7599983215332
1780530792803957500,134.82695751953125,31.26000022888184,-12.059999465942385,32.040000915527344
1780530792814028300,134.8370283203125,32.57999801635742,-11.81999969482422,32.52000045776367
1780530792824068600,134.84706860351562,32.70000076293945,-12.719999313354492,32.52000045776367
1780530792834169900,134.857169921875,33.05999755859375,-13.4399995803833,32.34000015258789
1780530792844271400,134.86727124023437,33.84000015258789,-13.199999809265137,32.21999740600586
1780530792854342100,134.87734204101562,33.41999816894531,-13.979999542236328,31.799999237060547
1780530792864413000,134.88741284179687,33.71999740600586,-13.199999809265137,31.19999885559082
1780530792874575400,134.89757543945314,34.02000045776367,-12.960000038146973,31.559999465942383
1780530792914889000,134.93788891601562,33.119998931884766,-11.519999504089355,32.52000045776367
1780530792924959700,134.94795971679687,32.57999801635742,-12.119999885559082,32.63999938964844
1780530792935030500,134.95803051757812,32.81999969482422,-11.81999969482422,33.18000030517578
1780530792945131800,134.9681318359375,31.67999839782715,-11.81999969482422,33.47999954223633
1780530792955202800,134.9782028808594,31.19999885559082,-11.460000038146973,34.13999938964844
1780530793015597000,135.03859716796876,23.57999992370605,-9.359999656677246,38.459999084472656
1780530793045809400,135.06880932617187,18.71999931335449,-10.5,38.87999725341797
1780530793055880200,135.07888012695312,16.979999542236328,-10.679999351501465,39.29999923706055
1780530793076052200,135.09905224609375,13.380000114440918,-8.34000015258789,40.31999969482422
1780530793116305000,135.13930493164062,9.65999984741211,-8.880000114440918,39.77999877929688
1780530793136416000,135.159416015625,6.539999961853027,-9.239999771118164,39.36000061035156
1780530793146517500,135.169517578125,5.579999923706055,-9.59999942779541,38.93999862670898
1780530793156588300,135.17958837890626,4.619999885559082,-9.300000190734863,37.97999954223633
1780530793166659000,135.1896591796875,3.899999856948853,-9.479999542236328,37.31999969482422
1780530793176729900,135.19972973632812,4.079999923706055,-9.179999351501465,36.65999984741211
1780530793186770200,135.20977026367189,3.359999895095825,-9.420000076293944,35.939998626708984
1780530793196841000,135.21984106445314,2.4600000381469727,-10.380000114440918,36.05999755859375
1780530793206942200,135.22994213867187,2.1599998474121094,-10.800000190734863,35.70000076293945
1780530793217043500,135.24004345703125,1.1999999284744265,-11.460000038146973,35.39999771118164
1780530793227114200,135.2501142578125,0.7799999713897705,-11.699999809265137,35.15999984741211
1780530793257357300,135.280357421875,-1.079999923706055,-12.479999542236328,35.34000015258789
1780530793267428000,135.29042797851562,-2.220000028610229,-13.079999923706056,35.21999740600586
1780530793277499000,135.30049877929687,-3.419999837875366,-13.4399995803833,34.73999786376953
1780530793287569700,135.31056958007812,-4.139999866485596,-13.859999656677246,34.79999923706055
1780530793297640400,135.32064038085937,-4.440000057220459,-14.880000114440918,34.55999755859375
1780530793307711200,135.33071118164062,-5.339999675750732,-15.539999961853027,34.619998931884766
1780530793317782000,135.34078198242187,-6.179999828338623,-16.31999969482422,35.15999984741211
1780530793327852800,135.35085278320312,-7.319999694824219,-16.979999542236328,34.79999923706055
1780530793348055600,135.3710556640625,-9.119999885559082,-17.69999885559082,34.5
1780530793358126300,135.38112622070312,-10.139999389648438,-17.940000534057617,34.20000076293945
1780530793398470400,135.42147045898437,-13.079999923706056,-18.420000076293945,37.07999801635742
1780530793408541400,135.43154150390626,-13.920000076293944,-18.53999900817871,37.2599983215332
1780530793418612200,135.4416123046875,-14.15999984741211,-18.71999931335449,37.68000030517578
1780530793479037000,135.50203686523437,-15.719999313354492,-15.239999771118164,39.89999771118164
1780530793489138200,135.51213818359375,-15.59999942779541,-14.639999389648438,39.959999084472656
1780530793499239700,135.52223974609376,-15.420000076293944,-13.31999969482422,40.31999969482422
1780530793509310500,135.532310546875,-15.359999656677246,-13.079999923706056,40.619998931884766
1780530793519381200,135.54238134765626,-14.399999618530272,-11.880000114440918,40.31999969482422
1780530793529452000,135.5524521484375,-13.679999351501465,-11.81999969482422,39.77999877929688
1780530793539492400,135.56249243164064,-12.65999984741211,-11.75999927520752,39.59999847412109
1780530793549593600,135.57259350585937,-12.239999771118164,-10.079999923706056,39.05999755859375
1780530793569735200,135.59273510742187,-9.899999618530272,-8.9399995803833,39.36000061035156
1780530793579806000,135.60280590820312,-8.819999694824219,-8.34000015258789,39.59999847412109
1780530793589907200,135.6129072265625,-6.539999961853027,-8.880000114440918,39.65999984741211
1780530793600008700,135.6230087890625,-5.519999980926514,-8.699999809265137,39.84000015258789
1780530793610110000,135.63310986328125,-3.539999961853028,-8.819999694824219,39.71999740600586
1780530793630251500,135.65325146484375,-0.5999999642372131,-8.399999618530273,39.77999877929688
1780530793640322300,135.663322265625,0.7799999713897705,-7.079999923706055,39.77999877929688
1780530793650393000,135.67339306640625,2.220000028610229,-6.599999904632568,39.959999084472656
1780530793660433400,135.68343334960937,3.659999847412109,-5.819999694824219,40.07999801635742
1780530793670443300,135.693443359375,5.400000095367432,-5.639999866485596,40.2599983215332
1780530793730929000,135.75392895507812,15.960000038146973,-8.819999694824219,38.39999771118164
1780530793751040000,135.7740400390625,19.61999893188477,-9.779999732971191,37.2599983215332
1780530793761141500,135.7841416015625,21.35999870300293,-10.199999809265137,36.71999740600586
1780530793771212300,135.79421240234376,22.799999237060547,-10.5,35.81999969482422
1780530793781252600,135.80425268554689,24.479999542236328,-11.219999313354492,34.86000061035156
1780530793791353900,135.81435375976562,26.099998474121094,-11.219999313354492,34.439998626708984
1780530793801424600,135.82442456054687,27.71999931335449,-11.519999504089355,33.959999084472656
1780530793811495400,135.83449536132812,29.34000015258789,-12.179999351501465,33.18000030517578
1780530793821535700,135.84453564453125,30.53999900817871,-11.9399995803833,32.81999969482422
1780530793831637000,135.85463696289062,31.5,-12.300000190734863,32.040000915527344
1780530793841738200,135.86473828125,32.21999740600586,-12.719999313354492,31.19999885559082
1780530793851809000,135.87480908203125,33.05999755859375,-12.719999313354492,31.31999969482422
1780530793861910500,135.88491064453126,33.84000015258789,-13.31999969482422,31.07999992370605
1780530793872011800,135.89501171875,34.97999954223633,-13.920000076293944,31.19999885559082
1780530793882113000,135.90511303710937,35.21999740600586,-13.739999771118164,31.26000022888184
1780530793942538000,135.9655380859375,34.68000030517578,-13.979999542236328,31.01999855041504
1780530793962740500,135.98574047851562,34.20000076293945,-13.920000076293944,31.85999870300293
1780530793972811300,135.99581127929687,34.02000045776367,-13.4399995803833,32.52000045776367
1780530793982912800,136.00591284179689,33.71999740600586,-12.899999618530272,32.21999740600586
1780530794063570700,136.08657080078126,25.68000030517578,-8.039999961853027,38.21999740600586
1780530794073672000,136.096671875,24.71999931335449,-9.59999942779541,38.459999084472656
1780530794083773200,136.10677319335937,23.03999900817871,-10.139999389648438,38.70000076293945
1780530794093844000,136.11684399414062,21.65999984741211,-10.679999351501465,39.05999755859375
1780530794114046700,136.13704663085937,18.239999771118164,-10.979999542236328,38.93999862670898
1780530794124148000,136.14714794921875,17.03999900817871,-10.800000190734863,39.05999755859375
1780530794134218800,136.15721875,15.420000076293944,-10.4399995803833,39.47999954223633
1780530794144289500,136.16728955078125,14.399999618530272,-10.739999771118164,39.59999847412109
1780530794154391000,136.17739111328126,12.899999618530272,-10.380000114440918,38.87999725341797
1780530794164461800,136.1874619140625,11.75999927520752,-10.380000114440918,38.87999725341797
1780530794174563000,136.19756298828125,10.739999771118164,-10.199999809265137,38.70000076293945
1780530794184633900,136.2076337890625,9.899999618530272,-9.779999732971191,38.21999740600586
1780530794194735000,136.21773510742187,8.760000228881836,-10.199999809265137,38.27999877929688
1780530794225008600,136.24800854492187,5.87999963760376,-10.4399995803833,37.380001068115234
1780530794235079400,136.25807934570312,4.920000076293945,-9.719999313354492,36.65999984741211
1780530794245180700,136.2681806640625,3.899999856948853,-9.59999942779541,36.29999923706055
1780530794295595800,136.318595703125,0.5999999642372131,-9.300000190734863,35.52000045776367
1780530794345980200,136.36898022460937,-3.5999999046325684,-11.460000038146973,34.2599983215332
1780530794356112100,136.37911206054687,-4.859999656677246,-12.179999351501465,33.89999771118164
1780530794366213400,136.38921337890625,-5.87999963760376,-13.199999809265137,33.47999954223633
1780530794376314600,136.39931469726562,-7.019999980926514,-14.219999313354492,33.41999816894531
1780530794386416000,136.409416015625,-8.220000267028809,-15.0,32.939998626708984
1780530794396517400,136.41951733398437,-9.239999771118164,-15.239999771118164,32.880001068115234
1780530794406618600,136.42961865234375,-10.679999351501465,-16.85999870300293,32.880001068115234
1780530794426821400,136.4498212890625,-12.059999465942385,-18.299999237060547,33.65999984741211
1780530794436922600,136.45992260742187,-13.679999351501465,-19.13999938964844,33.89999771118164
1780530794447023900,136.47002392578125,-14.460000038146973,-18.959999084472656,34.31999969482422
1780530794457125400,136.48012548828126,-15.420000076293944,-19.61999893188477,34.68000030517578
1780530794467196200,136.49019604492187,-16.799999237060547,-20.15999984741211,35.15999984741211
1780530794477328000,136.50032788085937,-17.459999084472656,-19.979999542236328,35.939998626708984
1780530794487429400,136.5104294433594,-18.11999893188477,-20.279998779296875,36.65999984741211
1780530794497530600,136.52053051757812,-18.299999237060547,-20.03999900817871,37.02000045776367
1780530794507631900,136.5306318359375,-18.65999984741211,-18.420000076293945,37.2599983215332
1780530794517733000,136.54073315429687,-19.3799991607666,-18.18000030517578,37.07999801635742
1780530794527834600,136.55083471679689,-19.559999465942383,-17.459999084472656,37.380001068115234
1780530794608645000,136.63164501953125,-17.100000381469727,-10.380000114440918,39.540000915527344
1780530794659212800,136.682212890625,-9.239999771118164,-7.139999866485596,38.87999725341797
1780530794669314000,136.69231396484375,-7.739999771118164,-6.960000038146973,38.87999725341797
1780530794679415300,136.70241528320312,-6.119999885559082,-6.599999904632568,39.23999786376953
1780530794689486000,136.71248608398437,-5.039999961853027,-6.899999618530273,39.119998931884766
1780530794699556900,136.72255688476562,-3.179999828338623,-6.539999961853027,38.70000076293945
1780530794709688800,136.73268872070312,-1.1999999284744265,-6.71999979019165,38.7599983215332
1780530794719790000,136.7427900390625,0.4799999892711639,-6.899999618530273,38.39999771118164
1780530794729891300,136.75289135742187,2.700000047683716,-6.779999732971191,38.459999084472656
1780530794739931600,136.762931640625,4.559999942779541,-7.079999923706055,38.52000045776367
1780530794750063600,136.77306372070314,6.420000076293945,-7.37999963760376,38.459999084472656
1780530794760164900,136.78316479492187,8.09999942779541,-7.440000057220459,38.63999938964844
1780530794770266000,136.79326611328125,10.139999389648438,-6.480000019073486,38.040000915527344
1780530794800570000,136.82357006835937,15.719999313354492,-5.639999866485596,37.07999801635742
1780530794810671400,136.83367138671875,17.279998779296875,-6.119999885559082,36.959999084472656
1780530794820742100,136.8437421875,18.959999084472656,-6.539999961853027,37.07999801635742
1780530794830843600,136.85384375,20.69999885559082,-7.440000057220459,36.36000061035156
1780530794840945000,136.86394482421875,22.799999237060547,-7.619999885559082,36.36000061035156
1780530794851076600,136.87407666015625,24.420000076293945,-8.279999732971191,35.880001068115234
1780530794861178000,136.88417822265626,25.26000022888184,-8.699999809265137,35.040000915527344
1780530794871279400,136.894279296875,26.63999938964844,-8.639999389648438,34.79999923706055
1780530794881380600,136.90438061523437,27.65999984741211,-8.519999504089355,34.02000045776367
1780530794891512600,136.9145126953125,28.5,-8.34000015258789,33.84000015258789
1780530794911745500,136.93474560546875,30.239999771118164,-8.880000114440918,32.939998626708984
1780530794921847000,136.94484692382812,31.07999992370605,-9.059999465942385,32.57999801635742
1780530794931948300,136.9549482421875,31.5,-9.899999618530272,32.21999740600586
1780530794952151000,136.97515112304689,32.15999984741211,-10.019999504089355,32.15999984741211
1780530794962252300,136.98525219726562,32.52000045776367,-10.380000114440918,32.34000015258789
1780530794982454800,137.00545483398437,33.0,-9.179999351501465,32.7599983215332
1780530795002657500,137.02565747070312,32.39999771118164,-10.380000114440918,33.05999755859375
1780530795012758800,137.0357587890625,32.15999984741211,-10.5,33.18000030517578
1780530795022829600,137.04582958984375,32.21999740600586,-11.75999927520752,33.41999816894531
1780530795032900400,137.055900390625,31.85999870300293,-11.519999504089355,33.959999084472656
1780530795042971100,137.06597119140625,31.67999839782715,-11.81999969482422,34.2599983215332
1780530795053042000,137.0760419921875,31.85999870300293,-11.880000114440918,35.040000915527344
1780530795143648800,137.16664868164062,22.020000457763672,-9.65999984741211,39.89999771118164
1780530795163820800,137.18682080078125,19.61999893188477,-9.300000190734863,39.84000015258789
1780530795183932000,137.20693188476562,16.979999542236328,-9.239999771118164,40.37999725341797
1780530795204043000,137.22704296875,14.75999927520752,-9.719999313354492,40.55999755859375
1780530795214113800,137.23711376953125,14.039999961853027,-9.779999732971191,40.55999755859375
1780530795224215000,137.24721508789062,13.31999969482422,-9.359999656677246,40.5
1780530795234285800,137.25728588867187,12.059999465942385,-9.239999771118164,39.959999084472656
1780530795244387300,137.26738720703125,11.039999961853027,-8.639999389648438,40.02000045776367
1780530795254458000,137.2774580078125,9.899999618530272,-8.460000038146973,39.119998931884766
1780530795264529000,137.28752880859375,8.819999694824219,-8.819999694824219,38.39999771118164
1780530795294802200,137.31780224609375,7.199999809265137,-9.479999542236328,38.15999984741211
1780530795304842500,137.32784252929687,6.960000038146973,-9.539999961853027,38.21999740600586
1780530795314913300,137.33791333007812,6.239999771118164,-9.84000015258789,38.459999084472656
1780530795345126000,137.3681259765625,3.359999895095825,-8.760000228881836,37.79999923706055
1780530795355196700,137.37819677734376,2.879999876022339,-8.760000228881836,37.79999923706055
1780530795365298000,137.3882978515625,2.5199999809265137,-9.0,37.86000061035156
1780530795446017000,137.46901708984376,-3.0,-12.119999885559082,36.71999740600586
1780530795456087800,137.479087890625,-3.899999856948853,-11.880000114440918,36.89999771118164
1780530795466158600,137.48915869140626,-4.079999923706055,-10.859999656677246,37.55999755859375
1780530795486361000,137.50936108398437,-5.759999752044678,-10.260000228881836,39.0
1780530795496431900,137.51943188476562,-6.119999885559082,-10.559999465942385,39.59999847412109
1780530795506533400,137.52953344726564,-6.659999847412109,-12.65999984741211,40.02000045776367
1780530795526705400,137.54970532226562,-7.679999828338623,-14.579999923706056,39.41999816894531
1780530795536745700,137.5597458496094,-7.319999694824219,-14.519999504089355,39.47999954223633
1780530795546847000,137.56984692382812,-7.559999942779541,-14.15999984741211,39.959999084472656
1780530795556948200,137.5799482421875,-8.460000038146973,-14.279999732971191,40.86000061035156
1780530795567049700,137.5900498046875,-8.760000228881836,-14.579999923706056,41.57999801635742
1780530795577089800,137.60008984375,-9.539999961853027,-14.399999618530272,42.29999923706055
1780530795587160600,137.61016064453125,-9.779999732971191,-13.979999542236328,42.47999954223633
1780530795597262000,137.62026196289062,-10.139999389648438,-13.139999389648438,42.89999771118164
1780530795627566000,137.6505661621094,-11.09999942779541,-10.679999351501465,42.71999740600586
1780530795637636900,137.66063696289064,-10.380000114440918,-10.559999465942385,42.77999877929688
1780530795647738000,137.67073803710937,-10.31999969482422,-10.139999389648438,42.0
1780530795657809000,137.68080883789062,-10.199999809265137,-9.899999618530272,41.57999801635742
1780530795667910100,137.69091015625,-9.359999656677246,-9.779999732971191,41.93999862670898
1780530795678011600,137.70101171875,-8.639999389648438,-9.539999961853027,41.459999084472656
1780530795688082400,137.71108251953126,-7.980000019073486,-9.719999313354492,41.15999984741211
1780530795698183700,137.72118359375,-6.539999961853027,-9.59999942779541,41.21999740600586
1780530795748537600,137.77153759765625,-1.7999999523162842,-7.619999885559082,40.68000030517578
1780530795758608400,137.7816083984375,-0.7199999690055847,-6.71999979019165,40.37999725341797
1780530795768710000,137.7917099609375,0.4799999892711639,-6.599999904632568,39.71999740600586
1780530795849367800,137.87236791992189,12.960000038146973,-6.779999732971191,38.15999984741211
1780530795859408100,137.882408203125,14.15999984741211,-7.019999980926514,38.21999740600586
1780530795869509400,137.89250927734375,15.65999984741211,-6.960000038146973,37.619998931884766
1780530795879610600,137.90261059570312,16.799999237060547,-8.039999961853027,36.84000015258789
1780530795889681400,137.91268139648437,18.18000030517578,-9.059999465942385,36.119998931884766
1780530795899752200,137.92275219726562,20.8799991607666,-9.479999542236328,35.459999084472656
1780530795909823000,137.93282299804687,22.31999969482422,-10.199999809265137,34.91999816894531
1780530795940035300,137.96303540039062,27.0,-10.920000076293944,34.380001068115234
1780530795960238000,137.98323803710937,29.399999618530277,-10.199999809265137,32.70000076293945
1780530795970308900,137.99330883789062,30.0,-10.559999465942385,32.040000915527344
1780530795980379600,138.00337963867187,29.76000022888184,-10.679999351501465,31.31999969482422
1780530795990450400,138.01345043945312,31.01999855041504,-11.880000114440918,31.979999542236328
1780530796000552000,138.02355200195314,31.5,-11.75999927520752,31.26000022888184
1780530796030825200,138.0538251953125,33.959999084472656,-12.119999885559082,30.779998779296875
1780530796101351400,138.12435131835937,33.41999816894531,-10.859999656677246,31.3799991607666
1780530796111452700,138.13445263671875,33.36000061035156,-11.279999732971191,31.920000076293945
1780530796131594200,138.15459423828125,32.81999969482422,-11.579999923706056,33.23999786376953
1780530796151766500,138.1747666015625,30.599998474121094,-11.219999313354492,33.71999740600586
1780530796161837300,138.18483740234376,30.059999465942383,-11.279999732971191,33.89999771118164
1780530796171938600,138.1949384765625,28.559999465942383,-10.979999542236328,34.97999954223633
1780530796182009300,138.20500927734375,27.35999870300293,-10.679999351501465,35.459999084472656
1780530796192080100,138.215080078125,26.459999084472656,-10.979999542236328,36.29999923706055
1780530796202120400,138.22512036132812,24.71999931335449,-10.979999542236328,37.5
1780530796212221700,138.2352216796875,23.21999931335449,-11.15999984741211,37.91999816894531
1780530796222292500,138.24529248046875,21.0,-11.279999732971191,37.97999954223633
1780530796232363300,138.25536328125,19.5,-11.699999809265137,38.34000015258789
1780530796262575600,138.28557568359375,15.359999656677246,-10.5,39.77999877929688
1780530796302920000,138.325919921875,7.919999599456787,-8.519999504089355,40.07999801635742
1780530796313021200,138.33602124023437,7.019999980926514,-8.460000038146973,39.89999771118164
1780530796323092000,138.34609204101562,6.119999885559082,-8.880000114440918,39.36000061035156
1780530796343172600,138.36617260742187,4.259999752044678,-8.399999618530273,38.63999938964844
1780530796353243400,138.37624340820312,3.899999856948853,-8.579999923706055,38.09999847412109
1780530796383517000,138.40651684570312,2.93999981880188,-8.220000267028809,37.02000045776367
1780530796393587700,138.41658764648437,2.1599998474121094,-8.460000038146973,36.77999877929688
1780530796413729300,138.43672924804687,1.2599999904632568,-9.179999351501465,35.70000076293945
1780530796423800000,138.44680004882812,1.559999942779541,-7.859999656677246,35.70000076293945
1780530796433870800,138.45687084960937,0.4799999892711639,-6.480000019073486,35.15999984741211
1780530796443911200,138.4669111328125,-0.4799999892711639,-7.019999980926514,35.15999984741211
1780530796454012400,138.47701245117187,-0.8999999761581421,-6.960000038146973,35.34000015258789
1780530796464114000,138.48711401367189,-1.7999999523162842,-8.579999923706055,34.439998626708984
1780530796474184700,138.49718481445314,-1.919999957084656,-11.219999313354492,34.68000030517578
1780530796504458000,138.5274580078125,-3.7799999713897705,-14.34000015258789,33.18000030517578
1780530796514528800,138.53752880859375,-4.139999866485596,-14.34000015258789,32.939998626708984
1780530796524599600,138.547599609375,-5.579999923706055,-14.9399995803833,33.05999755859375
1780530796534670300,138.55767041015625,-6.779999732971191,-14.699999809265137,33.23999786376953
1780530796544771800,138.56777172851562,-7.37999963760376,-15.719999313354492,33.36000061035156
1780530796554873000,138.577873046875,-8.460000038146973,-16.619998931884766,32.7599983215332
1780530796564944000,138.58794384765625,-9.179999351501465,-16.85999870300293,32.81999969482422
1780530796575045000,138.59804516601562,-10.139999389648438,-18.0,33.41999816894531
1780530796605227000,138.62822705078125,-13.25999927520752,-19.68000030517578,34.619998931884766
1780530796615328500,138.63832861328126,-14.880000114440918,-19.979999542236328,34.68000030517578
1780530796625429800,138.6484296875,-15.539999961853027,-19.739999771118164,35.57999801635742
1780530796645540900,138.66854077148437,-18.18000030517578,-19.439998626708984,37.02000045776367
1780530796665682400,138.68868237304687,-19.5,-18.899999618530277,38.52000045776367
1780530796675783700,138.69878369140625,-20.03999900817871,-18.53999900817871,39.540000915527344
1780530796685885200,138.70888525390626,-20.63999938964844,-18.35999870300293,39.59999847412109
1780530796756441600,138.77944165039062,-17.8799991607666,-12.779999732971191,39.36000061035156
1780530796766512400,138.78951245117187,-16.139999389648438,-12.059999465942385,39.41999816894531
1780530796776583400,138.79958349609376,-15.59999942779541,-11.75999927520752,38.87999725341797
1780530796786684700,138.8096845703125,-14.09999942779541,-11.460000038146973,39.23999786376953
1780530796796755500,138.81975537109375,-12.420000076293944,-10.679999351501465,39.540000915527344
1780530796806795800,138.82979565429687,-11.639999389648438,-10.260000228881836,38.7599983215332
1780530796826937300,138.84993725585937,-8.34000015258789,-9.479999542236328,38.09999847412109
1780530796837038600,138.86003857421875,-6.779999732971191,-9.0,37.97999954223633
1780530796847139800,138.87013989257812,-4.679999828338623,-8.9399995803833,38.7599983215332
1780530796857210600,138.88021069335937,-3.359999895095825,-8.579999923706055,39.05999755859375
1780530796867312000,138.89031201171875,-0.5999999642372131,-8.34000015258789,38.7599983215332
1780530796877413400,138.90041333007812,1.559999942779541,-8.699999809265137,38.52000045776367
1780530796887514600,138.9105146484375,3.9599997997283936,-8.760000228881836,38.15999984741211
1780530796897555000,138.92055493164062,5.699999809265137,-9.179999351501465,37.97999954223633
1780530796948031000,138.97103100585937,14.15999984741211,-6.659999847412109,37.68000030517578
1780530796968233700,138.99123364257812,18.239999771118164,-8.639999389648438,37.13999938964844
1780530796978274000,139.00127416992189,19.739999771118164,-8.460000038146973,36.05999755859375
1780530796988375300,139.01137524414062,21.239999771118164,-9.300000190734863,35.81999969482422
1780530797018557200,139.04155712890625,24.899999618530277,-9.300000190734863,34.79999923706055
1780530797048830700,139.07183081054689,28.26000022888184,-10.31999969482422,32.81999969482422
1780530797058870800,139.08187084960937,29.57999992370605,-11.579999923706056,32.70000076293945
1780530797068972300,139.09197216796875,30.0,-12.239999771118164,32.15999984741211
1780530797079073500,139.10207348632812,30.53999900817871,-12.539999961853027,31.5
1780530797089144300,139.11214428710937,31.439998626708984,-13.019999504089355,31.19999885559082
1780530797099215000,139.12221508789062,31.439998626708984,-13.199999809265137,30.899999618530277
1780530797109316400,139.13231640625,32.21999740600586,-13.739999771118164,30.84000015258789
1780530797119417900,139.14241796875,32.63999938964844,-14.639999389648438,30.299999237060547
1780530797129519000,139.15251904296875,32.880001068115234,-14.639999389648438,30.779998779296875
1780530797159823000,139.18282299804687,33.959999084472656,-14.579999923706056,31.739999771118164
1780530797169924400,139.19292431640625,33.84000015258789,-15.299999237060549,31.67999839782715
1780530797180025600,139.20302563476562,33.47999954223633,-14.699999809265137,32.099998474121094
1780530797220430800,139.24343090820312,31.13999938964844,-12.59999942779541,34.55999755859375
1780530797230502000,139.253501953125,30.0,-11.34000015258789,34.97999954223633
1780530797240633600,139.26363354492187,29.03999900817871,-11.219999313354492,35.57999801635742
1780530797291170800,139.3141708984375,23.21999931335449,-9.300000190734863,38.52000045776367
1780530797301272000,139.32427197265625,21.479999542236328,-9.779999732971191,38.27999877929688
1780530797311373300,139.33437329101562,20.63999938964844,-9.899999618530272,38.57999801635742
1780530797321474600,139.344474609375,20.03999900817871,-10.380000114440918,39.36000061035156
1780530797331576000,139.354576171875,18.53999900817871,-10.5,39.65999984741211
1780530797341677300,139.36467724609375,17.639999389648438,-10.4399995803833,40.13999938964844
1780530797351748000,139.374748046875,16.19999885559082,-11.579999923706056,39.77999877929688
1780530797361880000,139.38488012695314,14.399999618530272,-11.34000015258789,39.540000915527344
1780530797371950800,139.3949509277344,13.199999809265137,-11.81999969482422,39.47999954223633
1780530797412386600,139.43538647460937,9.65999984741211,-7.919999599456787,39.41999816894531
1780530797422487800,139.44548779296875,8.760000228881836,-8.279999732971191,39.119998931884766
1780530797432589000,139.45558911132812,8.09999942779541,-9.719999313354492,39.29999923706055
1780530797442690600,139.46569067382814,7.559999942779541,-9.359999656677246,39.47999954223633
1780530797452791800,139.47579174804687,7.019999980926514,-9.0,38.93999862670898
1780530797462893000,139.48589306640625,6.0,-8.9399995803833,38.459999084472656
1780530797503267800,139.52626782226562,3.9599997997283936,-8.760000228881836,38.040000915527344
1780530797513369000,139.536369140625,2.759999990463257,-9.59999942779541,37.73999786376953
1780530797523470600,139.546470703125,2.3399999141693115,-9.960000038146973,37.73999786376953
1780530797533571800,139.55657177734375,1.6200000047683716,-10.260000228881836,37.55999755859375
1780530797543673000,139.56667309570312,1.1399999856948853,-10.679999351501465,38.040000915527344
1780530797563875800,139.58687573242187,-0.4799999892711639,-10.920000076293944,37.97999954223633
1780530797573977000,139.59697705078125,-1.7999999523162842,-11.039999961853027,37.68000030517578
1780530797583978500,139.606978515625,-2.93999981880188,-11.399999618530272,37.31999969482422
1780530797604181000,139.62718090820312,-4.5,-12.539999961853027,36.41999816894531
1780530797614282500,139.63728247070313,-5.159999847412109,-13.559999465942385,36.47999954223633
1780530797624383700,139.6473837890625,-5.87999963760376,-14.09999942779541,36.540000915527344
1780530797634485000,139.65748510742188,-6.960000038146973,-15.059999465942385,36.65999984741211
1780530797644586200,139.66758618164062,-6.960000038146973,-15.420000076293944,37.2599983215332
1780530797654657000,139.6776569824219,-7.559999942779541,-15.899999618530272,37.86000061035156
1780530797664727800,139.68772778320312,-7.679999828338623,-16.139999389648438,38.52000045776367
1780530797674798800,139.697798828125,-8.279999732971191,-15.479999542236328,38.93999862670898
1780530797684869600,139.70786962890625,-9.119999885559082,-16.19999885559082,39.36000061035156
1780530797694940400,139.7179404296875,-9.059999465942385,-15.839999198913574,40.02000045776367
1780530797735254000,139.75825390625,-11.34000015258789,-12.899999618530272,42.29999923706055
1780530797765466400,139.78846630859374,-12.65999984741211,-10.800000190734863,42.65999984741211
1780530797805749800,139.82874975585938,-12.300000190734863,-8.15999984741211,42.540000915527344
1780530797815789800,139.8387897949219,-11.219999313354492,-8.039999961853027,41.93999862670898
1780530797825830100,139.848830078125,-10.4399995803833,-8.15999984741211,41.63999938964844
1780530797835931600,139.858931640625,-9.719999313354492,-8.15999984741211,40.86000061035156
1780530797846033000,139.86903295898438,-8.519999504089355,-8.279999732971191,40.86000061035156
1780530797856103700,139.87910375976563,-7.079999923706055,-7.859999656677246,40.97999954223633
1780530797866174500,139.88917456054688,-6.239999771118164,-6.0,40.79999923706055
1780530797876245200,139.89924536132813,-5.099999904632568,-4.739999771118164,40.97999954223633
1780530797886316000,139.90931591796874,-4.319999694824219,-4.139999866485596,40.73999786376953
1780530797896356400,139.9193564453125,-4.079999923706055,-3.9599997997283936,40.2599983215332
1780530797906427100,139.92942724609375,-3.0,-5.639999866485596,39.84000015258789
1780530797926568700,139.94956860351562,0.2399999946355819,-6.71999979019165,39.36000061035156
1780530797936609000,139.95960913085938,1.8600000143051147,-7.019999980926514,39.36000061035156
1780530797946710300,139.96971020507812,4.380000114440918,-6.599999904632568,39.65999984741211
1780530797966882600,139.98988256835938,8.519999504089355,-7.139999866485596,39.47999954223633
1780530797976953300,139.99995336914063,10.559999465942385,-6.839999675750732,39.41999816894531
1780530797987024100,140.01002416992188,12.0,-7.440000057220459,39.540000915527344
1780530797997125400,140.02012548828125,13.079999923706056,-7.199999809265137,39.119998931884766
1780530798007226600,140.0302265625,14.639999389648438,-7.559999942779541,39.18000030517578
1780530798027307300,140.05030737304688,17.8799991607666,-7.980000019073486,37.619998931884766
1780530798037378000,140.0603779296875,19.799999237060547,-8.639999389648438,37.07999801635742
1780530798047448800,140.07044873046874,20.939998626708984,-8.9399995803833,36.41999816894531
1780530798057489200,140.0804892578125,21.779998779296875,-9.359999656677246,35.939998626708984
1780530798067590400,140.09059033203124,23.15999984741211,-9.59999942779541,35.63999938964844
1780530798077661200,140.1006611328125,24.35999870300293,-9.59999942779541,35.21999740600586
1780530798128076300,140.151076171875,29.03999900817871,-8.34000015258789,34.380001068115234
1780530798138147000,140.16114697265624,29.939998626708984,-8.760000228881836,33.89999771118164
1780530798148248300,140.17124829101562,30.420000076293945,-9.119999885559082,33.65999984741211
1780530798158288600,140.18128857421874,31.61999893188477,-9.59999942779541,33.47999954223633
1780530798168359400,140.191359375,31.799999237060547,-9.539999961853027,33.18000030517578
1780530798188470500,140.21147045898437,32.15999984741211,-9.779999732971191,34.2599983215332
1780530798228723200,140.25172314453124,30.53999900817871,-10.199999809265137,36.05999755859375
1780530798238824700,140.26182470703125,30.71999931335449,-10.079999923706056,37.02000045776367
1780530798248865000,140.27186499023438,30.17999839782715,-9.779999732971191,37.2599983215332
1780530798258935800,140.28193579101563,30.0,-9.779999732971191,37.619998931884766
1780530798269006600,140.29200659179688,29.399999618530277,-10.31999969482422,37.79999923706055
1780530798279107800,140.30210791015625,28.3799991607666,-10.31999969482422,37.68000030517578
1780530798289148200,140.31214819335938,27.65999984741211,-9.84000015258789,38.21999740600586
1780530798299249400,140.32224951171875,26.459999084472656,-9.479999542236328,38.459999084472656
1780530798319360500,140.34236059570313,24.600000381469727,-8.279999732971191,39.89999771118164
1780530798359643600,140.3826435546875,19.5,-5.819999694824219,40.619998931884766
1780530798389825500,140.41282543945312,15.59999942779541,-7.619999885559082,41.7599983215332
1780530798460290600,140.48329052734374,8.639999389648438,-7.679999828338623,40.91999816894531
1780530798530755800,140.553755859375,3.899999856948853,-7.259999752044678,38.15999984741211
1780530798550928000,140.57392797851563,3.240000009536743,-7.679999828338623,37.02000045776367
1780530798561029000,140.58402905273437,2.879999876022339,-8.15999984741211,36.59999847412109
1780530798571100000,140.59409985351562,3.059999942779541,-8.760000228881836,36.18000030517578
1780530798581140200,140.60414013671874,2.819999933242798,-8.519999504089355,35.70000076293945
1780530798601220900,140.62422094726563,1.9799998998641968,-8.880000114440918,35.57999801635742
1780530798611322000,140.63432202148437,1.1999999284744265,-9.239999771118164,35.63999938964844
1780530798621393000,140.64439282226562,0.8399999737739563,-9.84000015258789,35.81999969482422
1780530798631463700,140.6544636230469,0.2399999946355819,-10.139999389648438,35.880001068115234
1780530798641565200,140.66456518554688,-0.4199999868869781,-10.619999885559082,35.70000076293945
1780530798651605500,140.67460546875,-1.6200000047683716,-10.800000190734863,35.70000076293945
1780530798661615000,140.68461499023437,-2.4600000381469727,-11.279999732971191,35.57999801635742
1780530798671716400,140.69471630859374,-3.119999885559082,-11.81999969482422,35.57999801635742
1780530798681817900,140.70481787109375,-4.139999866485596,-12.300000190734863,35.7599983215332
1780530798691858200,140.71485815429688,-4.980000019073486,-12.239999771118164,36.05999755859375
1780530798701929000,140.72492895507813,-6.0,-12.300000190734863,36.47999954223633
1780530798712030200,140.7350302734375,-6.960000038146973,-12.960000038146973,36.84000015258789
1780530798722101000,140.74510107421875,-7.739999771118164,-12.960000038146973,37.07999801635742
1780530798772424400,140.79542456054688,-10.559999465942385,-14.279999732971191,39.71999740600586
1780530798782495200,140.8054951171875,-11.039999961853027,-14.399999618530272,40.02000045776367
1780530798792596500,140.8155964355469,-11.75999927520752,-14.039999961853027,40.91999816894531
1780530798802606300,140.8256064453125,-12.300000190734863,-13.619999885559082,41.39999771118164
1780530798812707600,140.83570751953124,-12.719999313354492,-12.59999942779541,42.0
1780530798822809000,140.84580908203125,-12.479999542236328,-10.859999656677246,43.02000045776367
1780530798832879900,140.8558798828125,-12.84000015258789,-10.019999504089355,42.84000015258789
1780530798842981000,140.86598120117188,-13.619999885559082,-9.300000190734863,42.89999771118164
1780530798853082400,140.87608227539062,-13.199999809265137,-8.639999389648438,42.59999847412109
1780530798883325400,140.90632543945313,-11.460000038146973,-7.079999923706055,42.47999954223633
1780530798893396200,140.91639624023438,-10.979999542236328,-7.199999809265137,42.47999954223633
1780530798903405800,140.92640576171874,-9.84000015258789,-7.259999752044678,42.23999786376953
1780530798923608600,140.94660864257813,-7.37999963760376,-6.899999618530273,42.119998931884766
1780530798933679400,140.95667944335938,-5.699999809265137,-5.87999963760376,41.70000076293945
1780530798943750100,140.96675024414063,-4.079999923706055,-5.099999904632568,41.93999862670898
1780530798963861200,140.986861328125,-0.6599999666213989,-5.159999847412109,41.63999938964844
1780530798973962500,140.99696240234374,1.1399999856948853,-5.339999675750732,41.7599983215332
1780530798984033300,141.007033203125,2.5799999237060547,-5.519999980926514,41.459999084472656
1780530799054559500,141.0775595703125,13.4399995803833,-5.159999847412109,39.89999771118164
1780530799074701000,141.097701171875,16.920000076293945,-5.579999923706055,39.18000030517578
1780530799084802300,141.10780224609374,18.65999984741211,-5.87999963760376,39.0
1780530799094873000,141.117873046875,20.8799991607666,-5.759999752044678,38.040000915527344
1780530799104943900,141.12794384765624,22.07999992370605,-6.539999961853027,37.13999938964844
1780530799115045400,141.13804541015625,23.459999084472656,-6.839999675750732,36.47999954223633
1780530799125146600,141.14814672851563,25.5,-7.440000057220459,35.939998626708984
1780530799135217400,141.15821752929688,26.57999992370605,-8.15999984741211,35.52000045776367
1780530799145288200,141.1682880859375,28.13999938964844,-8.699999809265137,35.459999084472656
1780530799155389400,141.1783894042969,29.34000015258789,-9.65999984741211,35.040000915527344
1780530799195672800,141.2186728515625,32.7599983215332,-11.039999961853027,33.0
1780530799205774000,141.22877416992188,33.36000061035156,-11.15999984741211,32.34000015258789
1780530799225915600,141.24891552734374,34.31999969482422,-11.460000038146973,31.979999542236328
1780530799235986400,141.258986328125,34.73999786376953,-12.059999465942385,32.15999984741211
1780530799246087700,141.26908764648437,34.91999816894531,-12.420000076293944,32.15999984741211
1780530799266229500,141.2892294921875,35.52000045776367,-13.199999809265137,31.979999542236328
1780530799276330800,141.29933081054688,35.7599983215332,-12.119999885559082,31.85999870300293
1780530799366998500,141.38999853515625,31.67999839782715,-6.420000076293945,37.86000061035156
1780530799407373300,141.43037329101563,24.71999931335449,-6.659999847412109,39.540000915527344
1780530799417444000,141.44044409179688,23.15999984741211,-6.420000076293945,39.59999847412109
1780530799427545300,141.45054541015625,21.65999984741211,-6.539999961853027,40.55999755859375
1780530799437646600,141.460646484375,20.279998779296875,-6.420000076293945,40.68000030517578
1780530799447687000,141.47068701171875,18.899999618530277,-6.480000019073486,41.040000915527344
1780530799457819000,141.48081884765625,18.420000076293945,-6.71999979019165,41.70000076293945
1780530799467889700,141.4908896484375,16.440000534057617,-6.960000038146973,41.52000045776367
1780530799477991000,141.50099096679688,14.219999313354492,-7.5,41.459999084472656
1780530799488092200,141.51109204101562,12.960000038146973,-7.5,41.27999877929688
1780530799498193400,141.521193359375,10.739999771118164,-7.980000019073486,40.619998931884766
1780530799508295000,141.531294921875,9.719999313354492,-8.09999942779541,40.68000030517578
1780530799528497400,141.55149731445312,8.819999694824219,-8.15999984741211,41.21999740600586
1780530799568872200,141.5918720703125,5.87999963760376,-6.539999961853027,40.02000045776367
1780530799579004200,141.60200415039063,5.579999923706055,-6.539999961853027,40.07999801635742
1780530799639642400,141.66264233398437,3.839999914169312,-7.739999771118164,38.34000015258789
1780530799649744000,141.67274389648438,4.019999980926514,-8.220000267028809,37.619998931884766
1780530799659845000,141.68284521484375,3.9599997997283936,-8.460000038146973,37.68000030517578
1780530799669946400,141.6929462890625,3.659999847412109,-8.460000038146973,37.43999862670898
1780530799680047900,141.7030478515625,3.5999999046325684,-8.279999732971191,37.20000076293945
1780530799690149000,141.71314916992188,3.240000009536743,-8.34000015258789,37.68000030517578
1780530799700250400,141.72325048828125,2.819999933242798,-8.760000228881836,37.73999786376953
1780530799710351600,141.7333515625,2.3399999141693115,-9.719999313354492,37.68000030517578
1780530799720453000,141.743453125,1.3799999952316284,-10.559999465942385,37.380001068115234
1780530799730554400,141.75355444335938,0.6599999666213989,-10.979999542236328,37.2599983215332
1780530799750787600,141.77378759765625,-0.3599999845027923,-10.920000076293944,37.86000061035156
1780530799760888800,141.78388891601563,-0.6599999666213989,-11.34000015258789,38.040000915527344
1780530799770990000,141.79398999023437,-1.1399999856948853,-12.059999465942385,38.52000045776367
1780530799781091600,141.80409155273438,-1.3799999952316284,-11.699999809265137,39.18000030517578
1780530799791162400,141.81416235351563,-2.220000028610229,-12.359999656677246,39.18000030517578
1780530799801294000,141.82429418945313,-2.5199999809265137,-12.119999885559082,39.59999847412109
1780530799811395300,141.8343952636719,-3.419999837875366,-12.059999465942385,39.47999954223633
1780530799861963000,141.884962890625,-4.079999923706055,-12.300000190734863,42.0
1780530799902337800,141.925337890625,-5.460000038146973,-10.800000190734863,42.47999954223633
1780530799912439000,141.93543896484374,-5.579999923706055,-10.619999885559082,42.77999877929688
1780530799922540500,141.94554052734375,-5.699999809265137,-10.4399995803833,42.89999771118164
1780530799932641800,141.95564184570313,-5.639999866485596,-9.899999618530272,42.84000015258789
1780530799962945800,141.98594580078125,-5.279999732971191,-8.09999942779541,41.459999084472656
1780530799973047000,141.99604711914063,-5.039999961853027,-7.440000057220459,41.34000015258789
1780530799983148300,142.00614819335937,-4.380000114440918,-7.079999923706055,41.09999847412109
1780530799993249500,142.01624951171874,-3.899999856948853,-6.480000019073486,40.619998931884766
1780530800003320600,142.02632055664063,-2.700000047683716,-5.519999980926514,41.34000015258789
1780530800013391400,142.03639135742188,-1.919999957084656,-5.339999675750732,40.97999954223633
1780530800023492600,142.04649267578125,-1.6200000047683716,-5.519999980926514,40.86000061035156
1780530800033593900,142.05659375,-0.3599999845027923,-5.699999809265137,41.27999877929688
1780530800053766100,142.07676611328125,1.8600000143051147,-5.639999866485596,40.619998931884766
1780530800063867400,142.08686743164063,2.93999981880188,-4.980000019073486,40.37999725341797
1780530800084039400,142.10703930664062,4.380000114440918,-3.299999952316284,40.5
1780530800104181000,142.12718090820312,7.739999771118164,-2.819999933242798,41.21999740600586
1780530800114282500,142.13728247070313,9.59999942779541,-3.240000009536743,41.34000015258789
1780530800194818300,142.217818359375,22.439998626708984,-5.579999923706055,38.15999984741211
1780530800204919600,142.22791943359374,24.18000030517578,-5.400000095367432,37.86000061035156
1780530800214899000,142.23789892578125,25.559999465942383,-5.279999732971191,37.68000030517578
1780530800225000200,142.24800024414063,26.8799991607666,-5.21999979019165,37.20000076293945
1780530800235040500,142.25804052734375,27.71999931335449,-5.21999979019165,36.89999771118164
1780530800245141800,142.26814184570313,28.07999992370605,-5.519999980926514,36.0
1780530800255182000,142.27818212890625,29.03999900817871,-5.579999923706055,35.459999084472656
1780530800285425000,142.3084248046875,31.439998626708984,-4.380000114440918,35.099998474121094
1780530800295434800,142.31843481445313,32.15999984741211,-4.980000019073486,35.21999740600586
1780530800305536000,142.3285358886719,32.57999801635742,-6.239999771118164,35.15999984741211
1780530800315606800,142.33860668945312,33.23999786376953,-7.679999828338623,35.040000915527344
1780530800325677600,142.34867749023437,33.36000061035156,-8.34000015258789,34.68000030517578
1780530800335718000,142.3587177734375,33.540000915527344,-8.760000228881836,34.68000030517578
1780530800345819100,142.3688190917969,34.02000045776367,-9.0,34.73999786376953
1780530800355890000,142.37888989257812,33.84000015258789,-8.760000228881836,34.79999923706055
1780530800365961000,142.3889609375,33.65999984741211,-8.460000038146973,35.34000015258789
1780530800426294000,142.4492939453125,31.85999870300293,-6.659999847412109,37.20000076293945
1780530800436334300,142.45933422851562,31.01999855041504,-6.239999771118164,37.68000030517578
1780530800446435600,142.469435546875,30.84000015258789,-5.87999963760376,38.09999847412109
