time,seconds_elapsed,z,y,x
1781032524451311600,0.3903115234375,6.767335891723633,6.965686798095703,1.3123830556869507
1781032524470833700,0.409833740234375,6.754049777984619,6.976371765136719,1.3240230083465576
1781032524490354000,0.42935400390625,6.7431321144104,6.983817100524902,1.3403209447860718
1781032524509874000,0.4488740234375,6.735983848571777,6.986185073852539,1.3637210130691528
1781032524529389800,0.468389892578125,6.733905792236328,6.982075214385986,1.3946770429611206
1781032524548904200,0.487904296875,6.737085819244385,6.971289157867432,1.4327490329742432
1781032524568424700,0.5074248046875,6.744083881378174,6.95525598526001,1.4770740270614624
1781032524587943000,0.52694287109375,6.751558780670166,6.937118053436279,1.5273610353469849
1781032524607455000,0.546455078125,6.756189823150635,6.920156955718994,1.5828169584274292
1781032524626970600,0.565970703125,6.753667831420898,6.908671855926514,1.6426249742507935
1781032524646491000,0.585490966796875,6.753667831420898,6.908671855926514,1.6426249742507935
1781032524666014700,0.6050146484375,6.713632106781006,6.91419792175293,1.7779159545898438
1781032524685536300,0.624536376953125,6.677128791809082,6.930121898651123,1.8518500328063965
1781032524705062700,0.644062744140625,6.677128791809082,6.930121898651123,1.8518500328063965
1781032524724587300,0.663587158203125,6.635969161987305,6.948425769805908,1.92958402633667
1781032524744104200,0.683104248046875,6.635969161987305,6.948425769805908,1.92958402633667
1781032524763624000,0.7026240234375,6.558011054992676,6.972809791564941,2.1005730628967285
1781032524783146500,0.722146484375,6.5255560874938965,6.974836826324463,2.192888021469116
1781032524802666200,0.741666259765625,6.49729585647583,6.969254016876221,2.292296886444092
1781032524822186000,0.76118603515625,6.469006061553955,6.958906173706055,2.401163101196289
1781032524841707500,0.78070751953125,6.437023162841797,6.9462690353393555,2.52072811126709
1781032524861226800,0.800226806640625,6.397978782653809,6.934138774871826,2.6502010822296143
1781032524880745000,0.819744873046875,6.352052211761475,6.920845031738281,2.791654109954834
1781032524900266200,0.839266357421875,6.299790859222412,6.905029773712158,2.945030927658081
1781032524919786000,0.858785888671875,6.243102073669434,6.8842549324035645,3.1097750663757324
1781032524939307300,0.878307373046875,6.187047004699707,6.8533477783203125,3.2851269245147705
1781032524958828000,0.897828125,6.131908893585205,6.811220169067383,3.4708750247955322
1781032524978347000,0.917346923828125,6.0786237716674805,6.756597995758057,3.6658809185028076
1781032524997865700,0.93686572265625,6.027928829193115,6.688861846923828,3.868227958679199
1781032525017379300,0.95637939453125,5.979412078857422,6.608356952667236,4.0763020515441895
1781032525036898300,0.975898193359375,5.930532932281494,6.51698112487793,4.28925895690918
1781032525056420000,0.995420166015625,5.872334957122803,6.420901775360107,4.508625030517578
1781032525075939800,1.01493994140625,5.800148010253906,6.3224568367004395,4.735486030578613
1781032525095458800,1.034458740234375,5.707695960998535,6.224615097045898,4.971555233001709
1781032525114980400,1.05398046875,5.588240146636963,6.129929065704346,5.218768119812012
1781032525134502100,1.073502197265625,5.435546875,6.040257930755615,5.478147029876709
1781032525154018800,1.093018798828125,5.246108055114746,5.955455780029297,5.748990058898926
1781032525173534200,1.1125341796875,5.026477813720703,5.8701701164245605,6.026244163513184
1781032525193051600,1.1320517578125,4.78080415725708,5.780224800109863,6.306575775146484
1781032525212570600,1.151570556640625,4.51594877243042,5.679721832275391,6.58687686920166
1781032525232090400,1.17109033203125,4.239252090454102,5.564010143280029,6.863710880279541
1781032525251611100,1.190611083984375,3.958380937576294,5.430296897888184,7.133238792419434
1781032525271132700,1.210132568359375,3.67486310005188,5.2781572341918945,7.394351005554199
1781032525290655700,1.22965576171875,3.3886120319366455,5.108487129211426,7.645956039428711
1781032525310182400,1.249182373046875,3.0939269065856934,4.925786018371582,7.886966228485107
1781032525329710300,1.26871044921875,2.7877020835876465,4.736323833465576,8.113935470581055
1781032525349237000,1.288237060546875,2.4701900482177734,4.539752960205078,8.32639217376709
1781032525368759600,1.307759521484375,2.143347978591919,4.33823299407959,8.522076606750488
1781032525388286000,1.327285888671875,1.8148460388183594,4.132723808288574,8.698673248291016
1781032525407813000,1.346813232421875,1.4997010231018066,3.923469066619873,8.85422420501709
1781032525427333400,1.36633349609375,1.2089600563049316,3.7091259956359863,8.990038871765137
1781032525446858200,1.385858154296875,0.9491159915924072,3.487031936645508,9.10932445526123
1781032525466384400,1.40538427734375,0.7229539752006531,3.2621750831604004,9.21279239654541
1781032525485909500,1.424909423828125,0.529653012752533,3.0373311042785645,9.302369117736816
1781032525505439200,1.444439208984375,0.3663409948348999,2.8154850006103516,9.3797025680542
1781032525524968200,1.46396826171875,0.22361800074577332,2.5995609760284424,9.446284294128418
1781032525544494800,1.483494873046875,0.22361800074577332,2.5995609760284424,9.446284294128418
1781032525564020500,1.5030205078125,-0.007213999982923269,2.197114944458008,9.550530433654785
1781032525583546400,1.52254638671875,-0.007213999982923269,2.197114944458008,9.550530433654785
1781032525603074300,1.54207421875,-0.10687500238418579,2.017538070678711,9.5894775390625
1781032525622592800,1.5615927734375,-0.20246100425720215,1.8580060005187988,9.620125770568848
1781032525642104000,1.58110400390625,-0.29421401023864746,1.7207889556884766,9.6432523727417
1781032525661625000,1.600625,-0.37188199162483215,1.6064469814300537,9.66028118133545
1781032525681152500,1.620152587890625,-0.43383198976516724,1.512336015701294,9.672881126403809
1781032525700680000,1.639679931640625,-0.4669399857521057,1.4357980489730835,9.682997703552246
1781032525720203300,1.659203369140625,-0.46760499477386475,1.3685649633407593,9.692697525024414
1781032525739731200,1.678731201171875,-0.4331800043582916,1.303521990776062,9.703255653381348
1781032525759261000,1.698260986328125,-0.3655810058116913,1.2343029975891113,9.715083122253418
1781032525778784800,1.71778466796875,-0.2776559889316559,1.156715989112854,9.727534294128418
1781032525798306000,1.73730615234375,-0.1742829978466034,1.0698610544204712,9.739867210388184
1781032525817825000,1.756824951171875,-0.06571599841117859,0.9757199883460999,9.751084327697754
1781032525837339600,1.776339599609375,0.0461760014295578,0.8761609792709351,9.760645866394043
1781032525856860000,1.79585986328125,0.16071400046348572,0.7725830078125,9.768177032470703
1781032525876383000,1.815383056640625,0.27833500504493713,0.6666849851608276,9.773335456848145
1781032525895902000,1.83490185546875,0.39986398816108704,0.5602620244026184,9.775796890258789
1781032525915424000,1.854424072265625,0.5250300168991089,0.45531898736953735,9.7753267288208
1781032525934947600,1.873947509765625,0.6522489786148071,0.3539719879627228,9.77186107635498
1781032525954471700,1.8934716796875,0.7792350053787231,0.2584860026836395,9.765551567077637
1781032525973998300,1.912998291015625,0.903223991394043,0.17130400240421295,9.756784439086914
1781032525993519400,1.932519287109375,1.0227949619293213,0.0954350009560585,9.746013641357422
1781032526013036800,1.952036865234375,1.1370439529418945,0.03410499915480614,9.73375415802002
1781032526032557000,1.97155712890625,1.2454129457473755,-0.010191000066697598,9.720538139343262
1781032526052078300,1.991078369140625,1.3480700254440308,-0.03579099848866463,9.706772804260254
1781032526071600400,2.010600341796875,1.4447460174560547,-0.04272099956870079,9.692826271057129
1781032526091122400,2.030122314453125,1.5352410078048706,-0.032632000744342804,9.67894458770752
1781032526110645500,2.0496455078125,1.6191550493240356,-0.008577999658882618,9.665312767028809
1781032526130165200,2.069165283203125,1.6960029602050781,0.025299999862909317,9.652095794677734
1781032526149683000,2.088682861328125,1.7642170190811157,0.06229700148105621,9.639691352844238
1781032526169204200,2.108204345703125,1.8255280256271362,0.09790799766778946,9.627973556518555
1781032526188727600,2.1277275390625,1.8809059858322144,0.1250610053539276,9.616991996765137
1781032526208251100,2.147251220703125,1.9309489727020264,0.14017699658870697,9.606861114501953
1781032526227778600,2.166778564453125,1.9742649793624878,0.14015500247478485,9.598053932189941
1781032526247307300,2.186307373046875,2.009903907775879,0.12181399762630463,9.590904235839844
1781032526266837000,2.2058369140625,2.0392160415649414,0.08491799980401993,9.585112571716309
1781032526286367000,2.225366943359375,2.0392160415649414,0.08491799980401993,9.585112571716309
1781032526305897000,2.24489697265625,2.079967975616455,-0.04304699972271919,9.576631546020508
1781032526325422800,2.2644228515625,2.079967975616455,-0.04304699972271919,9.576631546020508
1781032526344946000,2.28394580078125,2.096107006072998,-0.21222800016403198,9.570856094360352
1781032526364471600,2.303471435546875,2.096107006072998,-0.21222800016403198,9.570856094360352
1781032526383999500,2.32299951171875,2.096107006072998,-0.21222800016403198,9.570856094360352
1781032526403521500,2.342521484375,2.09682297706604,-0.380264014005661,9.565497398376465
1781032526423041300,2.362041259765625,2.089617967605591,-0.45378100872039795,9.563867568969727
1781032526442566100,2.381566162109375,2.07621693611145,-0.5188279747962952,9.563480377197266
1781032526462089000,2.4010888671875,2.058424949645996,-0.5779659748077393,9.563934326171875
1781032526481607200,2.420607177734375,2.0377891063690186,-0.6317579746246338,9.564950942993164
1781032526501128400,2.44012841796875,2.018707036972046,-0.6829140186309814,9.565482139587402
1781032526520654800,2.45965478515625,2.0011870861053467,-0.7330859899520874,9.565449714660645
1781032526540184300,2.479184326171875,1.985949993133545,-0.7832990288734436,9.564645767211914
1781032526559711000,2.4987109375,1.9724210500717163,-0.8335819840431213,9.56319522857666
1781032526579238000,2.51823779296875,1.952038049697876,-0.8829500079154968,9.562946319580078
1781032526598767900,2.537767822265625,1.9240319728851318,-0.9304860234260559,9.564114570617676
1781032526618297000,2.557297119140625,1.8845950365066528,-0.9748830199241638,9.567543983459473
1781032526637825000,2.576824951171875,1.8308409452438354,-1.0150059461593628,9.573807716369629
1781032526657355500,2.59635546875,1.7621370553970337,-1.0508530139923096,9.5828275680542
1781032526676890600,2.615890625,1.6805620193481445,-1.08343505859375,9.59384536743164
1781032526696423400,2.63542333984375,1.5962270498275757,-1.1148760318756104,9.604640007019043
1781032526715953200,2.654953125,1.509371042251587,-1.1474369764328003,9.61484146118164
1781032526735483400,2.6744833984375,1.4224189519882202,-1.1888489723205566,9.623064041137695
1781032526755009000,2.694009033203125,1.3468890190124512,-1.2387700080871582,9.627633094787598
1781032526774532400,2.713532470703125,1.2851630449295044,-1.2950190305709839,9.628669738769531
1781032526794054400,2.733054443359375,1.2405929565429688,-1.3552850484848022,9.626220703125
1781032526813574400,2.752574462890625,1.2129100561141968,-1.4150079488754272,9.621153831481934
1781032526833094700,2.7720947265625,1.1947710514068604,-1.4712920188903809,9.61497974395752
1781032526852614000,2.79161376953125,1.1771659851074219,-1.5155789852142334,9.610271453857422
1781032526872129300,2.81112939453125,1.1470110416412354,-1.5472769737243652,9.608865737915039
1781032526891642000,2.83064208984375,1.0928610563278198,-1.5681259632110596,9.611796379089355
1781032526911153200,2.850153076171875,1.0139600038528442,-1.5798089504241943,9.618528366088867
1781032526930667500,2.86966748046875,0.9111449718475342,-1.5890289545059204,9.627294540405273
1781032526950185500,2.889185546875,0.7923669815063477,-1.5982719659805298,9.636268615722656
1781032526969704200,2.9087041015625,0.6711090207099915,-1.6119250059127808,9.643199920654297
1781032526989220600,2.928220703125,0.5532500147819519,-1.6313079595565796,9.647421836853027
1781032527008736000,2.947736083984375,0.45395299792289734,-1.6558729410171509,9.648420333862305
1781032527028253200,2.967253173828125,0.375557005405426,-1.68333101272583,9.647038459777832
1781032527047765800,2.986765869140625,0.3180600106716156,-1.7084300518035889,9.644693374633789
1781032527067284000,3.006283935546875,0.2797299921512604,-1.7293059825897217,9.642160415649414
1781032527086801200,3.02580126953125,0.2553269863128662,-1.743636965751648,9.64025592803955
1781032527106313500,3.0453134765625,0.24381700158119202,-1.7522859573364258,9.638985633850098
1781032527125827600,3.06482763671875,0.24434199929237366,-1.7580920457839966,9.637914657592773
1781032527145341000,3.0843408203125,0.258107990026474,-1.7650890350341797,9.63627815246582
1781032527164853800,3.103853759765625,0.258107990026474,-1.7650890350341797,9.63627815246582
1781032527184367600,3.12336767578125,0.2969970107078552,-1.7864559888839722,9.631217956542969
1781032527203882800,3.1428828125,0.2969970107078552,-1.7864559888839722,9.631217956542969
1781032527223398700,3.162398681640625,0.4219920039176941,-1.89130699634552,9.606501579284668
1781032527242909700,3.18190966796875,0.5103949904441833,-1.9790810346603394,9.584505081176758
1781032527262421000,3.2014208984375,0.6107609868049622,-2.087454080581665,9.555601119995117
1781032527281934800,3.220934814453125,0.706591010093689,-2.2102839946746826,9.52131175994873
1781032527301449500,3.240449462890625,0.7804250121116638,-2.3248510360717773,9.488203048706055
1781032527320966100,3.259966064453125,0.8386470079421997,-2.424316883087158,9.458295822143555
1781032527340479500,3.2794794921875,0.8763840198516846,-2.5007638931274414,9.434941291809082
1781032527359991800,3.29899169921875,0.8836249709129333,-2.5516040325164795,9.420642852783203
1781032527379507700,3.3185078125,0.8696119785308838,-2.5774779319763184,9.414901733398438
1781032527399024000,3.338024169921875,0.8430969715118408,-2.57977294921875,9.416685104370117
1781032527418537000,3.357536865234375,0.8099079728126526,-2.5710840225219727,9.42197322845459
1781032527438051300,3.37705126953125,0.786342978477478,-2.5523900985717773,9.429048538208008
1781032527457566200,3.396566162109375,0.7881860136985779,-2.5319559574127197,9.434402465820312
1781032527477073700,3.41607373046875,0.830295979976654,-2.51175594329834,9.436189651489258
1781032527496582000,3.435581787109375,0.9052900075912476,-2.492795944213867,9.434321403503418
1781032527516092700,3.4550927734375,1.010267972946167,-2.4766440391540527,9.427915573120117
1781032527535607300,3.474607177734375,1.13680899143219,-2.4621119499206543,9.417306900024414
1781032527555122700,3.494122802734375,1.2687230110168457,-2.4516289234161377,9.403182983398438
1781032527574636300,3.51363623046875,1.3925379514694214,-2.4469239711761475,9.386873245239258
1781032527594151700,3.533151611328125,1.504338026046753,-2.4509029388427734,9.36856746673584
1781032527613670100,3.552670166015625,1.6031739711761475,-2.4665839672088623,9.348036766052246
1781032527633187800,3.572187744140625,1.6904959678649902,-2.496978998184204,9.324555397033691
1781032527652703000,3.591702880859375,1.7680699825286865,-2.5441019535064697,9.29738998413086
1781032527672217300,3.61121728515625,1.838089942932129,-2.6083290576934814,9.265961647033691
1781032527691733000,3.63073291015625,1.9013830423355103,-2.6883480548858643,9.230250358581543
1781032527711250400,3.65025048828125,1.9571690559387207,-2.780298948287964,9.191268920898438
1781032527730766300,3.669766357421875,2.0042519569396973,-2.8786849975585938,9.150745391845703
1781032527750281200,3.68928125,2.0408260822296143,-2.9769039154052734,9.111150741577148
1781032527769795800,3.7087958984375,2.0636770725250244,-3.059601068496704,9.078550338745117
1781032527789307400,3.728307373046875,2.0829548835754395,-3.1179749965667725,9.054254531860352
1781032527808823800,3.74782373046875,2.099091053009033,-3.150886058807373,9.039122581481934
1781032527828349400,3.767349365234375,2.1143569946289062,-3.1574618816375732,9.033267974853516
1781032527847879200,3.786879150390625,2.131990909576416,-3.1410439014434814,9.034847259521484
1781032527867410200,3.80641015625,2.1639089584350586,-3.106019973754883,9.039365768432617
1781032527886938000,3.825938232421875,2.2124900817871094,-3.0739150047302246,9.038579940795898
1781032527906462000,3.8454619140625,2.2673308849334717,-3.052527904510498,9.032235145568848
1781032527925985800,3.86498583984375,2.3285160064697266,-3.0436360836029053,9.019661903381348
1781032527945513500,3.884513427734375,2.3937699794769287,-3.0510358810424805,9.000057220458984
1781032527965043000,3.90404296875,2.3937699794769287,-3.0510358810424805,9.000057220458984
1781032527984574200,3.92357421875,2.455359935760498,-3.0801010131835938,8.973526954650879
1781032528004101600,3.9431015625,2.541253089904785,-3.196302890777588,8.908740997314453
1781032528023629600,3.962629638671875,2.541253089904785,-3.196302890777588,8.908740997314453
1781032528043158800,3.98215869140625,2.5633230209350586,-3.273094892501831,8.874469757080078
1781032528062682400,4.001682373046875,2.5691559314727783,-3.3576409816741943,8.84113597869873
1781032528082203400,4.021203369140625,2.5593860149383545,-3.4405770301818848,8.81203556060791
1781032528101726000,4.040725830078125,2.5401620864868164,-3.5144190788269043,8.78842544555664
1781032528121248500,4.06024853515625,2.514662981033325,-3.574022054672241,8.771706581115723
1781032528140774000,4.07977392578125,2.4886229038238525,-3.6151530742645264,8.762271881103516
1781032528160296000,4.0992958984375,2.467869997024536,-3.633258104324341,8.760652542114258
1781032528179811300,4.118811279296875,2.4551520347595215,-3.6267220973968506,8.766931533813477
1781032528199330600,4.13833056640625,2.45027494430542,-3.599832057952881,8.77937126159668
1781032528218855200,4.157855224609375,2.4510738849639893,-3.553853988647461,8.797861099243164
1781032528238381000,4.177381103515625,2.4537220001220703,-3.49247407913208,8.821670532226562
1781032528257902800,4.19690283203125,2.4544999599456787,-3.42085599899292,8.849472999572754
1781032528277424400,4.21642431640625,2.450531005859375,-3.344590902328491,8.879673957824707
1781032528296948200,4.2359482421875,2.4415879249572754,-3.2689309120178223,8.910260200500488
1781032528316472800,4.255472900390625,2.429960012435913,-3.198214054107666,8.939055442810059
1781032528335999500,4.27499951171875,2.4179790019989014,-3.1413040161132812,8.962453842163086
1781032528355526000,4.29452587890625,2.4078369140625,-3.0978379249572754,8.98029613494873
1781032528375048200,4.314048095703125,2.401171922683716,-3.0678069591522217,8.99238109588623
1781032528394569700,4.33356982421875,2.398646116256714,-3.051017999649048,8.998764991760254
1781032528414096400,4.353096435546875,2.400197982788086,-3.0458109378814697,9.000115394592285
1781032528433622800,4.372622802734375,2.405426025390625,-3.052031993865967,8.996612548828125
1781032528453148000,4.39214794921875,2.4145328998565674,-3.0632259845733643,8.990365028381348
1781032528472672500,4.411672607421875,2.428244113922119,-3.080984115600586,8.980598449707031
1781032528492198100,4.4311982421875,2.4479188919067383,-3.1053531169891357,8.966853141784668
1781032528511724300,4.450724365234375,2.476140022277832,-3.133913040161133,8.949151039123535
1781032528531251000,4.4702509765625,2.5166170597076416,-3.162997007369995,8.92760181427002
1781032528550775300,4.489775390625,2.5715761184692383,-3.1813371181488037,8.905396461486816
1781032528570297900,4.5092978515625,2.638645887374878,-3.1808180809020996,8.885942459106445
1781032528589822000,4.528822021484375,2.7159829139709473,-3.1572439670562744,8.871033668518066
1781032528609343700,4.54834375,2.7933061122894287,-3.111236095428467,8.863275527954102
1781032528628869000,4.567869140625,2.8674468994140625,-3.045811891555786,8.862322807312012
1781032528648393500,4.5873935546875,2.9351110458374023,-2.968385934829712,8.866442680358887
1781032528667915500,4.60691552734375,2.9925730228424072,-2.896920919418335,8.870870590209961
1781032528687440600,4.626440673828125,3.0399839878082275,-2.839569091796875,8.87329387664795
1781032528706962400,4.64596240234375,3.0742549896240234,-2.8015589714050293,8.873568534851074
1781032528726481400,4.6654814453125,3.0742549896240234,-2.8015589714050293,8.873568534851074
1781032528746002700,4.685002685546875,3.0893518924713135,-2.785198926925659,8.873475074768066
1781032528765526300,4.7045263671875,3.044140100479126,-2.8198189735412598,8.878166198730469
1781032528785051400,4.724051513671875,2.9797160625457764,-2.8623878955841064,8.886395454406738
1781032528804572200,4.743572265625,2.9797160625457764,-2.8623878955841064,8.886395454406738
1781032528824093000,4.763093017578125,2.78016996383667,-2.9674739837646484,8.916543006896973
1781032528843615000,4.782614990234375,2.78016996383667,-2.9674739837646484,8.916543006896973
1781032528863136800,4.80213671875,2.669987916946411,-3.01778507232666,8.933316230773926
1781032528882657500,4.821657470703125,2.575361967086792,-3.0587708950042725,8.947147369384766
1781032528902178600,4.841178466796875,2.4984428882598877,-3.085923910140991,8.959623336791992
1781032528921704700,4.86070458984375,2.4412310123443604,-3.0972108840942383,8.971491813659668
1781032528941231900,4.88023193359375,2.4025990962982178,-3.0872340202331543,8.98534870147705
1781032528960756000,4.899755859375,2.379868984222412,-3.0593440532684326,9.000924110412598
1781032528980279600,4.919279541015625,2.3642959594726562,-3.019486904144287,9.018470764160156
1781032528999803100,4.93880322265625,2.3437108993530273,-2.970771074295044,9.039997100830078
1781032529019326200,4.958326171875,2.3172199726104736,-2.9159560203552246,9.064640045166016
1781032529038849800,4.977849853515625,2.2855091094970703,-2.8544631004333496,9.0922212600708
1781032529058376400,4.99737646484375,2.249011993408203,-2.793942928314209,9.120078086853027
1781032529077906400,5.016906494140625,2.209264039993286,-2.7307240962982178,9.148895263671875
1781032529097437200,5.036437255859375,2.168765068054199,-2.6625049114227295,9.178644180297852
1781032529116970200,5.05597021484375,2.124664068222046,-2.5902600288391113,9.209579467773438
1781032529136503000,5.0755029296875,2.0706050395965576,-2.5158770084381104,9.242454528808594
1781032529156030000,5.095030029296875,2.001152992248535,-2.4520668983459473,9.274845123291016
1781032529175555300,5.114555419921875,1.9144179821014404,-2.40401291847229,9.305681228637695
1781032529195080000,5.134079833984375,1.812891960144043,-2.3752059936523438,9.33337116241455
1781032529214603500,5.153603515625,1.7101459503173828,-2.3684399127960205,9.35445785522461
1781032529234128400,5.17312841796875,1.6085180044174194,-2.3813159465789795,9.369203567504883
1781032529253649200,5.192649169921875,1.5075390338897705,-2.40875506401062,9.37897777557373
1781032529273167600,5.212167724609375,1.4154939651489258,-2.4374070167541504,9.385915756225586
1781032529292693000,5.23169287109375,1.3459409475326538,-2.4613819122314453,9.38988971710205
1781032529312221400,5.251221435546875,1.3125920295715332,-2.4784939289093018,9.39011001586914
1781032529331744500,5.27074462890625,1.3179750442504883,-2.4862489700317383,9.38730525970459
1781032529351264500,5.290264404296875,1.3652000427246094,-2.4885060787200928,9.379955291748047
1781032529370784000,5.309783935546875,1.4582810401916504,-2.489978075027466,9.365544319152832
1781032529390306600,5.329306640625,1.5806989669799805,-2.4986610412597656,9.343343734741211
1781032529409831000,5.348830810546875,1.716694951057434,-2.525362968444824,9.312115669250488
1781032529429353700,5.368353759765625,1.852592945098877,-2.5736489295959473,9.272768020629883
1781032529448877600,5.387877685546875,1.9797879457473755,-2.6479411125183105,9.225445747375488
1781032529468405800,5.40740576171875,2.098341941833496,-2.7465109825134277,9.170259475708008
1781032529487935700,5.426935791015625,2.2098729610443115,-2.8674840927124023,9.106810569763184
1781032529507464400,5.44646435546875,2.3246400356292725,-3.006469964981079,9.03311538696289
1781032529526987800,5.46598779296875,2.4440410137176514,-3.155893087387085,8.950251579284668
1781032529546510800,5.4855107421875,2.5661280155181885,-3.3111441135406494,8.859532356262207
1781032529566037000,5.505037109375,2.685065984725952,-3.4660980701446533,8.764506340026855
1781032529585558300,5.524558349609375,2.789886951446533,-3.6182899475097656,8.669746398925781
1781032529605077800,5.544077880859375,2.881481885910034,-3.765657901763916,8.576531410217285
1781032529614838800,5.5538388671875,2.881481885910034,-3.765657901763916,8.576531410217285
1781032529624601600,5.5636015625,2.967519998550415,-3.9069690704345703,8.483478546142578
1781032529644127500,5.58312744140625,2.967519998550415,-3.9069690704345703,8.483478546142578
1781032529663655200,5.6026552734375,3.0623409748077393,-4.044168949127197,8.384913444519043
1781032529683181300,5.622181396484375,3.1680309772491455,-4.178659915924072,8.279031753540039
1781032529702707700,5.641707763671875,3.2857730388641357,-4.312969207763672,8.163454055786133
1781032529722235600,5.661235595703125,3.4250431060791016,-4.448474884033203,8.03244400024414
1781032529741762000,5.680761962890625,3.585114002227783,-4.585779190063477,7.884006977081299
1781032529761282800,5.70028271484375,3.7575058937072754,-4.724314212799072,7.720233917236328
1781032529780799700,5.7197998046875,3.9290308952331543,-4.861238956451416,7.547916889190674
1781032529800318200,5.739318115234375,4.097999095916748,-4.992956161499023,7.369993209838867
1781032529819837400,5.75883740234375,4.270665168762207,-5.106031894683838,7.192347049713135
1781032529839357400,5.778357421875,4.448707103729248,-5.197303771972656,7.016910076141357
1781032529858876700,5.797876708984375,4.628657817840576,-5.266454219818115,6.846895217895508
1781032529878395100,5.81739501953125,4.799990177154541,-5.318838119506836,6.686556816101074
1781032529897915100,5.8369150390625,4.951986789703369,-5.365153789520264,6.537042140960693
1781032529917436400,5.8564365234375,5.075959205627441,-5.412974834442139,6.401119232177734
1781032529936957700,5.875957763671875,5.164694786071777,-5.474833011627197,6.276313781738281
1781032529956477400,5.8954775390625,5.215970993041992,-5.551224231719971,6.165836811065674
1781032529976000800,5.915000732421875,5.2332072257995605,-5.638266086578369,6.071530818939209
1781032529995524400,5.9345244140625,5.234878063201904,-5.723430156707764,5.989858150482178
1781032530015048400,5.95404833984375,5.233758926391602,-5.793424129486084,5.923174858093262
1781032530034573000,5.973572998046875,5.233091831207275,-5.843382835388184,5.874488830566406
1781032530054098400,5.993098388671875,5.229366779327393,-5.873191833496094,5.848020076751709
1781032530073624300,6.012624267578125,5.209864139556885,-5.889077186584473,5.849452972412109
1781032530093150000,6.03214990234375,5.173888206481934,-5.892698764801025,5.87766695022583
1781032530112676400,6.05167626953125,5.121397018432617,-5.885211944580078,5.930899143218994
1781032530132200400,6.071200439453125,5.053203105926514,-5.867466926574707,6.0064921379089355
1781032530151727400,6.090727294921875,4.983638763427734,-5.835439205169678,6.0951619148254395
1781032530171257600,6.110257568359375,4.92301082611084,-5.787704944610596,6.189218997955322
1781032530190784500,6.129784423828125,4.892284870147705,-5.7184062004089355,6.277369976043701
1781032530210309600,6.1493095703125,4.890279769897461,-5.630395889282227,6.357970237731934
1781032530229832700,6.168832763671875,4.901534080505371,-5.531527996063232,6.435615062713623
1781032530249353000,6.18835302734375,4.911592960357666,-5.425043106079102,6.518062114715576
1781032530268878000,6.207878173828125,4.908853054046631,-5.313981056213379,6.610956192016602
1781032530288406300,6.22740625,4.887473106384277,-5.1978678703308105,6.718239784240723
1781032530307934200,6.246934326171875,4.837605953216553,-5.076051235198975,6.846260070800781
1781032530327463200,6.266463134765625,4.758647918701172,-4.945615768432617,6.995438098907471
1781032530346990000,6.285989990234375,4.656741142272949,-4.802049160003662,7.1620588302612305
1781032530366515500,6.305515380859375,4.656741142272949,-4.802049160003662,7.1620588302612305
1781032530386043000,6.32504296875,4.410106182098389,-4.472029209136963,7.522758960723877
1781032530405569800,6.34456982421875,4.257269859313965,-4.298633098602295,7.709565162658691
1781032530425097700,6.36409765625,4.082857131958008,-4.127510070800781,7.895183086395264
1781032530444628000,6.3836279296875,3.895392894744873,-3.960644006729126,8.073363304138184
1781032530464159200,6.4031591796875,3.895392894744873,-3.960644006729126,8.073363304138184
1781032530483684600,6.4226845703125,3.7052910327911377,-3.7989349365234375,8.238865852355957
1781032530503203300,6.442203369140625,3.5243821144104004,-3.641753911972046,8.387868881225586
1781032530522724900,6.461724853515625,3.358549118041992,-3.488560914993286,8.519981384277344
1781032530542249000,6.4812490234375,3.218472957611084,-3.3313939571380615,8.63615894317627
1781032530561770500,6.5007705078125,3.10355806350708,-3.17205810546875,8.737616539001465
1781032530581293600,6.52029345703125,3.003535032272339,-3.0158369541168213,8.827428817749023
1781032530600818200,6.539818115234375,2.9070780277252197,-2.8701469898223877,8.907926559448242
1781032530620342800,6.5593427734375,2.8075170516967773,-2.739522933959961,8.980693817138672
1781032530639867400,6.578867431640625,2.711698055267334,-2.623162031173706,9.044651985168457
1781032530659392800,6.598392822265625,2.620990037918091,-2.512866973876953,9.102521896362305
1781032530678916600,6.61791650390625,2.5496180057525635,-2.4044079780578613,9.151954650878906
1781032530698436000,6.63743603515625,2.500901937484741,-2.2925679683685303,9.193999290466309
1781032530717961200,6.656961181640625,2.464143991470337,-2.17472505569458,9.232473373413086
1781032530737487000,6.676487060546875,2.4366888999938965,-2.0527889728546143,9.267610549926758
1781032530757009200,6.696009033203125,2.3967859745025635,-1.9319700002670288,9.303918838500977
1781032530776532000,6.715531982421875,2.3388888835906982,-1.8227829933166504,9.34061336517334
1781032530796052000,6.735052001953125,2.2531659603118896,-1.7301939725875854,9.3792142868042
1781032530815575600,6.754575439453125,2.1435320377349854,-1.6552690267562866,9.418352127075195
1781032530835101700,6.774101806640625,2.025430917739868,-1.5936620235443115,9.45504379272461
1781032530854628000,6.793628173828125,1.9044859409332275,-1.5405629873275757,9.488920211791992
1781032530874155300,6.8131552734375,1.7962239980697632,-1.4928950071334839,9.517606735229492
1781032530893685800,6.832685791015625,1.706799030303955,-1.449545979499817,9.540736198425293
1781032530913214500,6.85221435546875,1.6379179954528809,-1.411383032798767,9.558517456054688
1781032530932737000,6.871737060546875,1.5890140533447266,-1.3820899724960327,9.571043014526367
1781032530952260400,6.89126025390625,1.557852029800415,-1.3670450448989868,9.578323364257812
1781032530971787300,6.910787353515625,1.5420609712600708,-1.3697279691696167,9.580495834350586
1781032530991313000,6.93031298828125,1.5355850458145142,-1.390220046043396,9.578583717346191
1781032531010834700,6.949834716796875,1.5303850173950195,-1.4258619546890259,9.574175834655762
1781032531030359800,6.96935986328125,1.5196579694747925,-1.4725719690322876,9.568812370300293
1781032531049885200,6.98888525390625,1.501979947090149,-1.5256810188293457,9.563281059265137
1781032531069406700,7.00840673828125,1.48117995262146,-1.5810199975967407,9.557535171508789
1781032531088927000,7.027927001953125,1.4604920148849487,-1.6351670026779175,9.551606178283691
1781032531108447000,7.047447021484375,1.4421650171279907,-1.6869829893112183,9.545377731323242
1781032531127966000,7.066966064453125,1.4293129444122314,-1.7383320331573486,9.538095474243164
1781032531147486500,7.086486572265625,1.4240670204162598,-1.7912700176239014,9.529081344604492
1781032531167008300,7.10600830078125,1.4180619716644287,-1.8467750549316406,9.519375801086426
1781032531186529800,7.12552978515625,1.4180619716644287,-1.8467750549316406,9.519375801086426
1781032531206054000,7.145053955078125,1.4025559425354004,-1.9027750492095947,9.510640144348145
1781032531225581300,7.164581298828125,1.3713500499725342,-1.9585750102996826,9.503861427307129
1781032531245109200,7.184109130859375,1.3267450332641602,-2.0167059898376465,9.49803352355957
1781032531264637200,7.20363720703125,1.2083239555358887,-2.1656289100646973,9.481033325195312
1781032531284163000,7.2231630859375,1.2083239555358887,-2.1656289100646973,9.481033325195312
1781032531303687000,7.24268701171875,1.1448839902877808,-2.2583189010620117,9.46727180480957
1781032531323209000,7.262208984375,1.0888500213623047,-2.364396095275879,9.447964668273926
1781032531342733000,7.281733154296875,1.0440189838409424,-2.481760025024414,9.422891616821289
1781032531362253600,7.301253662109375,1.014786958694458,-2.604218006134033,9.392989158630371
1781032531381772000,7.32077197265625,1.009930968284607,-2.7184529304504395,9.361092567443848
1781032531401295000,7.340295166015625,1.0339679718017578,-2.8159139156341553,9.329605102539062
1781032531420820500,7.359820556640625,1.083503007888794,-2.8933730125427246,9.300237655639648
1781032531440345000,7.379344970703125,1.1578110456466675,-2.9510419368743896,9.273123741149902
1781032531459870700,7.39887060546875,1.2555210590362549,-2.9920730590820312,9.247223854064941
1781032531479393300,7.418393310546875,1.371696949005127,-3.020893096923828,9.221315383911133
1781032531498912000,7.437912109375,1.4962409734725952,-3.042243003845215,9.194890975952148
1781032531518429000,7.457428955078125,1.626343011856079,-3.0597660541534424,9.166942596435547
1781032531537949700,7.47694970703125,1.757222056388855,-3.0744709968566895,9.137822151184082
1781032531557475600,7.4964755859375,1.8838109970092773,-3.084834098815918,9.109064102172852
1781032531577001200,7.516001220703125,2.0029799938201904,-3.090095043182373,9.081815719604492
1781032531596523000,7.53552294921875,2.1136279106140137,-3.091768980026245,9.056133270263672
1781032531616048000,7.555048095703125,2.2170588970184326,-3.0929861068725586,9.030950546264648
1781032531635578000,7.574578125,2.314650058746338,-3.0987050533294678,9.004467010498047
1781032531655108900,7.59410888671875,2.406264066696167,-3.1137969493865967,8.97519588470459
1781032531674642200,7.61364208984375,2.484100103378296,-3.141871929168701,8.944153785705566
1781032531694168800,7.6331689453125,2.5446040630340576,-3.183518886566162,8.912362098693848
1781032531713693400,7.652693359375,2.5846738815307617,-3.2349090576171875,8.882275581359863
1781032531733219800,7.6722197265625,2.6011240482330322,-3.2893478870391846,8.857444763183594
1781032531752744700,7.69174462890625,2.595412015914917,-3.339195966720581,8.840452194213867
1781032531772267800,7.711267822265625,2.5796101093292236,-3.3754351139068604,8.83130931854248
1781032531791793400,7.73079345703125,2.57077693939209,-3.393868923187256,8.826820373535156
1781032531811316000,7.75031591796875,2.576901912689209,-3.394685983657837,8.824719429016113
1781032531830834000,7.769833984375,2.6009719371795654,-3.3805980682373047,8.823066711425781
1781032531850351400,7.789351318359375,2.6417300701141357,-3.356123924255371,8.820301055908203
1781032531869869300,7.808869384765625,2.6976139545440674,-3.324502944946289,8.815359115600586
1781032531889387800,7.8283876953125,2.7559680938720703,-3.294243097305298,8.808666229248047
1781032531908905700,7.84790576171875,2.8102691173553467,-3.2682878971099854,8.801175117492676
1781032531928420600,7.867420654296875,2.857322931289673,-3.247939109802246,8.793554306030273
1781032531947933000,7.886932861328125,2.8953299522399902,-3.2342050075531006,8.786181449890137
1781032531967454200,7.9064541015625,2.91719388961792,-3.22832989692688,8.781107902526855
1781032531986979800,7.925979736328125,2.918256998062134,-3.2329580783843994,8.779052734375
1781032532006503700,7.945503662109375,2.896476984024048,-3.247278928756714,8.78097915649414
1781032532026029300,7.965029296875,2.896476984024048,-3.247278928756714,8.78097915649414
1781032532045554200,7.98455419921875,2.755873918533325,-3.304987907409668,8.804670333862305
1781032532065079800,8.004079833984376,2.631243944168091,-3.3456759452819824,8.827400207519531
1781032532084607200,8.023607177734375,2.631243944168091,-3.3456759452819824,8.827400207519531
1781032532104133000,8.043133056640626,2.631243944168091,-3.3456759452819824,8.827400207519531
1781032532123658200,8.062658203125,2.272675037384033,-3.4410860538482666,8.89009952545166
1781032532143183400,8.082183349609375,2.0490260124206543,-3.490211009979248,8.925241470336914
1781032532162711300,8.101711181640624,1.8113080263137817,-3.5367679595947266,8.958259582519531
1781032532182236000,8.12123583984375,1.5669059753417969,-3.5780138969421387,8.9879150390625
1781032532201752600,8.140752685546875,1.323701024055481,-3.6119470596313477,9.013415336608887
1781032532221269000,8.16026904296875,1.0924019813537598,-3.635359048843384,9.034976959228516
1781032532240791600,8.17979150390625,0.8769189715385437,-3.645638942718506,9.054298400878906
1781032532260314600,8.199314697265624,0.6805869936943054,-3.6407740116119385,9.07312297821045
1781032532279830500,8.21883056640625,0.5111039876937866,-3.620366096496582,9.092399597167969
1781032532299348000,8.238347900390625,0.36869901418685913,-3.587254047393799,9.112391471862793
1781032532318863600,8.257863525390626,0.2551960051059723,-3.545991897583008,9.132404327392578
1781032532338381300,8.27738134765625,0.17443999648094177,-3.501410961151123,9.151485443115234
1781032532357900300,8.296900390625,0.13471099734306335,-3.456902027130127,9.169060707092285
1781032532377414700,8.31641455078125,0.13417799770832062,-3.41595196723938,9.184403419494629
1781032532396931600,8.335931640625,0.1645040065050125,-3.3791449069976807,9.197517395019531
1781032532416453400,8.355453369140625,0.223690003156662,-3.3451390266418457,9.208691596984863
1781032532435979500,8.3749794921875,0.30690300464630127,-3.3113250732421875,9.218510627746582
1781032532455507500,8.394507568359375,0.4070509970188141,-3.275873899459839,9.227293968200684
1781032532475032800,8.41403271484375,0.513189971446991,-3.2403650283813477,9.234537124633789
1781032532494558000,8.433557861328126,0.6211860179901123,-3.2060399055480957,9.239882469177246
1781032532514078700,8.45307861328125,0.7270740270614624,-3.1738200187683105,9.243279457092285
1781032532533597200,8.47259716796875,0.8284090161323547,-3.143035888671875,9.245272636413574
1781032532553118000,8.492117919921874,0.9241009950637817,-3.112628936767578,9.246489524841309
1781032532572637700,8.5116376953125,1.0138020515441895,-3.0791919231414795,9.248285293579102
1781032532592160800,8.531160888671875,1.0964089632034302,-3.042994976043701,9.25084114074707
1781032532611683800,8.550683837890626,1.1726800203323364,-3.0044970512390137,9.254070281982422
1781032532631204400,8.570204345703125,1.247480034828186,-2.965122938156128,9.256988525390625
1781032532650726100,8.58972607421875,1.320902943611145,-2.9265809059143066,9.25906753540039
1781032532670248700,8.609248779296875,1.4074779748916626,-2.891028881072998,9.257481575012207
1781032532689770000,8.62877001953125,1.5157719850540161,-2.8612899780273438,9.249618530273438
1781032532709292000,8.6482919921875,1.6461189985275269,-2.8360140323638916,9.235113143920898
1781032532728810500,8.667810546875,1.7979060411453247,-2.8142669200897217,9.213438034057617
1781032532748326100,8.687326171875,1.9576879739761353,-2.798111915588379,9.185750961303711
1781032532767845000,8.70684521484375,2.1241610050201416,-2.789781093597412,9.151232719421387
1781032532787364000,8.726364013671875,2.285727024078369,-2.790618896484375,9.111964225769043
1781032532806880800,8.745880859375,2.437052011489868,-2.802057981491089,9.069136619567871
1781032532826399200,8.765399169921874,2.437052011489868,-2.802057981491089,9.069136619567871
1781032532845917000,8.7849169921875,2.5885040760040283,-2.8202250003814697,9.021417617797852
1781032532865436700,8.804436767578125,2.8943629264831543,-2.8714849948883057,8.911635398864746
1781032532884958500,8.82395849609375,3.054586887359619,-2.897571086883545,8.849495887756348
1781032532904479200,8.843479248046876,3.054586887359619,-2.897571086883545,8.849495887756348
1781032532923994600,8.86299462890625,3.054586887359619,-2.897571086883545,8.849495887756348
1781032532943511800,8.88251171875,3.3962481021881104,-2.9406049251556396,8.70966911315918
1781032532963035000,8.902034912109375,3.570919990539551,-2.963766098022461,8.631606101989746
1781032532982558500,8.921558349609375,3.747972011566162,-3.001009941101074,8.543222427368164
1781032533002081300,8.941081298828125,3.9270730018615723,-3.0533640384674072,8.44364070892334
1781032533021605600,8.960605712890626,4.108994007110596,-3.124238967895508,8.33038330078125
1781032533041129500,8.98012939453125,4.2874860763549805,-3.2171740531921387,8.204099655151367
1781032533060650500,8.999650390625,4.460432052612305,-3.3353641033172607,8.063490867614746
1781032533080169500,9.01916943359375,4.612904071807861,-3.4768879413604736,7.916586875915527
1781032533099688200,9.038688232421874,4.7430009841918945,-3.6295249462127686,7.769844055175781
1781032533119211000,9.0582109375,4.858339786529541,-3.786997079849243,7.6220197677612305
1781032533138734000,9.077734130859374,4.961878776550293,-3.94042706489563,7.476147174835205
1781032533158252800,9.097252685546875,5.055260181427002,-4.08512020111084,7.334585189819336
1781032533177776600,9.116776611328126,5.143130779266357,-4.221217155456543,7.195104122161865
1781032533197303600,9.136303466796875,5.231713771820068,-4.345500946044922,7.05590295791626
1781032533216829700,9.15582958984375,5.321843147277832,-4.458765983581543,6.916457176208496
1781032533236358000,9.17535791015625,5.409348011016846,-4.5659990310668945,6.7772111892700195
1781032533255883000,9.194883056640625,5.493625164031982,-4.673038959503174,6.634966850280762
1781032533275407000,9.214406982421876,5.568807125091553,-4.7819108963012695,6.493204116821289
1781032533294934000,9.23393408203125,5.632211208343506,-4.890107154846191,6.356494903564453
1781032533314459600,9.253459716796876,5.68431282043457,-4.997756004333496,6.225030899047852
1781032533333980700,9.272980712890625,5.726686954498291,-5.1035590171813965,6.099075794219971
1781032533353500000,9.2925,5.765892028808594,-5.2018327713012695,5.977910995483398
1781032533373023200,9.312023193359375,5.803542137145996,-5.289066791534424,5.86384391784668
1781032533392551700,9.3315517578125,5.844976902008057,-5.361447811126709,5.755961894989014
1781032533412072200,9.351072265625,5.885448932647705,-5.420718193054199,5.658382892608643
1781032533431590000,9.37058984375,5.918330192565918,-5.47277307510376,5.573339939117432
1781032533451107600,9.390107666015625,5.942080974578857,-5.519312858581543,5.50171422958374
1781032533470626300,9.409626220703124,5.946177005767822,-5.566850185394287,5.449141979217529
1781032533490153500,9.429153564453125,5.928790092468262,-5.617990016937256,5.415497779846191
1781032533509677600,9.448677490234376,5.8870038986206055,-5.673134803771973,5.4035820960998535
1781032533529199400,9.468199462890626,5.827262878417969,-5.729729175567627,5.408623218536377
1781032533548726300,9.487726318359375,5.751588821411133,-5.780625820159912,5.435400009155273
1781032533568254200,9.507254150390626,5.663320064544678,-5.816441059112549,5.4896087646484375
1781032533587779000,9.526779052734375,5.566011905670166,-5.834418773651123,5.569476127624512
1781032533607299600,9.546299560546874,5.457383155822754,-5.832425117492676,5.678009033203125
1781032533626823400,9.565823486328124,5.34047794342041,-5.807913780212402,5.812695026397705
1781032533646345200,9.58534521484375,5.21410608291626,-5.758987903594971,5.973873138427734
1781032533665868000,9.604867919921874,5.090676784515381,-5.683532238006592,6.149995803833008
1781032533685395000,9.62439501953125,4.974851131439209,-5.5892510414123535,6.328595161437988
1781032533704920300,9.64392041015625,4.862451076507568,-5.482154846191406,6.507114887237549
1781032533724441000,9.663441162109375,4.862451076507568,-5.482154846191406,6.507114887237549
1781032533743962600,9.682962646484375,4.753972053527832,-5.369301795959473,6.679098129272461
1781032533763486700,9.70248681640625,4.648869037628174,-5.255659103393555,6.841494083404541
1781032533783010000,9.722010009765626,4.548114776611328,-5.144704818725586,6.9918999671936035
1781032533802534100,9.7415341796875,4.4490838050842285,-5.039735794067383,7.130687236785889
1781032533822059300,9.761059326171875,4.347599983215332,-4.942010879516602,7.260502815246582
1781032533841584600,9.780584716796875,4.249907970428467,-4.847249984741211,7.381223201751709
1781032533861109200,9.800109130859376,4.159965991973877,-4.7507758140563965,7.494318962097168
1781032533880637400,9.819637451171875,4.079482078552246,-4.6507887840271,7.600523948669434
1781032533900169700,9.839169677734375,4.009431838989258,-4.544620990753174,7.70135498046875
1781032533919696600,9.858696533203124,3.9453980922698975,-4.431254863739014,7.799859046936035
1781032533939222800,9.878222900390625,3.881908893585205,-4.310263156890869,7.8988871574401855
1781032533958750000,9.89775,3.8160390853881836,-4.182300090789795,7.999138832092285
1781032533978275000,9.917275146484375,3.7434089183807373,-4.049567222595215,8.101103782653809
1781032533997798400,9.93679833984375,3.6564550399780273,-3.914618968963623,8.206464767456055
1781032534017319400,9.9563193359375,3.560955047607422,-3.7787609100341797,8.311470985412598
1781032534036841700,9.975841796875,3.457819938659668,-3.645551919937134,8.4138822555542
1781032534056361500,9.995361572265624,3.3521180152893066,-3.5187430381774902,8.510096549987793
1781032534075880400,10.01488037109375,3.254560947418213,-3.4004580974578857,8.595622062683105
1781032534095398700,10.034398681640624,3.1696300506591797,-3.291229009628296,8.66955852508545
1781032534114917600,10.053917724609375,3.1035900115966797,-3.1902170181274414,8.730993270874023
1781032534134439700,10.073439697265625,3.0471200942993164,-3.098344087600708,8.78381061553955
1781032534153963300,10.09296337890625,2.996856927871704,-3.0151638984680176,8.829928398132324
1781032534173491500,10.112491455078125,2.9470720291137695,-2.9399828910827637,8.87193775177002
1781032534193018400,10.132018310546876,2.8896970748901367,-2.872999906539917,8.912660598754883
1781032534212541400,10.15154150390625,2.826050043106079,-2.8149468898773193,8.951509475708008
1781032534232067000,10.171067138671875,2.761138916015625,-2.7661221027374268,8.986916542053223
1781032534251593000,10.190593017578125,2.7061989307403564,-2.7247300148010254,9.016225814819336
1781032534271116300,10.2101162109375,2.6640820503234863,-2.6894679069519043,9.039326667785645
1781032534290638800,10.229638916015626,2.631762981414795,-2.6604719161987305,9.057357788085938
1781032534310159000,10.2491591796875,2.610023021697998,-2.6376678943634033,9.070307731628418
1781032534329676300,10.26867626953125,2.5958991050720215,-2.6241369247436523,9.078282356262207
1781032534349194200,10.2881943359375,2.587622880935669,-2.620889902114868,9.081583023071289
1781032534368713000,10.307712890625,2.577059030532837,-2.628818988800049,9.082294464111328
1781032534388231200,10.327231201171875,2.563765048980713,-2.6472179889678955,9.080713272094727
1781032534407751400,10.34675146484375,2.553402900695801,-2.6727941036224365,9.076139450073242
1781032534427273500,10.3662734375,2.5426180362701416,-2.701448917388916,9.07068157196045
1781032534446794500,10.38579443359375,2.5426180362701416,-2.701448917388916,9.07068157196045
1781032534466314800,10.405314697265625,2.5180981159210205,-2.7261619567871094,9.0701265335083
1781032534485832000,10.42483203125,2.4041171073913574,-2.7577860355377197,9.091470718383789
1781032534505350400,10.444350341796875,2.3101730346679688,-2.7661049365997314,9.113273620605469
1781032534524867600,10.46386767578125,2.192473888397217,-2.773864984512329,9.139952659606934
1781032534544384800,10.483384765625,2.192473888397217,-2.773864984512329,9.139952659606934
1781032534563906600,10.502906494140625,2.192473888397217,-2.773864984512329,9.139952659606934
1781032534583429000,10.52242919921875,1.8860679864883423,-2.8037869930267334,9.198995590209961
1781032534602947300,10.541947265625,1.7250779867172241,-2.827457904815674,9.22331714630127
1781032534622468000,10.561468017578125,1.5666459798812866,-2.8561949729919434,9.242714881896973
1781032534641997300,10.580997314453125,1.4142440557479858,-2.8880069255828857,9.257392883300781
1781032534661524000,10.60052392578125,1.2697219848632812,-2.919581890106201,9.2684326171875
1781032534681042200,10.620042236328125,1.1413459777832031,-2.9482779502868652,9.276043891906738
1781032534700558300,10.639558349609375,1.029513955116272,-2.97353196144104,9.281067848205566
1781032534720072200,10.659072265625,0.9312430024147034,-2.996997117996216,9.283899307250977
1781032534739590000,10.67858984375,0.8507620096206665,-3.0204570293426514,9.284021377563477
1781032534759112700,10.69811279296875,0.7914850115776062,-3.0450899600982666,9.281216621398926
1781032534778632700,10.7176328125,0.7575380206108093,-3.0726521015167236,9.27496337890625
1781032534798149400,10.7371494140625,0.7515509724617004,-3.1042380332946777,9.264927864074707
1781032534817667800,10.756667724609375,0.7726519703865051,-3.141308069229126,9.250685691833496
1781032534837189000,10.776189208984375,0.8145099878311157,-3.1841299533843994,9.232437133789062
1781032534856710400,10.79571044921875,0.8647850155830383,-3.2322559356689453,9.211115837097168
1781032534876231000,10.81523095703125,0.9198129773139954,-3.2845330238342285,9.187261581420898
1781032534895750000,10.83475,0.974183976650238,-3.3377060890197754,9.162459373474121
1781032534915268900,10.854268798828125,1.0224980115890503,-3.3883941173553467,9.138559341430664
1781032534934789000,10.8737890625,1.0615290403366089,-3.4331769943237305,9.11737060546875
1781032534954308900,10.893308837890626,1.0901299715042114,-3.4688730239868164,9.100468635559082
1781032534973822500,10.912822509765626,1.1131659746170044,-3.4932079315185547,9.088362693786621
1781032534993336800,10.9323369140625,1.128059983253479,-3.5056710243225098,9.08172607421875
1781032535012855000,10.95185498046875,1.1355350017547607,-3.508202075958252,9.079816818237305
1781032535032372500,10.97137255859375,1.1408239603042603,-3.50443696975708,9.080607414245605
1781032535051893800,10.990893798828125,1.1581059694290161,-3.498840093612671,9.080577850341797
1781032535071416000,11.010416015625,1.1918540000915527,-3.4936060905456543,9.078226089477539
1781032535090935800,11.029935791015625,1.2438629865646362,-3.4896979331970215,9.07275104522705
1781032535110456300,11.049456298828124,1.3150229454040527,-3.486375093460083,9.06398868560791
1781032535129977000,11.06897705078125,1.404911994934082,-3.481764078140259,9.052268028259277
1781032535149496800,11.088496826171875,1.5172560214996338,-3.472791910171509,9.037568092346191
1781032535169016600,11.1080166015625,1.6399439573287964,-3.457885980606079,9.021841049194336
1781032535188538400,11.127538330078124,1.773182988166809,-3.4385271072387695,9.004018783569336
1781032535208056600,11.147056640625,1.91696298122406,-3.4157040119171143,8.9832181930542
1781032535227574300,11.16657421875,2.06951904296875,-3.3906219005584717,8.95883846282959
1781032535247100400,11.186100341796875,2.2283830642700195,-3.3649768829345703,8.930355072021484
1781032535266627600,11.205627685546874,2.2283830642700195,-3.3649768829345703,8.930355072021484
1781032535286150000,11.22514990234375,2.385221004486084,-3.3410520553588867,8.89876937866211
1781032535305676300,11.24467626953125,2.5375590324401855,-3.3207991123199463,8.864145278930664
1781032535325206000,11.2642060546875,2.809813976287842,-3.292306900024414,8.792363166809082
1781032535344734000,11.28373388671875,2.9238688945770264,-3.284743070602417,8.757935523986816
1781032535364260000,11.303260009765625,2.9238688945770264,-3.284743070602417,8.757935523986816
1781032535383786500,11.322786376953125,3.023576021194458,-3.2831499576568604,8.724615097045898
1781032535403310000,11.34231005859375,3.107651948928833,-3.2878639698028564,8.69324016571045
1781032535422827500,11.36182763671875,3.175471067428589,-3.297122001647949,8.665181159973145
1781032535442342100,11.381342041015625,3.225635051727295,-3.30997896194458,8.641718864440918
1781032535461859600,11.400859619140626,3.250993013381958,-3.3285059928894043,8.62508487701416
1781032535481381000,11.420381103515625,3.2515668869018555,-3.3511199951171875,8.616106986999512
1781032535500903400,11.4399033203125,3.223968029022217,-3.3763411045074463,8.616632461547852
1781032535520427300,11.45942724609375,3.1678860187530518,-3.4026939868927,8.627059936523438
1781032535539950300,11.478950439453126,3.084243059158325,-3.4292330741882324,8.64683723449707
1781032535559472400,11.498472412109376,2.9760189056396484,-3.4548048973083496,8.674539566040039
1781032535578998300,11.517998291015624,2.8539879322052,-3.477112054824829,8.706574440002441
1781032535598524200,11.537524169921875,2.722460985183716,-3.4959158897399902,8.741095542907715
1781032535618049000,11.557049072265626,2.585374116897583,-3.511348009109497,8.776460647583008
1781032535637573600,11.57657373046875,2.445801019668579,-3.523897886276245,8.811367988586426
1781032535657099000,11.59609912109375,2.306864023208618,-3.534158945083618,8.84466552734375
1781032535676625000,11.615625,2.170907974243164,-3.542354106903076,8.875746726989746
1781032535696150300,11.635150390625,2.0467960834503174,-3.5449750423431396,8.904144287109375
1781032535715673900,11.654673828125,1.9361460208892822,-3.5411789417266846,8.930363655090332
1781032535735196200,11.674196044921874,1.8411200046539307,-3.528808116912842,8.955322265625
1781032535754720300,11.69372021484375,1.7607749700546265,-3.5061769485473633,8.98033332824707
1781032535774249000,11.7132490234375,1.6931610107421875,-3.4723129272460938,9.00645637512207
1781032535793775900,11.73277587890625,1.6364879608154297,-3.4268739223480225,9.034292221069336
1781032535813302000,11.752302001953124,1.5827490091323853,-3.374708890914917,9.063456535339355
1781032535832828700,11.77182861328125,1.5334229469299316,-3.3214330673217773,9.091572761535645
1781032535852351500,11.7913515625,1.4866269826889038,-3.2704670429229736,9.117785453796387
1781032535871876000,11.8108759765625,1.4406859874725342,-3.225346088409424,9.141200065612793
1781032535891402800,11.83040283203125,1.3938089609146118,-3.187174081802368,9.161833763122559
1781032535910924000,11.849924072265624,1.3444199562072754,-3.155764102935791,9.180070877075195
1781032535930447000,11.869447021484374,1.2904820442199707,-3.1304240226745605,9.19647216796875
1781032535949975000,11.88897509765625,1.2284959554672241,-3.105005979537964,9.213562965393066
1781032535969504500,11.90850439453125,1.1562600135803223,-3.0755510330200195,9.232769966125488
1781032535989031200,11.92803125,1.0787190198898315,-3.037461996078491,9.254738807678223
1781032536008559000,11.94755908203125,1.003074049949646,-2.98797607421875,9.27932357788086
1781032536028088600,11.967088623046875,0.9357879757881165,-2.9258980751037598,9.306095123291016
1781032536047610400,11.9866103515625,0.8893290162086487,-2.848428964614868,9.334641456604004
1781032536067130600,12.006130615234374,0.8767120242118835,-2.758246898651123,9.362875938415527
1781032536086648300,12.0256484375,0.8767120242118835,-2.758246898651123,9.362875938415527
1781032536106168300,12.045168212890625,1.0353970527648926,-2.5595688819885254,9.403008460998535
1781032536125699300,12.06469921875,1.0353970527648926,-2.5595688819885254,9.403008460998535
1781032536145237200,12.0842373046875,1.4302910566329956,-2.399631977081299,9.393404006958008
1781032536164769500,12.10376953125,1.4302910566329956,-2.399631977081299,9.393404006958008
1781032536184300800,12.12330078125,1.6996090412139893,-2.349760055541992,9.36108684539795
1781032536203831600,12.14283154296875,1.6996090412139893,-2.349760055541992,9.36108684539795
1781032536223357700,12.162357666015625,2.302016019821167,-2.324709892272949,9.237771987915039
1781032536242883800,12.1818837890625,2.606559991836548,-2.3459060192108154,9.15109634399414
1781032536262413000,12.2014130859375,2.90720796585083,-2.374285936355591,9.052674293518066
1781032536281946400,12.2209462890625,3.2009170055389404,-2.407097101211548,8.944272994995117
1781032536301479700,12.240479736328124,3.478760004043579,-2.4401540756225586,8.83084774017334
1781032536321008400,12.26000830078125,3.7417778968811035,-2.470629930496216,8.714073181152344
1781032536340537900,12.279537841796875,3.994312047958374,-2.5031580924987793,8.591837882995605
1781032536360069000,12.299069091796875,4.2491679191589355,-2.5395689010620117,8.457845687866211
1781032536379595500,12.318595458984374,4.516238212585449,-2.5821940898895264,8.305171012878418
1781032536399120600,12.33812060546875,4.796945095062256,-2.635138988494873,8.129288673400879
1781032536418647600,12.3576474609375,5.0935468673706055,-2.7034859657287598,7.923820972442627
1781032536438171400,12.37717138671875,5.398111820220947,-2.7838261127471924,7.690948963165283
1781032536457697800,12.39669775390625,5.701041221618652,-2.870260000228882,7.4363789558410645
1781032536477226200,12.416226318359374,5.985099792480469,-2.9588398933410645,7.173830032348633
1781032536496750800,12.435750732421875,6.243752956390381,-3.044445037841797,6.912806987762451
1781032536516277800,12.45527783203125,6.478300094604492,-3.1219780445098877,6.657692909240723
1781032536535806200,12.47480615234375,6.69217586517334,-3.184576988220215,6.411960124969482
1781032536555335200,12.494335205078125,6.891125202178955,-3.2343521118164062,6.171817779541016
1781032536574865200,12.513865234375,7.075401782989502,-3.2726590633392334,5.938717842102051
1781032536594391300,12.533391357421875,7.246016979217529,-3.3024940490722656,5.712161064147949
1781032536613917000,12.5529169921875,7.400293827056885,-3.329766035079956,5.494389057159424
1781032536633443300,12.572443359375,7.536390781402588,-3.3595991134643555,5.287333011627197
1781032536652969000,12.591968994140625,7.653125762939453,-3.3958818912506104,5.092901229858398
1781032536672492000,12.611491943359376,7.747989177703857,-3.441200017929077,4.915974140167236
1781032536692014000,12.63101416015625,7.814140796661377,-3.49772310256958,4.769184112548828
1781032536711538400,12.650538330078126,7.857519149780273,-3.5622169971466064,4.648655891418457
1781032536731064300,12.670064208984375,7.88258695602417,-3.624730110168457,4.556987762451172
1781032536750592000,12.689592041015626,7.892065048217773,-3.6839759349823,4.492618083953857
1781032536770121700,12.709121826171875,7.887784957885742,-3.736177921295166,4.456882953643799
1781032536789646000,12.72864599609375,7.874260902404785,-3.7775590419769287,4.445901870727539
1781032536809168600,12.748168701171876,7.8589091300964355,-3.806149959564209,4.448681831359863
1781032536828693200,12.767693359375,7.8410139083862305,-3.8228769302368164,4.465884208679199
1781032536848217900,12.7872177734375,7.819406032562256,-3.8362879753112793,4.492191791534424
1781032536867743700,12.80674365234375,7.795124053955078,-3.8463940620422363,4.525625228881836
1781032536887262700,12.8262626953125,7.769970893859863,-3.855170965194702,4.561272144317627
1781032536906784500,12.845784423828125,7.769970893859863,-3.855170965194702,4.561272144317627
1781032536926314800,12.865314697265624,7.742823123931885,-3.8628199100494385,4.60079288482666
1781032536945843500,12.884843505859376,7.667346000671387,-3.875480890274048,4.715130805969238
1781032536965369900,12.904369873046875,7.667346000671387,-3.875480890274048,4.715130805969238
1781032536984900000,12.923900146484375,7.524747848510742,-3.8949570655822754,4.9241719245910645
1781032537004428000,12.943427978515626,7.419764995574951,-3.900132894515991,5.077009201049805
1781032537023949800,12.96294970703125,7.286818981170654,-3.9000329971313477,5.266119003295898
1781032537043469800,12.9824697265625,7.286818981170654,-3.9000329971313477,5.266119003295898
1781032537062993400,13.001993408203125,7.12692403793335,-3.8920888900756836,5.486217975616455
1781032537082521600,13.021521484375,6.942562103271484,-3.8719050884246826,5.731420040130615
1781032537102046700,13.041046630859375,6.741097927093506,-3.8373830318450928,5.98933219909668
1781032537121569000,13.060569091796875,6.521618843078613,-3.7897729873657227,6.25668478012085
1781032537141094400,13.080094482421876,6.283297061920166,-3.7348740100860596,6.527700901031494
1781032537160618500,13.099618408203124,6.02918815612793,-3.6739180088043213,6.796411037445068
1781032537180142800,13.119142822265625,5.765100002288818,-3.608198881149292,7.055813789367676
1781032537199669000,13.1386689453125,5.492781162261963,-3.5394980907440186,7.303513050079346
1781032537219199700,13.15819970703125,5.218395233154297,-3.465951919555664,7.536281108856201
1781032537238729700,13.177729736328125,4.949102878570557,-3.384665012359619,7.75180196762085
1781032537258256000,13.197255859375,4.691800117492676,-3.2940220832824707,7.94835901260376
1781032537277782000,13.216781982421875,4.449516773223877,-3.1938939094543457,8.12654972076416
1781032537297311700,13.236311767578124,4.224524974822998,-3.0865209102630615,8.286541938781738
1781032537316842000,13.255842041015624,4.012030124664307,-2.9721620082855225,8.432665824890137
1781032537336371000,13.275370849609375,3.806673049926758,-2.8503549098968506,8.568821907043457
1781032537355901200,13.294901123046875,3.604310989379883,-2.7208518981933594,8.697464942932129
1781032537375427800,13.314427734375,3.403110980987549,-2.583574056625366,8.819522857666016
1781032537394952200,13.3339521484375,3.2045109272003174,-2.439337968826294,8.934245109558105
1781032537414480000,13.35347998046875,3.0148138999938965,-2.2893710136413574,9.03934097290039
1781032537434010600,13.3730107421875,2.8383920192718506,-2.137985944747925,9.133047103881836
1781032537453543400,13.39254345703125,2.678212881088257,-1.990267038345337,9.214445114135742
1781032537473074400,13.412074462890626,2.5317459106445312,-1.8532259464263916,9.284170150756836
1781032537492602600,13.4316025390625,2.396428108215332,-1.7337360382080078,9.34298038482666
1781032537512126000,13.4511259765625,2.2731189727783203,-1.6381850242614746,9.390914916992188
1781032537531647700,13.470647705078125,2.1628808975219727,-1.5659170150756836,9.42920207977295
1781032537551171600,13.490171630859376,2.065941095352173,-1.5139180421829224,9.459383964538574
1781032537570692900,13.50969287109375,1.9904069900512695,-1.4786269664764404,9.481135368347168
1781032537590217000,13.529217041015626,1.9357459545135498,-1.4562029838562012,9.495912551879883
1781032537609748200,13.548748291015626,1.902124047279358,-1.443092942237854,9.504704475402832
1781032537629279700,13.56827978515625,1.8866100311279297,-1.434209942817688,9.509140014648438
1781032537648804600,13.5878046875,1.8819680213928223,-1.429494023323059,9.510769844055176
1781032537668326400,13.607326416015624,1.8913229703903198,-1.4301960468292236,9.508808135986328
1781032537687846000,13.626845947265625,1.9110749959945679,-1.4386639595031738,9.503580093383789
1781032537707368200,13.6463681640625,1.9469009637832642,-1.4564839601516724,9.4935884475708
1781032537726894800,13.665894775390624,2.0043270587921143,-1.4829330444335938,9.477529525756836
1781032537746414800,13.685414794921876,2.0840859413146973,-1.5157920122146606,9.455102920532227
1781032537765932500,13.7049326171875,2.176884889602661,-1.5510649681091309,9.428434371948242
1781032537785458000,13.7244580078125,2.176884889602661,-1.5510649681091309,9.428434371948242
1781032537804986600,13.743986572265625,2.3402459621429443,-1.6169719696044922,9.378094673156738
1781032537824514600,13.7635146484375,2.3402459621429443,-1.6169719696044922,9.378094673156738
1781032537844039000,13.783038818359374,2.3402459621429443,-1.6169719696044922,9.378094673156738
1781032537863561700,13.802561767578124,2.4635701179504395,-1.6829570531845093,9.334799766540527
1781032537883083300,13.822083251953124,2.50396990776062,-1.721634030342102,9.31697940826416
1781032537902606800,13.84160693359375,2.5317020416259766,-1.7693829536437988,9.300525665283203
1781032537922128100,13.861128173828124,2.5561089515686035,-1.8295350074768066,9.282193183898926
1781032537941648100,13.880648193359375,2.5768449306488037,-1.9041990041732788,9.261419296264648
1781032537961168600,13.900168701171875,2.581178903579712,-1.9905279874801636,9.242040634155273
1781032537980685800,13.919685791015626,2.5668768882751465,-2.088002920150757,9.224498748779297
1781032538000205600,13.93920556640625,2.5331358909606934,-2.1941120624542236,9.209184646606445
1781032538019727000,13.95872705078125,2.484647035598755,-2.3062429428100586,9.194986343383789
1781032538039251700,13.978251708984375,2.4271318912506104,-2.421175956726074,9.180790901184082
1781032538058776000,13.997776123046876,2.3666460514068604,-2.5342109203338623,9.166065216064453
1781032538078296300,14.01729638671875,2.3108971118927,-2.6408259868621826,9.150179862976074
1781032538097821000,14.036821044921876,2.266055107116699,-2.7373180389404297,9.133021354675293
1781032538117345000,14.056344970703124,2.234426975250244,-2.8209989070892334,9.11533260345459
1781032538136866000,14.075865966796876,2.2155508995056152,-2.8903939723968506,9.098184585571289
1781032538156387300,14.09538720703125,2.2074170112609863,-2.94492506980896,9.082660675048828
1781032538175908600,14.11490869140625,2.207942008972168,-2.9854729175567627,9.06928539276123
1781032538195428900,14.134428955078125,2.2174179553985596,-3.0138049125671387,9.057595252990723
1781032538214952000,14.153951904296875,2.238837957382202,-3.0318410396575928,9.046299934387207
1781032538234477300,14.173477294921875,2.275446891784668,-3.041887044906616,9.033784866333008
1781032538254002000,14.193001953125,2.3287389278411865,-3.046117067337036,9.018765449523926
1781032538273524700,14.212524658203124,2.397814989089966,-3.046678066253662,9.000456809997559
1781032538293042700,14.232042724609375,2.478092908859253,-3.045228958129883,8.979178428649902
1781032538312562700,14.251562744140625,2.562299966812134,-3.0433130264282227,8.956164360046387
1781032538332082400,14.27108251953125,2.6428470611572266,-3.042987108230591,8.932836532592773
1781032538351599400,14.290599365234375,2.715384006500244,-3.045574903488159,8.910172462463379
1781032538371118600,14.31011865234375,2.7811241149902344,-3.0521769523620605,8.887606620788574
1781032538390637600,14.329637451171875,2.850092887878418,-3.0632760524749756,8.861902236938477
1781032538410156000,14.349156005859374,2.921910047531128,-3.07944393157959,8.832862854003906
1781032538429677600,14.368677490234376,2.9795939922332764,-3.098529100418091,8.806879043579102
1781032538449202000,14.388201904296874,3.023711919784546,-3.1190989017486572,8.784553527832031
1781032538468728600,14.407728515625,3.051625967025757,-3.139003038406372,8.76779556274414
1781032538488253400,14.42725341796875,3.060767889022827,-3.1574199199676514,8.757989883422852
1781032538507784400,14.446784423828126,3.045197010040283,-3.174807071685791,8.757132530212402
1781032538527316000,14.46631591796875,3.009937047958374,-3.1913089752197266,8.763321876525879
1781032538546842400,14.48584228515625,2.975843906402588,-3.2092530727386475,8.768412590026855
1781032538566363000,14.50536279296875,2.975843906402588,-3.2092530727386475,8.768412590026855
1781032538585880300,14.52488037109375,2.8883540630340576,-3.2537119388580322,8.78127384185791
1781032538605400800,14.54440087890625,2.8276820182800293,-3.281907081604004,8.790523529052734
1781032538624922000,14.563922119140624,2.7472031116485596,-3.313939094543457,8.804014205932617
1781032538644441900,14.58344189453125,2.7472031116485596,-3.313939094543457,8.804014205932617
1781032538663964000,14.6029638671875,2.7472031116485596,-3.313939094543457,8.804014205932617
1781032538683486700,14.62248681640625,2.5288310050964355,-3.370850086212158,8.847732543945312
1781032538703008500,14.642008544921875,2.4009499549865723,-3.3930211067199707,8.87484359741211
1781032538722531800,14.66153173828125,2.2667019367218018,-3.4100310802459717,8.903580665588379
1781032538742055400,14.681055419921876,2.1372969150543213,-3.421812057495117,8.931022644042969
1781032538761576400,14.700576416015625,2.0154199600219727,-3.430109977722168,8.956138610839844
1781032538781096400,14.720096435546875,1.8969260454177856,-3.442302942276001,8.977316856384277
1781032538800616700,14.73961669921875,1.7921229600906372,-3.4592349529266357,8.992328643798828
1781032538820139300,14.75913916015625,1.6983189582824707,-3.484215021133423,9.000885963439941
1781032538839664400,14.778664306640625,1.6143800020217896,-3.51761794090271,9.003340721130371
1781032538859191600,14.798191650390624,1.5474309921264648,-3.5569169521331787,8.999654769897461
1781032538878717400,14.817717529296875,1.4971259832382202,-3.5984039306640625,8.991668701171875
1781032538898239000,14.837239013671875,1.4637889862060547,-3.638211965560913,8.981131553649902
1781032538917762600,14.856762451171875,1.439836025238037,-3.673192024230957,8.970759391784668
1781032538937289500,14.87628955078125,1.425326943397522,-3.6999969482421875,8.962056159973145
1781032538956817700,14.895817626953125,1.4180799722671509,-3.716171979904175,8.956512451171875
1781032538976340700,14.9153408203125,1.4073890447616577,-3.7205710411071777,8.956372261047363
1781032538995862000,14.934862060546875,1.383378028869629,-3.7141919136047363,8.962759017944336
1781032539015379700,14.954379638671876,1.3475580215454102,-3.6991219520568848,8.974440574645996
1781032539034897200,14.973897216796875,1.3071399927139282,-3.678420066833496,8.98891544342041
1781032539054418000,14.99341796875,1.2628079652786255,-3.654412031173706,9.005030632019043
1781032539073937700,15.012937744140626,1.2173130512237549,-3.6276369094848633,9.022106170654297
1781032539093457200,15.03245703125,1.1745400428771973,-3.5970330238342285,9.040011405944824
1781032539112979000,15.05197900390625,1.1474030017852783,-3.5595650672912598,9.058308601379395
1781032539132504600,15.071504638671875,1.1383450031280518,-3.5122270584106445,9.077909469604492
1781032539152031000,15.091031005859374,1.1457029581069946,-3.452378034591675,9.09991455078125
1781032539171558400,15.110558349609375,1.1926829814910889,-3.379939079284668,9.121048927307129
1781032539191084300,15.130084228515624,1.2775119543075562,-3.2996699810028076,9.138935089111328
1781032539210610000,15.14960986328125,1.409224033355713,-3.2173919677734375,9.148905754089355
1781032539230136000,15.169135986328126,1.5861879587173462,-3.1382548809051514,9.14742374420166
1781032539249660000,15.188659912109374,1.799515962600708,-3.070945978164673,9.130773544311523
1781032539269182700,15.2081826171875,2.0433509349823,-3.0157411098480225,9.09780216217041
1781032539288707300,15.227707275390625,2.289999008178711,-2.972975969314575,9.053028106689453
1781032539308229400,15.2472294921875,2.5328750610351562,-2.9406979084014893,8.998712539672852
1781032539327750100,15.266750244140624,2.749476909637451,-2.918313980102539,8.942249298095703
1781032539347272700,15.286272705078124,2.9280409812927246,-2.904223918914795,8.889996528625488
1781032539366796500,15.305796630859374,3.0642800331115723,-2.8921189308166504,8.847929000854492
1781032539386322400,15.325322509765625,3.0642800331115723,-2.8921189308166504,8.847929000854492
1781032539405848800,15.344848876953124,3.1868209838867188,-2.871337890625,8.811332702636719
1781032539425378800,15.36437890625,3.1793549060821533,-2.859687089920044,8.817816734313965
1781032539444910000,15.38391015625,3.1320559978485107,-2.845853090286255,8.839193344116211
1781032539464440300,15.4034404296875,3.1320559978485107,-2.845853090286255,8.839193344116211
1781032539483967200,15.42296728515625,2.976172924041748,-2.8250770568847656,8.899514198303223
1781032539503491000,15.442490966796875,2.976172924041748,-2.8250770568847656,8.899514198303223
1781032539523011600,15.462011474609374,2.8892409801483154,-2.82548189163208,8.927986145019531
1781032539542532400,15.481532470703126,2.8029489517211914,-2.8385961055755615,8.95130443572998
1781032539562057000,15.501056884765624,2.723062038421631,-2.8670051097869873,8.966896057128906
1781032539581580000,15.520580078125,2.6593589782714844,-2.910660982131958,8.971948623657227
1781032539601102300,15.540102294921875,2.6164610385894775,-2.9639530181884766,8.96711254119873
1781032539620626200,15.559626220703125,2.5971620082855225,-3.0244739055633545,8.952503204345703
1781032539640144600,15.57914453125,2.6033289432525635,-3.0832810401916504,8.930624008178711
1781032539659659500,15.598659423828124,2.636436939239502,-3.136894941329956,8.902195930480957
1781032539679177500,15.618177490234375,2.696091890335083,-3.1845860481262207,8.867326736450195
1781032539698697000,15.637697021484374,2.7774899005889893,-3.2270889282226562,8.82674503326416
1781032539718218200,15.65721826171875,2.8669240474700928,-3.266998052597046,8.78336238861084
1781032539737740500,15.676740478515624,2.9582159519195557,-3.3074491024017334,8.737833976745605
1781032539757267200,15.69626708984375,3.044437885284424,-3.3518059253692627,8.691190719604492
1781032539776798200,15.715798095703125,3.1156349182128906,-3.4007151126861572,8.646845817565918
1781032539796329500,15.73532958984375,3.168721914291382,-3.451688051223755,8.607267379760742
1781032539815853600,15.754853515625,3.2026150226593018,-3.5014960765838623,8.574542999267578
1781032539835372500,15.77437255859375,3.219491958618164,-3.5461349487304688,8.54984188079834
1781032539854895600,15.7938955078125,3.2198150157928467,-3.582551956176758,8.534524917602539
1781032539874422300,15.81342236328125,3.2035129070281982,-3.610280990600586,8.528972625732422
1781032539893951000,15.832950927734375,3.1628260612487793,-3.633349895477295,8.5343599319458
1781032539913479000,15.85247900390625,3.085561990737915,-3.657480001449585,8.552318572998047
1781032539933005300,15.87200537109375,2.971426010131836,-3.686224937438965,8.580348014831543
1781032539952533500,15.891533447265624,2.826256036758423,-3.7228000164031982,8.613536834716797
1781032539972062500,15.9110625,2.673893928527832,-3.765990972518921,8.643355369567871
1781032539991587300,15.93058740234375,2.5368540287017822,-3.812896966934204,8.66407299041748
1781032540011106600,15.9501064453125,2.4525270462036133,-3.8564820289611816,8.669063568115234
1781032540030622200,15.969622314453124,2.439030885696411,-3.8936760425567627,8.656234741210938
1781032540050134000,15.989134033203126,2.489485025405884,-3.924360990524292,8.627968788146973
1781032540069645300,16.008645263671873,2.580636978149414,-3.946333885192871,8.591085433959961
1781032540089164500,16.02816455078125,2.6888630390167236,-3.965562105178833,8.54893684387207
1781032540108693500,16.047693603515626,2.79248309135437,-3.9806320667266846,8.508618354797363
1781032540128225500,16.0672255859375,2.870971918106079,-3.994417905807495,8.475975036621094
1781032540147756500,16.086756591796874,2.9298059940338135,-4.004325866699219,8.451129913330078
1781032540167283500,16.106283447265625,2.982553005218506,-4.005853176116943,8.431933403015137
1781032540186812000,16.12581201171875,3.0417370796203613,-3.9951469898223877,8.415855407714844
1781032540206340400,16.14534033203125,3.0417370796203613,-3.9951469898223877,8.415855407714844
1781032540225866200,16.1648662109375,3.1057069301605225,-3.9669840335845947,8.405808448791504
1781032540245396700,16.184396728515626,3.1731998920440674,-3.926819086074829,8.399457931518555
1781032540264930600,16.2039306640625,3.2850399017333984,-3.823582887649536,8.40408992767334
1781032540284461300,16.22346142578125,3.2850399017333984,-3.823582887649536,8.40408992767334
1781032540303994600,16.24299462890625,3.2850399017333984,-3.823582887649536,8.40408992767334
1781032540323524900,16.26252490234375,3.3167009353637695,-3.7121241092681885,8.44154167175293
1781032540343046700,16.282046630859377,3.305156946182251,-3.660275936126709,8.468666076660156
1781032540362575600,16.30157568359375,3.2733800411224365,-3.6109800338745117,8.502105712890625
1781032540382112300,16.3211123046875,3.230109930038452,-3.5640809535980225,8.538366317749023
1781032540401647900,16.34064794921875,3.175632953643799,-3.519787073135376,8.577089309692383
1781032540421181200,16.36018115234375,3.111509084701538,-3.4791300296783447,8.617085456848145
1781032540440715300,16.37971533203125,3.0333900451660156,-3.4436540603637695,8.659086227416992
1781032540460248000,16.399248046875,2.940601110458374,-3.415205955505371,8.702254295349121
1781032540479779600,16.418779541015624,2.839646100997925,-3.3934059143066406,8.744209289550781
1781032540499314000,16.43831396484375,2.7442429065704346,-3.3748910427093506,8.781755447387695
1781032540518850800,16.457850830078126,2.6697330474853516,-3.355375051498413,8.812150001525879
1781032540538386400,16.477386474609375,2.6278738975524902,-3.3310389518737793,8.83393669128418
1781032540557924900,16.4969248046875,2.624160051345825,-3.297632932662964,8.847564697265625
1781032540577460700,16.516460693359374,2.6441030502319336,-3.2547340393066406,8.85750675201416
1781032540596985900,16.53598583984375,2.6682679653167725,-3.2048990726470947,8.868425369262695
1781032540616509000,16.555509033203126,2.6588380336761475,-3.153175115585327,8.889772415161133
1781032540636031700,16.57503173828125,2.5977590084075928,-3.1031229496002197,8.925372123718262
1781032540655559200,16.59455908203125,2.4824869632720947,-3.0562291145324707,8.974225997924805
1781032540675092200,16.61409228515625,2.3248848915100098,-3.0120580196380615,9.031189918518066
1781032540694624800,16.633624755859376,2.1462879180908203,-2.9660120010375977,9.090446472167969
1781032540714158300,16.653158447265625,1.973101019859314,-2.915940046310425,9.14571762084961
1781032540733692400,16.6726923828125,1.8339289426803589,-2.861345052719116,9.191811561584473
1781032540753219800,16.6922197265625,1.7216379642486572,-2.8056790828704834,9.230607986450195
1781032540772746500,16.71174658203125,1.618064045906067,-2.754589080810547,9.264670372009277
1781032540792277000,16.731277099609375,1.5094339847564697,-2.7151501178741455,9.294598579406738
1781032540811810000,16.75081005859375,1.3920270204544067,-2.691943883895874,9.319640159606934
1781032540831342600,16.770342529296876,1.262529969215393,-2.6833059787750244,9.340550422668457
1781032540850873600,16.78987353515625,1.1252599954605103,-2.6866049766540527,9.357132911682129
1781032540870401800,16.80940185546875,0.9876649975776672,-2.6974871158599854,9.369529724121094
1781032540889930800,16.8289306640625,0.8618230223655701,-2.713594913482666,9.377294540405273
1781032540909463600,16.848463623046875,0.7454119920730591,-2.730386972427368,9.38239574432373
1781032540928994300,16.867994384765623,0.6430119872093201,-2.747407913208008,9.385003089904785
1781032540948524000,16.88752392578125,0.5651760101318359,-2.766505002975464,9.384403228759766
1781032540968056300,16.907056396484375,0.5067700147628784,-2.7884130477905273,9.381254196166992
1781032540987590700,16.926590576171876,0.4732379913330078,-2.8134279251098633,9.37553596496582
1781032541007123200,16.946123291015624,0.46364399790763855,-2.8382480144500732,9.368531227111816
1781032541026652200,16.965652099609375,0.4806100130081177,-2.860124111175537,9.3610200881958
1781032541046181000,16.98518115234375,0.4806100130081177,-2.860124111175537,9.3610200881958
1781032541065707800,17.004707763671874,0.5243600010871887,-2.875962018966675,9.353816986083984
1781032541085234000,17.02423388671875,0.6655399799346924,-2.8881208896636963,9.341081619262695
1781032541104764400,17.043764404296876,0.7636820077896118,-2.8879599571228027,9.33362102508545
1781032541124298200,17.06329833984375,0.7636820077896118,-2.8879599571228027,9.33362102508545
1781032541143832600,17.08283251953125,0.7636820077896118,-2.8879599571228027,9.33362102508545
1781032541163365000,17.102365234375,1.0055500268936157,-2.899127960205078,9.307197570800781
1781032541182898700,17.121898681640626,1.1429049968719482,-2.915044069290161,9.28635025024414
1781032541202430200,17.14143017578125,1.2855600118637085,-2.9404709339141846,9.259641647338867
1781032541221960700,17.160960693359375,1.4299050569534302,-2.976936101913452,9.226765632629395
1781032541241493000,17.180492919921875,1.570868968963623,-3.025106906890869,9.188096046447754
1781032541261026300,17.2000263671875,1.706421971321106,-3.0814878940582275,9.145084381103516
1781032541280558800,17.219558837890624,1.8333749771118164,-3.1457409858703613,9.098518371582031
1781032541300093700,17.23909375,1.9477169513702393,-3.2158288955688477,9.050128936767578
1781032541319634000,17.258634033203126,2.0486559867858887,-3.2879040241241455,9.001816749572754
1781032541339174700,17.278174560546876,2.136230945587158,-3.358098030090332,8.955427169799805
1781032541358713000,17.297713134765626,2.210556983947754,-3.423182964324951,8.912646293640137
1781032541378243600,17.31724365234375,2.273219108581543,-3.4799559116363525,8.87481689453125
1781032541397776100,17.336776123046874,2.323801040649414,-3.5264511108398438,8.843308448791504
1781032541417313500,17.3563134765625,2.3643879890441895,-3.5613300800323486,8.818536758422852
1781032541436845800,17.375845703125,2.3974850177764893,-3.584920883178711,8.800023078918457
1781032541456376300,17.395376220703124,2.4265971183776855,-3.5989739894866943,8.786296844482422
1781032541475906300,17.41490625,2.456904888153076,-3.606323003768921,8.774852752685547
1781032541495436000,17.43443603515625,2.4902379512786865,-3.611469030380249,8.763333320617676
1781032541514966800,17.453966796875,2.527545928955078,-3.619235038757324,8.749436378479004
1781032541534497300,17.473497314453127,2.5684359073638916,-3.633090019226074,8.731768608093262
1781032541554023400,17.4930234375,2.6192710399627686,-3.6532280445098877,8.708234786987305
1781032541573548800,17.512548828125,2.6769580841064453,-3.6785058975219727,8.680005073547363
1781032541593077500,17.532077392578124,2.7368381023406982,-3.7061009407043457,8.64953899383545
1781032541612606500,17.5516064453125,2.7902660369873047,-3.7330260276794434,8.620842933654785
1781032541632131600,17.571131591796874,2.828166961669922,-3.757327079772949,8.597905158996582
1781032541651657500,17.590657470703125,2.8469231128692627,-3.7779600620269775,8.582658767700195
1781032541671185000,17.610184814453124,2.8372159004211426,-3.7968358993530273,8.577542304992676
1781032541690713900,17.6297138671875,2.800602912902832,-3.8164639472961426,8.580863952636719
1781032541710246000,17.649245849609375,2.740933895111084,-3.8384430408477783,8.59032154083252
1781032541729782500,17.668782470703125,2.6700599193573,-3.859632968902588,8.60313892364502
1781032541749323800,17.68832373046875,2.598357915878296,-3.879179000854492,8.616291999816895
1781032541768858400,17.7078583984375,2.52862811088562,-3.8947620391845703,8.629998207092285
1781032541788390100,17.72739013671875,2.4595210552215576,-3.9046359062194824,8.64549446105957
1781032541807920600,17.746920654296876,2.3880999088287354,-3.9070730209350586,8.664395332336426
1781032541827448600,17.766448486328127,2.313352108001709,-3.901226043701172,8.68727970123291
1781032541846979800,17.785979736328127,2.234344005584717,-3.8903870582580566,8.712782859802246
1781032541866513400,17.805513427734375,2.153304100036621,-3.875087022781372,8.73996353149414
1781032541886048500,17.825048583984376,2.153304100036621,-3.875087022781372,8.73996353149414
1781032541905577700,17.84457763671875,2.0086090564727783,-3.8407299518585205,8.789441108703613
1781032541925105200,17.864105224609375,2.0086090564727783,-3.8407299518585205,8.789441108703613
1781032541944637400,17.883637451171875,1.9107710123062134,-3.808450937271118,8.825228691101074
1781032541964172500,17.903172607421876,1.9107710123062134,-3.808450937271118,8.825228691101074
1781032541983708400,17.92270849609375,1.878896951675415,-3.7952160835266113,8.837763786315918
1781032542003241200,17.9422412109375,1.85738205909729,-3.784360885620117,8.846961975097656
1781032542022774300,17.961774169921874,1.8420230150222778,-3.7755870819091797,8.85391902923584
1781032542042307800,17.981307861328126,1.832800030708313,-3.7696309089660645,8.858370780944824
1781032542061843500,18.000843505859375,1.825227975845337,-3.7659709453582764,8.861489295959473
1781032542081378800,18.02037890625,1.8180229663848877,-3.762173891067505,8.864583015441895
1781032542100911600,18.03991162109375,1.8077889680862427,-3.7484540939331055,8.87248420715332
1781032542120441300,18.05944140625,1.794227957725525,-3.720163106918335,8.887133598327637
1781032542139966500,18.078966552734375,1.776007056236267,-3.6729319095611572,8.910408020019531
1781032542159492400,18.098492431640626,1.7411390542984009,-3.6062169075012207,8.944474220275879
1781032542179018800,18.118018798828125,1.689648985862732,-3.522120952606201,8.987754821777344
1781032542198542300,18.137542236328127,1.6283520460128784,-3.4248909950256348,9.036514282226562
1781032542218067000,18.15706689453125,1.572613000869751,-3.326580047607422,9.082992553710938
1781032542237591800,18.176591796875,1.5453579425811768,-3.2317519187927246,9.121821403503418
1781032542257116400,18.196116455078126,1.5524309873580933,-3.1446120738983154,9.151030540466309
1781032542276640300,18.21564013671875,1.6101900339126587,-3.064177989959717,9.168320655822754
1781032542296162800,18.235162841796875,1.7205159664154053,-2.9873549938201904,9.173632621765137
1781032542315689700,18.254689697265626,1.8762359619140625,-2.912466049194336,9.167184829711914
1781032542335219500,18.274219482421874,2.0635790824890137,-2.839660882949829,9.149751663208008
1781032542354744000,18.293744140625,2.2691218852996826,-2.7711639404296875,9.12204647064209
1781032542374267600,18.313267578125,2.5018820762634277,-2.7102251052856445,9.079386711120605
1781032542393789200,18.3327890625,2.77319598197937,-2.6596710681915283,9.015294075012207
1781032542413311500,18.3523115234375,3.0828909873962402,-2.6229441165924072,8.925017356872559
1781032542432836000,18.371836181640624,3.425913095474243,-2.599889039993286,8.805890083312988
1781032542452360000,18.39135986328125,3.790846109390259,-2.5894949436187744,8.658175468444824
1781032542471888400,18.410888427734374,4.1606268882751465,-2.5889699459075928,8.486837387084961
1781032542491418400,18.43041845703125,4.517495155334473,-2.5938329696655273,8.300860404968262
1781032542510943000,18.44994287109375,4.849350929260254,-2.60457706451416,8.108019828796387
1781032542530466800,18.469466796875,5.14982795715332,-2.6200239658355713,7.915474891662598
1781032542549994000,18.488993896484374,5.423854827880859,-2.6395978927612305,7.7236199378967285
1781032542569523700,18.508523681640625,5.6786580085754395,-2.662260055541992,7.530285835266113
1781032542589055700,18.5280556640625,5.919527053833008,-2.686779022216797,7.333512783050537
1781032542608586200,18.547586181640625,6.149538993835449,-2.7142300605773926,7.131347179412842
1781032542628112000,18.56711181640625,6.367735862731934,-2.7432539463043213,6.925784111022949
1781032542647639000,18.58663916015625,6.574333190917969,-2.7751569747924805,6.716891765594482
1781032542667166700,18.606166748046874,6.767837047576904,-2.8132760524749756,6.505524158477783
1781032542686692600,18.625692626953125,6.950948238372803,-2.864332914352417,6.286485195159912
1781032542706214400,18.64521435546875,6.950948238372803,-2.864332914352417,6.286485195159912
1781032542725734400,18.664734375,7.28886079788208,-2.998095989227295,5.824423789978027
1781032542745260800,18.6842607421875,7.4480438232421875,-3.075989007949829,5.577178955078125
1781032542764785200,18.70378515625,7.604805946350098,-3.152384042739868,5.316896915435791
1781032542784306700,18.723306640625,7.604805946350098,-3.152384042739868,5.316896915435791
1781032542803830500,18.74283056640625,7.604805946350098,-3.152384042739868,5.316896915435791
1781032542823354400,18.762354248046876,7.906702995300293,-3.2779619693756104,4.7727370262146
1781032542842877000,18.781876953125,8.04270076751709,-3.326680898666382,4.504238128662109
1781032542862397400,18.8013974609375,8.168248176574707,-3.368626117706299,4.239349842071533
1781032542881917000,18.8209169921875,8.28267765045166,-3.4072299003601074,3.978442907333374
1781032542901443000,18.840443115234375,8.385693550109863,-3.4450669288635254,3.7217791080474854
1781032542920969700,18.8599697265625,8.47780990600586,-3.480499029159546,3.4717230796813965
1781032542940494800,18.879494873046873,8.560396194458008,-3.5119099617004395,3.2289481163024902
1781032542960021500,18.899021484375,8.634159088134766,-3.5372369289398193,2.9965410232543945
1781032542979552500,18.918552490234376,8.697863578796387,-3.5581300258636475,2.7797229290008545
1781032542999083000,18.9380830078125,8.750529289245605,-3.5768449306488037,2.5834879875183105
1781032543018611000,18.95761083984375,8.791419982910156,-3.594870090484619,2.414091110229492
1781032543038134300,18.97713427734375,8.821150779724121,-3.6152689456939697,2.270932912826538
1781032543057654500,18.996654541015626,8.841732025146484,-3.6367011070251465,2.153641939163208
1781032543077175300,19.01617529296875,8.856352806091309,-3.654794931411743,2.060944080352783
1781032543096695600,19.035695556640626,8.866388320922852,-3.6665329933166504,1.995919942855835
1781032543116221700,19.0552216796875,8.876173973083496,-3.6654419898986816,1.953989028930664
1781032543135750700,19.074750732421876,8.888483047485352,-3.6490979194641113,1.9284590482711792
1781032543155276800,19.09427685546875,8.90357494354248,-3.616903066635132,1.919469952583313
1781032543174798800,19.113798828125,8.919951438903809,-3.5724809169769287,1.9266140460968018
1781032543194316300,19.13331640625,8.936038970947266,-3.5203709602355957,1.9478739500045776
1781032543213835500,19.15283544921875,8.951921463012695,-3.4635770320892334,1.9765490293502808
1781032543233355800,19.172355712890624,8.963376998901367,-3.4114959239959717,2.014836072921753
1781032543252869000,19.191869140625,8.968941688537598,-3.367403984069824,2.063652992248535
1781032543272386300,19.21138623046875,8.968908309936523,-3.3297340869903564,2.1240429878234863
1781032543291907600,19.230907470703126,8.96131706237793,-3.298935890197754,2.202683925628662
1781032543311430700,19.2504306640625,8.944189071655273,-3.277674913406372,2.3018059730529785
1781032543330955300,19.269955322265623,8.91801929473877,-3.2632100582122803,2.420823097229004
1781032543350479000,19.28947900390625,8.88158893585205,-3.254693031311035,2.5620980262756348
1781032543370007800,19.3090078125,8.8323974609375,-3.2538280487060547,2.7278900146484375
1781032543389536000,19.328535888671876,8.767867088317871,-3.262176990509033,2.9193670749664307
1781032543409064400,19.348064453125,8.689668655395508,-3.2783520221710205,3.127629041671753
1781032543428593400,19.367593505859375,8.59992504119873,-3.2959609031677246,3.3493170738220215
1781032543448119300,19.387119384765626,8.498465538024902,-3.312938928604126,3.583364963531494
1781032543467642000,19.40664208984375,8.388214111328125,-3.323211908340454,3.8254570960998535
1781032543487166500,19.42616650390625,8.270670890808105,-3.322472095489502,4.073966026306152
1781032543506686500,19.4456865234375,8.270670890808105,-3.322472095489502,4.073966026306152
1781032543526206000,19.4652060546875,8.011252403259277,-3.27639102935791,4.5962018966674805
1781032543545731600,19.484731689453124,8.011252403259277,-3.27639102935791,4.5962018966674805
1781032543565256200,19.504256103515626,7.699306011199951,-3.1736690998077393,5.166092872619629
1781032543584780300,19.5237802734375,7.699306011199951,-3.1736690998077393,5.166092872619629
1781032543604305700,19.5433056640625,7.517702102661133,-3.1023359298706055,5.468058109283447
1781032543623832600,19.56283251953125,7.517702102661133,-3.1023359298706055,5.468058109283447
1781032543643354400,19.582354248046876,7.129272937774658,-2.9111249446868896,6.061254978179932
1781032543662874400,19.601874267578125,6.936515808105469,-2.7960379123687744,6.333002090454102
1781032543682400500,19.621400390625,6.754623889923096,-2.676156997680664,6.576718807220459
1781032543701929700,19.6409296875,6.589832782745361,-2.5580170154571533,6.787535190582275
1781032543721455900,19.660455810546875,6.433891773223877,-2.449860095977783,6.974469184875488
1781032543740980500,19.67998046875,6.275410175323486,-2.355868101119995,7.1490631103515625
1781032543760505000,19.699505126953124,6.108191967010498,-2.2772889137268066,7.317372798919678
1781032543780028400,19.7190283203125,5.929076194763184,-2.2115190029144287,7.482995986938477
1781032543799547600,19.738547607421875,5.735279083251953,-2.1534249782562256,7.649138927459717
1781032543819064800,19.75806494140625,5.519451141357422,-2.1003220081329346,7.8207621574401855
1781032543838582000,19.77758203125,5.298721790313721,-2.04666805267334,7.985905170440674
1781032543858104300,19.797104248046875,5.080207824707031,-1.9910269975662231,8.140473365783691
1781032543877629400,19.81662939453125,4.865139961242676,-1.9346779584884644,8.284167289733887
1781032543897154800,19.83615478515625,4.65420389175415,-1.8782730102539062,8.417272567749023
1781032543916678400,19.855678466796874,4.448728084564209,-1.8244010210037231,8.539342880249023
1781032543936199700,19.87519970703125,4.254874229431152,-1.776887059211731,8.647468566894531
1781032543955726800,19.894726806640627,4.07167911529541,-1.7414590120315552,8.742353439331055
1781032543975257000,19.914257080078126,3.9008049964904785,-1.7218799591064453,8.823765754699707
1781032543994785000,19.933784912109374,3.743675947189331,-1.7168070077896118,8.892550468444824
1781032544014309600,19.9533095703125,3.5967979431152344,-1.723433017730713,8.951693534851074
1781032544033833000,19.9728330078125,3.45367693901062,-1.7364200353622437,9.00538444519043
1781032544053352000,19.99235205078125,3.3082969188690186,-1.7510919570922852,9.056977272033691
1781032544072871000,20.011870849609377,3.151196002960205,-1.7649339437484741,9.11015796661377
1781032544092392200,20.03139208984375,2.9823269844055176,-1.777629017829895,9.164375305175781
1781032544111914500,20.05091455078125,2.80861496925354,-1.796496033668518,9.215437889099121
1781032544131440400,20.0704404296875,2.6345510482788086,-1.823403000831604,9.261444091796875
1781032544150967300,20.08996728515625,2.471312999725342,-1.8622219562530518,9.298641204833984
1781032544170495700,20.109495849609374,2.333491086959839,-1.9125629663467407,9.323996543884277
1781032544190024200,20.129024169921873,2.222069025039673,-1.9753739833831787,9.338109970092773
1781032544209543700,20.148543701171874,2.133702039718628,-2.0521600246429443,9.34216022491455
1781032544229063700,20.168063720703124,2.0613598823547363,-2.136841058731079,9.339417457580566
1781032544248588300,20.18758837890625,2.004215955734253,-2.2285659313201904,9.330412864685059
1781032544268109300,20.207109375,1.9542269706726074,-2.323590040206909,9.317828178405762
1781032544287630600,20.226630615234374,1.9012409448623657,-2.418627977371216,9.304595947265625
1781032544307158500,20.246158447265625,1.8466180562973022,-2.507499933242798,9.29206371307373
1781032544326691300,20.26569140625,1.8466180562973022,-2.507499933242798,9.29206371307373
1781032544346222000,20.28522216796875,1.7422319650650024,-2.653956890106201,9.271523475646973
1781032544365750800,20.304750732421876,1.6918189525604248,-2.7105770111083984,9.264476776123047
1781032544385279200,20.324279296875,1.6459139585494995,-2.760528087615967,9.257993698120117
1781032544404807700,20.3438076171875,1.6459139585494995,-2.760528087615967,9.257993698120117
1781032544424337400,20.36333740234375,1.5976359844207764,-2.85111403465271,9.238977432250977
1781032544443864300,20.3828642578125,1.5976359844207764,-2.85111403465271,9.238977432250977
1781032544463390200,20.40239013671875,1.5970269441604614,-2.8918991088867188,9.226398468017578
1781032544482918400,20.42191845703125,1.6148450374603271,-2.928709030151367,9.211673736572266
1781032544502447600,20.441447509765624,1.6540499925613403,-2.960645914077759,9.19449234008789
1781032544521975300,20.460975341796875,1.7155230045318604,-2.983268976211548,9.175896644592285
1781032544541505500,20.480505615234375,1.7897449731826782,-2.993699073791504,9.158306121826172
1781032544561033700,20.50003369140625,1.8750230073928833,-2.990339994430542,9.142328262329102
1781032544580557300,20.519557373046876,1.9678360223770142,-2.9718270301818848,9.128847122192383
1781032544600080600,20.53908056640625,2.0578620433807373,-2.9424350261688232,9.118512153625488
1781032544619598800,20.558598876953123,2.1434059143066406,-2.9069440364837646,9.110186576843262
1781032544639120100,20.5781201171875,2.22381591796875,-2.871877908706665,9.102029800415039
1781032544658645000,20.59764501953125,2.2978479862213135,-2.8420488834381104,9.093000411987305
1781032544678169900,20.617169921875,2.3628740310668945,-2.821589946746826,9.082700729370117
1781032544697695500,20.636695556640625,2.418152093887329,-2.814239978790283,9.07042407989502
1781032544717214700,20.656214599609374,2.471200942993164,-2.8201940059661865,9.054262161254883
1781032544736730600,20.675730712890626,2.5189759731292725,-2.839603900909424,9.03501033782959
1781032544756247300,20.695247314453123,2.5583391189575195,-2.871037006378174,9.013992309570312
1781032544775763000,20.714762939453124,2.5787770748138428,-2.9124350547790527,8.994866371154785
1781032544795283700,20.73428369140625,2.5773870944976807,-2.9612929821014404,8.97929859161377
1781032544814802400,20.753802490234374,2.551297903060913,-3.014441967010498,8.969058990478516
1781032544834316800,20.77331689453125,2.4994330406188965,-3.068660020828247,8.965274810791016
1781032544853834500,20.79283447265625,2.4241080284118652,-3.1210310459136963,8.967880249023438
1781032544873354800,20.812354736328125,2.3287250995635986,-3.170279026031494,8.975876808166504
1781032544892873700,20.831873779296874,2.2262558937072754,-3.2167539596557617,8.985336303710938
1781032544912394000,20.85139404296875,2.121411085128784,-3.2614800930023193,8.994573593139648
1781032544931921000,20.8709208984375,2.01607608795166,-3.3051071166992188,9.002872467041016
1781032544951447300,20.890447265625,1.9108710289001465,-3.3466169834136963,9.010478973388672
1781032544970972400,20.909972412109376,1.803015947341919,-3.3834331035614014,9.018953323364258
1781032544990498800,20.929498779296875,1.6889389753341675,-3.412899971008301,9.029928207397461
1781032545010025000,20.94902490234375,1.5664459466934204,-3.4323511123657227,9.044622421264648
1781032545029549800,20.9685498046875,1.4356369972229004,-3.442028045654297,9.062636375427246
1781032545049077200,20.9880771484375,1.299726963043213,-3.4424030780792236,9.082983016967773
1781032545068609000,21.007609130859375,1.161950945854187,-3.4366860389709473,9.10379409790039
1781032545088138000,21.027137939453127,1.0266400575637817,-3.428596019744873,9.123088836669922
1781032545107660800,21.046660888671877,0.906578004360199,-3.420698881149292,9.13875961303711
1781032545127184400,21.066184326171875,0.8027799725532532,-3.414992094039917,9.150592803955078
1781032545146711300,21.085711181640626,0.8027799725532532,-3.414992094039917,9.150592803955078
1781032545166237200,21.1052373046875,0.7182649970054626,-3.408086061477661,9.160187721252441
1781032545185763300,21.124763427734376,0.6553800106048584,-3.3982419967651367,9.168557167053223
1781032545205287000,21.144286865234374,0.6169340014457703,-3.357012987136841,9.186395645141602
1781032545224811300,21.163811279296876,0.6288279891014099,-3.323530912399292,9.197755813598633
1781032545244338200,21.183338134765624,0.6288279891014099,-3.323530912399292,9.197755813598633
1781032545263865300,21.202865234375,0.6288279891014099,-3.323530912399292,9.197755813598633
1781032545283392500,21.222392578125,0.6700770258903503,-3.221548080444336,9.23106861114502
1781032545302923500,21.241923583984374,0.7071809768676758,-3.154736042022705,9.251352310180664
1781032545322454300,21.261454345703125,0.7483779788017273,-3.0756120681762695,9.274725914001465
1781032545341978000,21.28097802734375,0.79093998670578,-2.984628915786743,9.300881385803223
1781032545361500400,21.30050048828125,0.8252779841423035,-2.892843008041382,9.326863288879395
1781032545381025300,21.320025390625,0.8596270084381104,-2.807908058166504,9.349688529968262
1781032545400550700,21.339550537109375,0.8871380090713501,-2.734179973602295,9.368951797485352
1781032545420078600,21.35907861328125,0.8986899852752686,-2.6762449741363525,9.384565353393555
1781032545439609300,21.378609375,0.8962739706039429,-2.6378509998321533,9.395660400390625
1781032545459137000,21.398136962890625,0.8891519904136658,-2.619215965270996,9.401548385620117
1781032545478658000,21.417657958984375,0.8951290249824524,-2.6109490394592285,9.403280258178711
1781032545498185200,21.437185302734374,0.923812985420227,-2.611259937286377,9.400420188903809
1781032545517716200,21.45671630859375,0.9798930287361145,-2.618546962738037,9.39271068572998
1781032545537246200,21.47624609375,1.0520910024642944,-2.63457989692688,9.380410194396973
1781032545556774400,21.4957744140625,1.1289459466934204,-2.662440061569214,9.363593101501465
1781032545576301300,21.51530126953125,1.2031179666519165,-2.704619884490967,9.342245101928711
1781032545595827200,21.5348271484375,1.2775980234146118,-2.7629499435424805,9.315247535705566
1781032545615354600,21.554354736328126,1.3606369495391846,-2.8371100425720215,9.281135559082031
1781032545634884600,21.573884521484374,1.4744969606399536,-2.9260220527648926,9.236029624938965
1781032545654412000,21.593412109375,1.6356730461120605,-3.0261189937591553,9.176445960998535
1781032545673936100,21.61293603515625,1.8506070375442505,-3.1329751014709473,9.099434852600098
1781032545693460700,21.632460693359373,2.1148691177368164,-3.2425858974456787,9.002941131591797
1781032545712985000,21.651985107421876,2.4050419330596924,-3.3528449535369873,8.888994216918945
1781032545732506600,21.671506591796874,2.69283390045166,-3.463157892227173,8.763286590576172
1781032545752030000,21.691030029296876,2.946368932723999,-3.574573040008545,8.636048316955566
1781032545771555800,21.710555908203126,3.151693105697632,-3.687717914581299,8.51513671875
1781032545791080000,21.730079833984377,3.3130850791931152,-3.8014369010925293,8.40312671661377
1781032545810604000,21.74960400390625,3.4345641136169434,-3.9136579036712646,8.302231788635254
1781032545830132500,21.769132568359375,3.5305678844451904,-4.020317077636719,8.210490226745605
1781032545849658000,21.788658203125,3.621645927429199,-4.1221160888671875,8.119840621948242
1781032545869185300,21.808185302734376,3.7171730995178223,-4.217467784881592,8.027176856994629
1781032545888716800,21.827716796875,3.815541982650757,-4.309416770935059,7.9316182136535645
1781032545908248000,21.847248046875,3.9141619205474854,-4.400924205780029,7.832699775695801
1781032545927781000,21.866781005859377,4.013232231140137,-4.492862224578857,7.7296929359436035
1781032545947310800,21.886310791015624,4.112757205963135,-4.579789161682129,7.625662803649902
1781032545966838500,21.905838623046876,4.203527927398682,-4.657625198364258,7.528404235839844
1781032545986370300,21.925370361328124,4.203527927398682,-4.657625198364258,7.528404235839844
1781032546005901800,21.94490185546875,4.283877849578857,-4.723597049713135,7.441504955291748
1781032546025432000,21.96443212890625,4.440484046936035,-4.802529811859131,7.297793865203857
1781032546044958000,21.9839580078125,4.514227867126465,-4.814586162567139,7.244410991668701
1781032546064484400,22.003484375,4.514227867126465,-4.814586162567139,7.244410991668701
1781032546084016600,22.0230166015625,4.514227867126465,-4.814586162567139,7.244410991668701
1781032546103547000,22.042546875,4.624725818634033,-4.800317764282227,7.183929920196533
1781032546123071700,22.06207177734375,4.654078006744385,-4.778404235839844,7.179582118988037
1781032546142594800,22.0815947265625,4.6713972091674805,-4.744147777557373,7.191043853759766
1781032546162119000,22.101118896484376,4.68387508392334,-4.693451881408691,7.216148853302002
1781032546181646300,22.120646240234375,4.6969828605651855,-4.625255107879639,7.251575946807861
1781032546201171700,22.140171630859374,4.706709861755371,-4.544012069702148,7.296494007110596
1781032546220693000,22.15969287109375,4.708133220672607,-4.450682163238525,7.352883815765381
1781032546240218000,22.179218017578126,4.6846418380737305,-4.349245071411133,7.428202152252197
1781032546259742700,22.19874267578125,4.623191833496094,-4.244144916534424,7.526838779449463
1781032546279264300,22.21826416015625,4.514472007751465,-4.136791229248047,7.6515679359436035
1781032546298783500,22.237783447265624,4.354286193847656,-4.025784969329834,7.802131175994873
1781032546318303700,22.2573037109375,4.147936820983887,-3.9074161052703857,7.972873210906982
1781032546337832200,22.276832275390625,3.9148309230804443,-3.7764289379119873,8.151850700378418
1781032546357357600,22.296357666015624,3.6813600063323975,-3.631596088409424,8.324607849121094
1781032546376880400,22.31588037109375,3.465142011642456,-3.4772629737854004,8.481828689575195
1781032546396407600,22.335407470703124,3.2681620121002197,-3.317913055419922,8.622676849365234
1781032546415934500,22.3549345703125,3.090579032897949,-3.158092975616455,8.747271537780762
1781032546435454200,22.3744541015625,2.929908037185669,-3.0022599697113037,8.8567533493042
1781032546454972200,22.39397216796875,2.775926113128662,-2.8514480590820312,8.955639839172363
1781032546474494200,22.413494140625,2.6151459217071533,-2.70119309425354,9.050113677978516
1781032546494017800,22.433017822265626,2.4397430419921875,-2.545677900314331,9.143696784973145
1781032546513544200,22.452544189453125,2.2621049880981445,-2.3818540573120117,9.233074188232422
1781032546533072400,22.472072265625,2.090895891189575,-2.2097489833831787,9.315855026245117
1781032546552600600,22.4916005859375,1.9426029920578003,-2.0322370529174805,9.388092994689941
1781032546572126200,22.511126220703126,1.826774001121521,-1.856099009513855,9.447633743286133
1781032546591651000,22.530651123046876,1.761659026145935,-1.6919469833374023,9.490726470947266
1781032546611175000,22.5501748046875,1.7447079420089722,-1.546059012413025,9.51870346069336
1781032546630696200,22.5696962890625,1.7650539875030518,-1.421731948852539,9.534320831298828
1781032546650221800,22.589221923828124,1.8152459859848022,-1.320942997932434,9.539392471313477
1781032546669751600,22.60875146484375,1.876567006111145,-1.2456380128860474,9.537656784057617
1781032546689279200,22.628279296875,1.9445019960403442,-1.1928290128707886,9.53079605102539
1781032546708806400,22.647806396484373,2.0054800510406494,-1.1598789691925049,9.522223472595215
1781032546728335000,22.667335205078125,2.059436082839966,-1.1446599960327148,9.512542724609375
1781032546747862000,22.686862060546876,2.1038269996643066,-1.1452380418777466,9.502754211425781
1781032546767387000,22.706386962890626,2.1287269592285156,-1.1569440364837646,9.495789527893066
1781032546786914600,22.72591455078125,2.1285998821258545,-1.1722710132598877,9.493936538696289
1781032546806445800,22.74544580078125,2.1285998821258545,-1.1722710132598877,9.493936538696289
1781032546825974800,22.764974853515625,1.9993319511413574,-1.19383704662323,9.519317626953125
1781032546845502200,22.784502197265624,1.8653759956359863,-1.1939220428466797,9.54646110534668
1781032546865032400,22.804032470703124,1.8653759956359863,-1.1939220428466797,9.54646110534668
1781032546884560000,22.823559814453127,1.6877570152282715,-1.18675696849823,9.580348014831543
1781032546904086300,22.843086181640626,1.258754014968872,-1.161890983581543,9.64912223815918
1781032546923614500,22.862614501953125,1.258754014968872,-1.161890983581543,9.64912223815918
1781032546943145000,22.88214501953125,1.0438679456710815,-1.1565070152282715,9.675372123718262
1781032546962677000,22.901677001953125,0.842441976070404,-1.1616690158843994,9.69437026977539
1781032546982208800,22.921208740234373,0.6615250110626221,-1.1796549558639526,9.70622444152832
1781032547001735000,22.94073486328125,0.5053470134735107,-1.2120850086212158,9.711615562438965
1781032547021257200,22.96025732421875,0.3855629861354828,-1.2590229511260986,9.711138725280762
1781032547040777700,22.97977783203125,0.3057419955730438,-1.3226350545883179,9.705522537231445
1781032547060298800,22.999298828125,0.26230600476264954,-1.4020659923553467,9.695637702941895
1781032547079825200,23.0188251953125,0.2563839852809906,-1.5002139806747437,9.681097030639648
1781032547099352300,23.038352294921875,0.2839770019054413,-1.6180930137634277,9.661320686340332
1781032547118879700,23.057879638671874,0.3313699960708618,-1.7531019449234009,9.636224746704102
1781032547138408000,23.077407958984374,0.3840790092945099,-1.9011180400848389,9.606155395507812
1781032547157932800,23.096932861328124,0.43827399611473083,-2.056701898574829,9.571723937988281
1781032547177461200,23.116461181640624,0.48988398909568787,-2.212388038635254,9.534431457519531
1781032547196989000,23.135989013671875,0.5329899787902832,-2.3589301109313965,9.49691390991211
1781032547216517600,23.155517578125,0.566448986530304,-2.4911561012268066,9.461145401000977
1781032547236051700,23.1750517578125,0.5960720181465149,-2.604851007461548,9.42864990234375
1781032547255584500,23.19458447265625,0.621628999710083,-2.698138952255249,9.400724411010742
1781032547275111400,23.214111328125,0.643140971660614,-2.771127939224243,9.37801742553711
1781032547294639600,23.2336396484375,0.659857988357544,-2.824275016784668,9.36098575592041
1781032547314171000,23.2531708984375,0.670727014541626,-2.859553098678589,9.349495887756348
1781032547333703400,23.272703369140626,0.6754090189933777,-2.8799490928649902,9.342896461486816
1781032547353235000,23.29223486328125,0.6775829792022705,-2.889799118041992,9.33969783782959
1781032547372759800,23.311759765625,0.6898080110549927,-2.894087076187134,9.33747386932373
1781032547392280800,23.33128076171875,0.7261549830436707,-2.8977580070495605,9.333579063415527
1781032547411803400,23.350803466796876,0.8093510270118713,-2.907723903656006,9.323631286621094
1781032547431332000,23.37033203125,0.9424399733543396,-2.9257750511169434,9.305462837219238
1781032547450868500,23.389868408203125,1.127616047859192,-2.9529879093170166,9.276224136352539
1781032547470404400,23.409404296875,1.3587449789047241,-2.986469030380249,9.234436988830566
1781032547489933300,23.428933349609373,1.6187150478363037,-3.0220940113067627,9.180779457092285
1781032547509459500,23.44845947265625,1.8918850421905518,-3.0577340126037598,9.116524696350098
1781032547528982500,23.467982421875,2.152601957321167,-3.0872669219970703,9.048484802246094
1781032547548507000,23.4875068359375,2.397495985031128,-3.1116459369659424,8.978288650512695
1781032547568031200,23.50703125,2.6207799911499023,-3.130974054336548,8.90890121459961
1781032547587554300,23.52655419921875,2.8213419914245605,-3.1471219062805176,8.841699600219727
1781032547607075600,23.54607568359375,2.993165969848633,-3.1628050804138184,8.779387474060059
1781032547626596900,23.565596923828124,2.993165969848633,-3.1628050804138184,8.779387474060059
1781032547646120200,23.5851201171875,3.133018970489502,-3.178014039993286,8.724930763244629
1781032547665643800,23.604643798828125,3.3166420459747314,-3.2073280811309814,8.645977973937988
1781032547685167900,23.62416796875,3.3166420459747314,-3.2073280811309814,8.645977973937988
1781032547704695000,23.643695068359374,3.3530290126800537,-3.216801881790161,8.628405570983887
1781032547724217300,23.66321728515625,3.321981906890869,-3.217941999435425,8.639981269836426
1781032547743739600,23.68273974609375,3.321981906890869,-3.217941999435425,8.639981269836426
1781032547763266800,23.702266845703125,3.2682080268859863,-3.20784592628479,8.664210319519043
1781032547782796300,23.72179638671875,3.1951100826263428,-3.1922199726104736,8.697183609008789
1781032547802327000,23.7413271484375,3.102786064147949,-3.1733250617980957,8.737431526184082
1781032547821858000,23.760858154296876,3.0019030570983887,-3.155019998550415,8.779203414916992
1781032547841387800,23.7803876953125,2.8930630683898926,-3.1402249336242676,8.820951461791992
1781032547860914200,23.7999140625,2.77691388130188,-3.129434108734131,8.862019538879395
1781032547880439600,23.819439453125,2.650502920150757,-3.1255440711975098,8.902010917663574
1781032547899967700,23.8389677734375,2.514615058898926,-3.1287589073181152,8.940223693847656
1781032547919497000,23.8584970703125,2.3691558837890625,-3.1390180587768555,8.976283073425293
1781032547939027700,23.87802783203125,2.21390700340271,-3.1564879417419434,9.009726524353027
1781032547958558000,23.897557861328124,2.049916982650757,-3.181020975112915,9.0398530960083
1781032547978087000,23.9170869140625,1.87943696975708,-3.21199893951416,9.065913200378418
1781032547997615000,23.936614990234375,1.712520956993103,-3.2471439838409424,9.08643627166748
1781032548017143300,23.956143310546874,1.560562014579773,-3.2831289768218994,9.100863456726074
1781032548036674300,23.97567431640625,1.4278639554977417,-3.316992998123169,9.110365867614746
1781032548056209700,23.995209716796875,1.3186110258102417,-3.3470458984375,9.115840911865234
1781032548075743200,24.0147431640625,1.233747959136963,-3.373476028442383,9.117977142333984
1781032548095269400,24.034269287109375,1.1729400157928467,-3.39664888381958,9.117399215698242
1781032548114791400,24.05379150390625,1.1273820400238037,-3.4177699089050293,9.115254402160645
1781032548134313500,24.0733134765625,1.089359998703003,-3.437544107437134,9.112442016601562
1781032548153841000,24.0928408203125,1.0604280233383179,-3.4553630352020264,9.109114646911621
1781032548173368800,24.112368896484377,1.0414979457855225,-3.4700019359588623,9.105731964111328
1781032548192892700,24.131892578125,1.0322370529174805,-3.4785969257354736,9.103507041931152
1781032548212415000,24.1514150390625,1.0298219919204712,-3.477315902709961,9.104270935058594
1781032548231937500,24.1709375,1.0335520505905151,-3.4624381065368652,9.109516143798828
1781032548251459300,24.190459228515625,1.0344150066375732,-3.4339749813079834,9.120186805725098
1781032548270981600,24.209981689453127,1.0280619859695435,-3.392483949661255,9.136418342590332
1781032548290507800,24.2295078125,1.021103024482727,-3.3421359062194824,9.155734062194824
1781032548310035200,24.24903515625,1.0099869966506958,-3.287674903869629,9.176660537719727
1781032548329565200,24.268565185546876,0.9959239959716797,-3.2331230640411377,9.197555541992188
1781032548349096400,24.288096435546876,0.9755290150642395,-3.1848409175872803,9.216567993164062
1781032548368620800,24.307620849609375,0.9549660086631775,-3.1449389457702637,9.23240852355957
1781032548388143600,24.3271435546875,0.9399539828300476,-3.114108085632324,9.244393348693848
1781032548407667500,24.34666748046875,0.9291849732398987,-3.0886878967285156,9.254006385803223
1781032548427186200,24.366186279296876,0.9400500059127808,-3.066132068634033,9.260405540466309
1781032548446707700,24.385707763671874,0.9400500059127808,-3.066132068634033,9.260405540466309
1781032548466235100,24.405235107421873,0.990559995174408,-3.0472381114959717,9.261378288269043
1781032548485758000,24.424758056640623,1.2286779880523682,-3.0156428813934326,9.243172645568848
1781032548505275100,24.444275146484376,1.4127429723739624,-3.0047268867492676,9.220399856567383
1781032548524798700,24.463798828125,1.6341619491577148,-2.9999470710754395,9.18530559539795
1781032548544324400,24.483324462890625,1.6341619491577148,-2.9999470710754395,9.18530559539795
1781032548563842800,24.5028427734375,1.6341619491577148,-2.9999470710754395,9.18530559539795
1781032548583362600,24.522362548828124,2.0920979976654053,-3.0176730155944824,9.086075782775879
1781032548602888000,24.541887939453126,2.2978909015655518,-3.0376839637756348,9.02951717376709
1781032548622414600,24.56141455078125,2.4748311042785645,-3.0680301189422607,8.972312927246094
1781032548641939700,24.580939697265624,2.6202468872070312,-3.1096279621124268,8.91653060913086
1781032548661463600,24.600463623046874,2.7381949424743652,-3.162022113800049,8.862499237060547
1781032548680990000,24.619989990234377,2.8394880294799805,-3.2208669185638428,8.809274673461914
1781032548700516400,24.639516357421876,2.925565004348755,-3.2874159812927246,8.756366729736328
1781032548720039700,24.659039794921874,3.006427049636841,-3.358752965927124,8.701733589172363
1781032548739566000,24.678566162109377,3.088824987411499,-3.4314239025115967,8.644331932067871
1781032548759091700,24.698091796875,3.169274091720581,-3.502897024154663,8.586350440979004
1781032548778615600,24.717615478515626,3.235258102416992,-3.5724709033966064,8.532910346984863
1781032548798136000,24.737135986328123,3.287497043609619,-3.6389920711517334,8.484697341918945
1781032548817659100,24.7566591796875,3.3273210525512695,-3.702230930328369,8.441706657409668
1781032548837184000,24.77618408203125,3.3571839332580566,-3.7627110481262207,8.403054237365723
1781032548856707800,24.795707763671874,3.386523962020874,-3.819938898086548,8.365376472473145
1781032548876238300,24.81523828125,3.419456958770752,-3.8741159439086914,8.32697582244873
1781032548895772400,24.8347724609375,3.4649910926818848,-3.924381971359253,8.284506797790527
1781032548915303000,24.854302978515626,3.5257620811462402,-3.9686279296875,8.237654685974121
1781032548934831000,24.8738310546875,3.6023550033569336,-4.003888130187988,8.187301635742188
1781032548954361000,24.893361083984374,3.692086935043335,-4.029727935791016,8.134481430053711
1781032548973891600,24.9128916015625,3.7888810634613037,-4.047163009643555,8.081141471862793
1781032548993420000,24.932419921875,3.8936591148376465,-4.058070182800293,8.025675773620605
1781032549012949000,24.951948974609376,4.002564907073975,-4.06345796585083,7.969178199768066
1781032549032476700,24.9714765625,4.106191158294678,-4.065708160400391,7.91512393951416
1781032549052001500,24.99100146484375,4.189726829528809,-4.068091869354248,7.869993209838867
1781032549071530000,25.010530029296874,4.251000881195068,-4.0709099769592285,7.8356032371521
1781032549091064300,25.030064208984374,4.288455009460449,-4.075230121612549,7.812914848327637
1781032549110599200,25.04959912109375,4.297791004180908,-4.079678058624268,7.805459022521973
1781032549130128100,25.069128173828126,4.28004789352417,-4.083456039428711,7.813230037689209
1781032549149655300,25.0886552734375,4.250267028808594,-4.08123779296875,7.830626964569092
1781032549169186600,25.1081865234375,4.223310947418213,-4.071533203125,7.850238800048828
1781032549188716500,25.127716552734373,4.203348159790039,-4.051148891448975,7.871469974517822
1781032549208240000,25.147240234375,4.183837890625,-4.010179042816162,7.902781963348389
1781032549227765500,25.166765625,4.157873153686523,-3.9476490020751953,7.947840213775635
1781032549247295000,25.186294921875,4.118391036987305,-3.861828088760376,8.010313034057617
1781032549266825000,25.205824951171873,4.05170202255249,-3.754815101623535,8.094756126403809
1781032549286358500,25.225358642578126,4.05170202255249,-3.754815101623535,8.094756126403809
1781032549305895000,25.24489501953125,3.952301025390625,-3.623966932296753,8.202814102172852
1781032549325426700,25.2644267578125,3.815423011779785,-3.4712140560150146,8.332658767700195
1781032549344952000,25.2839521484375,3.4529941082000732,-3.125731945037842,8.622448921203613
1781032549364474000,25.30347412109375,3.4529941082000732,-3.125731945037842,8.622448921203613
1781032549383996000,25.322995849609374,3.4529941082000732,-3.125731945037842,8.622448921203613
1781032549403519000,25.34251904296875,3.0316929817199707,-2.7447049617767334,8.90592098236084
1781032549423044900,25.362044921875,2.8136720657348633,-2.5518980026245117,9.033884048461914
1781032549442572000,25.381572021484374,2.597412109375,-2.363205909729004,9.149246215820312
1781032549462097200,25.40109716796875,2.3867380619049072,-2.1822540760040283,9.25101375579834
1781032549481623000,25.420623046875,2.1830859184265137,-2.013021945953369,9.339265823364258
1781032549501150000,25.44014990234375,1.983605980873108,-1.852713942527771,9.416621208190918
1781032549520675600,25.459675537109376,1.7895100116729736,-1.703348994255066,9.48347282409668
1781032549540204500,25.47920458984375,1.6016069650650024,-1.564560055732727,9.540807723999023
1781032549559734000,25.498734130859376,1.4257700443267822,-1.4322689771652222,9.58935832977295
1781032549579261700,25.51826171875,1.2609299421310425,-1.303015947341919,9.630793571472168
1781032549598787000,25.537787109375,1.1058679819107056,-1.1757700443267822,9.666157722473145
1781032549618311400,25.5573115234375,0.9612330198287964,-1.0527499914169312,9.695758819580078
1781032549637836800,25.5768369140625,0.8276249766349792,-0.9378319978713989,9.719850540161133
1781032549657365800,25.59636572265625,0.713886022567749,-0.8347650170326233,9.738250732421875
1781032549676896800,25.615896728515626,0.6127099990844727,-0.7479040026664734,9.752191543579102
1781032549696429000,25.635428955078126,0.5245779752731323,-0.6792799830436707,9.762345314025879
1781032549715960600,25.654960693359374,0.4506950080394745,-0.627826988697052,9.769477844238281
1781032549735490000,25.674489990234374,0.38954299688339233,-0.590304970741272,9.774445533752441
1781032549755020300,25.694020263671874,0.3360700011253357,-0.5627310276031494,9.778057098388672
1781032549774551600,25.713551513671874,0.27688801288604736,-0.5428599715232849,9.781034469604492
1781032549794078500,25.733078369140625,0.209197998046875,-0.5325739979743958,9.783281326293945
1781032549813602300,25.752602294921875,0.14074499905109406,-0.5434079766273499,9.783909797668457
1781032549833127400,25.77212744140625,0.08083099871873856,-0.5773959755897522,9.782641410827637
1781032549852655600,25.791655517578125,0.03133099898695946,-0.6372069716453552,9.77921199798584
1781032549872181500,25.811181396484375,-0.002348999958485365,-0.7240899801254272,9.773212432861328
1781032549891704300,25.830704345703126,-0.015225999988615513,-0.837369978427887,9.76414680480957
1781032549911232300,25.850232177734377,-0.005086999852210283,-0.9717410206794739,9.751702308654785
1781032549930760000,25.869760009765624,0.020865000784397125,-1.1124989986419678,9.736626625061035
1781032549950281000,25.889281005859374,0.053996000438928604,-1.256579041481018,9.718955039978027
1781032549969802800,25.908802734375,0.10027100145816803,-1.395982027053833,9.699545860290527
1781032549989332200,25.928332275390623,0.16053800284862518,-1.5286649465560913,9.678709030151367
1781032550008861400,25.947861328125,0.23487000167369843,-1.650236964225769,9.65720272064209
1781032550028387300,25.96738720703125,0.32360899448394775,-1.7580939531326294,9.635579109191895
1781032550047914000,25.9869140625,0.4250119924545288,-1.8500930070877075,9.614391326904297
1781032550067445500,26.006445556640625,0.5368980169296265,-1.9244329929351807,9.5941801071167
1781032550086976000,26.02597607421875,0.6515700221061707,-1.9866009950637817,9.574385643005371
1781032550106504000,26.04550390625,0.6515700221061707,-1.9866009950637817,9.574385643005371
1781032550126035500,26.065035400390624,0.7688959836959839,-2.0394809246063232,9.554544448852539
1781032550145564200,26.084564208984375,0.8861910104751587,-2.08878493309021,9.533709526062012
1781032550165086200,26.104086181640625,1.0996170043945312,-2.203824043273926,9.48546314239502
1781032550184608300,26.123608154296875,1.1972689628601074,-2.2789149284362793,9.455849647521973
1781032550204132000,26.143132080078125,1.1972689628601074,-2.2789149284362793,9.455849647521973
1781032550223658800,26.16265869140625,1.2899889945983887,-2.3683218955993652,9.421623229980469
1781032550243186400,26.1821865234375,1.3754860162734985,-2.466878890991211,9.384163856506348
1781032550262711000,26.2017109375,1.4540849924087524,-2.5680789947509766,9.345085144042969
1781032550282236000,26.22123583984375,1.5317529439926147,-2.664393901824951,9.305628776550293
1781032550301760300,26.24076025390625,1.6107879877090454,-2.7517149448394775,9.266791343688965
1781032550321284600,26.26028466796875,1.6892019510269165,-2.8264710903167725,9.230257034301758
1781032550340817000,26.27981689453125,1.7652779817581177,-2.8892199993133545,9.196531295776367
1781032550360348000,26.299347900390625,1.8386750221252441,-2.9425530433654785,9.165186882019043
1781032550379874000,26.3188740234375,1.9099090099334717,-2.9883370399475098,9.135758399963379
1781032550399403000,26.338403076171875,1.9787100553512573,-3.026953935623169,9.10836124420166
1781032550418932000,26.357931884765627,2.0372469425201416,-3.057568073272705,9.08520221710205
1781032550438456000,26.3774560546875,2.0863759517669678,-3.0785460472106934,9.066950798034668
1781032550457982500,26.396982421875,2.127048969268799,-3.088613986968994,9.054065704345703
1781032550477513200,26.41651318359375,2.161505937576294,-3.0886330604553223,9.04589557647705
1781032550497046300,26.43604638671875,2.193737030029297,-3.08154296875,9.040553092956543
1781032550516578000,26.455578125,2.2285239696502686,-3.0710771083831787,9.035605430603027
1781032550536107000,26.47510693359375,2.2738709449768066,-3.061081886291504,9.027695655822754
1781032550555634700,26.494634765625,2.3264949321746826,-3.053999900817871,9.016679763793945
1781032550575159300,26.5141591796875,2.381937026977539,-3.0497419834136963,9.003634452819824
1781032550594684400,26.533684326171876,2.432681083679199,-3.04805588722229,8.990629196166992
1781032550614210800,26.5532109375,2.470371961593628,-3.049734115600586,8.979775428771973
1781032550633741300,26.5727412109375,2.4906580448150635,-3.0563080310821533,8.971935272216797
1781032550653269500,26.59226953125,2.492624044418335,-3.0696849822998047,8.966819763183594
1781032550672792300,26.611792236328125,2.4779250621795654,-3.0923209190368652,8.963114738464355
1781032550692316400,26.63131640625,2.450676918029785,-3.12585711479187,8.958972930908203
1781032550711840500,26.650840576171873,2.4114410877227783,-3.1690309047698975,8.954450607299805
1781032550731366400,26.670366455078124,2.3620500564575195,-3.2195420265197754,8.94959545135498
1781032550750891300,26.689891357421875,2.302802085876465,-3.2731590270996094,8.945587158203125
1781032550770412500,26.70941259765625,2.2346858978271484,-3.3265058994293213,8.943183898925781
1781032550789935900,26.728935791015626,2.155910015106201,-3.3741629123687744,8.94466781616211
1781032550809462300,26.748462158203125,2.0660688877105713,-3.412976026535034,8.951142311096191
1781032550828988000,26.76798779296875,1.9715100526809692,-3.4433929920196533,8.960814476013184
1781032550848511200,26.78751123046875,1.8785769939422607,-3.4657299518585205,8.972160339355469
1781032550868039200,26.8070390625,1.791388988494873,-3.4814229011535645,8.983908653259277
1781032550887571200,26.8265712890625,1.7098020315170288,-3.4904088973999023,8.99631118774414
1781032550907101200,26.84610107421875,1.6389449834823608,-3.492530107498169,9.008667945861816
1781032550926627600,26.865627685546876,1.6389449834823608,-3.492530107498169,9.008667945861816
1781032550946154000,26.885154052734375,1.5863189697265625,-3.4806969165802,9.02265739440918
1781032550965676500,26.904676513671873,1.553486943244934,-3.45051908493042,9.039944648742676
1781032550985199000,26.92419921875,1.5362000465393066,-3.402596950531006,9.061038970947266
1781032551004728000,26.94372802734375,1.522560954093933,-3.349890947341919,9.082951545715332
1781032551024257500,26.963257568359374,1.5204479694366455,-3.2966320514678955,9.102770805358887
1781032551043786000,26.982785888671874,1.539937973022461,-3.2161130905151367,9.128263473510742
1781032551063314200,27.002314208984377,1.539937973022461,-3.2161130905151367,9.128263473510742
1781032551082843400,27.021843505859376,1.5541249513626099,-3.202807903289795,9.130537986755371
1781032551102374700,27.041374755859376,1.5703309774398804,-3.2070350646972656,9.126279830932617
1781032551121901600,27.060901611328124,1.5919549465179443,-3.216480016708374,9.119206428527832
1781032551141431800,27.080431884765623,1.6087640523910522,-3.2277579307556152,9.11227035522461
1781032551160960000,27.0999599609375,1.6210819482803345,-3.2370638847351074,9.106783866882324
1781032551180488400,27.119488525390626,1.6324069499969482,-3.2445929050445557,9.102079391479492
1781032551200022500,27.1390224609375,1.6584060192108154,-3.250185012817383,9.095382690429688
1781032551219548400,27.15854833984375,1.714563012123108,-3.25386905670166,9.08364486694336
1781032551239066400,27.17806640625,1.8105390071868896,-3.2532529830932617,9.065223693847656
1781032551258587400,27.19758740234375,1.9437390565872192,-3.246232032775879,9.040124893188477
1781032551278111700,27.21711181640625,2.1076879501342773,-3.23169207572937,9.008541107177734
1781032551297631200,27.23663134765625,2.286470890045166,-3.211946964263916,8.971924781799316
1781032551317151000,27.25615087890625,2.4538369178771973,-3.1877920627593994,8.93625545501709
1781032551336678000,27.275677978515624,2.5966858863830566,-3.1616098880767822,8.905136108398438
1781032551356206300,27.295206298828123,2.698514938354492,-3.1353659629821777,8.884116172790527
1781032551375731000,27.31473095703125,2.7586870193481445,-3.113046884536743,8.8734769821167
1781032551395255600,27.334255615234376,2.781351089477539,-3.0986499786376953,8.871439933776855
1781032551414780700,27.35378076171875,2.7854809761047363,-3.09197998046875,8.872471809387207
1781032551434305800,27.373305908203125,2.7948999404907227,-3.094604969024658,8.868593215942383
1781032551453833700,27.392833740234376,2.812074899673462,-3.1069018840789795,8.858859062194824
1781032551473361000,27.41236083984375,2.8446290493011475,-3.128024101257324,8.84101390838623
1781032551492886000,27.431885986328126,2.8930819034576416,-3.156161069869995,8.815255165100098
1781032551512407300,27.4514072265625,2.952392101287842,-3.1895499229431152,8.783516883850098
1781032551531927000,27.470927001953125,3.0086870193481445,-3.230617046356201,8.749338150024414
1781032551551448000,27.490447998046875,3.047718048095703,-3.2795770168304443,8.71755599975586
1781032551570973200,27.50997314453125,3.1351099014282227,-3.4922540187835693,8.603211402893066
1781032551649085000,27.5880849609375,3.170768976211548,-3.530503988265991,8.574482917785645
1781032551668608800,27.60760888671875,3.219059944152832,-3.5529990196228027,8.547154426574707
1781032551688128300,27.627128173828126,3.2794179916381836,-3.5537569522857666,8.5238618850708
1781032551707641000,27.64664111328125,3.3472371101379395,-3.540026903152466,8.503189086914062
1781032551727148500,27.6661484375,3.4236059188842773,-3.512407064437866,8.48421573638916
1781032551746657000,27.685656982421875,3.508634090423584,-3.4715089797973633,8.466292381286621
1781032551766171000,27.7051708984375,3.593406915664673,-3.418919086456299,8.45212459564209
1781032551785687800,27.724687744140624,3.593406915664673,-3.418919086456299,8.45212459564209
1781032551805207800,27.744207763671874,3.7277839183807373,-3.2945048809051514,8.443331718444824
1781032551824726500,27.7637265625,3.758327007293701,-3.2317440509796143,8.45404052734375
1781032551844245500,27.78324560546875,3.758327007293701,-3.2317440509796143,8.45404052734375
1781032551863766000,27.80276611328125,3.7596840858459473,-3.1703569889068604,8.476651191711426
1781032551883282700,27.82228271484375,3.7314159870147705,-3.1103880405426025,8.511287689208984
1781032551902798800,27.841798828125,3.6824870109558105,-3.047700881958008,8.555161476135254
1781032551922319400,27.8613193359375,3.621551990509033,-2.980031967163086,8.60486888885498
1781032551941838300,27.88083837890625,3.5579490661621094,-2.903549909591675,8.657389640808105
1781032551961360100,27.900360107421875,3.507970094680786,-2.8169209957122803,8.706267356872559
1781032551980887300,27.91988720703125,3.4740259647369385,-2.7191920280456543,8.750835418701172
1781032552000408300,27.939408203125,3.4575259685516357,-2.609550952911377,8.790663719177246
1781032552019932000,27.958931884765626,3.448340892791748,-2.490755081176758,8.828651428222656
1781032552039461000,27.978461181640625,3.4360530376434326,-2.3643860816955566,8.868102073669434
1781032552058986000,27.997986083984376,3.420525074005127,-2.2348639965057373,8.90760326385498
1781032552078506200,28.01750634765625,3.3981540203094482,-2.1053900718688965,8.947617530822754
1781032552098026200,28.037026123046875,3.3704919815063477,-1.9783439636230469,8.98698616027832
1781032552117546500,28.05654638671875,3.3400979042053223,-1.8554699420928955,9.02446460723877
1781032552137070300,28.0760703125,3.3144640922546387,-1.736070990562439,9.05761432647705
1781032552156596000,28.095595947265625,3.3045289516448975,-1.6180130243301392,9.083066940307617
1781032552176122000,28.1151220703125,3.307837963104248,-1.4971940517425537,9.102561950683594
1781032552195647500,28.1346474609375,3.3164310455322266,-1.369022011756897,9.119597434997559
1781032552215167700,28.154167724609376,3.3245348930358887,-1.2310149669647217,9.13630485534668
1781032552234689500,28.173689453125,3.326992988586426,-1.0829559564590454,9.154141426086426
1781032552254217500,28.193217529296874,3.3154890537261963,-0.9279959797859192,9.175312995910645
1781032552273746200,28.21274609375,3.2903239727020264,-0.771344006061554,9.198846817016602
1781032552293272800,28.23227294921875,3.253890037536621,-0.6259739995002747,9.222817420959473
1781032552312801500,28.251801513671875,3.2070419788360596,-0.4982360005378723,9.246978759765625
1781032552332328400,28.271328369140626,3.150365114212036,-0.39441999793052673,9.271441459655762
1781032552351856000,28.290856201171874,3.0849080085754395,-0.32137200236320496,9.296238899230957
1781032552371382800,28.3103828125,3.0219619274139404,-0.28411000967025757,9.31810188293457
1781032552390904600,28.329904541015626,2.960858106613159,-0.28300899267196655,9.33773136138916
1781032552410423800,28.349423828125,2.9002480506896973,-0.30917200446128845,9.355905532836914
1781032552429945600,28.368945556640625,2.83923602104187,-0.3605850040912628,9.372764587402344
1781032552449471500,28.388471435546876,2.7753469944000244,-0.43370699882507324,9.388788223266602
1781032552468995300,28.407995361328126,2.7076189517974854,-0.5234760046005249,9.403976440429688
1781032552488515600,28.427515625,2.62888503074646,-0.6262519955635071,9.420019149780273
1781032552508037400,28.447037353515626,2.548072099685669,-0.7403429746627808,9.433939933776855
1781032552527561500,28.4665615234375,2.465632915496826,-0.8659489750862122,9.445146560668945
1781032552547084800,28.486084716796874,2.384044885635376,-1.0030909776687622,9.452520370483398
1781032552566603500,28.505603515625,2.31638503074646,-1.1502809524536133,9.452577590942383
1781032552586121000,28.525120849609376,2.31638503074646,-1.1502809524536133,9.452577590942383
1781032552605643300,28.544643310546874,2.2546029090881348,-1.4617619514465332,9.4244384765625
1781032552625170200,28.564170166015625,2.2546029090881348,-1.4617619514465332,9.4244384765625
1781032552644697000,28.583697021484376,2.268026113510132,-1.7588800191879272,9.370293617248535
1781032552664223500,28.603223388671875,2.268026113510132,-1.7588800191879272,9.370293617248535
1781032552683752000,28.622751953125,2.3015809059143066,-1.8838529586791992,9.337762832641602
1781032552703281400,28.642281494140626,2.3513081073760986,-1.9865399599075317,9.304031372070312
1781032552722809900,28.661809814453125,2.4086060523986816,-2.0668818950653076,9.271818161010742
1781032552742343000,28.681343017578126,2.47884202003479,-2.126171112060547,9.239845275878906
1781032552761875200,28.700875244140626,2.563793897628784,-2.171875,9.205971717834473
1781032552781404000,28.72040380859375,2.667275905609131,-2.2074379920959473,9.168034553527832
1781032552800931600,28.739931640625,2.7867839336395264,-2.241349935531616,9.124154090881348
1781032552820458500,28.75945849609375,2.914185047149658,-2.277956962585449,9.075154304504395
1781032552839984000,28.778984130859374,3.045959949493408,-2.3192670345306396,9.021259307861328
1781032552859512000,28.798511962890625,3.1800670623779297,-2.364345073699951,8.963093757629395
1781032552879039200,28.818039306640625,3.307771921157837,-2.4123570919036865,8.903885841369629
1781032552898562600,28.8375625,3.4295599460601807,-2.4663219451904297,8.842814445495605
1781032552918086400,28.85708642578125,3.538857936859131,-2.529473066329956,8.781700134277344
1781032552937612500,28.876612548828124,3.6329190731048584,-2.600255012512207,8.722417831420898
1781032552957138000,28.896137939453126,3.7170279026031494,-2.676110029220581,8.663840293884277
1781032552976663300,28.915663330078125,3.7776620388031006,-2.753041982650757,8.613362312316895
1781032552996188700,28.935188720703124,3.8235809803009033,-2.8293609619140625,8.568252563476562
1781032553015716400,28.95471630859375,3.855354070663452,-2.8982269763946533,8.530915260314941
1781032553035243500,28.974243408203126,3.8794960975646973,-2.9541258811950684,8.500743865966797
1781032553054771500,28.993771484375,3.899857997894287,-2.99692702293396,8.476409912109375
1781032553074305500,29.013305419921874,3.9147799015045166,-3.0273120403289795,8.45871639251709
1781032553093843000,29.032843017578124,3.932353973388672,-3.049631118774414,8.44253158569336
1781032553113377800,29.052377685546876,3.9517619609832764,-3.0649828910827637,8.427895545959473
1781032553132908800,29.07190869140625,3.9700210094451904,-3.074065923690796,8.415999412536621
1781032553152439800,29.091439697265624,3.986510992050171,-3.0745038986206055,8.408041000366211
1781032553171968500,29.110968505859375,4.002191066741943,-3.0635159015655518,8.404601097106934
1781032553191499000,29.1304990234375,4.013913154602051,-3.0418550968170166,8.406879425048828
1781032553211027200,29.150027099609375,4.029572010040283,-3.0102388858795166,8.4107666015625
1781032553230553300,29.16955322265625,4.043103218078613,-2.984575033187866,8.413418769836426
1781032553250079000,29.189078857421876,4.051301002502441,-2.9688289165496826,8.415046691894531
1781032553269602300,29.208602294921874,4.046578884124756,-2.9718010425567627,8.41627025604248
1781032553289130200,29.228130126953126,4.017315864562988,-2.9991960525512695,8.42056941986084
1781032553308661200,29.2476611328125,3.961388111114502,-3.051424980163574,8.428297996520996
1781032553328192500,29.267192626953126,3.8726229667663574,-3.126753091812134,8.44193172454834
1781032553347723300,29.28672314453125,3.752573013305664,-3.2088611125946045,8.46530532836914
1781032553367250700,29.306250732421876,3.602513074874878,-3.2957499027252197,8.497054100036621
1781032553386777000,29.325777099609375,3.602513074874878,-3.2957499027252197,8.497054100036621
1781032553406300700,29.34530078125,3.4346959590911865,-3.3843801021575928,8.531637191772461
1781032553425824500,29.364824462890624,3.091442108154297,-3.5625569820404053,8.590177536010742
1781032553445346800,29.384346923828126,3.091442108154297,-3.5625569820404053,8.590177536010742
1781032553464869000,29.403869140625,2.926007032394409,-3.6483399868011475,8.612090110778809
1781032553484394800,29.423394775390626,2.630409002304077,-3.7963249683380127,8.643428802490234
1781032553503922400,29.44292236328125,2.630409002304077,-3.7963249683380127,8.643428802490234
1781032553523447600,29.462447509765624,2.496126890182495,-3.8386199474334717,8.664545059204102
1781032553542967600,29.481967529296874,2.3699400424957275,-3.850917100906372,8.694470405578613
1781032553562489000,29.501489013671875,2.2488949298858643,-3.8278260231018066,8.736716270446777
1781032553582013400,29.521013427734374,2.147217035293579,-3.774188995361328,8.785496711730957
1781032553601539600,29.54053955078125,2.060915946960449,-3.6906120777130127,8.841492652893066
1781032553621065200,29.560065185546875,1.9798450469970703,-3.5860280990600586,8.902843475341797
1781032553640591000,29.579591064453126,1.9034169912338257,-3.4724009037017822,8.96434211730957
1781032553660110600,29.599110595703124,1.8295069932937622,-3.355412006378174,9.02408504486084
1781032553679623200,29.618623046875,1.7579710483551025,-3.2405049800872803,9.080123901367188
1781032553699140000,29.63814013671875,1.685770034790039,-3.124932050704956,9.134164810180664
1781032553718662000,29.657661865234374,1.6194740533828735,-3.007899045944214,9.18530559539795
1781032553738187000,29.67718701171875,1.5782029628753662,-2.887166976928711,9.231118202209473
1781032553757708300,29.696708251953126,1.5720679759979248,-2.764925956726074,9.269509315490723
1781032553777230800,29.71623095703125,1.5907419919967651,-2.6465671062469482,9.30081844329834
1781032553796758300,29.73575830078125,1.6264770030975342,-2.5363240242004395,9.325322151184082
1781032553816285200,29.75528515625,1.6664780378341675,-2.4373559951782227,9.344632148742676
1781032553835813400,29.7748134765625,1.7090849876403809,-2.3424830436706543,9.361186027526855
1781032553855336200,29.794336181640624,1.754315972328186,-2.2514190673828125,9.375151634216309
1781032553874855400,29.81385546875,1.7972949743270874,-2.16142201423645,9.388182640075684
1781032553894376000,29.8333759765625,1.850877046585083,-2.0700149536132812,9.39836597442627
1781032553913895200,29.852895263671876,1.923545002937317,-1.977936029434204,9.403602600097656
1781032553933419300,29.872419189453126,2.017106056213379,-1.8887840509414673,9.402327537536621
1781032553952943400,29.891943359375,2.130232095718384,-1.8157769441604614,9.391755104064941
1781032553972466200,29.911466064453126,2.258167028427124,-1.7614829540252686,9.372185707092285
1781032553991990500,29.930990478515625,2.390333890914917,-1.722491979598999,9.346622467041016
1781032554011515100,29.95051513671875,2.5132510662078857,-1.6950509548187256,9.319355010986328
1781032554031040000,29.9700400390625,2.6154110431671143,-1.6743919849395752,9.294946670532227
1781032554050565600,29.989565673828125,2.6871039867401123,-1.6601059436798096,9.277042388916016
1781032554070092500,30.009092529296876,2.728425979614258,-1.65077805519104,9.266639709472656
1781032554089616100,30.0286162109375,2.7392160892486572,-1.6441129446029663,9.264642715454102
1781032554109137700,30.0481376953125,2.728965997695923,-1.6460130214691162,9.267329216003418
1781032554128658200,30.067658203125,2.7182369232177734,-1.6573669910430908,9.268458366394043
1781032554148174600,30.087174560546874,2.724781036376953,-1.680055022239685,9.262450218200684
1781032554167689700,30.106689697265626,2.757761001586914,-1.7135330438613892,9.246541976928711
1781032554187210500,30.12621044921875,2.819291114807129,-1.7576539516448975,9.21966552734375
1781032554206731800,30.145731689453125,2.919398069381714,-1.8125419616699219,9.177788734436035
1781032554226254300,30.16525439453125,2.919398069381714,-1.8125419616699219,9.177788734436035
1781032554245775400,30.184775390625,3.0544509887695312,-1.8721929788589478,9.121688842773438
1781032554265298400,30.20429833984375,3.212913990020752,-1.9333750009536743,9.054239273071289
1781032554284824300,30.22382421875,3.5664100646972656,-2.0498108863830566,8.894886016845703
1781032554304348200,30.24334814453125,3.5664100646972656,-2.0498108863830566,8.894886016845703
1781032554323872300,30.262872314453126,3.7501959800720215,-2.1022980213165283,8.806609153747559
1781032554343397000,30.282397216796873,3.923896074295044,-2.1521880626678467,8.718435287475586
1781032554362920000,30.301919921875,4.078877925872803,-2.20251202583313,8.634331703186035
1781032554382442000,30.32144189453125,4.211111068725586,-2.254340887069702,8.557130813598633
1781032554401967600,30.340967529296876,4.317057132720947,-2.307436943054199,8.489920616149902
1781032554421495300,30.360495361328127,4.394186973571777,-2.359592914581299,8.435843467712402
1781032554441019000,30.380018798828125,4.442763805389404,-2.406917095184326,8.396940231323242
1781032554460541400,30.39954150390625,4.463988780975342,-2.4467780590057373,8.374131202697754
1781032554480065800,30.419065673828126,4.464845180511475,-2.4769630432128906,8.36479377746582
1781032554499590100,30.438590087890624,4.449298858642578,-2.495784044265747,8.367484092712402
1781032554519109600,30.458109619140625,4.422572135925293,-2.5013909339904785,8.379968643188477
1781032554538629400,30.47762939453125,4.387930870056152,-2.4933149814605713,8.400562286376953
1781032554558155300,30.4971552734375,4.347109794616699,-2.471755027770996,8.428112030029297
1781032554577683700,30.51668359375,4.300609111785889,-2.4376978874206543,8.461819648742676
1781032554597210400,30.53621044921875,4.251244068145752,-2.393768072128296,8.499222755432129
1781032554616732000,30.55573193359375,4.206684112548828,-2.3431570529937744,8.535422325134277
1781032554636248600,30.57524853515625,4.174685955047607,-2.2887980937957764,8.565828323364258
1781032554655766000,30.59476611328125,4.16278600692749,-2.23262095451355,8.586421012878418
1781032554675280400,30.6142802734375,4.168069839477539,-2.1762850284576416,8.598311424255371
1781032554694795800,30.633795654296875,4.1895952224731445,-2.118644952774048,8.602245330810547
1781032554714314000,30.65331396484375,4.22208309173584,-2.0570549964904785,8.601309776306152
1781032554733831000,30.672830810546873,4.2484917640686035,-1.9908579587936401,8.603882789611816
1781032554753352400,30.6923525390625,4.25341796875,-1.9194120168685913,8.61767292022705
1781032554772875800,30.711875732421873,4.22985315322876,-1.8407210111618042,8.646390914916992
1781032554792398600,30.731398681640623,4.179660797119141,-1.752890944480896,8.688946723937988
1781032554811926000,30.750926025390626,4.101596832275391,-1.655534029006958,8.745061874389648
1781032554831453700,30.77045361328125,3.996040105819702,-1.5503129959106445,8.812954902648926
1781032554850971600,30.7899716796875,3.870975971221924,-1.4380409717559814,8.887495994567871
1781032554870489600,30.809489501953124,3.7349870204925537,-1.3199150562286377,8.9636869430542
1781032554890011000,30.829010986328125,3.588763952255249,-1.1984280347824097,9.040162086486816
1781032554909532700,30.84853271484375,3.4387900829315186,-1.0757659673690796,9.113585472106934
1781032554929053200,30.86805322265625,3.2900640964508057,-0.9559249877929688,9.181594848632812
1781032554948571100,30.887571044921874,3.147783041000366,-0.8398190140724182,9.242627143859863
1781032554968092700,30.9070927734375,3.0174849033355713,-0.7281680107116699,9.295405387878418
1781032554987613400,30.926613525390625,2.9024200439453125,-0.6219490170478821,9.339653968811035
1781032555007135000,30.946135009765626,2.805522918701172,-0.521930992603302,9.37531852722168
1781032555026652000,30.96565185546875,2.805522918701172,-0.521930992603302,9.37531852722168
1781032555046166300,30.985166259765624,2.724410057067871,-0.43099498748779297,9.403820037841797
1781032555065684000,31.00468408203125,2.6552250385284424,-0.3509480059146881,9.426909446716309
1781032555085204500,31.02420458984375,2.5919840335845947,-0.2849479913711548,9.446715354919434
1781032555104726300,31.043726318359376,2.457345962524414,-0.2047950029373169,9.484699249267578
1781032555124250000,31.06325,2.457345962524414,-0.2047950029373169,9.484699249267578
1781032555143773200,31.082773193359376,2.3769140243530273,-0.19495800137519836,9.50538158416748
1781032555163293000,31.10229296875,2.2882890701293945,-0.2053609937429428,9.526885986328125
1781032555182821000,31.121821044921877,2.1976239681243896,-0.23318399488925934,9.547568321228027
1781032555202347000,31.141346923828124,2.115104913711548,-0.2735469937324524,9.565118789672852
1781032555221868500,31.16086865234375,2.0450809001922607,-0.32174599170684814,9.578837394714355
1781032555241393700,31.1803935546875,1.989508032798767,-0.37566399574279785,9.588573455810547
1781032555260923100,31.199923095703124,1.951253056526184,-0.43376100063323975,9.593979835510254
1781032555280452000,31.2194521484375,1.934913992881775,-0.4962869882583618,9.594259262084961
1781032555299977500,31.2389775390625,1.930256962776184,-0.5626720190048218,9.591533660888672
1781032555319503000,31.258503173828124,1.9321949481964111,-0.6262570023536682,9.587201118469238
1781032555339027200,31.278027099609375,1.9396270513534546,-0.6867679953575134,9.581554412841797
1781032555358549200,31.29754931640625,1.9501500129699707,-0.7441329956054688,9.575133323669434
1781032555378076700,31.31707666015625,1.962257981300354,-0.7994909882545471,9.568195343017578
1781032555397605400,31.33660546875,1.969285011291504,-0.8623120188713074,9.56129264831543
1781032555417130800,31.356130859375,1.9794470071792603,-0.9353870153427124,9.552321434020996
1781032555436658200,31.375658203125,1.9916139841079712,-1.0289900302886963,9.540160179138184
1781032555456183800,31.395183837890624,2.004512071609497,-1.1441099643707275,9.524333953857422
1781032555475708000,31.4147080078125,2.0158329010009766,-1.277485966682434,9.504969596862793
1781032555495233000,31.43423291015625,2.0219149589538574,-1.4222790002822876,9.483089447021484
1781032555514756900,31.4537568359375,2.018578052520752,-1.5641310214996338,9.46143913269043
1781032555534279200,31.473279052734377,2.002332925796509,-1.6979609727859497,9.44179916381836
1781032555553805000,31.49280517578125,1.9735089540481567,-1.8209309577941895,9.424938201904297
1781032555573330200,31.512330078125,1.9364819526672363,-1.933419942855835,9.410202980041504
1781032555592851000,31.531850830078124,1.897948980331421,-2.038964033126831,9.395766258239746
1781032555612374300,31.551374267578126,1.865056037902832,-2.141618013381958,9.379501342773438
1781032555631899400,31.5708994140625,1.844499945640564,-2.242908000946045,9.359870910644531
1781032555651423700,31.590423828125,1.8412200212478638,-2.3421809673309326,9.33617115020752
1781032555670939400,31.609939453125,1.8576619625091553,-2.436552047729492,9.308721542358398
1781032555690455300,31.629455322265624,1.8952109813690186,-2.522944927215576,9.278087615966797
1781032555709980700,31.648980712890626,1.9523509740829468,-2.5994958877563477,9.245049476623535
1781032555729507000,31.668507080078125,2.028887987136841,-2.6633079051971436,9.210342407226562
1781032555749032400,31.688032470703124,2.1208178997039795,-2.714323043823242,9.17466926574707
1781032555768557600,31.7075576171875,2.221597909927368,-2.7532670497894287,9.13914680480957
1781032555788083000,31.7270830078125,2.3179540634155273,-2.7822840213775635,9.10637092590332
1781032555807607800,31.74660791015625,2.4029479026794434,-2.802963972091675,9.077953338623047
1781032555827133700,31.7661337890625,2.472990036010742,-2.8148109912872314,9.055448532104492
1781032555846658600,31.785658447265625,2.5232510566711426,-2.8180580139160156,9.04056167602539
1781032555866184200,31.80518408203125,2.5232510566711426,-2.8180580139160156,9.04056167602539
1781032555885710300,31.82471044921875,2.578092098236084,-2.799165964126587,9.030952453613281
1781032555905234000,31.84423388671875,2.604909896850586,-2.7870469093322754,9.02700424194336
1781032555924756200,31.863756103515627,2.604909896850586,-2.7870469093322754,9.02700424194336
1781032555944277800,31.88327783203125,2.691179037094116,-2.775146007537842,9.005338668823242
1781032555963797500,31.902797607421874,2.691179037094116,-2.775146007537842,9.005338668823242
1781032555983317000,31.92231689453125,2.7552359104156494,-2.779845952987671,8.98449420928955
1781032556002840600,31.941840576171874,2.8324968814849854,-2.78499698638916,8.95883560180664
1781032556022367200,31.9613671875,2.9131689071655273,-2.789124011993408,8.931641578674316
1781032556041892000,31.98089208984375,2.9934909343719482,-2.7835168838500977,8.906798362731934
1781032556061418200,32.00041821289062,3.069601058959961,-2.7671899795532227,8.885955810546875
1781032556080942000,32.01994213867187,3.1392900943756104,-2.741518974304199,8.869550704956055
1781032556100467200,32.03946728515625,3.2024118900299072,-2.7091519832611084,8.856922149658203
1781032556119991000,32.05899096679688,3.2570929527282715,-2.681607961654663,8.845355987548828
1781032556139510300,32.07851025390625,3.301867961883545,-2.662322998046875,8.834574699401855
1781032556159028500,32.098028564453124,3.335232973098755,-2.6530721187591553,8.82481861114502
1781032556178548000,32.1175478515625,3.353708028793335,-2.652864933013916,8.817875862121582
1781032556198071300,32.1370712890625,3.346524953842163,-2.6583359241485596,8.818957328796387
1781032556217595400,32.15659545898438,3.31122088432312,-2.6639161109924316,8.830592155456543
1781032556237116400,32.17611645507812,3.2449920177459717,-2.6648669242858887,8.854857444763184
1781032556256641500,32.1956416015625,3.148622989654541,-2.6579558849334717,8.89164924621582
1781032556276169000,32.2151689453125,3.0263500213623047,-2.6412010192871094,8.938973426818848
1781032556295693000,32.23469311523438,2.884622097015381,-2.6143929958343506,8.993547439575195
1781032556315214300,32.25421435546875,2.7420520782470703,-2.5775530338287354,9.048611640930176
1781032556334735000,32.27373510742188,2.603430986404419,-2.5325870513916016,9.102095603942871
1781032556354260500,32.29326049804688,2.4737179279327393,-2.48164701461792,9.152166366577148
1781032556373787100,32.312787109375,2.355623960494995,-2.4267330169677734,9.1979341506958
1781032556393314300,32.33231420898438,2.2497808933258057,-2.3702259063720703,9.239075660705566
1781032556412846300,32.351846435546875,2.1564860343933105,-2.3143351078033447,9.275419235229492
1781032556432378000,32.37137817382813,2.0784010887145996,-2.2612369060516357,9.306291580200195
1781032556451909600,32.39090966796875,2.0269529819488525,-2.2126541137695312,9.3292875289917
1781032556471439600,32.41043969726562,2.003633975982666,-2.171013116836548,9.344098091125488
1781032556490968000,32.429968017578126,2.010037899017334,-2.137315034866333,9.350488662719727
1781032556510497800,32.44949780273438,2.0441761016845703,-2.11354398727417,9.348490715026855
1781032556530029000,32.46902905273438,2.1022589206695557,-2.1011059284210205,9.338408470153809
1781032556549561900,32.488561767578126,2.174506902694702,-2.100733995437622,9.321932792663574
1781032556569093400,32.50809326171875,2.249116897583008,-2.1098248958587646,9.302156448364258
1781032556588624400,32.527624267578126,2.321643114089966,-2.125549077987671,9.280733108520508
1781032556608157700,32.54715771484375,2.387814998626709,-2.146574020385742,9.259078979492188
1781032556627690500,32.5666904296875,2.4484469890594482,-2.170358896255493,9.237675666809082
1781032556647218200,32.58621826171875,2.505713939666748,-2.1957950592041016,9.216282844543457
1781032556666746600,32.60574658203125,2.5620930194854736,-2.2228639125823975,9.194267272949219
1781032556686276600,32.625276611328125,2.5620930194854736,-2.2228639125823975,9.194267272949219
1781032556705805600,32.6448056640625,2.6202189922332764,-2.2552430629730225,9.169967651367188
1781032556725333800,32.664333740234376,2.7584149837493896,-2.333143949508667,9.109752655029297
1781032556744861000,32.68386083984375,2.7584149837493896,-2.333143949508667,9.109752655029297
1781032556764393000,32.70339306640625,2.911252975463867,-2.415024995803833,9.04058837890625
1781032556783928300,32.72292822265625,2.911252975463867,-2.415024995803833,9.04058837890625
1781032556803458600,32.74245849609375,2.988748073577881,-2.449671983718872,9.005913734436035
1781032556822988300,32.76198828125,3.0668749809265137,-2.476149082183838,8.972343444824219
1781032556842523000,32.78152294921875,3.1494948863983154,-2.4955968856811523,8.93826961517334
1781032556862058500,32.80105859375,3.24277400970459,-2.50947904586792,8.90095043182373
1781032556881591600,32.82059155273438,3.354780912399292,-2.522538900375366,8.855632781982422
1781032556901123800,32.840123779296874,3.481966972351074,-2.536220073699951,8.802470207214355
1781032556920653600,32.859653564453126,3.6154239177703857,-2.5571401119232178,8.742410659790039
1781032556940181000,32.879180908203125,3.7497410774230957,-2.587852954864502,8.676547050476074
1781032556959704300,32.89870434570312,3.878664016723633,-2.6303250789642334,8.606820106506348
1781032556979226600,32.9182265625,3.9947168827056885,-2.6858670711517334,8.536295890808105
1781032556998748700,32.937748779296875,4.099640846252441,-2.7535009384155273,8.464701652526855
1781032557018272800,32.957272705078125,4.196345806121826,-2.8320040702819824,8.391092300415039
1781032557037799000,32.976798828125,4.286695957183838,-2.9195139408111572,8.31508731842041
1781032557057322800,32.99632275390625,4.366468906402588,-3.013787031173706,8.239601135253906
1781032557076840200,33.01584008789062,4.436404228210449,-3.1112029552459717,8.165704727172852
1781032557096353500,33.035353515625,4.493669033050537,-3.2077109813690186,8.096759796142578
1781032557115868400,33.05486840820313,4.533567905426025,-3.2990798950195312,8.037589073181152
1781032557135381800,33.0743818359375,4.550179958343506,-3.3800809383392334,7.994429111480713
1781032557154898000,33.09389794921875,4.546380996704102,-3.4468300342559814,7.968047142028809
1781032557174418700,33.113418701171874,4.528069019317627,-3.4967269897460938,7.95672607421875
1781032557193935400,33.132935302734374,4.497262954711914,-3.5300610065460205,7.95947790145874
1781032557213452800,33.15245288085937,4.45708703994751,-3.5534911155700684,7.9716410636901855
1781032557232977700,33.171977783203126,4.414094924926758,-3.562237024307251,7.991634845733643
1781032557252506400,33.19150634765625,4.3735880851745605,-3.557868003845215,8.015814781188965
1781032557272031500,33.21103149414063,4.335771083831787,-3.540354013442993,8.044063568115234
1781032557291555000,33.23055517578125,4.30526876449585,-3.5050570964813232,8.07584285736084
1781032557311078000,33.25007788085937,4.275634765625,-3.457247018814087,8.112112998962402
1781032557330602500,33.2696025390625,4.2490620613098145,-3.3966948986053467,8.151559829711914
1781032557350128400,33.28912841796875,4.233400821685791,-3.3343429565429688,8.185380935668945
1781032557369651000,33.30865087890625,4.2284932136535645,-3.274156093597412,8.212169647216797
1781032557389176000,33.328176025390626,4.242988109588623,-3.2223079204559326,8.225190162658691
1781032557408701000,33.34770092773437,4.268993854522705,-3.1851820945739746,8.2261962890625
1781032557428224500,33.367224609375,4.305300235748291,-3.1572980880737305,8.21802043914795
1781032557447752000,33.386751953125,4.339540004730225,-3.1349780559539795,8.208550453186035
1781032557467277300,33.40627734375,4.358694076538086,-3.115912914276123,8.205660820007324
1781032557486800600,33.425800537109374,4.358694076538086,-3.115912914276123,8.205660820007324
1781032557506324000,33.44532397460937,4.346336841583252,-3.0945699214935303,8.2202787399292
1781032557525847800,33.46484790039062,4.31279993057251,-3.0911169052124023,8.239218711853027
1781032557545375200,33.48437524414062,4.268905162811279,-3.094468116760254,8.260791778564453
1781032557564902400,33.50390234375,4.226068019866943,-3.105520009994507,8.278653144836426
1781032557584427000,33.523427001953124,4.185461044311523,-3.1221349239349365,8.293020248413086
1781032557603948800,33.54294873046875,4.185461044311523,-3.1221349239349365,8.293020248413086
1781032557623469800,33.5624697265625,4.133685111999512,-3.1392691135406494,8.312499046325684
1781032557642991600,33.58199169921875,4.065867900848389,-3.154599905014038,8.340096473693848
1781032557662516700,33.601516845703124,3.9766149520874023,-3.1649279594421387,8.379125595092773
1781032557682044200,33.62104418945312,3.865710973739624,-3.168147087097168,8.429656982421875
1781032557701573400,33.64057348632812,3.7430660724639893,-3.162221908569336,8.48703670501709
1781032557721103400,33.660103271484374,3.615035057067871,-3.151520013809204,8.546311378479004
1781032557740631300,33.67963134765625,3.501702070236206,-3.141969919204712,8.5968656539917
1781032557760154400,33.699154296875,3.4086620807647705,-3.138000965118408,8.635622024536133
1781032557779676400,33.71867651367187,3.338212013244629,-3.1421639919281006,8.661590576171875
1781032557799203600,33.73820361328125,3.2866930961608887,-3.154865026473999,8.67666244506836
1781032557818733000,33.75773315429687,3.243705987930298,-3.1695950031280518,8.687463760375977
1781032557838259500,33.777259521484375,3.202091932296753,-3.1890718936920166,8.695770263671875
1781032557857792300,33.79679223632812,3.1592769622802734,-3.206559896469116,8.704995155334473
1781032557877327600,33.81632763671875,3.1203720569610596,-3.209973096847534,8.71776008605957
1781032557896858000,33.83585815429687,3.082357883453369,-3.1990199089050293,8.735292434692383
1781032557916384300,33.85538427734375,3.051297903060913,-3.1657509803771973,8.758286476135254
1781032557935912000,33.874911865234374,3.021610975265503,-3.1041600704193115,8.790566444396973
1781032557955441400,33.89444140625,2.992889881134033,-3.005826950073242,8.834456443786621
1781032557974974000,33.91397387695312,2.9684500694274902,-2.86653208732605,8.888830184936523
1781032557994505500,33.93350537109375,2.9477360248565674,-2.6932430267333984,8.94970989227295
1781032558014028300,33.9530283203125,2.941179037094116,-2.476991891860962,9.01409912109375
1781032558033550300,33.97255029296875,2.950110912322998,-2.2257509231567383,9.07650089263916
1781032558053077000,33.99207690429687,2.9795830249786377,-1.9479800462722778,9.13057804107666
1781032558072608000,34.01160791015625,3.0323870182037354,-1.64067804813385,9.173482894897461
1781032558092139800,34.031139892578125,3.102109909057617,-1.300927996635437,9.204590797424316
1781032558111667500,34.05066748046875,3.1852009296417236,-0.9241390228271484,9.221738815307617
1781032558131194400,34.0701943359375,3.275175094604492,-0.5094640254974365,9.222455024719238
1781032558150723000,34.08972314453125,3.3639190196990967,-0.0488630011677742,9.204436302185059
1781032558170250200,34.109250244140625,3.442931890487671,0.4593839943408966,9.163797378540039
1781032558189779200,34.128779296875,3.507786989212036,1.008700966835022,9.094941139221191
1781032558209307100,34.14830712890625,3.5726070404052734,1.5813100337982178,8.987543106079102
1781032558228831700,34.16783178710938,3.6393160820007324,2.16395902633667,8.838136672973633
1781032558248359000,34.18735888671875,3.711591958999634,2.740602970123291,8.645991325378418
1781032558267887000,34.20688720703125,3.789405107498169,3.298043966293335,8.414469718933105
1781032558287412700,34.22641284179687,3.8633999824523926,3.833422899246216,8.149785041809082
1781032558306939600,34.24593969726563,3.9309189319610596,4.345192909240723,7.8553900718688965
1781032558326467800,34.2654677734375,3.9309189319610596,4.345192909240723,7.8553900718688965
1781032558346000400,34.28500048828125,4.004839897155762,5.304963111877441,7.201291084289551
1781032558365535000,34.304534912109375,4.004839897155762,5.304963111877441,7.201291084289551
1781032558385062700,34.324062744140626,4.014191150665283,5.747859954833984,6.847507953643799
1781032558404588500,34.34358862304688,4.01182222366333,6.163268089294434,6.477606773376465
1781032558424120000,34.3631201171875,4.010312080383301,6.5473151206970215,6.090159893035889
1781032558443649300,34.382649169921876,4.011228084564209,6.898237228393555,5.688968181610107
1781032558463175700,34.40217578125,4.011900901794434,7.215551853179932,5.280195236206055
1781032558482705400,34.42170532226562,4.01544189453125,7.494377136230469,4.873451232910156
1781032558502234400,34.441234375,4.01784610748291,7.7390618324279785,4.472565174102783
1781032558521763000,34.46076318359375,4.0221757888793945,7.950066089630127,4.081489086151123
1781032558541292000,34.4802919921875,4.035312175750732,8.12600040435791,3.704641103744507
1781032558560820700,34.49982080078125,4.06102991104126,8.26839828491211,3.343893051147461
1781032558580351700,34.51935180664063,4.1011061668396,8.376519203186035,3.009129047393799
1781032558599880000,34.5388798828125,4.1512370109558105,8.457112312316895,2.6989779472351074
1781032558619411500,34.558411376953124,4.210978031158447,8.512763023376465,2.416717052459717
1781032558638943700,34.57794384765625,4.276228904724121,8.548351287841797,2.1632280349731445
1781032558658477000,34.59747705078125,4.342379093170166,8.568906784057617,1.9384469985961914
1781032558678013000,34.617012939453126,4.408971786499023,8.57695484161377,1.7426379919052124
1781032558697544400,34.63654443359375,4.476210117340088,8.57590103149414,1.567633032798767
1781032558717076700,34.65607666015625,4.546186923980713,8.565908432006836,1.4132870435714722
1781032558736614700,34.67561474609375,4.618114948272705,8.548697471618652,1.2778149843215942
1781032558756152000,34.69515209960937,4.6935248374938965,8.524398803710938,1.1599370241165161
1781032558775685000,34.71468505859375,4.772164821624756,8.493865966796875,1.05862295627594
1781032558795216100,34.73421606445312,4.85349178314209,8.457985877990723,0.9726729989051819
