"Time (s)","X (m/s^2)","Y (m/s^2)","Z (m/s^2)"
3.038750001E-4,4.492457886E0,8.384065247E0,2.070494385E0
2.034687500E-2,4.027973785E0,8.458909607E0,3.411405945E0
4.038887500E-2,4.123475189E0,8.288414154E0,2.865940247E0
6.043187500E-2,4.202810211E0,8.324489136E0,2.840642853E0
8.047487500E-2,4.227957916E0,8.345595245E0,2.974165192E0
1.005178750E-1,4.305197296E0,8.360863495E0,2.710413666E0
1.205608750E-1,4.419709167E0,7.895331573E0,2.653981018E0
1.406038750E-1,4.270319824E0,8.142317963E0,2.503094788E0
1.606458750E-1,4.235442352E0,8.083190918E0,2.849324799E0
1.806888750E-1,4.158053284E0,7.911797333E0,2.669398956E0
2.007318750E-1,4.023782501E0,7.608827362E0,2.496807861E0
2.207748750E-1,3.864364014E0,7.429350586E0,2.277962952E0
2.408178750E-1,3.978277130E0,6.912325745E0,1.988914032E0
2.608608750E-1,4.064946899E0,6.702162781E0,1.903441772E0
2.809028750E-1,4.578678589E0,7.125482483E0,2.138453064E0
3.009458750E-1,4.846771088E0,6.619384918E0,3.208128662E0
3.209888750E-1,6.773863678E0,5.891149292E0,2.561473389E0
3.410318750E-1,5.532794495E0,6.009104004E0,1.761237488E0
3.610748750E-1,4.735851746E0,8.293653259E0,4.261338501E0
3.811178750E-1,3.881278839E0,9.639953613E0,4.478686523E0
4.011605000E-1,5.530399475E0,9.485025787E0,1.971999207E0
4.212035000E-1,4.899311829E0,1.085018692E1,3.206482086E0
4.412465000E-1,3.196153564E0,1.083177521E1,3.185375977E0
4.612895000E-1,3.686982880E0,1.034798126E1,3.128793640E0
4.813325000E-1,4.148473206E0,9.437424774E0,3.430566101E0
5.013755000E-1,3.616180115E0,8.976982269E0,3.336711273E0
5.214175000E-1,4.071084137E0,8.564589844E0,2.916535034E0
5.414605000E-1,5.054988098E0,8.410260773E0,2.113155670E0
5.615035000E-1,5.314398651E0,8.848549347E0,2.065554657E0
5.815465000E-1,5.088069305E0,8.856782227E0,3.123704224E0
6.015895000E-1,6.501280518E0,8.367300110E0,3.760929108E0
6.216315000E-1,5.234315186E0,7.267237701E0,2.612068176E0
6.416745000E-1,2.524350586E0,6.491700439E0,1.257534943E0
6.617175000E-1,1.979333954E0,6.383774872E0,1.597328339E0
6.817605000E-1,2.256407776E0,7.194039917E0,5.315296783E0
7.018035000E-1,4.024381256E0,7.783364410E0,4.087998962E-1
7.218465000E-1,1.443598022E0,6.199358368E0,1.680854645E0
7.418885000E-1,2.544708252E-2,4.841831360E0,1.917362823E0
7.619315000E-1,2.349065094E0,1.193363388E1,2.211501160E0
7.819745000E-1,2.529739380E0,2.197550171E1,1.295555878E0
8.020175000E-1,-2.495610352E0,1.690868820E1,-1.859133911E-1
8.220605000E-1,-2.997366943E0,6.790479126E0,3.787124634E-1
8.421025000E-1,-3.986060944E0,7.023993530E0,2.928809509E0
8.621455000E-1,-4.533322906E0,9.514813843E0,4.187691650E0
8.821885000E-1,-3.791016541E0,1.020682480E1,2.650089111E0
9.022315000E-1,-2.076032867E0,9.606573029E0,9.533674622E-1
9.222745000E-1,-3.035687256E-1,9.294022980E0,1.006207581E0
9.423175000E-1,-5.598358154E-1,9.394464111E0,1.709295502E0
9.623595000E-1,-9.964778137E-1,9.364526367E0,2.091001740E0
9.824025000E-1,-9.036708069E-1,9.295819244E0,1.976639557E0
1.002445500E0,-1.014290771E0,9.397607574E0,1.512005768E0
1.022488500E0,-1.157542877E0,9.378148041E0,1.272803192E0
1.042531500E0,-1.213825836E0,9.612859955E0,1.201551361E0
1.062573500E0,-1.153052216E0,9.841883698E0,1.390159149E0
1.082616500E0,-1.128802643E0,9.326505432E0,1.781295776E0
1.102659500E0,-9.650431824E-1,9.345665588E0,1.961520996E0
1.122702500E0,-1.270408173E0,9.861792297E0,1.568438416E0
1.142745500E0,-1.289718018E0,9.991422729E0,1.177451477E0
1.162788500E0,-1.057700500E0,9.701625366E0,1.496438141E0
1.182830500E0,-6.872209167E-1,9.333241425E0,1.746268616E0
1.202873500E0,-4.962181091E-1,9.322912903E0,1.409319305E0
1.222916500E0,-6.315367126E-1,9.652826843E0,2.883004761E-1
1.242959500E0,-1.141376495E0,9.814191284E0,-1.100212097E-1
1.263002500E0,-1.894011383E0,9.907147980E0,9.352551270E-1
1.283045500E0,-2.310445404E0,9.589059448E0,1.717827759E0
1.303087500E0,-1.373094635E0,9.386081543E0,1.128952332E0
1.323130500E0,-5.909710693E-1,9.469458160E0,3.342549133E-1
1.343173500E0,-3.632945251E-1,9.420210571E0,-9.131011963E-3
1.363216500E0,-3.378474426E-1,9.670340424E0,3.450325012E-1
1.383259500E0,-4.456233215E-1,1.000788849E1,6.649172974E-1
1.403302000E0,-3.601510620E-1,1.011506561E1,8.099656677E-1
1.423345000E0,-3.820056152E-1,9.767338715E0,7.271878052E-1
1.443388000E0,-3.884422302E-1,9.486522675E0,3.463796997E-1
1.463431000E0,-4.830455017E-1,9.717342682E0,-3.513194275E-1
1.483474000E0,-7.819738770E-1,9.837991791E0,-2.909948730E-1
1.503516000E0,-7.896080017E-1,9.843829651E0,2.576142883E-1
1.523559000E0,-5.186714172E-1,9.851014709E0,5.034031677E-1
1.543602000E0,-3.532653809E-2,9.933792572E0,-1.576222229E-1
1.563645000E0,2.230361938E-2,9.736652527E0,-7.786807251E-1
1.583688000E0,-2.978805542E-2,9.504485321E0,-8.306227112E-1
1.603731000E0,-3.324586487E-1,9.673633575E0,-7.676037598E-1
1.623773000E0,-7.752378845E-1,9.653575287E0,-8.666976929E-1
1.643816000E0,-1.101110229E0,9.720336456E0,-9.018745422E-1
1.663859000E0,-1.302591248E0,9.809550934E0,-7.195536804E-1
1.683902000E0,-7.683522034E-1,9.752968597E0,-1.869612122E-1
1.703945000E0,-2.101629639E-1,9.627529449E0,-1.565744019E-1
1.723987000E0,-2.880010986E-1,9.685009918E0,-5.739065552E-1
1.744030000E0,-2.065704346E-1,9.788145447E0,-3.266207886E-1
1.764073000E0,2.888992310E-2,1.006417145E1,-1.794767761E-1
1.784116000E0,2.619552612E-1,1.005354355E1,1.938468933E-1
1.804159000E0,3.611988831E-1,9.802066498E0,-1.085243225E-1
1.824201000E0,-7.050338745E-2,9.823322296E0,-2.586621094E-1
1.844244000E0,-9.789642334E-2,9.665400696E0,3.344046021E-1
1.864287000E0,1.107696533E-2,9.880353699E0,5.583389282E-2
1.884330000E0,2.963836670E-2,1.013362701E1,-2.564167786E-1
1.904373000E0,-1.959425354E-1,9.973011017E0,-1.845661926E-1
1.924415000E0,-3.261717224E-1,9.666897583E0,-9.984237671E-2
1.944458000E0,-3.899391174E-1,9.680668945E0,-2.299218750E-1
1.964501000E0,-4.203259277E-1,9.669442291E0,-3.158432007E-2
1.984544000E0,-1.724414062E-1,9.695188751E0,-1.175056458E-1
2.004587000E0,1.477427673E-1,9.767638092E0,-4.164340210E-1
2.024629000E0,-1.826202393E-2,9.708511047E0,-5.950126648E-1
2.044672000E0,-2.508782959E-1,9.710457001E0,9.131011963E-3
2.064715000E0,-7.005432129E-2,9.747579803E0,2.823129272E-1
2.084758000E0,-1.228944397E-1,9.871372375E0,-1.842668152E-1
2.104801000E0,-2.585124207E-1,1.006192612E1,-2.914439392E-1
2.124844000E0,-4.575984192E-1,1.004770569E1,-1.398092651E-1
2.144886000E0,-6.014492798E-1,1.012614258E1,-2.149530029E-1
2.164929000E0,-5.044509888E-1,1.002300705E1,-6.349795532E-1
2.184972000E0,-4.507127380E-1,9.385782166E0,-1.028062134E0
2.205015000E0,-4.420307922E-1,9.631421356E0,-6.985972595E-1
2.225058000E0,-3.363505554E-1,9.795929260E0,-2.348616028E-1
2.245100000E0,-2.200424194E-1,9.695937195E0,4.227209473E-1
2.265143000E0,-1.977388000E-1,9.857451324E0,1.811233521E-2
2.285186000E0,-2.246827698E-1,9.948162689E0,-7.322772217E-1
2.305229000E0,-4.487667847E-1,9.617500305E0,-9.169931030E-1
2.325272000E0,-6.417155457E-1,9.736951904E0,-2.803669739E-1
2.345314000E0,-4.815486145E-1,9.944869537E0,2.484832764E-2
2.365357000E0,-3.888912964E-1,9.956994324E0,-8.397537231E-2
2.385400000E0,-2.183958435E-1,9.993518372E0,-5.956114197E-1
2.405442625E0,-4.909790039E-1,9.781559143E0,-1.293011169E0
2.425485625E0,-9.090596008E-1,9.662706299E0,-9.336085510E-1
2.445527625E0,-1.006207581E0,9.890233154E0,-7.738906860E-2
2.465570625E0,-6.927593994E-1,9.931696930E0,-1.709445190E-1
2.485613625E0,-2.730322266E-1,1.001537292E1,-3.032693481E-1
2.505656625E0,-1.354682922E-1,9.805958405E0,-8.283773804E-1
2.525698625E0,-4.784051514E-1,9.722282410E0,-1.145867157E0
2.545741625E0,-7.536827087E-1,9.672436066E0,-5.897735596E-1
2.565784625E0,-6.032455444E-1,9.673334198E0,-2.079176331E-1
2.585827625E0,-4.453239441E-1,9.641450500E0,-2.582130432E-1
2.605870625E0,-2.754272461E-1,9.459578705E0,-1.845661926E-1
2.625912625E0,-2.142045593E-1,9.466314697E0,1.971400452E-1
2.645955625E0,-2.688409424E-1,9.667496338E0,7.033872986E-1
2.665998625E0,-3.421884155E-1,9.827363892E0,8.161029053E-1
2.686041625E0,-5.053491211E-1,9.727820892E0,3.851490784E-1
2.706084625E0,-7.316784668E-1,9.652677155E0,4.050576782E-1
2.726126625E0,-8.315208435E-1,9.614356842E0,4.767585754E-1
2.746169625E0,-8.237370300E-1,9.805958405E0,5.140310669E-1
2.766212625E0,-5.689668274E-1,9.889634399E0,5.228627014E-1
2.786255625E0,-2.692900085E-1,9.877958679E0,3.914360046E-1
2.806298625E0,-2.122586060E-1,9.840087433E0,3.992198181E-1
2.826340625E0,-4.201762390E-1,9.851463776E0,5.343887329E-1
2.846383625E0,-5.340893555E-1,9.889634399E0,6.803352356E-1
2.866426625E0,-4.056564331E-1,9.818831635E0,6.613247681E-1
2.886469625E0,-5.424719238E-1,9.793833618E0,3.077600098E-1
2.906511625E0,-7.511380005E-1,9.788444824E0,3.143463135E-1
2.926554625E0,-8.653504944E-1,9.722881165E0,3.505709839E-1
2.946597625E0,-8.556207275E-1,9.801916809E0,3.486250305E-1
2.966640625E0,-8.493338013E-1,9.728120270E0,3.858975220E-1
2.986683625E0,-6.972500610E-1,9.817783813E0,4.510121155E-1
3.006725625E0,-5.995033264E-1,9.904154205E0,5.089416504E-3
3.026768625E0,-6.408174133E-1,9.736502838E0,-3.809577942E-1
3.046811625E0,-7.765850830E-1,9.559271393E0,-4.751119995E-1
3.066854625E0,-8.494834900E-1,9.678872681E0,-2.549198914E-1
3.086896625E0,-8.201445007E-1,9.650132446E0,-1.805245972E-1
3.106939625E0,-6.092330933E-1,9.607620850E0,-1.821711731E-1
3.126982625E0,-5.924679565E-1,9.927206268E0,3.248245239E-2
3.147025625E0,-5.394781494E-1,9.956844635E0,1.880090332E-1
3.167068625E0,-5.150788879E-1,9.824220428E0,-1.796264648E-3
3.187110625E0,-5.724096680E-1,9.672885132E0,-3.092568970E-1
3.207153625E0,-7.469467163E-1,9.640252991E0,-5.903723145E-1
3.227196625E0,-9.636959839E-1,9.739346924E0,-6.246510315E-1
3.247239625E0,-1.234782257E0,9.965376892E0,-5.324427795E-1
3.267281625E0,-1.254690857E0,9.754016418E0,-3.698808289E-1
3.287324625E0,-8.801696777E-1,9.643396454E0,-6.083349609E-1
3.307367625E0,-7.147636414E-1,9.714947662E0,-6.500981140E-1
3.327410625E0,-7.291337585E-1,9.736652527E0,-3.568579102E-1
3.347453625E0,-7.954458618E-1,9.774523773E0,-2.661465454E-1
3.367495625E0,-6.759942627E-1,9.785451050E0,-4.740641785E-1
3.387538625E0,-7.249424744E-1,9.701775055E0,-5.339396667E-1
3.407581208E0,-8.214916992E-1,9.593250732E0,-4.492158508E-1
3.427624208E0,-8.201445007E-1,9.654772797E0,-4.718188477E-1
3.447666208E0,-7.500901794E-1,9.756561127E0,-3.516188049E-1
3.467709208E0,-7.455995178E-1,9.741292877E0,-3.769161987E-1
3.487752208E0,-7.438032532E-1,9.696236572E0,-6.312373352E-1
3.507795208E0,-8.565188599E-1,9.735904083E0,-6.536906433E-1
3.527838208E0,-9.292675781E-1,9.729317780E0,-4.346960449E-1
3.547880208E0,-8.961863708E-1,9.622589722E0,-3.439846802E-1
3.567923208E0,-9.069639587E-1,9.659712524E0,-3.002755737E-1
3.587966208E0,-8.693920898E-1,9.651479645E0,-1.016386414E-1
3.608009208E0,-8.273295593E-1,9.672885132E0,-3.936813354E-2
3.628051208E0,-8.358618164E-1,9.778415680E0,-2.600093079E-1
3.648094208E0,-9.211843872E-1,9.976154480E0,-2.462379456E-1
3.668137208E0,-1.056802368E0,9.936936035E0,-1.631607056E-1
3.688180208E0,-1.175355835E0,9.791438599E0,-2.308200073E-1
3.708222208E0,-1.232985992E0,9.714797974E0,-2.695893860E-1
3.728265208E0,-1.173409882E0,9.666298828E0,-2.359094238E-1
3.748308208E0,-1.325044556E0,9.629325714E0,-1.624122620E-1
3.768351208E0,-1.278491364E0,9.892777863E0,-1.766326904E-1
3.788394208E0,-1.092428284E0,9.879754944E0,-1.002914429E-1
3.808436208E0,-8.533753967E-1,9.689051514E0,-1.185534668E-1
3.828479208E0,-9.062155151E-1,9.671537933E0,-2.293231201E-1
3.848522208E0,-1.021026764E0,9.705966339E0,-2.157014465E-1
3.868565208E0,-1.038540344E0,9.616302795E0,-3.406915283E-1
3.888607208E0,-1.109343109E0,9.615105286E0,-3.576063538E-1
3.908650208E0,-1.186283112E0,9.754764862E0,-1.924996948E-1
3.928693208E0,-1.144969025E0,9.792636108E0,-1.619631958E-1
3.948736208E0,-1.217568054E0,9.783056030E0,-6.099815369E-1
3.968778208E0,-1.283431091E0,9.751471710E0,-5.912704468E-1
3.988821208E0,-1.217867432E0,9.717192993E0,-4.484674072E-1
4.008864208E0,-1.088536377E0,9.921368408E0,-7.044351196E-1
4.028907208E0,-1.102756805E0,9.747430115E0,-8.304730225E-1
4.048950208E0,-1.079255676E0,9.734107819E0,-6.267466736E-1
4.068992208E0,-1.063388672E0,9.571994934E0,-5.149291992E-1
4.089035208E0,-1.120270386E0,9.609267426E0,-6.044430542E-1
4.109078208E0,-1.221160583E0,9.768236847E0,-5.436694336E-1
4.129121208E0,-8.707392883E-1,9.791139221E0,-2.345622253E-1
4.149163208E0,-6.559359741E-1,9.670639801E0,-1.181044006E-1
4.169206208E0,-6.842271423E-1,9.681118011E0,-3.849993896E-1
4.189249208E0,-7.914042664E-1,9.762099609E0,-6.541397095E-1
4.209292208E0,-9.883946228E-1,9.799521790E0,-6.695576477E-1
4.229334208E0,-1.165925446E0,9.844877472E0,-5.996530151E-1
4.249377208E0,-1.231938171E0,1.000743942E1,-5.944139099E-1
4.269420208E0,-1.111738129E0,9.585915985E0,-6.312373352E-1
4.289463208E0,-1.126557312E0,9.471254425E0,-7.831713867E-1
4.309505208E0,-1.148411865E0,9.615404663E0,-7.756869507E-1
4.329548208E0,-1.219214630E0,9.712552643E0,-6.554869080E-1
4.349591208E0,-1.101708984E0,9.713750153E0,-4.068539429E-1
4.369634208E0,-9.183403015E-1,9.631870422E0,-2.993774414E-1
4.389676208E0,-7.801776123E-1,9.656119995E0,-4.143383789E-1
4.409719458E0,-7.720944214E-1,9.742340698E0,-5.031037903E-1
4.429762458E0,-1.006207581E0,9.754315796E0,-4.733157349E-1
4.449805458E0,-1.221160583E0,9.751771088E0,-3.365002441E-1
4.469847458E0,-1.278641052E0,9.795031128E0,-2.683918762E-1
4.489890458E0,-1.198856964E0,9.830507355E0,-3.637435913E-1
4.509933458E0,-1.097517700E0,9.787247314E0,-5.123844910E-1
4.529976458E0,-1.053808594E0,9.760453033E0,-5.014572144E-1
4.550018458E0,-1.046024780E0,9.778715057E0,-3.192860413E-1
4.570061458E0,-1.003064117E0,9.707612915E0,-2.613565063E-1
4.590104458E0,-1.008153534E0,9.648186493E0,-3.538641357E-1
4.610147458E0,-9.909393311E-1,9.644743652E0,-4.222718811E-1
4.630190458E0,-9.458830261E-1,9.676777039E0,-3.128494263E-1
4.650232458E0,-9.701325989E-1,9.674232330E0,-3.037184143E-1
4.670275458E0,-1.167721710E0,9.657317505E0,-5.700146484E-1
4.690318458E0,-1.230141907E0,9.692644043E0,-7.155120850E-1
4.710361458E0,-1.098565521E0,9.825717316E0,-4.531077576E-1
4.730403458E0,-8.068222046E-1,9.818981323E0,-3.234773254E-1
4.750446458E0,-7.731422424E-1,9.588161316E0,-4.131408691E-1
4.770489458E0,-1.041833496E0,9.712253265E0,-4.418811035E-1
4.790531458E0,-1.204395447E0,9.808203735E0,-3.757186890E-1
4.810574458E0,-1.228046265E0,9.728419647E0,-2.939886475E-1
4.830617458E0,-1.034498749E0,9.720785522E0,-2.432441711E-1
4.850660458E0,-8.894503784E-1,9.699380035E0,-2.058219910E-1
4.870702458E0,-9.243278503E-1,9.716145172E0,-2.784210205E-1
4.890745458E0,-1.015188904E0,9.732311554E0,-3.487747192E-1
4.910788458E0,-1.064137115E0,9.808503113E0,-4.120930481E-1
4.930831458E0,-1.044976959E0,9.785750427E0,-3.700305176E-1
4.950873458E0,-1.074615326E0,9.838141479E0,-3.694317627E-1
4.970916458E0,-1.248852997E0,9.836195526E0,-3.359014893E-1
4.990959458E0,-1.271605682E0,9.702972565E0,-4.074526978E-1
5.011002458E0,-1.157842255E0,9.677675171E0,-4.713697815E-1
5.031044458E0,-1.221459961E0,9.633217621E0,-5.086422729E-1
5.051087458E0,-1.565444641E0,1.001058289E1,-2.387535095E-1
5.071130458E0,-1.351389771E0,9.589957581E0,6.421646118E-1
5.091173458E0,-6.554869080E-1,9.512568512E0,-9.327104187E-1
5.111215458E0,-9.413923645E-1,9.320667572E0,-1.557062073E0
5.131258458E0,-9.765692139E-1,9.925110626E0,3.835025024E-1
5.151301458E0,-1.874551849E0,1.002151016E1,1.611249390E0
5.171344458E0,-1.102158051E0,8.995843048E0,1.667532349E-1
5.191386458E0,-1.589544525E0,9.517807617E0,2.415975952E-1
5.211429458E0,-1.646875305E0,9.899962921E0,1.411115570E0
5.231472458E0,-1.636995850E0,9.770631866E0,8.186476135E-1
5.251515458E0,-1.762884064E0,9.645791473E0,4.493655396E-1
5.271557458E0,-2.035916290E0,9.555080109E0,4.933740234E-1
5.291600458E0,-2.081122284E0,9.423204346E0,-5.703140259E-1
5.311643458E0,-2.296374664E0,9.434730377E0,-1.009051666E0
5.331686458E0,-2.862647095E0,9.303902435E0,-4.887336731E-1
5.351728458E0,-2.713706818E0,8.820557556E0,-7.699987793E-1
5.371771458E0,-1.011446686E0,8.908873901E0,-1.500629425E0
5.391814458E0,-2.694396973E-1,9.070537720E0,-2.114203491E0
5.411857333E0,-7.997868347E-1,1.012928604E1,-2.382445679E0
5.431899333E0,-1.228195953E0,1.099882782E1,-4.846920776E-1
5.451942333E0,-6.436614990E-1,1.015877472E1,1.135239258E0
5.471985333E0,-9.490264893E-2,9.696535950E0,7.080276489E-1
5.492028333E0,2.460882568E-1,1.013482452E1,6.472540283E-1
5.512070333E0,9.355545044E-1,1.059930862E1,3.721261597E-1
5.532113333E0,1.151854706E0,9.927954712E0,-5.032534790E-1
5.552156333E0,7.391629028E-1,9.423503723E0,-3.499722290E-1
5.572198333E0,-3.008743286E-1,9.187594299E0,-3.119512939E-1
5.592241333E0,-1.687440948E0,9.147777100E0,-1.883084106E-1
5.612284333E0,-1.768572235E0,9.348958740E0,5.812413025E-1
5.632327333E0,-3.685336304E-1,9.515861664E0,6.673123169E-1
5.652369333E0,2.046244812E-1,9.811945953E0,9.386979675E-1
5.672412333E0,1.064286804E-1,9.918374634E0,1.290017395E0
5.692455333E0,-8.247848511E-2,9.641300812E0,6.297404480E-1
5.712498333E0,-3.844006348E-1,9.492809601E0,8.533753967E-1
5.732540333E0,-3.132984924E-1,9.500743103E0,1.662293243E0
5.752583333E0,1.299298096E-1,9.880653076E0,1.647623749E0
5.772626333E0,4.207749939E-1,9.817334747E0,1.134790192E0
5.792669333E0,5.128335571E-1,9.440418549E0,7.566764832E-1
5.812711333E0,6.236032104E-1,9.756261749E0,1.966909790E-1
5.832754333E0,4.864883423E-2,9.807904358E0,3.155438232E-1
5.852797333E0,2.065704346E-2,1.031864227E1,7.321275330E-1
5.872840333E0,6.734495544E-1,1.187884781E1,-7.894583130E-1
5.892882333E0,8.699908447E-1,1.141541153E1,-1.374890900E0
5.912925333E0,9.933343506E-1,1.150118317E1,-7.682025146E-1
5.932968333E0,-4.818479919E-1,1.446352295E1,3.321592712E-1
5.953010333E0,-2.670895844E0,1.408615768E1,5.463638306E-1
5.973053333E0,-1.800904999E0,1.216175949E1,-1.573228455E-1
5.993096333E0,4.349954224E-1,1.097008759E1,5.358856201E-1
6.013139333E0,7.262896729E-1,9.950108643E0,1.135838013E0
6.033181333E0,-2.082170105E-1,9.898166656E0,1.816472626E0
6.053224333E0,-1.112336884E0,9.916728058E0,1.854493561E0
6.073267333E0,-2.084116058E0,1.013227982E1,1.371298370E0
6.093310333E0,-3.704795837E0,9.552984467E0,-5.960604858E-1
6.113352333E0,-2.995720367E0,8.877738647E0,-2.345921631E0
6.133395333E0,-9.467811584E-1,8.689130859E0,-1.673519897E0
6.153438333E0,-8.816665649E-2,8.891060944E0,6.786886597E-1
6.173480333E0,-5.987548828E-3,8.743617554E0,2.740950165E0
6.193523333E0,-3.475772095E-1,8.117170258E0,5.135221252E0
6.213566333E0,-8.610095215E-1,7.642806702E0,5.662424927E0
6.233609333E0,-1.667532349E0,7.302414551E0,4.237687683E0
6.253651333E0,-2.284998322E0,7.062463531E0,2.619253235E0
6.273694333E0,-2.936892700E0,6.900799713E0,2.252366180E0
6.293737333E0,-2.879561920E0,6.524182892E0,3.169508972E0
6.313780333E0,-2.597398682E0,5.862708435E0,3.841311951E0
6.333822333E0,-2.307152252E0,5.525908813E0,3.848946075E0
6.353865333E0,-1.847009125E0,5.323230286E0,3.754492493E0
6.373908333E0,-1.471140747E0,5.082830200E0,3.842359772E0
6.393950333E0,-1.359323273E0,5.328469391E0,4.272415466E0
6.413993583E0,-1.021176453E0,6.737938385E0,4.717889099E0
6.434036583E0,-5.450166321E-1,9.678124237E0,4.752916260E0
6.454079583E0,-1.024619293E0,1.411864014E1,5.414540405E0
6.474121583E0,-3.013233948E0,1.668655014E1,6.918912048E0
6.494164583E0,-4.524341583E0,1.273746231E1,9.131610718E0
6.514207583E0,-3.609144745E0,8.084538116E0,1.037267990E1
6.534250583E0,-1.369951172E0,4.850662994E0,8.418493652E0
6.554292583E0,-5.026547241E-1,5.569767609E0,3.628304901E0
6.574335583E0,-2.142195282E0,1.097861984E1,5.619314575E-1
6.594378583E0,-5.133275299E0,1.400592453E1,-1.116228790E0
6.614420583E0,-7.975265350E0,1.334834198E1,-2.017953644E0
6.634463583E0,-1.831591187E0,1.293864395E1,4.105961609E0
6.654506583E0,-1.599423981E0,7.388335876E0,3.744313660E0
6.674549583E0,-2.628533936E0,4.292623444E0,-1.023421783E0
6.694591583E0,-1.333427124E0,5.894292755E0,-2.471660156E0
6.714634583E0,5.116360474E-1,8.966504059E0,-4.936135254E0
6.734677583E0,1.728904724E-1,1.041908340E1,-7.659122772E0
6.754719583E0,-1.425036621E-1,1.255484207E1,-5.877078552E0
6.774762583E0,4.331991577E-1,1.194785431E1,8.887019348E-1
6.794805583E0,-1.257984009E0,9.610464935E0,5.195695496E0
6.814848583E0,-3.185076599E0,8.905131683E0,4.620890808E-1
6.834890583E0,-2.922372894E0,8.368946686E0,-2.478994904E0
6.854933583E0,-1.905836792E0,8.025860138E0,-1.269210663E0
6.874976583E0,-5.212161255E-1,8.807235260E0,-8.821156311E-1
6.895019583E0,6.204597473E-1,9.657167816E0,-1.110091553E0
6.915061583E0,1.422940979E0,9.823621674E0,3.987707520E-1
6.935104583E0,9.057664490E-1,9.460327148E0,1.157991943E0
6.955147583E0,5.038522339E-1,9.353299713E0,6.068380737E-1
6.975189583E0,3.284170532E-1,9.225016479E0,8.680448914E-1
6.995232583E0,2.321672058E-1,9.228609009E0,6.924600220E-1
7.015275583E0,2.148033142E-1,9.231153717E0,6.134243774E-1
7.035318583E0,2.606080627E-1,9.742191010E0,1.079555054E0
7.055360583E0,-4.490661621E-2,9.881700897E0,1.372046814E0
7.075403583E0,-5.791456604E-1,9.834698639E0,4.659809875E-1
7.095446583E0,-4.743635559E-1,9.489366760E0,-2.993774414E-1
7.115488583E0,1.797761536E-1,9.889484711E0,-1.012045441E0
7.135531583E0,7.619155884E-1,1.051907547E1,-5.525010681E-1
7.155574583E0,1.298998718E0,1.075333832E1,-7.301815796E-1
7.175617583E0,1.165476379E0,1.118339401E1,-9.385482788E-1
7.195659583E0,2.960842896E-1,1.159907959E1,-1.974394226E-1
7.215702583E0,2.080673218E-2,1.320074890E1,-3.885919189E-1
7.235745583E0,1.206491089E-1,1.277024414E1,-2.972817993E-1
7.255787583E0,8.419990540E-1,1.146181503E1,-1.311572571E0
7.275830583E0,1.116228790E0,1.059990738E1,-2.455942841E0
7.295873583E0,1.615290985E0,1.036040543E1,-2.296823730E0
7.315916583E0,-5.116360474E-1,9.452693024E0,-1.119821320E0
7.335958583E0,-3.779191132E0,8.350834351E0,-2.857557678E-1
7.356001583E0,-3.887416077E0,9.234895935E0,1.053359528E0
7.376044583E0,-4.643942871E0,1.120255417E1,2.086062012E0
7.396086583E0,-2.318528595E0,1.312829956E1,2.640808411E0
7.416130000E0,8.928932190E-1,1.296319290E1,1.699565735E0
7.436173000E0,1.797013092E0,1.124027573E1,-1.851948853E0
7.456216000E0,1.345252533E0,1.047252228E1,-2.098635864E0
7.476258000E0,6.997947693E-1,9.950258331E0,-1.619631958E-1
7.496301000E0,-3.962260437E-1,9.313632202E0,5.403762817E-1
7.516344000E0,-1.416354675E0,8.708141327E0,5.459147644E-1
7.536386000E0,-2.227817230E0,7.826624451E0,2.308349762E0
7.556429000E0,-2.110311584E0,6.826105042E0,4.312831421E0
7.576472000E0,-1.556313629E0,6.001170502E0,3.820056152E0
7.596515000E0,-1.617985382E0,5.772895203E0,3.470383301E0
7.616557000E0,-1.486858063E0,5.496569824E0,2.726430359E0
7.636600000E0,-1.763632507E0,5.132826233E0,2.303260345E0
7.656643000E0,-2.225721588E0,4.665947113E0,2.507435760E0
7.676685000E0,-2.274370422E0,4.106111298E0,4.624483337E0
7.696728000E0,-2.492466888E0,4.109404449E0,6.092480621E0
7.716771000E0,-2.516117706E0,6.305337982E0,5.197641449E0
7.736814000E0,-1.694626007E0,1.138712036E1,4.339625702E0
7.756856000E0,-1.809886322E0,1.612910934E1,2.336491241E0
7.776899000E0,-3.608396301E0,1.473296265E1,3.274740143E0
7.796942000E0,-3.152294769E0,9.394763489E0,1.154115005E1
7.816984000E0,-1.631906433E0,6.866670685E0,1.016057098E1
7.837027000E0,-1.219214630E0,6.400839386E0,4.924758911E0
7.857070000E0,-5.381309509E-1,1.099628311E1,2.202669525E0
7.877113000E0,-2.487976227E0,1.946282684E1,5.540278931E0
7.897155000E0,-7.116052094E0,1.436847061E1,1.930984497E-2
7.917198000E0,-6.848708038E0,8.278385010E0,-2.188449097E0
7.937241000E0,-1.026565247E0,3.999383240E0,4.837939453E-1
7.957283000E0,1.598675537E0,3.518134003E0,4.171824646E-1
7.977326000E0,1.339414673E0,7.273225250E0,-2.272125092E0
7.997369000E0,4.972659302E-1,9.665550385E0,-5.802832947E0
8.017411000E0,-1.584754486E0,1.285167480E1,-7.773335266E0
8.037454000E0,-2.604134674E0,1.501961655E1,-4.370910645E0
8.057497000E0,1.748214569E0,1.155162827E1,7.921826477E0
8.077540000E0,-1.050665131E0,9.512119446E0,5.922733612E0
8.097582000E0,-2.760260010E0,8.434210968E0,-1.229393463E0
8.117625000E0,-1.031504974E0,7.512128448E0,-3.641926575E0
8.137668000E0,1.402583313E-1,7.234605560E0,-2.141596527E0
8.157710000E0,4.129911804E-1,8.256680145E0,8.816665649E-2
8.177753000E0,-3.276686096E-1,9.220974884E0,-4.596940613E-1
8.197796000E0,-5.304968262E-1,9.186247101E0,-9.744735718E-2
8.217839000E0,-6.601272583E-1,9.261390839E0,9.696835327E-1
8.237881000E0,-1.119671631E0,9.210496674E0,7.694000244E-2
8.257924000E0,-9.740245056E-1,9.286837921E0,4.580474854E-2
8.277967000E0,-5.188211060E-1,9.260492706E0,-4.454736328E-1
8.298009000E0,1.023870850E-1,9.863139496E0,3.109034729E-1
8.318052000E0,6.592291260E-1,1.033181488E1,9.524693298E-1
8.338095000E0,9.913883972E-1,9.784702606E0,-5.149291992E-1
8.358137000E0,1.048419800E0,9.767488403E0,-7.243437195E-1
8.378180000E0,9.219328308E-1,1.048958679E1,-1.118025055E0
8.398223000E0,9.936337280E-1,1.104987167E1,-6.770420837E-1
8.418265458E0,1.379381561E0,1.132065857E1,-1.429527283E0
8.438307458E0,1.839674377E-1,1.063074326E1,-9.650431824E-1
8.458350458E0,-5.965095520E-1,1.007689499E1,7.306306458E-1
8.478393458E0,-5.860313416E-1,1.131272507E1,-5.685177612E-1
8.498435458E0,-8.764274597E-1,1.225082428E1,-2.240840149E-1
8.518478458E0,3.353027344E-2,1.146241379E1,-3.236270142E-1
8.538521458E0,1.243314514E0,1.187690186E1,-2.272125092E0
8.558563458E0,1.398990784E0,1.195144684E1,-1.931583252E0
8.578606458E0,-1.561552734E0,9.961934052E0,-4.821473694E-1
8.598649458E0,-3.792363739E0,9.768685913E0,4.182302856E-1
8.618692458E0,-3.700903931E0,1.104837479E1,2.005529480E0
8.638734458E0,-2.766846313E0,1.090437424E1,2.529889069E0
8.658777458E0,6.200106812E-1,1.111678253E1,1.337917786E0
8.678820458E0,2.070644073E0,1.108789261E1,-1.165476379E0
8.698862458E0,3.299289093E0,1.092667786E1,-2.734363861E0
8.718905458E0,1.774859161E0,1.029065048E1,-1.229992218E0
8.738948458E0,4.472698975E-1,9.790989532E0,4.510121155E-1
8.758990458E0,-1.511856079E0,9.290131073E0,9.128018188E-1
8.779033458E0,-4.524042206E0,8.641080780E0,1.225651245E0
8.799076458E0,-7.013814697E0,7.572453003E0,2.352058868E0
8.819119458E0,-3.888613586E0,6.717281342E0,3.760480042E0
8.839161458E0,-1.477277985E0,5.592819672E0,3.723806305E0
8.859204458E0,-4.590953064E-1,5.001848602E0,3.198997650E0
8.879247458E0,-7.897576904E-1,4.710254974E0,2.598895569E0
8.899289458E0,-1.615740051E0,4.440964966E0,2.705473938E0
8.919332458E0,-1.897454224E0,4.111350403E0,3.959566040E0
8.939375458E0,-1.656754761E0,4.023333435E0,5.577252045E0
8.959417458E0,-1.305285645E0,4.793332214E0,6.005062408E0
8.979460458E0,-3.418890381E-1,8.041427765E0,5.140460358E0
8.999503458E0,-5.589376831E-1,1.464419724E1,4.051474915E0
9.019546458E0,-4.299060059E0,1.946088089E1,3.672313385E0
9.039588458E0,-5.839057617E0,1.381222733E1,8.914412384E0
9.059631458E0,-1.723964996E0,7.897876282E0,1.337633377E1
9.079674458E0,-7.286846924E-1,4.013753357E0,8.467591553E0
9.099716458E0,-1.560355225E0,1.116692825E1,4.848267975E0
9.119759458E0,-5.036726074E0,2.012011002E1,-2.669997711E0
9.139802458E0,-1.079270645E1,1.192345505E1,-7.947872314E0
9.159844458E0,-5.882766724E-2,4.913232880E0,2.183359680E0
9.179887458E0,3.765270081E0,3.222947845E0,1.811981964E0
9.199930458E0,-3.653901672E-1,5.434898071E0,-1.938019867E0
9.219973458E0,-2.955753479E0,1.054497162E1,-3.658991089E0
9.240015458E0,-3.184777222E0,1.294403275E1,-4.529880066E0
9.260058458E0,-7.444020081E-1,1.493339584E1,3.085084534E-1
9.280101458E0,2.154170380E0,1.102143082E1,2.938090210E0
9.300143458E0,-5.688171387E-3,9.106463013E0,1.114731903E0
9.320186458E0,-2.049238586E0,8.122409363E0,-3.659889221E-1
9.340229458E0,-1.853894806E0,7.407795410E0,-3.719764709E-1
9.360271458E0,-1.371747437E0,7.259902954E0,-1.757644958E0
9.380314458E0,-6.439608765E-1,7.162605286E0,-1.305135956E0
9.400357458E0,-1.345701599E-1,8.224646759E0,-9.933343506E-1
9.420400708E0,5.489085388E-1,9.203461304E0,5.523513794E-2
9.440442708E0,8.779243469E-1,9.577982483E0,2.049238586E-1
9.460485708E0,1.413061523E-1,9.189091187E0,8.981323242E-2
9.480528708E0,-3.323089600E-1,9.284442902E0,6.686595154E-1
9.500570708E0,-5.179229736E-2,9.770182800E0,1.820214844E-1
9.520613708E0,5.149291992E-2,9.595196686E0,1.437011719E-2
9.540656708E0,-2.062710571E-1,9.125473480E0,-3.038681030E-2
9.560698708E0,8.981323242E-3,9.228609009E0,-2.728825378E-1
9.580741708E0,7.686515808E-1,1.038390656E1,-1.009800110E0
9.600784708E0,1.361718292E0,1.140553207E1,-1.004860382E0
9.620826708E0,1.577868805E0,1.125748993E1,-9.135502625E-1
9.640869708E0,1.217118988E0,1.039962387E1,-7.309300232E-1
9.660912708E0,4.267625427E-1,1.145642624E1,-5.171745300E-1
9.680955708E0,-1.169068909E-1,1.369427261E1,6.831793213E-1
9.700997708E0,3.098556519E-1,1.184741318E1,-7.858657837E-1
9.721040708E0,1.181942139E0,1.152827682E1,-2.657723236E0
9.741083708E0,1.847907257E0,1.058433975E1,-2.247576141E0
9.761125708E0,1.053209839E0,1.105780518E1,-8.735833740E-1
9.781168708E0,-4.378395081E0,1.171239395E1,3.249742126E-1
9.801211708E0,-4.696633301E0,1.137948624E1,1.215622101E0
9.821253708E0,-3.655697937E0,1.145792313E1,2.154469757E0
9.841296708E0,-1.002165985E0,1.122261246E1,2.255060577E0
9.861339708E0,1.107546844E0,1.145567780E1,9.482780457E-1
9.881381708E0,2.313289490E0,1.158396103E1,-2.796185303E0
9.901424708E0,2.553390198E0,1.079180832E1,-3.388653259E0
9.921467708E0,1.476679230E0,1.009560608E1,-1.711840210E0
9.941509708E0,-2.796185303E-1,9.349407806E0,1.860630798E-1
9.961552708E0,-2.453398132E0,8.448730774E0,1.588197327E0
9.981595708E0,-4.952451324E0,7.194638672E0,3.714824982E0
1.000163871E1,-5.043911133E0,6.023773499E0,4.227808228E0
1.002168071E1,-2.550396423E0,5.556445312E0,3.531605988E0
1.004172371E1,-1.297651520E0,5.059628448E0,2.677182770E0
1.006176671E1,-1.245859222E0,4.819378052E0,2.036065979E0
1.008180871E1,-1.559008026E0,4.320465546E0,1.825004883E0
1.010185171E1,-1.911375275E0,3.583847351E0,3.250490570E0
1.012189471E1,-1.823058929E0,3.285218353E0,5.432203674E0
1.014193671E1,-1.063388672E0,4.836592255E0,6.769822083E0
1.016197971E1,3.755690002E-1,9.076375580E0,5.601351929E0
1.018202271E1,7.185058594E-2,1.548125656E1,3.764371948E0
1.020206471E1,-3.303031311E0,1.757495270E1,3.891757050E0
1.022210771E1,-6.606362000E0,1.126647125E1,9.604926453E0
1.024215071E1,-2.096240845E0,7.570207672E0,1.154743698E1
1.026219371E1,2.682421875E-1,5.381758575E0,8.198451233E0
1.028223571E1,9.984237671E-1,8.233927460E0,4.434228973E0
1.030227871E1,-2.071242828E0,1.730386642E1,3.323089600E0
1.032232171E1,-6.989714813E0,1.791070450E1,-2.298470306E0
1.034236371E1,-7.815397797E0,8.789871368E0,-5.555547180E0
1.036240671E1,3.923341370E-1,5.519322510E0,-6.580316162E-1
1.038244971E1,-1.535207520E0,2.473606110E0,2.420466614E-1
1.040249163E1,-2.071242828E0,5.695655823E0,2.318079529E0
1.042253463E1,-1.503024445E0,1.069540878E1,-3.218307495E-1
1.044257763E1,-2.171234894E0,1.359083771E1,-6.397695923E0
1.046261963E1,-8.054750061E-1,1.604737930E1,-6.071524200E0
1.048266263E1,3.792812805E0,9.934690704E0,3.107837219E0
1.050270563E1,1.131646729E0,8.379125519E0,3.327580261E0
1.052274763E1,-2.111209717E0,8.590336304E0,-5.031037903E-1
1.054279063E1,-2.539169769E0,8.056396637E0,-2.589016113E0
1.056283363E1,-1.732048187E0,7.725734253E0,-1.485211487E0
1.058287563E1,-8.193960571E-1,8.476722565E0,-5.929170227E-1
1.060291863E1,-3.144960022E-1,8.880433044E0,-4.619393921E-1
1.062296163E1,3.611988831E-1,8.607550507E0,-4.550537109E-2
1.064300463E1,1.143621826E0,8.921896820E0,8.144563293E-1
1.066304663E1,6.670129395E-1,9.100026398E0,4.173321533E-1
1.068308963E1,4.799020386E-1,9.036558380E0,-1.088087311E0
1.070313262E1,8.830137634E-1,9.653874664E0,-1.104403381E0
1.072317463E1,2.305206299E-1,1.106738525E1,1.068627777E0
1.074321763E1,-6.608757019E-1,1.035366943E1,1.196761322E0
1.076326063E1,-2.824626160E-1,9.359137573E0,-9.836045837E-1
1.078330263E1,7.729925537E-1,1.049377808E1,-1.498084717E0
1.080334563E1,2.499951324E0,1.097906891E1,-9.683363342E-1
1.082338863E1,2.990331573E0,1.050290909E1,-1.202449493E0
1.084343063E1,1.257534943E0,1.045590683E1,-6.315367126E-1
1.086347363E1,-5.077441406E-1,1.184097656E1,5.981561279E-1
1.088351663E1,-1.482217712E0,1.273102570E1,4.728666687E-1
1.090355863E1,-7.482939148E-1,1.188288940E1,-1.124461670E0
1.092360162E1,3.989204407E-1,1.107936035E1,-1.948947144E0
1.094364463E1,1.060394897E0,1.036100418E1,-1.515298920E0
1.096368663E1,-6.328839111E-1,9.909542999E0,-1.050665131E0
1.098372963E1,-4.139342194E0,1.024080414E1,-6.309379578E-1
1.100377263E1,-4.429289246E0,1.164233963E1,1.071322174E0
1.102381463E1,-3.822900238E0,1.239033417E1,2.965183868E0
1.104385763E1,-9.193881226E-1,1.145223495E1,2.543061676E0
1.106390063E1,1.801503754E0,1.094179642E1,1.342707825E-1
1.108394363E1,3.362158356E0,1.068328400E1,-1.492396545E0
1.110398563E1,3.185525665E0,1.019125717E1,-2.010319519E-1
1.112402863E1,1.336420898E0,9.226812744E0,1.620979156E0
1.114407162E1,-6.092330933E-1,8.519683228E0,2.202070770E0
1.116411363E1,-2.327060852E0,7.713010712E0,2.216590576E0
1.118415663E1,-4.413122864E0,6.802903290E0,2.187850342E0
1.120419963E1,-5.357808380E0,5.892795868E0,2.526595917E0
1.122424163E1,-3.058140564E0,5.364394684E0,3.134781189E0
1.124428463E1,-1.432371368E0,4.788093109E0,3.035537567E0
1.126432763E1,-1.235979767E0,4.718936920E0,2.510579224E0
1.128436963E1,-1.710942078E0,4.928501129E0,2.745141449E0
1.130441263E1,-2.140099640E0,4.464765472E0,3.503763885E0
1.132445563E1,-2.008074188E0,4.444707184E0,4.328099670E0
1.134449763E1,-9.804611206E-1,6.541696472E0,4.915328522E0
1.136454062E1,-1.719923401E-1,1.122186401E1,4.503235474E0
1.138458363E1,-8.144563293E-1,1.749262390E1,4.649930420E0
1.140462871E1,-4.284839630E0,1.552107376E1,8.719966736E0
1.142467171E1,-4.549339600E0,9.054221649E0,1.373394012E1
1.144471471E1,-3.102298737E0,6.568191376E0,1.032403107E1
1.146475671E1,-2.902464294E0,6.249803467E0,4.563560028E0
1.148479971E1,-1.172811127E0,1.321002960E1,2.134112091E0
1.150484271E1,-1.389859772E0,2.154664352E1,-1.532662811E0
1.152488471E1,-6.614744568E0,1.189082291E1,-5.872288513E0
1.154492771E1,-1.351090393E0,4.551584930E0,1.637594604E-1
1.156497071E1,5.900729370E-1,3.629053345E0,1.625619507E-1
1.158501371E1,-4.309538269E0,5.762716370E0,-1.418600006E0
1.160505571E1,-2.532433777E0,9.910590820E0,-6.930587769E-1
1.162509871E1,-1.341061249E0,1.021820114E1,-3.697012024E0
1.164514171E1,-9.009764099E-1,1.291020309E1,-5.330565033E0
1.166518371E1,1.754351807E0,1.310928909E1,3.507206726E-1
1.168522671E1,1.963916016E0,8.970845032E0,3.292104034E0
1.170526971E1,-1.385219421E0,8.876391449E0,1.436113586E0
1.172531171E1,-2.439477081E0,8.292755127E0,-8.649014282E-1
1.174535471E1,-1.772913208E0,7.703280945E0,-1.641636200E0
1.176539771E1,-1.091829529E0,7.785609741E0,-9.361532593E-1
1.178543971E1,-2.474354553E-1,8.526718597E0,3.737727356E-1
1.180548271E1,5.054988098E-1,9.208550720E0,3.230282593E-1
1.182552571E1,9.071136475E-1,9.499395905E0,3.873944092E-1
1.184556771E1,8.967851257E-1,9.358987885E0,5.141807556E-1
1.186561071E1,3.611988831E-1,9.590406647E0,-8.367599487E-2
1.188565371E1,1.755848694E-1,9.582922211E0,-6.613247681E-1
1.190569571E1,-2.454895020E-2,9.476343842E0,-5.725593567E-1
1.192573871E1,-9.521699524E-1,9.950108643E0,9.530680847E-1
1.194578171E1,-1.504970398E0,1.013632141E1,1.219214630E0
1.196582371E1,-1.570234680E-1,1.072250244E1,-8.211923218E-1
1.198586671E1,1.967658234E0,1.147094604E1,-1.569635925E0
1.200590971E1,3.239114227E0,1.098236206E1,-1.277742920E0
1.202595171E1,2.791844330E0,9.716893616E0,-2.995271301E-1
1.204599471E1,1.048719177E0,1.088611221E1,1.122216339E0
1.206603771E1,-3.435356140E-1,1.294253586E1,7.976911926E-1
1.208607971E1,-7.816744995E-1,1.163275955E1,-4.040098572E-1
1.210612271E1,2.043251038E-1,1.138861725E1,-1.668430481E0
1.212616571E1,4.718188477E-1,1.155686737E1,-1.622775421E0
1.214620771E1,1.451980591E-1,1.243104950E1,-1.143023071E0
1.216625071E1,-3.567231903E0,1.169652695E1,-3.210823059E-1
1.218629371E1,-4.304748230E0,1.232192642E1,1.875150604E0
1.220633571E1,-3.758085022E0,1.145148651E1,3.357518005E0
1.222637871E1,-2.349514160E0,9.650731201E0,1.875899048E0
1.224642171E1,8.116122437E-1,9.094338226E0,5.532495117E-1
1.226646371E1,2.651885376E0,9.641899567E0,-1.371148682E-1
1.228650671E1,2.723586273E0,9.751920776E0,-2.192939758E-1
1.230654971E1,1.755699005E0,9.725725250E0,2.080673218E-2
1.232659171E1,-2.686912537E-1,9.331894226E0,4.460723877E-2
1.234663471E1,-2.348765717E0,8.338559875E0,-2.859054565E-2
1.236667771E1,-4.968617706E0,7.239395599E0,8.072712708E-1
1.238672071E1,-5.655688934E0,6.292315063E0,3.152294769E0
1.240675908E1,-2.484533386E0,5.769302673E0,3.845353546E0
1.242680208E1,-9.876461792E-1,5.269791412E0,3.406915283E0
1.244684508E1,-8.458909607E-1,5.217100983E0,2.516417084E0
1.246688708E1,-1.543590088E0,5.063670044E0,2.168690186E0
1.248693008E1,-2.003284149E0,4.470303955E0,2.658920746E0
1.250697308E1,-1.693428497E0,4.665498047E0,3.714525604E0
1.252701508E1,-5.604345703E-1,6.775061188E0,5.030588837E0
1.254705808E1,1.067579956E0,1.090182953E1,5.861660614E0
1.256710108E1,3.435356140E-1,1.632490219E1,5.539530487E0
1.258714308E1,-3.601809998E0,1.742556335E1,5.081932068E0
1.260718608E1,-6.269412689E0,1.159428955E1,9.604477386E0
1.262722908E1,-4.226910095E0,6.534062347E0,1.217388428E1
1.264727108E1,-1.655257874E0,3.949985962E0,7.065157928E0
1.266731408E1,-1.109193420E-1,7.445217590E0,2.260299683E-2
1.268735708E1,-1.829495544E0,1.739652374E1,-4.110452271E-1
1.270739908E1,-6.456373901E0,1.729802856E1,-2.743195496E0
1.272744208E1,-3.366798706E0,1.078522202E1,-1.744771729E0
1.274748508E1,1.635798340E0,6.399342499E0,6.765930176E-2
1.276752708E1,-3.436254272E0,3.743864594E0,-2.654280396E0
1.278757008E1,-2.854713593E0,6.386169891E0,-1.626367950E0
1.280761308E1,-7.726931763E-1,1.033376083E1,-1.329684906E0
1.282765508E1,-1.395547943E0,1.179098053E1,-4.206253052E0
1.284769808E1,3.742218018E-3,1.489791962E1,-4.198768616E-1
1.286774108E1,2.072440338E0,1.101364700E1,3.841311951E0
1.288778308E1,4.558021545E-1,8.831634521E0,1.193617859E0
1.290782608E1,-2.444865875E0,8.233628082E0,-1.268162842E0
1.292786908E1,-1.505419464E0,7.521109772E0,-1.338516541E0
1.294791108E1,-1.229543152E0,7.647447052E0,-6.143225098E-1
1.296795408E1,-5.300477600E-1,8.364905090E0,2.585124207E-1
1.298799708E1,-6.122268677E-2,8.633596344E0,-3.573069763E-1
1.300803908E1,6.659651184E-1,8.460556183E0,1.610650635E-1
1.302808208E1,7.447013855E-1,9.031319275E0,5.866300964E-1
1.304812508E1,5.757028198E-1,9.187893677E0,-5.448669434E-2
1.306816708E1,7.008425903E-1,9.309740295E0,-3.570075989E-1
1.308821008E1,3.415896606E-1,9.668693848E0,7.095245361E-2
1.310825308E1,-3.336561584E-1,9.873617706E0,1.182989960E0
1.312829508E1,-2.212399292E-1,9.864037628E0,1.029109955E0
1.314833808E1,4.806504822E-1,1.021655457E1,-1.021326141E0
1.316838108E1,1.072819061E0,1.157123749E1,-1.815424805E0
1.318842308E1,2.326462097E0,1.149983597E1,-7.845185852E-1
1.320846608E1,2.804118805E0,1.083836151E1,-8.366102600E-1
1.322850908E1,1.452279968E0,1.099254089E1,-2.891986084E-1
1.324855108E1,-1.839674377E-1,1.361538666E1,2.433938599E-1
1.326859408E1,-1.054706726E0,1.259870087E1,-2.588117981E-1
1.328863708E1,2.782713318E-1,1.135284164E1,-1.818568268E0
1.330867908E1,1.314716034E0,1.144744492E1,-1.590292969E0
1.332872208E1,7.851173401E-1,1.123593475E1,-3.462300110E-1
1.334876508E1,-3.838767242E0,9.819430389E0,-5.013075256E-1
1.336880708E1,-4.218826904E0,1.069540878E1,4.300556946E-1
1.338885008E1,-3.887116699E0,1.180505127E1,3.118914185E0
1.340889396E1,-2.075733490E0,1.139011414E1,3.159180450E0
1.342893596E1,6.474037170E-1,1.073552536E1,-4.939727783E-2
1.344897896E1,2.207459564E0,9.892328796E0,-2.070344696E0
1.346902196E1,3.098556519E0,1.017553986E1,-1.822160797E0
1.348906396E1,2.479743347E0,9.882149963E0,-3.249742126E-1
1.350910696E1,9.545649719E-1,9.660011902E0,6.896159363E-1
1.352914996E1,-1.477876740E0,9.117839355E0,1.509610748E0
1.354919196E1,-4.152664490E0,8.261170807E0,1.948498077E0
1.356923496E1,-5.411396942E0,6.926246796E0,2.838846588E0
1.358927796E1,-2.917732544E0,6.079308014E0,2.885848846E0
1.360931996E1,-1.132395172E0,5.436245270E0,2.166444855E0
1.362936296E1,-6.616241455E-1,4.839586029E0,1.683698730E0
1.364940596E1,-1.587149506E0,4.499343567E0,2.350561981E0
1.366944796E1,-2.060016174E0,4.227658539E0,3.573069763E0
1.368949096E1,-1.755699005E0,3.685186615E0,4.938979340E0
1.370953396E1,-1.543141022E0,4.160597992E0,5.707032166E0
1.372957596E1,-3.391946411E-1,7.422614594E0,5.412893829E0
1.374961896E1,1.845661926E-1,1.345911163E1,4.663252716E0
1.376966196E1,-2.418820038E0,2.061093933E1,2.125130768E0
1.378970396E1,-5.572761383E0,1.570698715E1,7.745343475E0
1.380974696E1,-5.106930084E0,8.332871704E0,1.412911835E1
1.382978996E1,-4.001179504E-1,3.514092407E0,1.092054062E1
1.384983196E1,2.544708252E0,4.962330780E0,4.208049316E0
1.386987496E1,-1.084644470E0,1.415291885E1,-6.794371033E-1
1.388991796E1,-6.447841644E0,1.745879425E1,-6.672225037E0
1.390995996E1,-7.997419281E0,1.384560791E1,-6.400240631E0
1.393000296E1,1.704804840E0,7.094796295E0,3.197201385E0
1.395004596E1,-1.741179199E0,3.180585938E0,2.296224976E-1
1.397008796E1,-2.790048065E0,5.764812012E0,-2.157762909E0
1.399013096E1,-2.239642639E0,1.163201111E1,-3.326382751E0
1.401017396E1,-1.534159698E0,1.420471115E1,-4.328099670E0
1.403021596E1,1.603764954E0,1.319101913E1,2.075284424E0
1.405025896E1,1.267264709E0,9.595945129E0,2.689157867E0
1.407030196E1,-1.045426025E0,8.677155762E0,-9.357041931E-1
1.409034396E1,-1.795366516E0,7.527247009E0,-2.682721252E0
1.411038696E1,-1.713486786E0,6.646328888E0,-1.760638733E0
1.413042996E1,-1.469643860E0,7.522906036E0,-2.183958435E-1
1.415047196E1,-9.982740784E-1,9.009315033E0,-5.237608337E-1
1.417051496E1,-2.739303589E-2,9.496102753E0,-3.924838257E-1
1.419055796E1,6.322851562E-1,9.141639862E0,8.836125183E-1
1.421059996E1,7.044351196E-1,8.994645538E0,1.527573395E0
1.423064296E1,7.331753540E-1,9.303752747E0,7.167095947E-1
1.425068596E1,1.254241791E0,9.703721008E0,-3.579057312E-1
1.427072796E1,1.131197662E0,9.916278992E0,-4.379891968E-1
1.429077096E1,-2.122586060E-1,9.744735718E0,2.805166626E-1
1.431081396E1,-9.855505371E-1,9.814191284E0,7.206015015E-1
1.433085596E1,-1.481918335E-2,1.014410522E1,-8.339158630E-1
1.435089896E1,1.022224274E0,1.109492798E1,-1.445094910E0
1.437094196E1,1.505868530E0,1.082414108E1,-8.714877319E-1
1.439098396E1,8.999285889E-1,9.990374908E0,-7.080276489E-1
1.441102633E1,2.682421875E-1,1.075737991E1,-3.646417236E-1
1.443106933E1,-2.591111755E-1,1.295002029E1,3.049159241E-1
1.445111133E1,2.502795410E-1,1.230456253E1,-7.068301392E-1
1.447115433E1,1.333127747E0,1.183229462E1,-1.970801697E0
1.449119633E1,1.424737244E0,1.217942276E1,-1.810335388E0
1.451123933E1,-2.188748474E0,1.099463654E1,-3.300636292E-1
1.453128233E1,-4.352648621E0,1.024379791E1,1.405577087E-1
1.455132433E1,-4.608766022E0,1.168140839E1,1.593885498E0
1.457136733E1,-3.689078522E0,1.158605667E1,3.007845154E0
1.459141033E1,-2.207908630E-1,1.090497299E1,2.331401825E0
1.461145233E1,1.690584412E0,1.013168106E1,1.362167358E-1
1.463149533E1,3.072810059E0,1.015188904E1,-2.851270752E0
1.465153833E1,3.280727692E0,1.028481262E1,-1.832639008E0
1.467158033E1,1.987866211E0,9.724976807E0,2.408491516E-1
1.469162333E1,-1.477427673E-1,9.274862823E0,1.321601715E0
1.471166633E1,-2.068398743E0,8.571475525E0,1.714085541E0
1.473170833E1,-4.563110962E0,7.582482147E0,2.160756683E0
1.475175133E1,-5.261708221E0,6.358327789E0,3.049757996E0
1.477179433E1,-2.233206024E0,5.748346252E0,3.396886139E0
1.479183633E1,-5.310955811E-1,5.263654175E0,3.229384460E0
1.481187933E1,-2.086660767E-1,5.020410004E0,2.563569031E0
1.483192233E1,-1.469943237E0,4.883145447E0,2.170187073E0
1.485196433E1,-2.209255829E0,4.565805359E0,3.060685272E0
1.487200733E1,-2.359243927E0,4.299958191E0,4.509223022E0
1.489205033E1,-1.766775970E0,5.501659241E0,5.855223999E0
1.491209233E1,1.642085266E-1,9.331744537E0,5.350323944E0
1.493213533E1,3.487747192E-1,1.569635925E1,4.484823761E0
1.495217833E1,-4.077071686E0,1.899010986E1,3.409010925E0
1.497222033E1,-7.730075226E0,1.226803848E1,9.677824860E0
1.499226333E1,-4.447850647E0,6.665938110E0,1.370714584E1
1.501230633E1,-1.244362335E0,4.209546204E0,7.542215881E0
1.503234833E1,-1.332379303E0,1.000279907E1,1.689686279E0
1.505239133E1,-3.238964539E0,1.828477661E1,-3.042572937E0
1.507243433E1,-6.969057770E0,1.329759750E1,-5.478307800E0
1.509247633E1,-1.035396881E0,8.250692596E0,1.388811951E0
1.511251933E1,2.736160126E0,6.064937897E0,5.978567505E-1
1.513256233E1,-2.625091095E0,5.213209076E0,-4.060306549E0
1.515260433E1,-2.572550354E0,8.440497894E0,-2.614463196E0
1.517264733E1,-1.138532410E0,1.058239380E1,-1.591041412E0
1.519269033E1,-1.412163391E0,1.257011032E1,-1.763033752E0
1.521273233E1,1.142124939E-1,1.292412415E1,8.123606873E-1
1.523277533E1,1.090781708E0,9.826765137E0,1.886526947E0
1.525281833E1,-1.162183228E0,8.714877319E0,9.785151672E-1
1.527286033E1,-1.818119202E0,8.189020844E0,-3.388952637E-1
1.529290333E1,-1.129401398E0,8.193361816E0,-1.437311096E0
1.531294633E1,-4.906796265E-1,8.031697998E0,-9.611512756E-1
1.533298833E1,1.089733887E-1,8.167914734E0,-3.308120728E-2
1.535303133E1,2.210902405E-1,8.865314484E0,-1.835183716E-1
1.537307333E1,5.481600952E-1,9.152417450E0,5.474116516E-1
1.539311633E1,5.472619629E-1,8.990753632E0,8.634045410E-1
1.541315996E1,2.191442871E-1,9.187893677E0,1.023870850E-1
1.543320196E1,2.077679443E-1,9.410630493E0,-2.035766602E-2
1.545324496E1,3.974235535E-1,9.703571320E0,2.621049500E-1
1.547328796E1,1.478924561E-1,9.984237671E0,3.365002441E-1
1.549332996E1,-1.050814819E-1,9.588909760E0,4.834945679E-1
1.551337296E1,1.812730408E-1,9.550589447E0,-2.656974792E-1
1.553341596E1,9.081614685E-1,1.078252762E1,-1.250349884E0
1.555345796E1,1.492546234E0,1.149085464E1,-1.116528168E0
1.557350096E1,1.352138214E0,1.078477295E1,-7.934999084E-1
1.559354396E1,-1.480421448E-1,1.036295013E1,-4.993615723E-1
1.561358596E1,-9.310638428E-1,1.186238205E1,7.529342651E-2
1.563362896E1,-9.641450500E-1,1.316033295E1,3.365002441E-1
1.565367196E1,1.853146362E-1,1.167557053E1,-4.887336731E-1
1.567371396E1,1.332528992E0,1.123234222E1,-1.348246307E0
1.569375696E1,1.888023834E0,1.120464981E1,-1.203497314E0
1.571379996E1,-5.230123901E-1,1.012988480E1,-6.282435608E-1
1.573384196E1,-4.205504608E0,9.620194702E0,-3.477268982E-1
1.575388496E1,-4.199517059E0,1.111573471E1,1.476978607E0
1.577392796E1,-2.943179626E0,1.158725418E1,3.272494812E0
1.579396996E1,4.071533203E-1,1.126901596E1,2.423460388E0
1.581401296E1,1.881587219E0,1.118773499E1,-1.098415833E0
1.583405596E1,3.385210419E0,1.045800247E1,-3.018173676E0
1.585409796E1,3.444936218E0,1.040635986E1,-5.724096680E-1
1.587414096E1,1.895957336E0,1.021835083E1,1.349593506E0
1.589418396E1,-1.448986816E-1,9.696236572E0,1.758692780E0
1.591422596E1,-2.489024048E0,8.857081604E0,1.792971497E0
1.593426896E1,-5.317093048E0,7.684120789E0,1.982327728E0
1.595431096E1,-4.972060547E0,6.331683197E0,2.510728912E0
1.597435396E1,-1.826352081E0,5.508095856E0,3.056493988E0
1.599439696E1,-6.704557800E-1,4.938829651E0,2.939437408E0
1.601443896E1,-8.433462524E-1,4.921914825E0,2.546953583E0
1.603448196E1,-1.881736908E0,5.116809540E0,2.348466339E0
1.605452496E1,-2.351160736E0,4.762945404E0,3.259771271E0
1.607456696E1,-2.227368164E0,4.259991302E0,4.431983643E0
1.609460996E1,-1.439706116E0,5.000651093E0,5.128634949E0
1.611465296E1,3.683839417E-1,8.555009766E0,4.901407471E0
1.613469496E1,7.135661316E-1,1.511421982E1,3.653302917E0
1.615473796E1,-4.419709167E0,1.867067413E1,3.202290802E0
1.617478096E1,-6.190526733E0,1.222792191E1,6.840175781E0
1.619482296E1,-4.285588074E0,7.451953583E0,1.323502762E1
1.621486596E1,-2.400408325E0,6.430627441E0,9.273066559E0
1.623490896E1,-3.171005859E0,1.235321136E1,4.288581848E0
1.625495096E1,-3.052751770E0,1.946402435E1,-2.122586060E-1
1.627499396E1,-4.940326538E0,1.049976562E1,-3.072360992E0
1.629503696E1,-4.529580688E-1,4.544549561E0,2.128274231E0
1.631507896E1,2.027683411E0,5.145250397E0,-1.363664246E-1
1.633512196E1,-1.753902740E0,7.366181946E0,-1.369801483E0
1.635516496E1,-2.416874084E0,9.459129639E0,-1.906136169E0
1.637520696E1,-1.056053925E0,9.658215637E0,-4.526437225E0
1.639524996E1,-1.140927429E0,1.148786087E1,-5.454058228E0
1.641529258E1,-4.073030090E-1,1.300211197E1,-1.016236725E0
1.643533458E1,-4.367916870E-1,1.032657578E1,4.462969208E0
1.645537758E1,-1.820813599E0,9.471404114E0,3.694467316E0
1.647541958E1,-2.570604401E0,8.916058960E0,7.707472229E-1
1.649546258E1,-1.444047089E0,8.361462250E0,-9.521699524E-1
1.651550558E1,1.871109009E-2,8.311466217E0,-1.085692291E0
1.653554758E1,7.601193237E-1,8.127498779E0,-2.095642090E-1
1.655559058E1,9.705816650E-1,8.390651550E0,5.334906006E-1
1.657563358E1,8.690927124E-1,8.886869659E0,3.302133179E-1
1.659567558E1,4.334985352E-1,9.092691650E0,1.069076843E0
1.661571858E1,3.168910217E-1,9.215586090E0,1.166973267E0
1.663576158E1,-7.185058594E-2,9.313931580E0,6.300398254E-1
1.665580358E1,-4.706213379E-1,9.230704651E0,1.061293030E0
1.667584658E1,-8.222401428E-1,9.459728394E0,7.653584290E-1
1.669588958E1,-9.455836487E-1,9.817634125E0,6.560856628E-1
1.671593158E1,-2.387535095E-1,9.550140381E0,4.824467468E-1
1.673597458E1,5.463638306E-1,9.745184784E0,-9.897418213E-1
1.675601758E1,6.771917725E-1,1.000010468E1,-1.211430817E0
1.677605958E1,1.070274353E0,9.994566193E0,-1.234931946E0
1.679610258E1,1.333876190E0,1.091155930E1,-1.774110718E0
1.681614558E1,1.177601166E0,1.337498657E1,-1.423539734E0
1.683618758E1,3.811074829E-1,1.453073318E1,8.619076538E-1
1.685623058E1,1.399140472E0,1.293205765E1,-6.647676086E-1
1.687627358E1,1.969903564E0,1.307710602E1,-1.725910950E0
1.689631558E1,1.708097992E0,1.146885040E1,9.520202637E-2
1.691635858E1,-1.933828583E0,8.904532928E0,3.246748352E-1
1.693640058E1,-3.589535522E0,7.276668091E0,6.385720825E-1
1.695644358E1,-4.208947449E0,6.668183441E0,8.265811157E-1
1.697648658E1,-3.767665100E0,8.903485107E0,1.247655487E0
1.699652858E1,-1.002764740E0,1.178110107E1,2.321372681E0
1.701657158E1,2.683918762E-1,1.296947983E1,1.292861481E0
1.703661458E1,9.274713135E-1,1.200892731E1,-1.555565186E0
1.705665658E1,1.886826324E0,1.075962524E1,-3.325634308E0
1.707669958E1,1.626517639E0,1.133098709E1,-5.719606018E-1
1.709674258E1,5.418731689E-2,1.150342850E1,4.637206879E0
1.711678458E1,-1.241069183E0,1.057475967E1,4.957989807E0
1.713682758E1,-2.253713379E0,8.817414093E0,3.565735016E0
1.715687058E1,-3.105442200E0,6.823710022E0,3.141217804E0
1.717691258E1,-3.616180115E0,5.613626404E0,2.675386505E0
1.719695558E1,-2.575244751E0,5.403164062E0,1.857337646E0
1.721699858E1,-1.936822357E0,5.329068146E0,1.661544800E0
1.723704058E1,-1.690883789E0,5.100643158E0,2.108215942E0
1.725708358E1,-1.572030945E0,4.993166656E0,2.250420227E0
1.727712558E1,-1.735491028E0,5.015320587E0,2.649190979E0
1.729716858E1,-1.809137878E0,4.819378052E0,3.839066620E0
1.731721158E1,-1.969753876E0,4.415218506E0,5.144501953E0
1.733725358E1,-1.561253357E0,5.223238220E0,6.440506897E0
1.735729658E1,2.986289978E-1,9.604926453E0,6.377338257E0
1.737733958E1,1.445693665E0,1.827519653E1,6.788982239E0
1.739738158E1,-3.202440491E0,1.835782471E1,5.188211060E0
1.741742458E1,-6.723568268E0,9.692194977E0,9.313332825E0
1.743746758E1,-4.801116028E0,5.587879944E0,1.300046539E1
1.745750958E1,-1.744172974E0,9.410780182E0,7.170089722E0
1.747755258E1,-2.084116058E0,1.615410736E1,1.823208618E-1
1.749759558E1,-4.672234039E0,1.818478455E1,-8.024812317E0
1.751763758E1,-5.273084564E0,7.554340668E0,-6.935078430E-1
1.753768058E1,2.021695862E0,3.020119629E0,9.366921387E0
1.755772358E1,3.076103210E-1,3.248245239E0,-1.007554779E0
1.757776558E1,-3.798800354E0,7.279212799E0,-2.905607758E0
1.759780858E1,-3.915258179E0,1.033810181E1,-1.998494110E0
1.761785158E1,-6.051914978E-1,9.988428955E0,-3.826193390E0
1.763789358E1,2.579136658E-1,1.189591232E1,-4.462669830E0
1.765793658E1,1.256337433E0,1.309940964E1,6.146218872E-1
1.767797858E1,8.488847351E-1,1.007300308E1,3.858376465E0
1.769802158E1,-2.217189331E0,9.013805695E0,2.542911987E0
1.771806458E1,-2.702779541E0,8.834628296E0,5.406756592E-1
1.773810658E1,-1.207838287E0,8.348139954E0,-1.767973480E0
1.775814958E1,-4.567002869E-1,8.053702240E0,-2.464475098E0
1.777819258E1,-4.001179504E-1,8.144413605E0,-7.801776123E-1
1.779823458E1,-3.653901672E-1,9.189839630E0,9.636959839E-1
1.781827758E1,-8.452922058E-1,9.825118561E0,1.540596313E0
1.783832058E1,-2.743794250E-1,9.377698975E0,1.314117279E0
1.785836258E1,-4.670288086E-2,8.948242035E0,5.270539856E-1
1.787840558E1,-5.463638306E-2,9.090895386E0,1.460512848E0
1.789844858E1,3.635939026E-1,9.417366486E0,1.361718292E0
1.791849058E1,8.646020508E-1,9.749974823E0,7.926017761E-1
1.793853358E1,7.177574158E-1,9.630223846E0,8.740324402E-1
1.795857658E1,2.417472839E-1,9.433832245E0,2.564167786E-1
1.797861858E1,8.577163696E-2,9.667795715E0,-6.424639893E-1
1.799866158E1,2.604583740E-2,9.874515839E0,-1.777852936E0
1.801870358E1,1.552272034E-1,9.496252441E0,-1.866768036E0
1.803874658E1,1.922003174E-1,9.482032013E0,-8.557704163E-1
1.805878958E1,-2.070195007E-1,1.072504715E1,4.715194702E-1
1.807883158E1,-1.022823029E0,1.343156891E1,3.592529297E-1
1.809887458E1,-5.848338318E-1,1.346435074E1,8.993298340E-1
1.811891758E1,1.869761810E0,1.254166946E1,-7.288343811E-1
1.813895958E1,3.333118744E0,1.238015533E1,-2.257904663E0
1.815900258E1,4.533173218E0,1.251068390E1,-1.074765015E0
1.817904558E1,1.642684021E0,1.081680634E1,3.800596619E-1
1.819908758E1,-2.981200562E0,8.367000732E0,1.496887207E-4
1.821913058E1,-4.005670166E0,8.479866028E0,7.875123596E-1
1.823917358E1,-5.724695435E0,9.239236908E0,1.608554993E0
1.825921558E1,-5.407654724E0,1.085991669E1,3.175945587E0
1.827925858E1,-1.397344208E0,1.240036331E1,1.479822693E0
1.829930158E1,9.702822876E-1,1.207224564E1,-2.080074463E0
1.831934358E1,2.489473114E0,1.084464844E1,-1.440304871E0
1.833938658E1,2.715652771E0,9.654473419E0,1.759590912E0
1.835942858E1,-1.582209778E-1,8.681197357E0,4.626129913E0
1.837947158E1,-1.362017670E0,8.407117310E0,4.337530060E0
1.839951458E1,-2.352957001E0,7.891589355E0,3.032992859E0
1.841955633E1,-3.319946136E0,7.023843842E0,1.970202942E0
1.843959933E1,-3.916455688E0,5.944139099E0,2.345023499E0
1.845964233E1,-3.051404572E0,5.413193207E0,2.837948456E0
1.847968433E1,-2.231409760E0,4.964875488E0,3.221301270E0
1.849972733E1,-1.606758728E0,4.982538757E0,3.194956055E0
1.851977033E1,-1.434766388E0,5.173242188E0,2.949616241E0
1.853981233E1,-1.444496155E0,5.153034210E0,3.623065796E0
1.855985533E1,-1.242715759E0,5.275928650E0,4.780009918E0
1.857989833E1,-5.644761658E-1,6.214177551E0,5.724246368E0
1.859994033E1,-2.619552612E-2,9.397158508E0,5.200934601E0
1.861998333E1,-8.321195984E-1,1.536360123E1,4.167783051E0
1.864002533E1,-4.123624878E0,1.799198547E1,3.422183533E0
1.866006833E1,-5.555098114E0,1.177930481E1,8.486602020E0
1.868011133E1,-3.711831207E0,6.880442047E0,1.357137817E1
1.870015333E1,-5.049000549E-1,4.738845520E0,8.610693970E0
1.872019633E1,-8.348139954E-1,9.436826019E0,4.487368469E0
1.874023933E1,-2.225122833E0,1.750145554E1,8.093669128E-1
1.876028133E1,-6.600673828E0,1.726374985E1,-5.983207855E0
1.878032433E1,-4.353546753E0,7.610174561E0,-2.958447876E0
1.880036733E1,9.958790588E-1,3.485202484E0,2.818189545E0
1.882040933E1,-1.891017609E0,2.725681915E0,1.335223389E-1
1.884045233E1,-2.844534760E0,7.387587433E0,2.061063995E0
1.886049533E1,-1.344803467E0,1.169009033E1,-1.651964722E0
1.888053733E1,-1.252894592E0,1.214215027E1,-7.052284698E0
1.890058033E1,-1.651066589E-1,1.353470444E1,-4.708159332E0
1.892062333E1,3.333717499E0,1.034917877E1,4.156107330E0
1.894066533E1,-6.685098267E-1,9.483229523E0,3.965254211E0
1.896070833E1,-3.184328156E0,8.970246277E0,5.608836365E-1
1.898075033E1,-2.831511841E0,8.207731934E0,-1.178948364E0
1.900079333E1,-1.756447449E0,7.830216980E0,-5.454656982E-1
1.902083633E1,-6.812333679E-1,8.239765320E0,4.831951904E-1
1.904087833E1,4.493655396E-1,9.204209747E0,1.018182678E0
1.906092133E1,1.055305481E0,9.685309296E0,8.428971863E-1
1.908096433E1,1.213077393E0,9.370214539E0,9.505233765E-1
1.910100633E1,6.177653503E-1,8.979377289E0,1.181193695E0
1.912104933E1,3.192860413E-1,9.050479431E0,1.157393188E0
1.914109233E1,4.237687683E-1,9.447753296E0,8.792715454E-1
1.916113433E1,2.951861572E-1,9.674831085E0,7.113208008E-1
1.918117733E1,-2.357597351E-1,9.416917419E0,5.304968262E-1
1.920121933E1,-4.123924255E-1,9.282796326E0,6.815327454E-1
1.922126233E1,-2.158511353E-1,9.562714233E0,-2.330653381E-1
1.924130533E1,2.189945984E-1,9.674980774E0,-1.654359741E0
1.926134733E1,8.701405334E-1,9.735155640E0,-2.330653381E0
1.928139033E1,1.551673279E0,1.072863968E1,-1.762434998E0
1.930143333E1,1.020278320E0,1.204754700E1,-2.136058044E-1
1.932147533E1,-6.765930176E-2,1.236623428E1,1.676513672E-2
1.934151833E1,-3.966751099E-2,1.293699738E1,2.471360779E-1
1.936156133E1,1.412163391E0,1.300510574E1,8.167016602E-1
1.938160333E1,2.245031433E0,1.321257431E1,1.378633118E-1
1.940164633E1,2.215692444E0,1.253568192E1,-2.558180237E-1
1.942169100E1,-8.881031799E-1,9.960736542E0,-7.753875732E-2
1.944173300E1,-3.648063812E0,7.844736786E0,-6.825805664E-2
1.946177600E1,-4.213737488E0,7.776778107E0,5.628295898E-1
1.948181800E1,-4.043391724E0,9.271419983E0,2.170935516E0
1.950186100E1,-1.362915802E0,1.090497299E1,2.722538452E0
1.952190400E1,6.435118103E-1,1.183558777E1,-5.643264771E-2
1.954194600E1,1.859133911E0,1.120435043E1,-2.374212799E0
1.956198900E1,3.059787140E0,1.041878403E1,-1.421743469E0
1.958203200E1,1.791474609E0,9.461824036E0,1.788630524E0
1.960207400E1,-5.846841431E-1,8.673413544E0,4.460723877E0
1.962211700E1,-2.164349213E0,8.349936218E0,3.321293335E0
1.964216000E1,-3.882925415E0,7.966134338E0,1.944456482E0
1.966220200E1,-6.098168793E0,7.436236267E0,1.590442657E0
1.968224500E1,-5.634133759E0,6.826554108E0,1.172811127E0
1.970228700E1,-2.049687653E0,6.260880432E0,1.649569702E0
1.972233000E1,2.679428101E-2,5.774541779E0,2.555934906E0
1.974237300E1,3.519181824E-1,5.864055634E0,2.842588806E0
1.976241500E1,-1.079255676E0,6.107000427E0,3.296894073E0
1.978245800E1,-1.885928192E0,6.734495544E0,4.414470062E0
1.980250100E1,-2.371518402E0,7.986791382E0,5.847140808E0
1.982254300E1,-2.311193848E0,1.006956024E1,5.371879120E0
1.984258600E1,-1.809137878E0,1.238943604E1,3.866759033E0
1.986262900E1,-1.626966705E0,1.172287216E1,3.526666260E0
1.988267100E1,-2.643053741E0,9.778415680E0,6.149212646E0
1.990271400E1,-2.985391846E0,8.478668518E0,7.110663300E0
1.992275700E1,-2.458637238E0,8.434061279E0,5.995482330E0
1.994279900E1,-1.531764679E0,9.083860016E0,5.212760010E0
1.996284200E1,-1.356030121E0,1.009815079E1,3.356170807E0
1.998288400E1,-2.266736298E0,1.381387390E1,2.411784668E0
2.000292700E1,-4.351600800E0,1.486079681E1,3.194207611E0
2.002297000E1,-4.923112335E0,9.113049316E0,1.477876740E0
2.004301200E1,-1.319955139E0,5.670059052E0,1.388213196E0
2.006305500E1,-7.611671448E-1,6.289171600E0,9.557624817E-1
2.008309800E1,-1.435814209E0,8.598269806E0,-8.466394043E-1
2.010314000E1,-2.183659058E0,9.248966675E0,-2.349514160E0
2.012318300E1,-9.485774231E-1,9.503587189E0,-2.483934631E0
2.014322600E1,7.833210754E-1,1.114657059E1,-2.688708801E0
2.016326800E1,1.369053040E0,1.248344055E1,-2.890638885E0
2.018331100E1,-6.560856628E-1,1.074675201E1,-2.014810181E-1
2.020335400E1,-5.361849976E-1,9.656718750E0,2.773282928E0
2.022339600E1,-8.337661743E-1,9.429940338E0,2.005679169E0
2.024343900E1,-1.402882690E0,9.566306763E0,-3.227288818E-1
2.026348100E1,-1.048270111E0,9.156159668E0,-8.177494812E-1
2.028352400E1,-1.211430817E0,9.253906403E0,-2.472857666E-1
2.030356700E1,-1.058748322E0,9.097930756E0,-1.356179810E-1
2.032360900E1,-4.093986511E-1,9.130113831E0,-2.857557678E-1
2.034365200E1,3.308120728E-1,9.557325439E0,-4.442761230E-1
2.036369500E1,4.930746460E-1,9.885143738E0,-8.529263306E-1
2.038373700E1,-2.592608643E-1,1.008318192E1,-5.659730530E-1
2.040378000E1,-4.845423889E-1,1.028122009E1,2.998265076E-1
2.042382171E1,-5.689668274E-1,9.948312378E0,6.228547668E-1
2.044386371E1,-3.547622681E-1,9.965077515E0,-2.514770508E-2
2.046390671E1,-5.336402893E-1,9.128766632E0,-2.770738220E-1
2.048394871E1,-8.120613098E-1,9.058562622E0,-6.075865173E-1
2.050399171E1,-1.317260742E0,9.811047821E0,-5.987548828E-1
2.052403471E1,-1.419198761E0,9.792486420E0,3.100053406E-1
2.054407671E1,7.634124756E-3,9.389674072E0,4.179309082E-1
2.056411971E1,1.526525574E0,9.889933777E0,-1.058898010E0
2.058416271E1,1.325194244E0,1.018182678E1,-1.672921143E0
2.060420471E1,-5.538482666E-3,1.008512787E1,-8.484356689E-1
2.062424771E1,-1.125659180E0,9.899364166E0,-8.722361755E-1
2.064429071E1,-1.594484253E0,9.729467468E0,-6.340814209E-1
2.066433271E1,-1.190773773E0,9.698481903E0,-5.014572144E-2
2.068437571E1,-5.242098999E-1,9.827663269E0,-9.475296021E-2
2.070441771E1,-1.483415222E-1,9.802365875E0,-3.674858093E-1
2.072446071E1,-2.085163879E-1,9.652826843E0,-6.050418091E-1
2.074450371E1,-1.523831177E-1,9.631571045E0,-7.708969116E-1
2.076454571E1,-1.691482544E-1,9.895771637E0,-9.419911194E-1
2.078458871E1,-3.646417236E-1,1.008243347E1,-5.176235962E-1
2.080463171E1,-7.021897888E-1,1.008737320E1,-2.984793091E-1
2.082467371E1,-9.910890198E-1,9.874515839E0,-4.688250732E-1
2.084471671E1,-1.176403656E0,9.670190735E0,-3.959266663E-1
2.086475971E1,-1.253343658E0,9.508077850E0,-6.378236389E-1
2.088480171E1,-1.249601440E0,9.698781281E0,-7.646099854E-1
2.090484471E1,-1.070124664E0,9.919721832E0,-6.039939880E-1
2.092488671E1,-8.348139954E-1,9.844578094E0,-6.126759338E-1
2.094492971E1,-6.867718506E-1,9.800270233E0,-6.423143005E-1
2.096497271E1,-7.743397522E-1,9.843979340E0,-7.617658997E-1
2.098501471E1,-9.135502625E-1,9.841434631E0,-6.014492798E-1
2.100505771E1,-1.060245209E0,9.800270233E0,-3.945794678E-1
2.102510071E1,-1.089434509E0,9.698781281E0,-5.135820007E-1
2.104514271E1,-1.087338867E0,9.716145172E0,-3.620970154E-1
2.106518571E1,-1.124162292E0,9.779313812E0,-4.308041382E-1
2.108522871E1,-9.761201477E-1,9.777966614E0,-3.713777161E-1
2.110527071E1,-8.077203369E-1,9.774823151E0,-4.650828552E-1
2.112531371E1,-7.680528259E-1,9.737700348E0,-3.923341370E-1
2.114535571E1,-7.659571838E-1,9.737550659E0,-1.672023010E-1
2.116539871E1,-6.845265198E-1,9.610315247E0,-3.058140564E-1
2.118544171E1,-7.029382324E-1,9.698481903E0,-2.347119141E-1
2.120548371E1,-7.229965210E-1,9.742789764E0,-2.359094238E-1
2.122552671E1,-7.219487000E-1,9.697583771E0,-3.254232788E-1
2.124556971E1,-7.322772217E-1,9.726024628E0,-2.236349487E-1
2.126561171E1,-7.391629028E-1,9.748627625E0,-3.547622681E-1
2.128565471E1,-7.622149658E-1,9.798623657E0,-2.594105530E-1
2.130569771E1,-8.337661743E-1,9.762548676E0,-2.697390747E-1
2.132573971E1,-8.298742676E-1,9.840835876E0,-3.969744873E-1
2.134578271E1,-9.865983582E-1,9.799521790E0,-5.360353088E-1
2.136582471E1,-9.054670715E-1,9.621541901E0,-3.320095825E-1
2.138586771E1,-8.759783936E-1,9.762398987E0,-3.616479492E-1
2.140591071E1,-8.804690552E-1,9.739646301E0,-3.724255371E-1
2.142595250E1,-8.469387817E-1,9.650431824E0,-4.233197021E-1
2.144599550E1,-8.274792480E-1,9.796977081E0,-4.791535950E-1
2.146603850E1,-6.873706055E-1,9.690548401E0,-4.575984192E-1
2.148608050E1,-7.129673767E-1,9.776619415E0,-3.396437073E-1
2.150612350E1,-7.267387390E-1,9.771230621E0,-3.929328918E-1
2.152616650E1,-7.547305298E-1,9.748477936E0,-5.366340637E-1
2.154620850E1,-8.044271851E-1,9.753717041E0,-4.710704041E-1
2.156625150E1,-8.111631775E-1,9.729766846E0,-5.830375671E-1
2.158629350E1,-7.713459778E-1,9.703271942E0,-6.014492798E-1
2.160633650E1,-7.972421265E-1,9.737101593E0,-5.427713013E-1
2.162637950E1,-8.396040344E-1,9.753717041E0,-4.984634399E-1
2.164642150E1,-8.985813904E-1,9.825567627E0,-5.683680725E-1
2.166646450E1,-9.812095642E-1,9.858648834E0,-6.530918884E-1
2.168650750E1,-1.011746063E0,9.884844360E0,-6.023474121E-1
2.170654950E1,-9.398954773E-1,9.618099060E0,-6.578819275E-1
2.172659250E1,-8.378077698E-1,9.528435516E0,-6.815327454E-1
2.174663550E1,-8.509803772E-1,9.694889374E0,-6.878196716E-1
2.176667750E1,-8.984317017E-1,9.856553192E0,-6.512956238E-1
2.178672050E1,-9.009764099E-1,9.853858795E0,-4.299060059E-1
2.180676250E1,-7.554789734E-1,9.739945679E0,-4.052073669E-1
2.182680550E1,-6.189628601E-1,9.692494354E0,-6.113287354E-1
2.184684850E1,-6.222560120E-1,9.780511322E0,-5.457650757E-1
2.186689050E1,-7.539820862E-1,9.860744476E0,-4.936734009E-1
2.188693350E1,-9.505233765E-1,9.846524048E0,-3.743714905E-1
2.190697650E1,-9.933343506E-1,9.767189026E0,-4.394860840E-1
2.192701850E1,-8.967851257E-1,9.703421631E0,-5.363346863E-1
2.194706150E1,-7.367678833E-1,9.638456726E0,-6.747967529E-1
2.196710350E1,-7.161108398E-1,9.672136688E0,-7.491920471E-1
2.198714650E1,-7.946974182E-1,9.750573578E0,-6.512956238E-1
2.200718950E1,-8.846603394E-1,9.783205719E0,-5.682183838E-1
2.202723150E1,-9.325607300E-1,9.767039337E0,-5.658233643E-1
2.204727450E1,-9.372010803E-1,9.671088867E0,-7.086264038E-1
2.206731750E1,-9.722282410E-1,9.604327698E0,-8.059240723E-1
2.208735950E1,-9.479786682E-1,9.611363068E0,-6.806346130E-1
2.210740250E1,-9.361532593E-1,9.695188751E0,-5.535488892E-1
2.212744550E1,-9.689350891E-1,9.716594238E0,-5.691165161E-1
2.214748750E1,-9.398954773E-1,9.665251007E0,-6.174659729E-1
2.216753050E1,-8.403524780E-1,9.673783264E0,-7.188052368E-1
2.218757250E1,-8.607101440E-1,9.698631592E0,-7.180567932E-1
2.220761550E1,-8.418493652E-1,9.770182800E0,-6.179150391E-1
2.222765850E1,-8.497828674E-1,9.798623657E0,-5.505551147E-1
2.224770050E1,-8.827143860E-1,9.785451050E0,-5.607339478E-1
2.226774350E1,-9.617500305E-1,9.808203735E0,-5.987548828E-1
2.228778650E1,-9.940827942E-1,9.809550934E0,-5.656736755E-1
2.230782850E1,-9.982740784E-1,9.805060272E0,-5.447172546E-1
2.232787150E1,-9.862989807E-1,9.822573853E0,-4.929249573E-1
2.234791450E1,-9.129515076E-1,9.790540466E0,-3.999682617E-1
2.236795650E1,-7.770341492E-1,9.763297119E0,-4.565505981E-1
2.238799950E1,-7.334747314E-1,9.709409180E0,-5.786965942E-1
2.240804150E1,-7.544311523E-1,9.714947662E0,-5.706134033E-1
2.242808458E1,-7.914042664E-1,9.755064240E0,-5.289999390E-1
2.244812758E1,-8.196954346E-1,9.706714783E0,-4.730163574E-1
2.246816958E1,-8.577163696E-1,9.659263458E0,-5.117857361E-1
2.248821258E1,-9.104067993E-1,9.651180267E0,-6.893165588E-1
2.250825558E1,-9.485774231E-1,9.700278168E0,-6.806346130E-1
2.252829758E1,-9.238787842E-1,9.788594513E0,-5.860313416E-1
2.254834058E1,-9.741741943E-1,9.821975098E0,-5.415737915E-1
2.256838258E1,-9.927355957E-1,9.737550659E0,-5.539979553E-1
2.258842558E1,-9.653425598E-1,9.713450775E0,-6.605763245E-1
2.260846858E1,-9.322613525E-1,9.726922760E0,-6.704557800E-1
2.262851058E1,-9.000782776E-1,9.729766846E0,-6.054908752E-1
2.264855358E1,-9.105564880E-1,9.793234863E0,-5.177732849E-1
2.266859658E1,-9.080117798E-1,9.793534241E0,-5.210664368E-1
2.268863858E1,-9.089099121E-1,9.689051514E0,-5.604345703E-1
2.270868158E1,-8.927435303E-1,9.680968323E0,-6.083349609E-1
2.272872458E1,-8.855584717E-1,9.698481903E0,-6.057902527E-1
2.274876658E1,-9.096583557E-1,9.697284393E0,-5.779481506E-1
2.276880958E1,-9.490264893E-1,9.742640076E0,-5.212161255E-1
2.278885158E1,-9.322613525E-1,9.770182800E0,-5.173242188E-1
2.280889458E1,-9.050180054E-1,9.670639801E0,-5.656736755E-1
2.282893758E1,-8.445437622E-1,9.652377777E0,-6.005511475E-1
2.284897958E1,-8.421487427E-1,9.749376068E0,-5.719606018E-1
2.286902258E1,-8.687933350E-1,9.787995758E0,-5.777984619E-1
2.288906558E1,-9.428892517E-1,9.714797974E0,-5.860313416E-1
2.290910758E1,-9.421408081E-1,9.659562836E0,-6.477030945E-1
2.292915058E1,-9.621990967E-1,9.675579529E0,-6.113287354E-1
2.294919258E1,-9.898915100E-1,9.708361359E0,-5.870791626E-1
2.296923558E1,-9.614506531E-1,9.745933228E0,-5.459147644E-1
2.298927858E1,-9.310638428E-1,9.774074707E0,-5.393284607E-1
2.300932058E1,-9.148974609E-1,9.718240814E0,-5.794450378E-1
2.302936358E1,-8.732839966E-1,9.724527740E0,-6.318360901E-1
2.304940658E1,-8.834628296E-1,9.780511322E0,-6.291416931E-1
2.306944858E1,-9.419911194E-1,9.818831635E0,-5.358856201E-1
2.308949158E1,-9.503736877E-1,9.739197235E0,-5.316943359E-1
2.310953458E1,-8.981323242E-1,9.695188751E0,-5.867797852E-1
2.312957658E1,-8.375083923E-1,9.744136963E0,-6.033952332E-1
2.314961958E1,-8.650511169E-1,9.759405212E0,-5.760021973E-1
2.316966158E1,-8.660989380E-1,9.742340698E0,-5.650749207E-1
2.318970458E1,-9.373507690E-1,9.708810425E0,-5.924679565E-1
2.320974758E1,-9.436376953E-1,9.689201202E0,-6.845265198E-1
2.322978958E1,-8.887019348E-1,9.641450500E0,-6.794371033E-1
2.324983258E1,-8.598120117E-1,9.711953888E0,-6.818321228E-1
2.326987558E1,-9.077124023E-1,9.757758636E0,-6.195616150E-1
2.328991758E1,-9.249266052E-1,9.760303345E0,-5.453160095E-1
2.330996058E1,-9.258247375E-1,9.750723267E0,-5.493576050E-1
2.333000258E1,-9.439370728E-1,9.734706573E0,-5.551954651E-1
2.335004558E1,-8.828640747E-1,9.693991241E0,-6.048921204E-1
2.337008858E1,-8.617579651E-1,9.741592255E0,-5.736071777E-1
2.339013058E1,-8.672964478E-1,9.773625641E0,-5.695655823E-1
2.341017358E1,-8.955876160E-1,9.742340698E0,-5.577401733E-1
2.343021700E1,-9.068142700E-1,9.715247040E0,-5.664221191E-1
2.345025900E1,-9.150471497E-1,9.689949646E0,-6.128256226E-1
2.347030200E1,-9.759704590E-1,9.741143188E0,-5.819897461E-1
2.349034400E1,-9.366023254E-1,9.748178558E0,-5.089416504E-1
2.351038700E1,-9.160949707E-1,9.767937469E0,-5.243595886E-1
2.353043000E1,-9.187893677E-1,9.749974823E0,-5.441184998E-1
2.355047200E1,-9.110055542E-1,9.660161591E0,-6.183641052E-1
2.357051500E1,-9.363029480E-1,9.777816925E0,-6.011499023E-1
2.359055800E1,-9.008267212E-1,9.721084900E0,-4.948709106E-1
2.361060000E1,-8.839118958E-1,9.704319763E0,-4.507127380E-1
2.363064300E1,-8.767268372E-1,9.738448792E0,-5.028044128E-1
2.365068600E1,-8.737330627E-1,9.741592255E0,-5.938151550E-1
2.367072800E1,-9.630972290E-1,9.752220154E0,-6.188131714E-1
2.369077100E1,-9.526190186E-1,9.692943420E0,-5.454656982E-1
2.371081300E1,-9.502239990E-1,9.711205444E0,-5.041516113E-1
2.373085600E1,-9.291178894E-1,9.690698090E0,-6.174659729E-1
2.375089900E1,-8.925938416E-1,9.719887390E0,-6.167175293E-1
2.377094100E1,-9.032217407E-1,9.764344940E0,-5.493576050E-1
2.379098400E1,-9.413923645E-1,9.752968597E0,-5.164260864E-1
2.381102700E1,-9.638456726E-1,9.740993500E0,-5.246589661E-1
2.383106900E1,-8.939410400E-1,9.698781281E0,-5.369334412E-1
2.385111200E1,-8.907975769E-1,9.745484161E0,-5.514532471E-1
2.387115400E1,-8.771759033E-1,9.766290894E0,-5.423222351E-1
2.389119700E1,-8.927435303E-1,9.769134979E0,-5.143304443E-1
2.391124000E1,-9.204359436E-1,9.717492371E0,-5.983058167E-1
2.393128200E1,-9.533674622E-1,9.701026611E0,-6.403683472E-1
2.395132500E1,-9.777667236E-1,9.704020386E0,-6.277944946E-1
2.397136800E1,-9.716294861E-1,9.742340698E0,-5.710624695E-1
2.399141000E1,-9.404942322E-1,9.744885406E0,-5.884263611E-1
2.401145300E1,-9.964778137E-1,9.716594238E0,-6.490502930E-1
2.403149500E1,-9.735754395E-1,9.660760345E0,-6.806346130E-1
2.405153800E1,-9.894424438E-1,9.713600464E0,-6.599775696E-1
2.407158100E1,-9.774673462E-1,9.781259766E0,-5.487588501E-1
2.409162300E1,-9.196875000E-1,9.736951904E0,-5.162763977E-1
2.411166600E1,-8.860075378E-1,9.754615173E0,-5.866300964E-1
2.413170900E1,-8.538244629E-1,9.742640076E0,-5.902226257E-1
2.415175100E1,-8.818162537E-1,9.709259491E0,-6.396199036E-1
2.417179400E1,-9.484277344E-1,9.727970581E0,-5.138813782E-1
2.419183600E1,-9.493258667E-1,9.737550659E0,-5.282514954E-1
2.421187900E1,-9.222322083E-1,9.733958130E0,-6.170169067E-1
2.423192200E1,-9.346563721E-1,9.722881165E0,-5.800437927E-1
2.425196400E1,-8.954379272E-1,9.717941437E0,-5.483097839E-1
2.427200700E1,-8.822653198E-1,9.711504822E0,-5.849835205E-1
2.429205000E1,-9.367520142E-1,9.726174316E0,-5.718109131E-1
2.431209200E1,-9.110055542E-1,9.722881165E0,-5.421725464E-1
2.433213500E1,-9.342073059E-1,9.817484436E0,-5.478607178E-1
2.435217700E1,-9.830058289E-1,9.720785522E0,-5.754034424E-1
2.437222000E1,-9.401948547E-1,9.621990967E0,-6.227050781E-1
2.439226300E1,-9.235794067E-1,9.683063965E0,-7.155120850E-1
2.441230500E1,-9.771679688E-1,9.731563110E0,-6.595285034E-1
2.443234688E1,-1.019230499E0,9.787247314E0,-5.180726624E-1
2.445238988E1,-9.728269958E-1,9.811496887E0,-4.508624268E-1
2.447243188E1,-9.015751648E-1,9.757908325E0,-4.834945679E-1
2.449247488E1,-8.493338013E-1,9.709259491E0,-6.138734436E-1
2.451251788E1,-8.316705322E-1,9.694140930E0,-6.409671021E-1
2.453255988E1,-8.937913513E-1,9.764195251E0,-6.601272583E-1
2.455260288E1,-1.014590149E0,9.761650543E0,-6.116281128E-1
2.457264488E1,-1.032852173E0,9.710457001E0,-5.587879944E-1
2.459268788E1,-9.604028320E-1,9.709558868E0,-5.409750366E-1
2.461273088E1,-8.744815063E-1,9.644893341E0,-6.119274902E-1
2.463277288E1,-9.089099121E-1,9.660161591E0,-6.807843018E-1
2.465281588E1,-9.617500305E-1,9.690099335E0,-6.474037170E-1
2.467285888E1,-1.015937347E0,9.762548676E0,-5.562432861E-1
2.469290088E1,-9.458830261E-1,9.746232605E0,-5.328918457E-1
2.471294388E1,-8.571176147E-1,9.782008209E0,-5.972579956E-1
2.473298588E1,-8.481362915E-1,9.716743927E0,-7.694000244E-1
2.475302888E1,-9.602531433E-1,9.695188751E0,-7.650590515E-1
2.477307188E1,-1.055604858E0,9.770033112E0,-6.021977234E-1
2.479311388E1,-1.084644470E0,9.769584045E0,-5.773493958E-1
2.481315688E1,-9.223818970E-1,9.732610931E0,-5.993536377E-1
2.483319987E1,-8.092172241E-1,9.890382843E0,-5.656736755E-1
2.485324188E1,-7.680528259E-1,9.939181366E0,-6.318360901E-1
2.487328488E1,-8.351133728E-1,1.005249573E1,-7.626640320E-1
2.489332688E1,-1.262324982E0,1.005144791E1,-4.454736328E-1
2.491336988E1,-1.038091278E0,9.770182800E0,-1.945953369E-1
2.493341288E1,-5.270539856E-1,9.613608398E0,-5.020559692E-1
2.495345488E1,-5.007087708E-1,9.657018127E0,-5.900729370E-1
2.497349788E1,-6.891668701E-1,9.473948822E0,-5.981561279E-1
2.499354088E1,-8.214916992E-1,9.378297729E0,-6.854246521E-1
2.501358288E1,-1.186432800E0,9.498647461E0,-6.111790466E-1
2.503362588E1,-1.473984833E0,9.488169250E0,-7.770341492E-1
2.505366788E1,-1.495540009E0,9.438322906E0,-8.093669128E-1
2.507371088E1,-1.367705841E0,9.796827393E0,-6.496490479E-1
2.509375388E1,-1.425186310E0,1.012554382E1,-4.439767456E-1
2.511379588E1,-7.159611511E-1,9.940678253E0,-2.041754150E-1
2.513383888E1,-4.894821167E-2,9.825268250E0,-6.233038330E-1
2.515388188E1,-3.008743286E-2,9.702373810E0,-1.144070892E0
2.517392388E1,-6.563850403E-1,9.621092834E0,-1.248553619E0
2.519396688E1,-1.323098602E0,9.662556610E0,-1.024469604E0
2.521400888E1,-1.545835419E0,9.571695557E0,-5.990542603E-1
2.523405188E1,-1.496438141E0,9.626182251E0,-6.460565186E-1
2.525409488E1,-1.258582764E0,9.694440308E0,-8.190966797E-1
2.527413688E1,-1.090632019E0,9.686207428E0,-8.205935669E-1
2.529417988E1,-9.807604980E-1,9.786947937E0,-8.231382751E-1
2.531422288E1,-1.000818787E0,9.752968597E0,-7.759863281E-1
2.533426488E1,-7.848179626E-1,9.625134430E0,-5.783972168E-1
2.535430788E1,-6.932084656E-1,9.732311554E0,-4.914280701E-1
2.537434988E1,-8.199948120E-1,9.864187317E0,-5.870791626E-1
2.539439288E1,-9.062155151E-1,9.843679962E0,-5.813909912E-1
2.541443588E1,-1.060095520E0,9.822873230E0,-4.983137512E-1
2.543447846E1,-9.928852844E-1,9.874066772E0,-5.739065552E-1
2.545452146E1,-7.249424744E-1,9.703870697E0,-5.680686951E-1
2.547456446E1,-4.822970581E-1,9.684560852E0,-6.947053528E-1
2.549460646E1,-3.294648743E-1,9.997260590E0,-6.738986206E-1
2.551464946E1,-1.583706665E-1,1.002106110E1,-5.218148804E-1
2.553469146E1,5.972579956E-2,1.002195923E1,-6.655160522E-1
2.555473446E1,3.370989990E-1,1.007479935E1,-1.079105988E0
2.557477746E1,5.315446472E-1,1.007973907E1,-7.791297913E-1
2.559481946E1,2.110610962E-1,9.871971130E0,-6.583309937E-1
2.561486246E1,-2.421963501E-1,9.123078461E0,-1.651365967E0
2.563490546E1,-5.869294739E-1,8.515941010E0,-8.690927124E-1
2.565494746E1,-8.692424011E-1,9.074279938E0,1.064885559E0
2.567499046E1,-1.350491638E0,1.053419403E1,1.933828583E0
2.569503246E1,-1.692380676E0,1.083611618E1,1.300196228E0
2.571507546E1,-1.524729309E0,9.780361633E0,2.841091919E-1
2.573511846E1,-6.587800598E-1,8.935518494E0,1.205143890E0
2.575516046E1,-3.233276367E-2,8.687933350E0,1.539698181E0
2.577520346E1,1.284329224E-1,9.291178894E0,1.711690521E0
2.579524546E1,1.701960754E-1,9.658365326E0,9.816586304E-1
2.581528846E1,2.634521484E-1,1.013497421E1,7.737409973E-1
2.583533146E1,-6.286926270E-2,1.063957489E1,1.450932770E0
2.585537346E1,3.287164307E-1,1.038959473E1,1.982776794E0
2.587541646E1,5.867797852E-1,1.003782623E1,1.470242615E0
2.589545946E1,2.088157654E-1,1.008961853E1,1.284478912E0
2.591550146E1,3.323089600E-1,1.005743546E1,2.830613708E-1
2.593554446E1,4.908293152E-1,9.823172607E0,-1.188229065E0
2.595558746E1,3.082090759E-1,9.860594788E0,-4.927752686E-1
2.597562946E1,4.445755005E-1,9.819131012E0,5.706134033E-1
2.599567246E1,1.017883301E0,9.573491821E0,1.990859985E-2
2.601571446E1,1.519789581E0,9.592202911E0,-1.063238983E0
2.603575746E1,2.138902130E0,9.654323730E0,-1.839824066E0
2.605580046E1,1.317709808E0,9.523346100E0,-2.685415649E0
2.607584246E1,-1.724414062E-1,9.899813232E0,-2.726130981E0
2.609588546E1,-1.423090668E0,1.017703674E1,-2.542462921E0
2.611592846E1,-2.764900360E0,1.019335281E1,-1.840871887E0
2.613597046E1,-2.818488922E0,1.001417542E1,-1.977388000E-1
2.615601346E1,-1.539398804E0,9.980196075E0,1.413660278E0
2.617605546E1,-6.331832886E-1,9.993817749E0,2.358794861E0
2.619609846E1,2.513273621E-1,9.896071014E0,2.189197540E0
2.621614146E1,1.150357819E0,9.900561676E0,1.683698730E0
2.623618346E1,1.347348175E0,1.004171814E1,7.595205688E-1
2.625622646E1,7.692503357E-1,1.024858795E1,1.712438965E-1
2.627626846E1,-8.399034119E-1,1.013991394E1,-1.312770081E-1
2.629631146E1,-2.001188507E0,1.068313431E1,5.721102905E-1
2.631635446E1,-2.351160736E0,1.132874176E1,2.147883453E0
2.633639646E1,-2.674188995E0,9.971514130E0,3.295846252E0
2.635643946E1,-2.338287506E0,9.823322296E0,3.456611938E0
2.637648246E1,-1.346000977E0,9.942773895E0,1.610800323E0
2.639652446E1,-4.644841003E-1,1.024349854E1,6.843768311E-1
2.641656746E1,3.347039795E-1,1.044947021E1,-2.794688416E-1
2.643660988E1,6.569837952E-1,1.004875351E1,-8.177494812E-1
2.645665288E1,4.152365112E-1,9.566606140E0,-1.238075409E0
2.647669588E1,-1.634600830E-1,9.390123138E0,-1.297352142E0
2.649673788E1,-4.957690430E-1,9.318422241E0,-8.399034119E-1
2.651678088E1,-7.762857056E-1,9.608818359E0,-5.929170227E-1
2.653682388E1,-1.755249939E0,1.027373566E1,-1.308578796E0
2.655686588E1,-3.315006409E0,1.050365753E1,-2.369123383E0
2.657690888E1,-3.823049927E0,1.060814026E1,-2.072290649E0
2.659695088E1,-2.621648254E0,1.036534515E1,2.008822632E-1
2.661699388E1,-1.309177551E0,1.029603928E1,4.600533142E0
2.663703688E1,-7.274871826E-2,1.048883835E1,5.384003906E0
2.665707888E1,-9.934840393E-1,1.032732422E1,2.919977875E0
2.667712188E1,-1.434017944E0,9.644144897E0,1.318009186E0
2.669716488E1,-1.097068634E0,8.654552765E0,5.810916138E-1
2.671720688E1,-1.317111053E0,7.795040131E0,1.445993042E-1
2.673724988E1,-2.066752167E0,7.103777618E0,7.134164429E-1
2.675729188E1,-3.123853912E0,6.691235504E0,1.858684845E0
2.677733488E1,-3.123255157E0,6.129304047E0,2.497256927E0
2.679737788E1,-2.600991211E0,6.673572235E0,2.753224640E0
2.681741988E1,-2.037712555E0,7.285350037E0,3.155288544E0
2.683746288E1,-2.156266022E0,8.476273499E0,4.092938690E0
2.685750588E1,-2.038910065E0,8.944948883E0,5.347030792E0
2.687754788E1,-1.507515106E0,8.989107056E0,6.490353241E0
2.689759087E1,2.183958435E-1,8.880882111E0,6.406228180E0
2.691763288E1,1.131047974E0,8.270002441E0,5.197791138E0
2.693767588E1,9.978250122E-1,1.126347748E1,4.873864746E0
2.695771888E1,-1.836231537E0,2.259296768E1,3.730542297E0
2.697776088E1,-9.204808502E0,1.709999039E1,-4.115391998E0
2.699780388E1,-3.930676117E0,5.007985840E0,-3.588338013E0
2.701784588E1,6.520440674E-1,8.003855896E-1,1.678459625E0
2.703788888E1,2.531236267E0,1.456770630E0,8.138575745E-1
2.705793188E1,8.173004150E-1,8.807085571E0,-1.483415222E0
2.707797388E1,-1.642384644E0,1.287667282E1,-5.570066986E0
2.709801688E1,-2.765499115E0,1.627161301E1,-6.656507721E0
2.711805987E1,4.318519592E-1,1.265243912E1,-1.488953705E0
2.713810188E1,1.423539734E-1,9.527387695E0,5.035977631E0
2.715814488E1,-3.017425232E0,8.742120667E0,1.878144379E0
2.717818688E1,-2.048340454E0,8.278534698E0,-1.717528381E0
2.719822988E1,-1.237776031E0,8.840615845E0,-3.116519165E0
2.721827288E1,-4.414320374E-1,1.009979736E1,-2.003733215E0
2.723831488E1,-8.972341919E-1,1.044976959E1,4.523593140E-1
2.725835788E1,-1.057550812E0,9.538614349E0,1.562151489E0
2.727840088E1,-5.542973328E-1,8.754844208E0,-8.083190918E-1
2.729844288E1,-3.814068604E-1,8.809480591E0,-2.615810394E0
2.731848588E1,-4.348457336E-1,8.766819305E0,-2.133213959E0
2.733852788E1,-1.547781372E-1,9.002129974E0,-1.431473236E0
2.735857088E1,-3.373983765E-1,1.014126114E1,-1.130898285E0
2.737861388E1,-8.310717773E-1,1.041129959E1,4.685256958E-2
2.739865588E1,-7.668553162E-1,9.671987000E0,6.545887756E-1
2.741869858E1,-6.358776855E-1,9.834548950E0,7.520361328E-1
2.743874158E1,-1.386117554E-1,9.779912567E0,1.622026978E0
2.745878358E1,3.281176758E-1,9.431137848E0,6.102809143E-1
2.747882658E1,-6.783892822E-1,1.029394363E1,-3.526666260E-1
2.749886858E1,-1.384620667E-1,1.067594925E1,7.544311523E-2
2.751891158E1,3.903881836E-1,1.052506302E1,-3.516188049E-1
2.753895458E1,1.170715485E0,1.206565933E1,-1.737287292E0
2.755899658E1,2.100282440E0,1.416698959E1,-1.801653442E0
2.757903958E1,2.750979309E0,1.284404068E1,-7.191046143E-1
2.759908258E1,2.903811493E0,1.196177536E1,-2.919079742E0
2.761912458E1,5.879772949E-1,1.099568436E1,-2.961741028E0
2.763916758E1,-4.110751648E0,9.544901276E0,-7.482939148E-1
2.765920958E1,-5.027445374E0,9.326505432E0,1.186582489E0
2.767925258E1,-6.112838287E0,9.419462128E0,1.108894043E0
2.769929558E1,-3.151845703E0,9.487570496E0,1.162781982E0
2.771933758E1,1.430874481E0,1.052790710E1,1.325194244E0
2.773938058E1,2.202968903E0,1.135538635E1,-1.142124939E0
2.775942258E1,1.720372467E0,1.152797745E1,-2.875370636E0
2.777946558E1,5.529501343E-1,1.095556778E1,-1.932331696E0
2.779950858E1,3.625460815E-1,1.060604462E1,-2.356100464E-1
2.781955058E1,-1.545386353E0,1.008887009E1,8.014334106E-1
2.783959358E1,-3.513044586E0,9.185947723E0,2.841241608E0
2.785963658E1,-3.116219788E0,7.951315155E0,4.582420807E0
2.787967858E1,-1.994003448E0,6.464606781E0,3.952530670E0
2.789972158E1,-1.994901581E0,5.315446472E0,3.444038086E0
2.791976358E1,-1.980381775E0,4.963228912E0,2.748883667E0
2.793980658E1,-2.288441162E0,4.963528290E0,2.456691284E0
2.795984958E1,-2.586172028E0,5.191504211E0,2.410886536E0
2.797989158E1,-2.392923889E0,5.298681335E0,3.060535583E0
2.799993458E1,-2.230511627E0,4.929998016E0,4.451143799E0
2.801997758E1,-1.912722473E0,4.910688171E0,5.920637970E0
2.804001958E1,-1.131946106E0,6.582561493E0,6.098917236E0
2.806006258E1,4.954696655E-1,1.076456497E1,5.024900665E0
2.808010458E1,2.791694641E-1,1.672801392E1,4.678970032E0
2.810014758E1,-4.144880676E0,1.728006592E1,6.852001190E0
2.812019058E1,-6.355184326E0,9.997260590E0,1.020622604E1
2.814023258E1,-4.023932190E0,5.855223999E0,1.025936554E1
2.816027558E1,-2.221380615E0,1.114088242E1,6.725364532E0
2.818031858E1,-3.542682953E0,1.860121857E1,1.796264648E-2
2.820036058E1,-4.684059448E0,1.278177017E1,-8.779093781E0
2.822040358E1,-2.300565948E0,3.432661743E0,-2.104024658E0
2.824044558E1,2.286345520E0,2.988235931E0,1.772613831E0
2.826048858E1,-1.204545135E0,4.377496948E0,-2.425106964E0
2.828053158E1,-2.529290314E0,1.033765274E1,-3.206332397E-1
2.830057358E1,-8.478369141E-1,1.263133301E1,-1.303190002E0
2.832061658E1,-1.323248291E-1,1.072459808E1,-4.636608124E0
2.834065858E1,1.835483093E0,1.171404053E1,-1.908680878E0
2.836070158E1,1.870510254E0,1.185205353E1,2.390079803E0
2.838074458E1,-1.219214630E0,9.766141205E0,2.676584015E0
2.840078658E1,-1.683399353E0,8.590186615E0,5.454656982E-1
2.842082946E1,-1.997745667E0,8.120463409E0,-1.358275452E0
2.844087246E1,-1.510209503E0,8.134983215E0,-2.200573883E0
2.846091446E1,-1.329235840E0,8.640931091E0,-2.104174347E0
2.848095746E1,-1.493294678E0,8.757538605E0,-2.877017212E-1
2.850099946E1,-1.309476929E0,8.813671875E0,4.607418823E-1
2.852104246E1,-7.981402588E-1,9.183403015E0,-3.962260437E-1
2.854108546E1,-3.171903992E-1,9.183253326E0,-7.210505676E-1
2.856112746E1,-2.574645996E-2,9.240135040E0,-5.679190063E-1
2.858117046E1,3.930825806E-1,9.665550385E0,-3.830534363E-1
2.860121346E1,7.051835632E-1,1.008078690E1,-3.132984924E-1
2.862125546E1,6.631210327E-1,9.956395569E0,3.381468201E-1
2.864129846E1,8.512797546E-1,9.690698090E0,-3.472778320E-2
2.866134046E1,1.906884613E0,1.064765808E1,-1.373244324E0
2.868138346E1,2.669099579E0,1.149848877E1,-4.393363953E-1
2.870142646E1,2.984493713E0,1.143576920E1,5.551954651E-1
2.872146846E1,2.653681641E0,1.091769653E1,-2.124082947E-1
2.874151146E1,2.303859100E0,1.058613602E1,2.228865051E-1
2.876155446E1,1.739532623E0,1.166344574E1,6.180647278E-1
2.878159646E1,4.173321533E-1,1.256636810E1,4.790039062E-3
2.880163946E1,4.631369019E-1,1.096095657E1,-1.721569977E0
2.882168146E1,8.719367981E-1,9.273066559E0,-2.460583191E0
2.884172446E1,6.119274902E-1,9.738299103E0,-1.620081024E0
2.886176746E1,-2.637215881E0,1.126198059E1,-1.240470428E0
2.888180946E1,-4.185146942E0,1.297232391E1,5.992039490E-1
2.890185246E1,-4.389172668E0,1.372151596E1,2.475701752E0
2.892189446E1,-3.902684326E0,1.103520218E1,1.963167572E0
2.894193746E1,-6.342311096E-1,9.897717590E0,1.260079651E0
2.896198046E1,1.638792114E0,9.988728333E0,-1.594184875E-1
2.898202246E1,1.612446899E0,1.056547897E1,-2.192790070E0
2.900206546E1,8.128097534E-1,1.063358734E1,-1.723366241E0
2.902210846E1,3.203338623E-2,1.073821976E1,-5.114863586E-1
2.904215046E1,-2.272125092E0,1.002106110E1,6.825805664E-2
2.906219346E1,-4.074976044E0,8.656349030E0,5.978567505E-1
2.908223546E1,-4.399201813E0,6.823560333E0,2.627037048E0
2.910227846E1,-2.835403748E0,5.385051727E0,3.807781677E0
2.912232146E1,-1.034199371E0,4.661456451E0,3.721261597E0
2.914236346E1,-2.588117981E-1,4.581672363E0,3.148253174E0
2.916240646E1,-8.882528687E-1,4.677173767E0,2.604434052E0
2.918244946E1,-1.465153198E0,4.552183685E0,3.276237030E0
2.920249146E1,-1.753902740E0,3.836072845E0,4.679718475E0
2.922253446E1,-1.958527222E0,4.084107056E0,5.726491699E0
2.924257646E1,-8.816665649E-1,7.243886261E0,6.213578796E0
2.926261946E1,1.239422607E0,1.242072098E1,5.573509827E0
2.928266246E1,6.146218872E-1,1.758722717E1,4.454287262E0
2.930270446E1,-2.223027191E0,1.494342499E1,8.593030701E0
2.932274746E1,-2.586621094E-1,9.200168152E0,1.297307236E1
2.934279046E1,9.011260986E-1,5.642965393E0,1.031939072E1
2.936283246E1,3.110531616E-1,8.306227112E0,4.939428406E0
2.938287546E1,-2.383643188E0,1.727303055E1,-4.326004028E-2
2.940291746E1,-6.548582153E0,1.722617798E1,-7.647147675E0
2.942296063E1,-7.870034180E0,7.422464905E0,-5.834566956E0
2.944300363E1,1.283131714E0,5.485343170E0,2.327958984E0
2.946304563E1,-1.491498413E0,3.553610229E0,-4.550537109E-2
2.948308863E1,-2.723586273E0,7.452552338E0,-1.631307678E0
2.950313063E1,-1.774410095E0,1.120195541E1,-4.049079895E0
2.952317363E1,-8.173004150E-1,1.195698532E1,-5.911357269E0
2.954321663E1,2.136357422E0,1.445618820E1,-7.402107239E-1
2.956325863E1,4.607418823E-1,1.245140717E1,3.002606049E0
2.958330163E1,-3.243754578E-1,8.947942657E0,8.487350464E-1
2.960334463E1,-1.078806610E0,7.453001404E0,-1.457369385E0
2.962338663E1,-2.190844116E0,7.331304474E0,-2.126927032E0
2.964342963E1,-1.104702759E0,8.041577454E0,-1.179846497E0
2.966347163E1,-9.315129089E-1,8.652756500E0,3.781137085E-1
2.968351463E1,-2.495310974E-1,9.108259277E0,5.966592407E-1
2.970355763E1,1.281335449E-1,9.082961884E0,1.537303162E-1
2.972359963E1,1.378633118E-1,9.004225616E0,5.777984619E-2
2.974364263E1,-6.227050781E-2,9.164392548E0,-7.723937988E-2
2.976368463E1,1.670526123E-1,9.395811310E0,-3.002755737E-1
2.978372763E1,2.131567383E-1,9.786199493E0,-3.721261597E-1
2.980377063E1,-2.080673218E-1,9.630672913E0,3.258723450E-1
2.982381262E1,-6.691085815E-1,9.285191345E0,2.808160400E-1
2.984385563E1,9.939331055E-2,1.020383102E1,-1.073717194E0
2.986389863E1,1.126856689E0,1.123339005E1,-1.572180634E0
2.988394063E1,1.982776794E0,1.094613739E1,-8.436456299E-1
2.990398363E1,1.735341339E0,1.039633072E1,-1.091380463E0
2.992402563E1,4.945715332E-1,1.036893768E1,-1.327738953E-1
2.994406863E1,-2.948867798E-2,1.106558899E1,3.721261597E-1
2.996411163E1,-1.209484863E-1,1.213885712E1,1.847158813E-1
2.998415363E1,8.996292114E-1,1.115944382E1,-1.156794434E0
3.000419663E1,1.355880432E0,1.090377548E1,-2.277364197E0
3.002423863E1,1.078806610E0,1.170056854E1,-1.234482880E0
3.004428162E1,-2.060764618E0,1.030023056E1,-3.129991150E-1
3.006432463E1,-4.451293488E0,1.097832047E1,2.785707092E-1
3.008436663E1,-4.259542236E0,1.244541962E1,1.901795197E0
3.010440963E1,-2.303260345E0,1.170984924E1,2.511627045E0
3.012445263E1,1.226250000E0,1.119027969E1,1.104104004E0
3.014449463E1,2.972368927E0,1.089374634E1,-2.294578400E0
3.016453763E1,3.767365723E0,1.138876694E1,-1.486259308E0
3.018457963E1,2.208956451E0,1.116857483E1,4.029620361E-1
3.020462263E1,-0.000000000E0,1.042941193E1,9.306147766E-1
3.022466563E1,-2.225422211E0,9.520951080E0,1.099463654E0
3.024470763E1,-5.137466583E0,8.042774963E0,1.502575378E0
3.026475063E1,-6.068231049E0,6.435118103E0,2.435585175E0
3.028479363E1,-2.580483856E0,5.737868042E0,3.373834076E0
3.030483563E1,-1.220711517E0,5.200036469E0,3.593726807E0
3.032487863E1,-1.122366028E0,5.053042145E0,2.912792816E0
3.034492063E1,-1.865720215E0,5.269042969E0,2.018702087E0
3.036496363E1,-2.163750458E0,5.292544098E0,1.900747375E0
3.038500663E1,-2.128872986E0,4.717140656E0,3.141517181E0
3.040504863E1,-1.821562042E0,4.711153107E0,4.171974335E0
3.042509121E1,-1.032702484E0,6.054759064E0,5.483097839E0
3.044513321E1,3.453318787E-1,9.661957855E0,6.286177826E0
3.046517621E1,5.530998230E-1,1.461710358E1,6.076613617E0
3.048521921E1,-2.637814636E0,1.704924591E1,5.873935089E0
3.050526121E1,-2.753524017E0,1.230785568E1,7.815697174E0
3.052530421E1,-1.483864288E0,7.902666321E0,1.046892975E1
3.054534721E1,-8.065228271E-1,6.550677795E0,8.218808899E0
3.056538921E1,-5.050497437E-1,9.870474243E0,5.801934814E0
3.058543221E1,-2.788700867E-1,1.570159836E1,1.166224823E0
3.060547421E1,-3.028202820E0,1.749292328E1,-5.992488556E0
3.062551721E1,-4.844525757E0,8.822653198E0,-3.398233337E0
3.064556021E1,-6.864724731E-1,4.650080109E0,2.705473938E0
3.066560221E1,-2.912493439E0,2.694846039E0,-2.347418518E0
3.068564521E1,-4.121978302E0,5.999074860E0,-3.055296478E0
3.070568821E1,-1.626068573E0,1.019140686E1,-3.538341980E0
3.072573021E1,-9.538165283E-1,1.109971802E1,-6.775510254E0
3.074577321E1,2.316732330E0,1.505434433E1,-3.412753143E0
3.076581521E1,2.504741364E0,1.459719498E1,4.544549561E0
3.078585821E1,1.847158813E-1,9.232650604E0,2.591411133E0
3.080590121E1,-1.097368011E0,7.913593597E0,-8.443940735E-1
3.082594321E1,-1.517993317E0,7.354057159E0,-1.702559509E0
3.084598621E1,-7.509883118E-1,7.882608032E0,-1.072220306E0
3.086602921E1,-2.110610962E-2,8.848399658E0,6.809339905E-1
3.088607121E1,4.147874451E-1,9.200916595E0,1.566941528E0
3.090611421E1,5.885760498E-1,8.873547363E0,1.355880432E0
3.092615621E1,1.043180695E0,8.857231293E0,9.295669556E-1
3.094619921E1,1.215173035E0,9.037306824E0,5.748046875E-1
3.096624221E1,1.380279694E0,9.485624542E0,6.245013428E-1
3.098628421E1,1.452878723E0,1.015158966E1,1.035097504E0
3.100632721E1,7.021897888E-1,9.642498322E0,4.815486145E-1
3.102636921E1,-3.543132019E-1,8.977281647E0,2.088157654E-1
3.104641221E1,-9.898915100E-1,9.292376404E0,-2.915936279E-1
3.106645521E1,-7.888595581E-2,9.697284393E0,-1.686393127E0
3.108649721E1,1.841021576E0,1.059032730E1,-1.868264923E0
3.110654021E1,2.758613434E0,1.162767014E1,-6.661148071E-1
3.112658321E1,1.104253693E0,1.119596786E1,4.438270569E-1
3.114662521E1,7.559280396E-1,1.089494385E1,-2.194436646E-1
3.116666821E1,6.007008362E-1,1.337064560E1,-4.430786133E-1
3.118671021E1,8.339158630E-1,1.330672852E1,1.161584473E-1
3.120675321E1,1.604962463E0,1.194635742E1,-1.733994141E0
3.122679621E1,1.574575653E0,1.114731903E1,-1.916614380E0
3.124683821E1,7.197033691E-1,1.072040680E1,-6.023474121E-1
3.126688121E1,-2.900817719E0,9.347012787E0,-6.962022400E-1
3.128692321E1,-3.534150696E0,8.471782837E0,-7.518864441E-1
3.130696621E1,-3.987408142E0,1.031654663E1,5.144801331E-1
3.132700921E1,-3.433110809E0,1.238958572E1,1.119671631E0
3.134705121E1,-1.773811340E-1,1.204440353E1,5.957611084E-2
3.136709421E1,1.938319244E0,1.100406693E1,-2.662213898E0
3.138713721E1,3.247496796E0,1.113743958E1,-2.204316101E0
3.140717921E1,2.715203705E0,1.159114609E1,-8.382568359E-3
3.142722271E1,3.430865479E-1,1.050455566E1,2.250120850E0
3.144726471E1,-1.733545074E0,9.467661896E0,2.445614319E0
3.146730771E1,-3.007545776E0,8.606652374E0,1.451681213E0
3.148735071E1,-4.815935211E0,7.379055176E0,2.294877777E0
3.150739271E1,-5.032085724E0,5.985602875E0,2.307601318E0
3.152743571E1,-2.732717285E0,5.309159546E0,2.618055725E0
3.154747771E1,-1.421893158E0,4.920717316E0,2.538571014E0
3.156752071E1,-9.629475403E-1,4.876559143E0,2.025438080E0
3.158756371E1,-1.291663971E0,4.979395294E0,2.325563965E0
3.160760571E1,-1.945653992E0,4.880600739E0,3.478765869E0
3.162764871E1,-1.696571960E0,4.205205231E0,4.637206879E0
3.164769171E1,-1.120120697E0,4.726271667E0,5.557343445E0
3.166773371E1,2.510279846E-1,7.955506439E0,5.074747009E0
3.168777671E1,7.316784668E-1,1.272294250E1,4.687053223E0
3.170781871E1,-1.568139038E0,1.622835297E1,4.786895599E0
3.172786171E1,-5.668412476E0,1.418300629E1,6.827152863E0
3.174790471E1,-4.467908936E0,9.574240265E0,1.075034454E1
3.176794671E1,-1.070573730E0,8.458161163E0,1.255529114E1
3.178798971E1,-2.776725769E-1,1.526106445E1,9.400451660E0
3.180803271E1,-3.297343140E0,2.000005966E1,3.020718384E0
3.182807471E1,-5.488037567E0,1.342049194E1,-6.581663361E0
3.184811771E1,-1.542093201E0,3.183280334E0,-4.157604218E0
3.186815971E1,8.089178467E-1,-1.755848694E0,3.098855896E0
3.188820271E1,-1.452729034E0,2.474354553E-1,-1.441352692E0
3.190824571E1,-2.253863068E0,8.202792206E0,-9.840536499E-1
3.192828771E1,-1.597328339E0,1.220112762E1,-1.032852173E-2
3.194833071E1,-2.967429199E0,1.178873520E1,-5.942043457E0
3.196837271E1,-1.118025055E0,1.384905075E1,-6.095324707E0
3.198841571E1,2.581980743E0,1.280287628E1,3.040477295E0
3.200845871E1,7.948471069E-2,1.012509476E1,5.774691467E0
3.202850071E1,-1.520987091E0,9.570498047E0,3.008743286E-1
3.204854371E1,-1.574276276E0,8.953930206E0,-2.721041565E0
3.206858671E1,-7.527845764E-1,8.152646484E0,-1.902244263E0
3.208862871E1,1.505868530E-1,8.095166016E0,-2.959346008E-1
3.210867171E1,7.217990112E-1,8.759933624E0,8.360115051E-1
3.212871371E1,5.530998230E-1,9.051676941E0,1.157393188E0
3.214875671E1,6.722520447E-1,8.761280823E0,1.013392639E0
3.216879971E1,8.306227112E-1,8.982820129E0,1.068777466E-1
3.218884171E1,5.586383057E-1,9.091643829E0,-1.423539734E-1
3.220888471E1,-4.640350342E-3,9.054670715E0,1.258882141E-1
3.222892671E1,-4.680766296E-1,9.729766846E0,2.484832764E-2
3.224896971E1,-6.973997498E-1,9.691745911E0,1.755848694E-1
3.226901271E1,-6.551875305E-1,9.495054932E0,7.783813477E-2
3.228905471E1,-2.674937439E-1,9.714498596E0,-4.086502075E-1
3.230909771E1,8.066725159E-1,1.055140823E1,-1.415306854E0
3.232914071E1,2.067949677E0,1.134281250E1,-6.388714600E-1
3.234918271E1,2.401605835E0,1.118593872E1,-4.254153442E-1
3.236922571E1,9.906399536E-1,1.108160568E1,-1.345851288E0
3.238926771E1,4.505630493E-2,1.293355453E1,-8.912466431E-1
3.240931071E1,8.876541138E-2,1.298893936E1,2.305206299E-2
3.242935633E1,1.672172699E0,1.212433731E1,-1.200653229E0
3.244939833E1,2.225122833E0,1.176658127E1,-1.437161407E0
3.246944133E1,5.004093933E-1,1.124072479E1,-1.238674164E0
3.248948433E1,-3.408412170E0,9.077273712E0,-1.260678406E0
3.250952633E1,-4.233795776E0,9.205856323E0,5.668711853E-1
3.252956933E1,-5.626050568E0,1.055769516E1,1.831441498E0
3.254961133E1,-5.280718689E0,1.123773102E1,1.406325531E0
3.256965433E1,-4.685256958E-1,1.182181641E1,1.138233032E0
3.258969733E1,1.789378967E0,1.100556381E1,-1.870360565E0
3.260973933E1,3.282224579E0,1.066023193E1,-1.681004333E0
3.262978233E1,2.462978210E0,1.050246002E1,1.671873322E0
3.264982433E1,3.893403625E-1,1.012329849E1,3.297343140E0
3.266986733E1,-9.828561401E-1,9.481882324E0,3.160677338E0
3.268991033E1,-1.963017883E0,8.295449524E0,3.150797882E0
3.270995233E1,-2.119292908E0,6.972350922E0,2.675536194E0
3.272999533E1,-2.772085419E0,5.844296722E0,2.611768799E0
3.275003833E1,-2.721340942E0,5.079237671E0,2.890938263E0
3.277008033E1,-2.129172363E0,4.610412598E0,3.108585663E0
3.279012333E1,-1.501078491E0,4.586312714E0,2.842139740E0
3.281016533E1,-1.451082458E0,5.094356232E0,2.976859589E0
3.283020833E1,-1.706750793E0,4.964725800E0,3.673660583E0
3.285025133E1,-1.376986542E0,4.729415131E0,4.614005127E0
3.287029333E1,-1.060095520E0,5.396428070E0,5.367687836E0
3.289033633E1,-2.989283752E-1,8.155041504E0,5.484744415E0
3.291037833E1,9.668394470E-1,1.351524490E1,7.022496643E0
3.293042133E1,-1.515598297E0,1.631622025E1,7.712262268E0
3.295046433E1,-3.619772644E0,1.190444458E1,8.355025635E0
3.297050633E1,-3.216960297E0,8.801247711E0,1.144624741E1
3.299054933E1,-2.427352295E0,7.794141998E0,9.165590057E0
3.301059233E1,-1.651665344E0,6.981332245E0,5.406157837E0
3.303063433E1,-1.263223114E0,1.122126526E1,4.074077911E0
3.305067733E1,-3.056194611E0,1.602342911E1,2.654729462E0
3.307071933E1,-5.861810303E0,1.265378632E1,-1.906136169E0
3.309076233E1,-2.337988129E0,6.065237274E0,-9.502239990E-1
3.311080533E1,-1.202599182E0,6.776558075E0,-4.156855774E-1
3.313084733E1,-4.222868500E0,5.722899170E0,-3.959266663E-1
3.315089033E1,-1.240470428E0,6.982679443E0,1.516646118E0
3.317093333E1,1.494941254E0,9.151070251E0,-1.725611572E0
3.319097533E1,8.553213501E-1,9.996512146E0,-8.225694580E0
3.321101833E1,9.122030640E-1,1.213721054E1,-6.340814209E0
3.323106033E1,1.109792175E0,1.362751144E1,5.628445587E0
3.325110333E1,-1.646575928E0,1.049856812E1,5.952970734E0
3.327114633E1,-1.770817566E0,8.833879852E0,7.020401001E-2
3.329118833E1,-1.751657410E0,8.348888397E0,-2.298619995E0
3.331123133E1,-1.015338593E0,7.905809784E0,-9.050180054E-1
3.333127333E1,-3.734733582E-1,8.059839478E0,3.728746033E-1
3.335131633E1,1.965412903E-1,8.884025574E0,1.250200195E0
3.337135933E1,5.674699402E-1,9.675729218E0,1.078806610E0
3.339140133E1,3.363505554E-1,9.420809326E0,4.908293152E-1
3.341144433E1,1.612147522E-1,8.702902222E0,7.009922791E-1
3.343148408E1,-3.951782227E-2,8.769064636E0,-5.538482666E-2
3.345152608E1,-1.646575928E-3,8.969797211E0,-2.029779053E-1
3.347156908E1,-1.669029236E-1,1.032163605E1,1.971400452E-1
3.349161108E1,-4.014651489E-1,9.911339264E0,-3.323089600E-2
3.351165408E1,-2.273771667E-1,9.260492706E0,-6.770420837E-1
3.353169708E1,-2.796185303E-1,9.382638702E0,-1.926493835E-1
3.355173908E1,1.805245972E-1,1.073866882E1,-7.423063660E-1
3.357178208E1,1.248703308E0,1.169098846E1,-1.909878387E0
3.359182408E1,2.511177979E0,1.174397827E1,-5.281018066E-1
3.361186708E1,2.673290863E0,1.217463272E1,7.559280396E-1
3.363191008E1,1.351090393E0,1.383782410E1,6.662644958E-1
3.365195208E1,8.705895996E-1,1.269525009E1,-9.512718201E-1
3.367199508E1,1.158890076E0,1.177391602E1,-2.349065094E0
3.369203808E1,1.518592072E0,1.047791107E1,-1.890867920E0
3.371208008E1,4.141886902E-1,9.717642059E0,-8.640032959E-1
3.373212308E1,-3.178190918E0,8.437803497E0,-2.450404358E-1
3.375216508E1,-3.874243469E0,8.698112183E0,5.102888489E-1
3.377220808E1,-4.959187317E0,1.016820511E1,1.377136230E0
3.379225108E1,-4.227209473E0,1.095556778E1,2.405348053E0
3.381229308E1,7.798782349E-2,1.168559967E1,1.310524750E0
3.383233608E1,1.929038544E0,1.118893250E1,-8.855584717E-1
3.385237808E1,2.702180786E0,1.170940018E1,-1.073567505E0
3.387242108E1,9.410929871E-1,1.097008759E1,4.499642944E-1
3.389246408E1,-9.957293701E-1,9.988428955E0,1.851499786E0
3.391250608E1,-2.423909454E0,9.354048157E0,2.504741364E0
3.393254908E1,-3.564537506E0,8.266260223E0,3.055146790E0
3.395259208E1,-2.840044098E0,7.065606995E0,3.513793030E0
3.397263408E1,-1.911375275E0,6.270909576E0,3.150498505E0
3.399267708E1,-1.864073639E0,5.757028198E0,2.976111145E0
3.401271908E1,-1.448388062E0,5.629792786E0,1.932331696E0
3.403276208E1,-1.590592346E0,5.563780060E0,1.278940430E0
3.405280508E1,-1.857936401E0,5.526058502E0,1.749711456E0
3.407284708E1,-1.958227844E0,5.365592194E0,3.213367767E0
3.409289008E1,-1.818568268E0,5.279521179E0,4.114493866E0
3.411293308E1,-1.714235229E0,5.824986877E0,4.489314423E0
3.413297508E1,-1.001716919E0,7.639663239E0,4.981640625E0
3.415301808E1,-2.639012146E-1,1.128907425E1,4.716242523E0
3.417306008E1,-4.116439819E-2,1.503742950E1,5.310656433E0
3.419310308E1,-1.647773438E0,1.498967880E1,7.017407227E0
3.421314608E1,-2.816393280E0,1.113624207E1,8.828940125E0
3.423318808E1,-2.493814087E0,8.462053070E0,9.532477112E0
3.425323108E1,-1.797312469E0,6.973847809E0,7.680677948E0
3.427327408E1,-1.366658020E0,1.130449219E1,5.127287750E0
3.429331608E1,-3.307072906E0,1.500150421E1,2.347867584E0
3.431335908E1,-3.377426605E0,1.461036758E1,-2.912493439E0
3.433340108E1,-2.417023773E0,8.449179840E0,-1.053658905E0
3.435344408E1,-1.624122620E-1,4.584366760E0,2.980901184E0
3.437348708E1,-2.949316864E0,4.176614685E0,-2.772534485E0
3.439352908E1,-4.829257507E0,7.108417969E0,-1.662442932E0
3.441357208E1,-1.713037720E0,1.146316223E1,-1.668879547E0
3.443361596E1,1.274449768E0,1.141077118E1,-6.797065430E0
3.445365796E1,2.404749298E0,1.155851395E1,-3.472029877E0
3.447370096E1,8.761280823E-1,1.049856812E1,5.585035858E0
3.449374296E1,-2.182012482E0,8.270152130E0,2.541115723E0
3.451378596E1,-1.962119751E0,7.975115662E0,-3.808081055E-1
3.453382896E1,-7.141648865E-1,9.214538269E0,-1.785786438E-1
3.455387096E1,1.895059204E-1,9.517807617E0,-1.093027039E0
3.457391396E1,3.571572876E-1,9.321116638E0,-1.900298309E0
3.459395696E1,2.814147949E-1,9.295070801E0,-1.465452576E-1
3.461399896E1,-6.527925110E-1,9.036708069E0,7.523355103E-1
3.463404196E1,-6.372248840E-1,8.948242035E0,9.678872681E-1
3.465408396E1,-3.736230469E-1,9.074878693E0,-7.529342651E-2
3.467412696E1,-4.077520752E-1,9.105265503E0,1.845661926E-1
3.469416996E1,-3.935316467E-1,9.065747681E0,4.734654236E-1
3.471421196E1,8.831634521E-2,9.164841614E0,3.204835510E-1
3.473425496E1,5.093907166E-1,9.715546417E0,2.917433167E-1
3.475429796E1,1.106199646E-1,9.621541901E0,1.944456482E-1
3.477433996E1,-3.650907898E-1,9.245074768E0,-6.641688538E-1
3.479438296E1,-6.056405640E-1,9.268875275E0,-1.797761536E0
3.481442496E1,-1.574725342E-1,1.016326538E1,-2.081421661E0
3.483446796E1,6.870712280E-1,1.096110626E1,-6.572831726E-1
3.485451096E1,1.253193970E0,1.165581161E1,-1.321002960E0
3.487455296E1,1.305285645E0,1.387075562E1,-1.601519623E0
3.489459596E1,2.857557678E-1,1.579230972E1,4.790039063E-2
3.491463796E1,5.516029358E-1,1.390623184E1,3.430865479E-1
3.493468096E1,1.956132202E0,1.276096344E1,-1.942809906E0
3.495472396E1,2.032922516E0,1.073283096E1,-1.630559235E0
3.497476596E1,-6.659651184E-1,7.889493713E0,-7.726931763E-1
3.499480896E1,-3.475622406E0,6.949598236E0,1.489402771E-1
3.501485196E1,-4.431534576E0,7.363936615E0,5.864804077E-1
3.503489396E1,-3.403771820E0,9.131610718E0,6.289920044E-1
3.505493696E1,-1.138831787E0,1.104433319E1,1.139430542E0
3.507497896E1,-5.592370605E-1,1.175191177E1,7.288343811E-1
3.509502196E1,-4.676275635E-1,1.101080292E1,-1.143172760E0
3.511506496E1,-7.671546936E-1,1.034932846E1,-2.750829620E0
3.513510696E1,-8.726852417E-1,1.104762634E1,-3.143463135E-2
3.515514996E1,-1.583407288E0,1.143127853E1,3.281326447E0
3.517519296E1,-2.042502594E0,1.095541809E1,3.693269806E0
3.519523496E1,-2.287692719E0,1.004575974E1,3.134032745E0
3.521527796E1,-2.560275879E0,8.261919250E0,2.023791504E0
3.523532096E1,-2.789598999E0,6.771618347E0,2.288740540E0
3.525536296E1,-2.728226624E0,5.705385590E0,2.684367828E0
3.527540596E1,-2.145937500E0,5.108576660E0,2.877765656E0
3.529544796E1,-1.911974030E0,4.614154816E0,2.655477905E0
3.531549096E1,-1.900897064E0,4.666545868E0,3.262465668E0
3.533553396E1,-2.012415161E0,4.965773621E0,3.498524780E0
3.535557596E1,-2.259551239E0,4.606071625E0,3.663631439E0
3.537561896E1,-2.625689850E0,4.647236023E0,4.760999451E0
3.539566196E1,-2.556383972E0,5.265001373E0,4.690945129E0
3.541570396E1,-1.472787323E0,7.692802734E0,4.207749939E0
3.543574621E1,1.246008911E0,1.294672714E1,5.449866943E0
3.545578821E1,2.368225250E0,1.751552628E1,9.166188812E0
3.547583121E1,-1.410816193E0,1.340447525E1,9.451345825E0
3.549587421E1,-3.237168274E0,8.735684052E0,9.274862823E0
3.551591621E1,-1.447190552E0,5.941594391E0,8.728948059E0
3.553595921E1,-4.086502075E-2,1.265692978E1,5.725294189E0
3.555600221E1,-2.026785278E0,2.062171692E1,7.220983887E-1
3.557604421E1,-6.383026428E0,1.507335480E1,-5.705984344E0
3.559608721E1,-5.017865295E0,4.308939514E0,7.714956665E-1
3.561612921E1,7.155120850E-2,-6.764433289E-1,8.322692871E-2
3.563617221E1,-3.510050812E0,5.158273315E-1,-2.473456421E0
3.565621521E1,-2.852468262E0,8.927135925E0,1.966460724E0
3.567625721E1,-5.177732849E-1,1.434571793E1,-1.021326141E0
3.569630021E1,-3.718267822E-1,1.296244446E1,-4.980892181E0
3.571634321E1,1.250649261E0,1.300465668E1,-9.639953613E-1
3.573638521E1,1.724264374E0,1.235141510E1,3.325185242E0
3.575642821E1,-1.071322174E0,9.637259216E0,1.001866608E0
3.577647021E1,-2.143093414E0,8.478668518E0,-2.697390747E-1
3.579651321E1,-1.375339966E0,8.793463898E0,2.911445618E-1
3.581655621E1,-3.649411011E-1,8.937015381E0,-7.795788574E-1
3.583659821E1,2.058219910E-1,8.727301483E0,-1.015937347E0
3.585664121E1,3.665876770E-1,8.810079346E0,-3.502716064E-2
3.587668421E1,1.261875916E-1,8.976233826E0,-3.791615295E-1
3.589672621E1,-4.340972900E-2,8.831335144E0,-9.797126770E-1
3.591676921E1,2.833607483E-1,8.260422363E0,-2.592608643E-1
3.593681121E1,1.751358032E-2,8.148006134E0,-3.614982605E-1
3.595685421E1,-5.301974487E-1,8.389154663E0,-1.165177002E0
3.597689721E1,-1.047072601E0,9.687854004E0,7.364685059E-2
3.599693921E1,-1.641037445E0,1.058658508E1,2.282902679E0
3.601698221E1,-6.773414612E-1,1.021969803E1,3.688330078E-1
3.603702521E1,8.427474976E-1,9.934840393E0,-1.691183167E0
3.605706721E1,1.442849579E0,1.046818130E1,-1.391955414E0
3.607711021E1,8.396040344E-1,1.116303635E1,-1.218466187E-1
3.609715221E1,4.748126221E-1,1.177226944E1,1.380130005E-1
3.611719521E1,9.318122864E-1,1.196491882E1,-1.505868530E-1
3.613723821E1,1.799108734E0,1.392105103E1,-4.427792358E-1
3.615728021E1,1.934277649E0,1.300375854E1,2.781216431E-1
3.617732321E1,2.223775635E0,1.211700256E1,-1.521885223E0
3.619736621E1,1.820364532E0,1.164054337E1,-2.372416534E0
3.621740821E1,6.909631348E-1,1.035277130E1,-1.654060364E0
3.623745121E1,-3.285218353E0,9.693392487E0,1.172062683E-1
3.625749321E1,-4.375251617E0,1.031220566E1,1.974394226E0
3.627753621E1,-4.764741669E0,1.200638260E1,2.153571625E0
3.629757921E1,-3.556005249E0,1.128727798E1,2.433938599E-1
3.631762121E1,3.269201660E-1,1.034304153E1,-5.566923523E-1
3.633766421E1,2.411934357E0,1.056368271E1,-2.320773926E0
3.635770721E1,3.297343140E0,1.139685013E1,-6.914122009E-1
3.637774921E1,1.703607330E0,1.076052338E1,2.589465179E0
3.639779221E1,-1.092278595E0,9.561367035E0,3.513343964E0
3.641783421E1,-2.426753540E0,8.318202209E0,2.520009613E0
3.643787725E1,-2.360740814E0,7.402107239E0,1.291065216E0
3.645792025E1,-1.363514557E0,6.828200684E0,1.235381012E0
3.647796225E1,-5.480104065E-1,6.339766388E0,1.992506561E0
3.649800525E1,-7.195536804E-1,5.412893829E0,2.867886200E0
3.651804825E1,-1.476230164E0,4.730912018E0,3.582649841E0
3.653809025E1,-2.348765717E0,4.446503448E0,3.826941833E0
3.655813325E1,-2.779120789E0,4.869074707E0,3.990850983E0
3.657817525E1,-2.651735687E0,4.802014160E0,4.479884033E0
3.659821825E1,-2.166295166E0,4.529131622E0,5.027295685E0
3.661826125E1,-1.564546509E0,5.690566406E0,6.024372253E0
3.663830325E1,-1.002914429E-1,9.474397888E0,6.442452850E0
3.665834625E1,-2.933898926E-2,1.340193054E1,5.949228516E0
3.667838825E1,-3.316652985E0,1.362691269E1,4.971611481E0
3.669843125E1,-3.686683502E0,1.080228653E1,7.033872986E0
3.671847425E1,-2.796933746E0,7.838599548E0,9.807604980E0
3.673851625E1,-3.275189209E0,7.148235168E0,8.202193451E0
3.675855925E1,-4.135599976E0,1.608180771E1,4.968917084E0
3.677860225E1,-5.923631744E0,2.197505264E1,1.338217163E-1
3.679864425E1,-6.567442932E0,8.960217133E0,-3.618275757E0
3.681868725E1,2.903961182E-1,7.056326294E-1,3.366649017E0
3.683873025E1,2.219584351E0,2.093097382E0,-5.508544922E-2
3.685877225E1,-2.602937164E0,7.396868134E0,1.347048798E0
3.687881525E1,-2.426903229E0,1.077639038E1,7.830216980E-1
3.689885725E1,-1.634900208E0,9.721833344E0,-3.744613037E0
3.691890025E1,1.048868866E0,1.147064667E1,-5.904471588E0
3.693894325E1,2.082020416E0,1.414184189E1,-2.027084656E0
3.695898525E1,-8.562194824E-1,1.085752167E1,2.657124481E0
3.697902825E1,-2.348915405E0,8.573571167E0,4.121080170E0
3.699907125E1,-2.843786316E0,8.512498169E0,2.868484955E0
3.701911325E1,-1.861379242E0,9.052126007E0,-1.312770081E-1
3.703915625E1,-3.291654968E-1,8.891210632E0,-1.200204163E0
3.705919825E1,7.189549255E-1,8.537496185E0,-7.394622803E-1
3.707924125E1,1.112336884E0,8.359516296E0,-1.899549866E-1
3.709928425E1,9.475296021E-1,8.589587860E0,-4.108955383E-1
3.711932625E1,1.781295776E-1,8.629704437E0,-5.848338318E-1
3.713936925E1,-3.742218018E-2,8.398884430E0,-6.186634827E-1
3.715941225E1,-5.037025452E-1,9.060957642E0,-3.824546814E-1
3.717945425E1,-1.349593506E0,9.235345001E0,-1.065783691E-1
3.719949725E1,-1.058598633E0,9.369765472E0,2.335144043E-2
3.721953925E1,-2.284249878E-1,1.003183868E1,-2.948867798E-1
3.723958225E1,5.761518860E-1,1.051353699E1,-4.595443726E-2
3.725962525E1,1.085841980E0,1.019350250E1,-7.214996338E-1
3.727966725E1,1.126108246E0,1.038869659E1,-1.653910675E0
3.729971025E1,9.288185120E-1,1.117531082E1,-7.155120850E-1
3.731975225E1,5.035528564E-1,1.102547241E1,-2.124082947E-1
3.733979525E1,2.963836670E-2,1.072834030E1,-4.900808716E-1
3.735983825E1,-3.802093506E-1,1.260274246E1,-7.523355103E-1
3.737988025E1,-4.885839844E-1,1.404424484E1,-3.035687256E-1
3.739992325E1,5.957611084E-1,1.238719070E1,-5.391787720E-1
3.741996625E1,1.585652618E0,1.178379547E1,-1.914818115E0
3.744000796E1,1.319805450E0,1.139685013E1,-2.105671234E0
3.746005096E1,-9.877958679E-1,9.620643768E0,-4.140390015E-1
3.748009296E1,-3.801195374E0,8.628656616E0,1.368753662E0
3.750013596E1,-4.315974884E0,9.753717041E0,2.257455597E0
3.752017896E1,-4.885989532E0,9.592053223E0,1.140628052E0
3.754022096E1,-6.738986206E-1,9.724228363E0,4.764591980E-1
3.756026396E1,1.169967041E0,1.105181763E1,-3.537144470E-1
3.758030696E1,2.686014404E0,1.185160446E1,-2.546205139E0
3.760034896E1,2.518662415E0,1.165955383E1,-1.204844513E0
3.762039196E1,7.626640320E-1,1.098430801E1,1.487606506E0
3.764043396E1,-1.634900208E0,1.015054184E1,2.107317810E0
3.766047696E1,-3.744313660E0,9.593849487E0,1.460662537E0
3.768051996E1,-4.520299988E0,8.595575409E0,1.118474121E0
3.770056196E1,-2.656825104E0,7.317383423E0,1.015787659E0
3.772060496E1,-1.221010895E0,5.806724854E0,2.087409210E0
3.774064796E1,-5.197192383E-1,4.739743652E0,2.836750946E0
3.776068996E1,-6.837780762E-1,4.151766357E0,3.354374542E0
3.778073296E1,-1.531914368E0,4.175417175E0,3.600762177E0
3.780077496E1,-2.520159302E0,4.803511047E0,3.611539764E0
3.782081796E1,-2.251617737E0,5.029990082E0,4.742737427E0
3.784086096E1,-2.208507385E0,5.078938293E0,5.708529053E0
3.786090296E1,-7.526348877E-1,7.510781250E0,5.895490265E0
3.788094596E1,2.374063110E-1,1.086904770E1,5.244643707E0
3.790098896E1,-3.995191956E-1,1.457444229E1,7.931256866E0
3.792103096E1,-1.514251099E0,1.461875015E1,1.093670700E1
3.794107396E1,-1.914518738E0,1.038300842E1,8.409512329E0
3.796111596E1,-1.007255402E0,8.480165405E0,7.989036713E0
3.798115896E1,-1.191522217E-1,1.673474991E1,6.486461334E0
3.800120196E1,-5.495372314E0,1.860166763E1,-2.736758881E0
3.802124396E1,-9.419611816E0,5.915249176E0,-6.525380402E0
3.804128696E1,-5.027445374E0,-3.954776001E-1,5.584886169E-1
3.806132996E1,1.732197876E0,2.026785278E0,2.505938873E0
3.808137196E1,1.394350433E0,8.025710449E0,3.724105682E0
3.810141496E1,-1.698068848E0,1.127051285E1,-2.193688202E0
3.812145696E1,-2.418520660E0,1.107277405E1,-7.294780426E0
3.814149996E1,1.124162292E-1,1.394455215E1,-5.441035309E0
3.816154296E1,1.069376221E0,1.303324722E1,5.174589386E0
3.818158496E1,-9.800120544E-1,9.503138123E0,4.336631927E0
3.820162796E1,-2.019600220E0,8.526868286E0,1.371597748E0
3.822166996E1,-1.930685120E0,9.020990753E0,-6.333329773E-1
3.824171296E1,-8.918453979E-1,8.862919464E0,-2.475402374E0
3.826175596E1,-6.387217712E-1,8.290210419E0,-2.271526337E0
3.828179796E1,-1.317560120E0,8.246800690E0,2.230361938E-2
3.830184096E1,-1.264420624E0,8.051007843E0,1.703307953E0
3.832188396E1,-7.120692444E-1,8.563991089E0,1.071771240E-1
3.834192596E1,6.152206421E-2,8.825946350E0,-7.069798279E-1
3.836196896E1,9.848020935E-1,9.250313873E0,-8.247848511E-2
3.838201096E1,3.224295044E-1,9.621990967E0,5.227130127E-1
3.840205396E1,-1.877096558E-1,9.400002594E0,3.370989990E-1
3.842209696E1,-3.712280273E-1,9.967771912E0,-4.346960449E-1
3.844213925E1,-9.744735718E-2,9.616901550E0,9.919871521E-1
3.846218225E1,5.873785400E-1,9.547595673E0,-1.434916077E0
3.848222525E1,1.403182068E0,1.046698380E1,-2.595602417E0
3.850226725E1,2.319726105E0,1.170026917E1,-1.639241180E0
3.852231025E1,2.166744232E0,1.360640533E1,-2.091750183E0
3.854235225E1,1.462458801E-1,1.506287659E1,-1.826202393E-2
3.856239525E1,-1.308129730E0,1.465123260E1,1.904040527E-1
3.858243825E1,-7.503895569E-1,1.291304718E1,-2.156266022E0
3.860248025E1,-1.085243225E0,1.111603409E1,-1.830992432E0
3.862252325E1,-2.241289215E0,9.095685425E0,6.885681152E-3
3.864256625E1,-3.592828674E0,8.902736664E0,1.340612183E0
3.866260825E1,-4.267924805E0,8.793463898E0,1.191821594E0
3.868265125E1,-2.311044159E0,9.310039673E0,9.729766846E-2
3.870269325E1,-5.060975647E-1,1.068343369E1,-4.525090027E-1
3.872273625E1,1.152603149E0,1.062071411E1,-1.970951385E0
3.874277925E1,1.500479736E0,1.051129166E1,-4.963677979E-1
3.876282125E1,6.177653503E-1,9.834698639E0,2.627935181E0
3.878286425E1,-7.376660156E-1,9.036408691E0,4.543501740E0
3.880290625E1,-2.126777344E0,7.964188385E0,3.959266663E0
3.882294925E1,-3.545227661E0,6.972051544E0,3.217559052E0
3.884299225E1,-4.251758423E0,6.628066864E0,2.041604462E0
3.886303425E1,-4.536915436E0,6.011648712E0,2.190844116E0
3.888307725E1,-3.810925140E0,5.506000214E0,3.054098969E0
3.890312025E1,-2.923570404E0,5.153632965E0,3.408711548E0
3.892316225E1,-1.861828308E0,5.016368408E0,3.704646149E0
3.894320525E1,-9.960287476E-1,5.031337280E0,3.921844482E0
3.896324725E1,-8.918453979E-1,5.039270782E0,4.123924255E0
3.898329025E1,-8.108638000E-1,5.400319977E0,5.080884247E0
3.900333325E1,-7.515870667E-1,6.804998932E0,6.394702148E0
3.902337525E1,-7.391629028E-1,1.010249176E1,7.199428711E0
3.904341825E1,-1.664538574E0,1.378318771E1,6.558611298E0
3.906346125E1,-3.638184357E0,1.433568878E1,5.973478088E0
3.908350325E1,-4.874463501E0,1.099493591E1,7.563920746E0
3.910354625E1,-4.473447418E0,7.836503906E0,8.302185516E0
3.912358825E1,-2.519710236E0,5.731730804E0,6.120322723E0
3.914363125E1,-1.773811340E0,6.408024445E0,3.092718658E0
3.916367425E1,-3.181484070E0,1.528920593E1,3.803440704E0
3.918371625E1,-5.249433746E0,2.254521698E1,1.384620667E-1
3.920375925E1,-8.120762787E0,9.896071014E0,-4.600084076E0
3.922380225E1,3.275189209E-1,2.181413727E0,2.239193573E0
3.924384425E1,2.349514160E0,7.680528259E-1,-2.464026031E0
3.926388725E1,-2.332749023E0,3.606600037E0,5.361849976E-1
3.928392925E1,-5.408253479E-1,1.174637329E1,6.074817352E0
3.930397225E1,-9.324110413E-1,1.368828506E1,-2.978805542E-1
3.932401525E1,-5.099894714E-1,1.293714706E1,-6.549629974E0
3.934405725E1,2.507884827E0,1.342109070E1,-3.397784271E0
3.936410025E1,1.310075684E0,9.630822601E0,4.655618591E0
3.938414225E1,-1.710343323E0,8.902287598E0,3.427272949E0
3.940418525E1,-2.777324524E0,8.740324402E0,-5.411247253E-1
3.942422825E1,-2.858156433E0,7.918233948E0,-1.973795471E0
3.944427096E1,-1.704056396E0,8.060288544E0,-2.092348938E0
3.946431396E1,-1.219064941E0,8.432863770E0,-1.373094635E0
3.948435696E1,-6.366261292E-1,8.533304901E0,2.668949890E-1
3.950439896E1,2.568658447E-1,9.141490173E0,1.090931396E0
3.952444196E1,1.064137115E0,9.723180542E0,3.796105957E-1
3.954448396E1,1.456022186E0,9.057514801E0,-1.000519409E0
3.956452696E1,1.420995026E0,8.847351837E0,-1.877545624E0
3.958456996E1,6.268963623E-1,9.637408905E0,-1.054557037E0
3.960461196E1,-6.870712280E-1,9.710756378E0,1.061293030E0
3.962465496E1,-1.064436493E0,9.815089417E0,6.351292419E-1
3.964469796E1,-3.441343689E-1,1.028466293E1,-9.430389404E-1
3.966473996E1,4.760101318E-1,1.121003860E1,-1.575773163E0
3.968478296E1,8.872050476E-1,1.132978958E1,-6.855743408E-1
3.970482496E1,9.237290955E-1,1.061757065E1,-1.486109619E0
3.972486796E1,4.812492371E-1,1.003602997E1,-5.646258545E-1
3.974491096E1,2.505789185E-1,1.019125717E1,-1.987866211E-1
3.976495296E1,-2.637515259E-1,1.185040695E1,-6.456074524E-1
3.978499596E1,1.375040588E0,1.251592300E1,-1.537303162E0
3.980503896E1,2.367327118E0,1.229812592E1,-1.565893707E0
3.982508096E1,2.205663300E0,1.143891266E1,-1.573827209E0
3.984512396E1,-7.149133301E-1,1.107127716E1,-2.799628143E0
3.986516596E1,-3.605252838E0,1.041968216E1,-4.778063965E-1
3.988520896E1,-4.902305603E0,1.187914719E1,3.817511444E0
3.990525196E1,-3.838168488E0,1.078522202E1,1.459315338E0
3.992529396E1,4.571493530E-1,9.254205780E0,4.864883423E-2
3.994533696E1,2.241289215E0,1.003857468E1,4.087998962E-1
3.996537896E1,3.193758545E0,1.063777863E1,-1.485361176E0
3.998542196E1,2.395019531E0,1.070843170E1,4.676275635E-1
4.000546496E1,1.120569763E0,1.039318726E1,1.008901978E0
4.002550696E1,-4.927752686E-1,9.785750427E0,9.639953613E-1
4.004554996E1,-2.921474762E0,8.946296082E0,1.276994476E0
4.006559296E1,-4.600233765E0,8.060887299E0,1.002914429E0
4.008563496E1,-4.480782166E0,7.498357086E0,1.492246857E0
4.010567796E1,-3.294499054E0,6.896907806E0,2.645448761E0
4.012571996E1,-2.299069061E0,6.240822144E0,3.127596130E0
4.014576296E1,-1.955084381E0,5.909561005E0,2.742896118E0
4.016580596E1,-1.207089844E0,5.475463715E0,2.250869293E0
4.018584796E1,-7.978408813E-1,5.596112823E0,2.769391022E0
4.020589096E1,-8.375083923E-1,5.647905121E0,3.786076813E0
4.022593396E1,-9.729766846E-1,5.434748383E0,5.235063629E0
4.024597596E1,-2.894979858E-1,6.143374786E0,6.599476318E0
4.026601896E1,3.598516846E-1,8.903185730E0,7.300468597E0
4.028606096E1,-6.077362061E-1,1.212119385E1,6.583908691E0
4.030610396E1,-2.639461212E0,1.451292023E1,6.786138153E0
4.032614696E1,-2.992127838E0,1.245200592E1,8.062384186E0
4.034618896E1,-2.199975128E0,9.331145782E0,7.622149658E0
4.036623196E1,-8.701405334E-1,6.277046814E0,6.993157654E0
4.038627396E1,1.616787872E0,3.449426880E0,4.819527740E0
4.040631696E1,8.626560974E-1,7.615862732E0,2.031425629E0
4.042635996E1,-1.903890839E0,1.805754913E1,-3.688330078E-1
4.044640171E1,-1.044063858E1,1.831321747E1,-8.264613647E0
4.046644471E1,-7.433541870E0,1.035696259E1,-2.267933807E0
4.048648771E1,4.872367859E-1,4.410129089E0,2.009122009E0
4.050652971E1,-4.524191895E0,1.088087311E0,1.099014587E0
4.052657271E1,-5.852828979E-1,8.171806641E0,4.370311890E0
4.054661471E1,-4.227209473E-1,1.416339706E1,-2.998265076E0
4.056665771E1,5.676196289E-1,1.442400513E1,-7.369624786E0
4.058670071E1,3.448977814E0,1.372211472E1,-3.184477844E0
4.060674271E1,2.038311310E0,9.040450287E0,5.119953003E0
4.062678571E1,-1.040635986E0,9.062454529E0,2.754871216E0
4.064682771E1,-2.454745331E0,9.574988708E0,-1.922901306E0
4.066687071E1,-2.064506836E0,9.544003143E0,-3.151546326E0
4.068691371E1,-9.437873840E-1,8.779093781E0,-3.188369751E-1
4.070695571E1,-7.689509583E-1,8.906478882E0,-2.363584900E-1
4.072699871E1,-5.843847656E-1,9.111552429E0,-5.957611084E-1
4.074704171E1,-1.058299255E-1,8.981323242E0,-6.024971008E-1
4.076708371E1,-1.655557251E-1,9.423503723E0,-1.169517975E0
4.078712671E1,-1.038839722E-1,9.421707458E0,-4.695735168E-1
4.080716871E1,-3.320095825E-1,8.486003265E0,4.340972900E-1
4.082721171E1,-3.911366272E-1,8.564140778E0,-8.804690552E-1
4.084725471E1,-2.697390747E-1,1.037657181E1,-9.632469177E-1
4.086729671E1,1.178050232E-1,1.125808868E1,-1.738185425E0
4.088733971E1,9.740245056E-1,9.811197510E0,-2.834056549E0
4.090738271E1,1.096918945E0,7.164401550E0,-2.086810455E0
4.092742471E1,4.879852295E-2,6.970105591E0,-2.259251862E0
4.094746771E1,-2.897225189E0,1.143322449E1,-1.803449707E0
4.096750971E1,-2.645598450E0,1.257924133E1,-1.592687988E-1
4.098755271E1,-1.352437592E0,1.179741714E1,-2.951412506E0
4.100759571E1,-8.202941895E-2,1.029903305E1,-3.693569183E0
4.102763771E1,-1.229393463E0,9.724078674E0,-1.797611847E0
4.104768071E1,-3.069067841E0,1.003543121E1,-9.066645813E-1
4.106772371E1,-2.405946808E0,9.743538208E0,-1.669627991E0
4.108776571E1,-1.419049072E0,9.805958405E0,-1.304537201E0
4.110780871E1,-3.489244080E-1,1.009575577E1,-8.108638000E-1
4.112785071E1,-9.355545044E-2,1.014185989E1,-4.813989258E-1
4.114789371E1,-8.195457458E-1,9.802216187E0,-5.927673340E-2
4.116793671E1,-1.440604248E0,9.584119720E0,1.392105103E-1
4.118797871E1,-1.679657135E0,9.481133881E0,-3.203338623E-2
4.120802171E1,-1.300794983E0,9.624086609E0,-4.129911804E-1
4.122806471E1,-1.257684631E0,9.762848053E0,-4.349954224E-1
4.124810671E1,-1.587448883E0,9.620045013E0,-3.107537842E-1
4.126814971E1,-2.171085205E0,9.410181427E0,-6.256988525E-2
4.128819171E1,-2.076931000E0,9.567204895E0,3.812571716E-1
4.130823471E1,-2.046394501E0,9.551038513E0,2.341131592E-1
4.132827771E1,-1.586550751E0,9.385931854E0,2.080673218E-2
4.134831971E1,-1.455722809E0,9.428443451E0,2.243833923E-1
4.136836271E1,-1.762285309E0,9.447004852E0,3.309617615E-1
4.138840571E1,-1.990111542E0,9.404493256E0,3.212319946E-1
4.140844771E1,-2.078727264E0,9.465865631E0,2.543211365E-1
4.142849071E1,-2.197879486E0,9.566007385E0,5.304968262E-1
4.144853246E1,-2.160008240E0,9.611961823E0,7.878117371E-1
4.146857546E1,-1.766326904E0,9.640851746E0,7.575746155E-1
4.148861846E1,-1.748513947E0,9.692344666E0,4.598437500E-1
4.150866046E1,-1.623224487E0,9.641151123E0,4.323010254E-1
4.152870346E1,-1.557810516E0,9.597142639E0,3.785627747E-1
4.154874646E1,-1.526824951E0,9.593849487E0,3.974235535E-1
4.156878846E1,-1.851948853E0,9.521250458E0,4.269122314E-1
4.158883146E1,-2.245181122E0,9.644593964E0,6.679110718E-1
4.160887346E1,-2.557132416E0,9.673334198E0,9.020242310E-1
4.162891646E1,-2.435884552E0,9.662556610E0,1.055455170E0
4.164895946E1,-1.880090332E0,9.364676056E0,1.227297821E0
4.166900146E1,-1.255289612E0,9.182953949E0,1.310075684E0
4.168904446E1,-1.257385254E0,9.193282471E0,1.047371979E0
4.170908746E1,-1.645079041E0,9.188642120E0,1.068029022E0
4.172912946E1,-2.031425629E0,9.235345001E0,9.345066833E-1
4.174917246E1,-2.064806213E0,9.374106445E0,9.418414307E-1
4.176921546E1,-1.665137329E0,9.470955048E0,1.189426575E0
4.178925746E1,-1.135239258E0,9.423204346E0,1.322649536E0
4.180930046E1,-1.188977509E0,9.461674347E0,1.602417755E0
4.182934246E1,-1.732646942E0,9.518855438E0,1.491049347E0
4.184938546E1,-2.291584625E0,9.635013885E0,1.296753387E0
4.186942846E1,-2.370021515E0,9.970466309E0,1.284478912E0
4.188947046E1,-1.784888306E0,9.628277893E0,9.861492920E-1
4.190951346E1,-1.143322449E0,9.015452271E0,3.397933960E-1
4.192955646E1,-1.055305481E0,9.220675507E0,2.207908630E-1
4.194959846E1,-1.879491577E0,9.774224396E0,9.063652039E-1
4.196964146E1,-1.402583313E0,1.001761826E1,1.157991943E0
4.198968346E1,-1.344204712E0,9.693691864E0,1.011147308E0
4.200972646E1,-1.278191986E0,9.423803101E0,7.062313843E-1
4.202976946E1,-1.122815094E0,9.290430450E0,2.074685669E-1
4.204981146E1,-1.098266144E0,9.509724426E0,-1.661544800E-2
4.206985446E1,-1.235081635E0,9.923613739E0,2.261796570E-1
4.208989746E1,-1.539548492E0,1.023122406E1,2.950364685E-1
4.210993946E1,-1.325194244E0,1.019919067E1,1.809736633E-1
4.212998246E1,-1.081501007E0,9.745484161E0,1.528321838E-1
4.215002446E1,-9.924362183E-1,9.541009369E0,-3.140469360E-1
4.217006746E1,-1.257385254E0,9.562414856E0,3.996688843E-2
4.219011046E1,-1.270857239E0,9.738598480E0,2.709365845E-1
4.221015246E1,-1.462009735E0,9.930050354E0,-6.092330933E-2
4.223019546E1,-1.455722809E0,9.908195801E0,-1.480421448E-1
4.225023846E1,-1.171164551E0,9.661808167E0,1.257385254E-2
4.227028046E1,-9.068142700E-1,9.676777039E0,-1.628613281E-1
4.229032346E1,-8.553213501E-1,9.776020660E0,-1.338217163E-1
4.231036646E1,-9.175918579E-1,9.892777863E0,-8.472381592E-2
4.233040846E1,-1.010548553E0,9.927505646E0,-6.960525513E-2
4.235045146E1,-9.765692139E-1,9.766590271E0,1.191522217E-1
4.237049346E1,-8.541238403E-1,9.680070190E0,-4.670288086E-2
4.239053646E1,-6.815327454E-1,9.631121979E0,6.586303711E-3
4.241057946E1,-4.728666687E-1,9.669741669E0,9.101074219E-2
4.243062146E1,-3.433859253E-1,9.797575836E0,5.673202515E-2
4.245066500E1,-3.617976379E-1,9.795929260E0,1.375639343E-1
4.247070800E1,-3.052153015E-1,9.784103851E0,1.968406677E-1
4.249075000E1,-3.382965088E-1,9.803862762E0,4.071533203E-2
4.251079300E1,-4.071533203E-1,9.735005951E0,5.239105225E-3
4.253083600E1,-8.482859802E-1,9.901010742E0,2.589614868E-2
4.255087800E1,-8.580157471E-1,9.751771088E0,2.993774414E-4
4.257092100E1,-9.214837646E-1,9.660161591E0,-1.221459961E-1
4.259096300E1,-9.382489014E-1,9.430838470E0,-3.617976379E-1
4.261100600E1,-7.836204529E-1,9.468410339E0,-4.796026611E-1
4.263104900E1,-5.556445312E-1,9.838141479E0,-1.857637024E-1
4.265109100E1,-5.430706787E-1,9.923164673E0,-8.053253174E-2
4.267113400E1,-5.477110291E-1,9.892029419E0,-6.571334839E-2
4.269117700E1,-5.170248413E-1,9.749825134E0,-1.297801208E-1
4.271121900E1,-5.282514954E-1,9.645791473E0,-4.586462402E-1
4.273126200E1,-7.500901794E-1,9.748028870E0,-5.436694336E-1
4.275130500E1,-9.633966064E-1,9.795779572E0,-4.212240601E-1
4.277134700E1,-9.774673462E-1,9.815538483E0,-2.424957275E-1
4.279139000E1,-9.361532593E-1,9.769434357E0,-3.728746033E-1
4.281143200E1,-8.919950867E-1,9.731862488E0,-6.098318481E-1
4.283147500E1,-7.508386230E-1,9.735005951E0,-6.773414612E-1
4.285151800E1,-7.198530579E-1,9.766889648E0,-7.153623962E-1
4.287156000E1,-8.184979248E-1,9.751771088E0,-7.514373779E-1
4.289160300E1,-8.601113892E-1,9.738897858E0,-7.406597900E-1
4.291164600E1,-8.532257080E-1,9.782157898E0,-5.941145325E-1
4.293168800E1,-8.351133728E-1,9.714199219E0,-7.240443420E-1
4.295173100E1,-8.650511169E-1,9.731712799E0,-8.637039185E-1
4.297177400E1,-1.023122406E0,9.860894165E0,-6.506968689E-1
4.299181600E1,-1.050964508E0,9.868228912E0,-5.730084229E-1
4.301185900E1,-9.086105347E-1,9.786349182E0,-5.113366699E-1
4.303190200E1,-8.146060181E-1,9.741442566E0,-5.490582275E-1
4.305194400E1,-7.617658997E-1,9.763596497E0,-7.080276489E-1
4.307198700E1,-8.818162537E-1,9.797426147E0,-7.220983887E-1
4.309202900E1,-9.325607300E-1,9.869875488E0,-6.532415771E-1
4.311207200E1,-8.655001831E-1,9.720635834E0,-6.442602539E-1
4.313211500E1,-8.153544617E-1,9.659862213E0,-6.324348450E-1
4.315215700E1,-7.891589355E-1,9.691147156E0,-5.668711853E-1
4.317220000E1,-7.183561707E-1,9.795180817E0,-5.896238708E-1
4.319224300E1,-7.366181946E-1,9.832153931E0,-4.818479919E-1
4.321228500E1,-7.671546936E-1,9.718989258E0,-4.766088867E-1
4.323232800E1,-7.475454712E-1,9.690847778E0,-6.072871399E-1
4.325237100E1,-7.520361328E-1,9.724228363E0,-6.813830566E-1
4.327241300E1,-7.680528259E-1,9.769434357E0,-6.221063232E-1
4.329245600E1,-7.993377686E-1,9.859996033E0,-4.893324280E-1
4.331249800E1,-7.975415039E-1,9.830357666E0,-3.737727356E-1
4.333254100E1,-7.262896729E-1,9.704020386E0,-3.757186890E-1
4.335258400E1,-6.301895142E-1,9.694739685E0,-4.424798584E-1
4.337262600E1,-5.965095520E-1,9.752369843E0,-4.718188477E-1
4.339266900E1,-6.409671021E-1,9.744885406E0,-4.326004028E-1
4.341271200E1,-6.653663635E-1,9.784852295E0,-3.176394653E-1
4.343275400E1,-6.267466736E-1,9.724976807E0,-2.746788025E-1
4.345279621E1,-5.999523926E-1,9.702074432E0,-2.820135498E-1
4.347283921E1,-5.852828979E-1,9.727820892E0,-2.501298523E-1
4.349288121E1,-5.950126648E-1,9.762249298E0,-3.275189209E-1
4.351292421E1,-6.002517700E-1,9.772727509E0,-4.123924255E-1
4.353296721E1,-6.502478027E-1,9.783355408E0,-4.534071350E-1
4.355300921E1,-6.200106812E-1,9.745783539E0,-4.516108704E-1
4.357305221E1,-5.858816528E-1,9.715247040E0,-4.620890808E-1
4.359309421E1,-6.360273743E-1,9.748627625E0,-4.481680298E-1
4.361313721E1,-6.427633667E-1,9.752369843E0,-4.117936707E-1
4.363318021E1,-6.355783081E-1,9.794432373E0,-3.686833191E-1
4.365322221E1,-6.512956238E-1,9.845326538E0,-3.297642517E-1
4.367326521E1,-6.319857788E-1,9.751022644E0,-4.005670166E-1
4.369330821E1,-6.354286194E-1,9.718689880E0,-4.379891968E-1
4.371335021E1,-6.792874146E-1,9.766739960E0,-4.233197021E-1
4.373339321E1,-6.959028625E-1,9.772727509E0,-4.101470947E-1
4.375343621E1,-6.364764404E-1,9.778715057E0,-3.861968994E-1
4.377347821E1,-6.402186584E-1,9.801617432E0,-4.180805969E-1
4.379352121E1,-6.489006042E-1,9.772877197E0,-4.179309082E-1
4.381356421E1,-6.629713440E-1,9.743089142E0,-4.640350342E-1
4.383360621E1,-6.231541443E-1,9.782008209E0,-4.300556946E-1
4.385364921E1,-6.089337158E-1,9.799671478E0,-2.933898926E-1
4.387369221E1,-5.676196289E-1,9.813742218E0,-2.689906311E-1
4.389373421E1,-6.298901367E-1,9.758656769E0,-2.878514099E-1
4.391377721E1,-7.189549255E-1,9.819430389E0,-3.513194275E-1
4.393381921E1,-7.056326294E-1,9.853409729E0,-3.073109436E-1
4.395386221E1,-6.191125488E-1,9.675878906E0,-4.544549561E-1
4.397390521E1,-6.358776855E-1,9.642797699E0,-5.918692017E-1
4.399394721E1,-6.071374512E-1,9.691596222E0,-3.573069763E-1
4.401399021E1,-6.230044556E-1,9.704170074E0,-3.484753418E-1
4.403403321E1,-6.712042236E-1,9.818232880E0,-3.466790771E-1
4.405407521E1,-6.896159363E-1,9.789642334E0,-3.451821899E-1
4.407411821E1,-7.271878052E-1,9.824370117E0,-4.221221924E-1
4.409416121E1,-7.086264038E-1,9.874665527E0,-2.365081787E-1
4.411420321E1,-6.215075684E-1,9.768087158E0,-3.195854187E-1
4.413424621E1,-6.477030945E-1,9.717492371E0,-3.014730835E-1
4.415428921E1,-7.746391296E-1,9.700727234E0,-3.135978699E-1
4.417433121E1,-8.240364075E-1,9.773026886E0,-3.781137085E-1
4.419437421E1,-8.017327881E-1,9.875114594E0,-3.153941345E-1
4.421441721E1,-6.962022400E-1,9.836195526E0,-3.273692322E-1
4.423445921E1,-6.156697083E-1,9.708061981E0,-1.869612122E-1
4.425450221E1,-6.251000977E-1,9.671238556E0,-3.858975220E-1
4.427454521E1,-6.933581543E-1,9.722581787E0,-4.204756165E-1
4.429458721E1,-7.797285461E-1,9.756112061E0,-3.359014893E-1
4.431463021E1,-7.720944214E-1,9.760003967E0,-2.338137817E-1
4.433467321E1,-6.806346130E-1,9.812844086E0,-2.730322266E-1
4.435471521E1,-7.185058594E-1,9.769883423E0,-1.908531189E-1
4.437475821E1,-7.535330200E-1,9.732311554E0,-2.185455322E-1
4.439480021E1,-7.146139526E-1,9.801767120E0,-2.698887634E-1
4.441484321E1,-7.217990112E-1,9.763297119E0,-3.582051086E-1
4.443488613E1,-7.219487000E-1,9.768386536E0,-3.248245239E-1
4.445492813E1,-7.506889343E-1,9.711504822E0,-3.270698547E-1
4.447497113E1,-7.421566772E-1,9.707612915E0,-3.124003601E-1
4.449501413E1,-7.484436035E-1,9.760153656E0,-2.978805542E-1
4.451505613E1,-7.289840698E-1,9.765243073E0,-2.960842896E-1
4.453509913E1,-7.360194397E-1,9.709259491E0,-2.650987244E-1
4.455514213E1,-7.144642639E-1,9.727820892E0,-3.635939026E-1
4.457518413E1,-7.393125916E-1,9.777966614E0,-2.914439392E-1
4.459522713E1,-7.806266785E-1,9.737850037E0,-3.986210632E-1
4.461527013E1,-8.641529846E-1,9.766739960E0,-3.984713745E-1
4.463531213E1,-8.614585876E-1,9.724228363E0,-3.222798157E-1
4.465535513E1,-8.443940735E-1,9.701625366E0,-3.993695068E-1
4.467539813E1,-8.174501038E-1,9.776469727E0,-3.412902832E-1
4.469544013E1,-8.259823608E-1,9.785451050E0,-3.161425781E-1
4.471548313E1,-8.608598328E-1,9.796378326E0,-3.544628906E-1
4.473552613E1,-8.876541138E-1,9.819430389E0,-3.505709839E-1
4.475556813E1,-8.240364075E-1,9.739346924E0,-3.462300110E-1
4.477561113E1,-7.716453552E-1,9.687704315E0,-4.219725037E-1
4.479565413E1,-7.587721252E-1,9.714648285E0,-4.520599365E-1
4.481569613E1,-7.985893250E-1,9.759554901E0,-3.748205566E-1
4.483573913E1,-8.125103760E-1,9.751022644E0,-3.492237854E-1
4.485578213E1,-8.050259399E-1,9.789043579E0,-2.981799316E-1
4.487582413E1,-7.887098694E-1,9.776020660E0,-2.294728088E-1
4.489586713E1,-7.574249268E-1,9.742939453E0,-2.561174011E-1
4.491591013E1,-7.749385071E-1,9.752519531E0,-3.164419556E-1
4.493595213E1,-8.195457458E-1,9.776918793E0,-4.070036316E-1
4.495599513E1,-8.599617004E-1,9.779014435E0,-3.650907898E-1
4.497603813E1,-9.027726746E-1,9.746681671E0,-3.591032410E-1
4.499608013E1,-8.511300659E-1,9.768536224E0,-2.974314880E-1
4.501612313E1,-7.749385071E-1,9.745783539E0,-1.669029236E-1
4.503616613E1,-7.500901794E-1,9.730814667E0,-3.294648743E-1
4.505620813E1,-7.842192078E-1,9.770781555E0,-4.028123474E-1
4.507625113E1,-8.761280823E-1,9.757459259E0,-3.854484558E-1
4.509629413E1,-8.930429077E-1,9.744436340E0,-3.695814514E-1
4.511633613E1,-8.478369141E-1,9.710007935E0,-3.447331238E-1
4.513637913E1,-7.860154724E-1,9.690997467E0,-3.043171692E-1
4.515642213E1,-8.174501038E-1,9.744136963E0,-3.385958862E-1
4.517646413E1,-8.387059021E-1,9.776619415E0,-3.800596619E-1
4.519650713E1,-8.342152405E-1,9.747280426E0,-2.941383362E-1
4.521655013E1,-7.872129822E-1,9.710007935E0,-3.159928894E-1
4.523659213E1,-7.970924377E-1,9.710157623E0,-4.411326599E-1
4.525663513E1,-8.164022827E-1,9.746831360E0,-4.816983032E-1
4.527667813E1,-8.830137634E-1,9.799372101E0,-6.596781921E-1
4.529672013E1,-9.280700684E-1,9.693841553E0,-4.306544495E-1
4.531676313E1,-1.088536377E0,9.744586029E0,-5.108876038E-1
4.533680613E1,-1.224304047E0,9.501042480E0,-5.501060486E-1
4.535684813E1,-1.086440735E0,9.291178894E0,-7.930508423E-1
4.537689113E1,-1.134790192E0,9.341773682E0,-3.330574036E-1
4.539693413E1,-1.173709259E0,9.566755829E0,-1.372645569E-1
4.541697613E1,-1.251547394E0,9.884994049E0,-1.496887207E-2
4.543702008E1,-1.241518250E0,1.027553192E1,7.797285461E-1
4.545706308E1,-9.277706909E-1,1.007659561E1,5.807922363E-1
4.547710508E1,-6.176156616E-1,9.789941711E0,6.500981140E-1
4.549714808E1,-5.631289673E-1,9.588011627E0,1.173260193E0
4.551719108E1,-7.247927856E-1,9.936786346E0,4.864883423E-1
4.553723308E1,-7.842192078E-1,9.731114044E0,-4.164340210E-1
4.555727608E1,-1.098415833E0,9.232949982E0,-7.852670288E-1
4.557731908E1,-1.006207581E0,9.477241974E0,-7.143145752E-1
4.559736108E1,-1.214574280E0,9.646539917E0,-7.800279236E-1
4.561740408E1,-1.398990784E0,9.654024353E0,-1.537303162E-1
4.563744708E1,-1.433419189E0,9.615554352E0,1.960922241E-2
4.565748908E1,-1.302591248E0,9.698781281E0,-2.005828857E-1
4.567753208E1,-1.272354126E0,9.684111786E0,-2.160008240E-1
4.569757508E1,-1.019829254E0,9.755513306E0,2.996768188E-1
4.571761708E1,-1.038839722E0,9.617649994E0,-3.691323853E-1
4.573766008E1,-1.140328674E0,9.540560303E0,-6.245013428E-1
4.575770308E1,-6.346801758E-1,9.774972839E0,-1.719923401E-1
4.577774508E1,-7.011419678E-1,1.011686188E1,-1.097517700E0
4.579778808E1,-9.333091736E-1,9.694889374E0,-6.209088135E-1
4.581783108E1,-6.849755859E-1,8.889564056E0,-9.828561401E-1
4.583787308E1,-1.279838562E-1,8.444389801E0,-1.422641602E0
4.585791608E1,5.532495117E-1,9.512418823E0,-9.868977356E-1
4.587795908E1,5.212161255E-1,1.067579956E1,-1.902543640E-1
4.589800208E1,2.999761963E-1,1.033974838E1,6.730004883E-1
4.591804408E1,9.704319763E-1,1.033406021E1,6.569837952E-1
4.593808708E1,1.027313690E0,1.066651886E1,5.391787720E-1
4.595813008E1,6.933581543E-1,1.009665390E1,6.261479187E-1
4.597817208E1,2.589614868E-1,9.203311615E0,4.134402466E-1
4.599821508E1,1.889071655E-1,9.021439819E0,9.280700684E-3
4.601825808E1,6.712042236E-1,9.150321808E0,-6.346801758E-1
4.603830008E1,6.759942627E-1,9.351952515E0,-1.147962799E0
4.605834308E1,2.896476746E-1,9.235045624E0,-3.884422302E-1
4.607838608E1,1.131646729E-1,9.059760132E0,3.876937866E-1
4.609842808E1,3.664379883E-1,9.215137024E0,8.813671875E-1
4.611847108E1,4.117936707E-1,9.504635010E0,1.085991669E0
4.613851408E1,7.113208008E-1,9.542655945E0,7.532336426E-1
4.615855608E1,9.951306152E-1,9.294921112E0,-4.296066284E-1
4.617859908E1,1.010548553E0,8.909023590E0,-3.356021118E-1
4.619864208E1,9.316625977E-1,9.045988770E0,-1.366059265E0
4.621868408E1,5.038522339E-1,9.528435516E0,-1.952389984E0
4.623872708E1,4.393363953E-1,1.005444168E1,-1.654210052E0
4.625877008E1,1.144669647E0,1.007435028E1,-1.940265198E0
4.627881308E1,1.283131714E0,1.019993912E1,-8.693920898E-1
4.629885508E1,2.596051483E0,1.139355698E1,5.489085388E-1
4.631889808E1,4.120780792E0,1.246517853E1,7.902067566E-1
4.633894108E1,5.328918457E0,1.232821335E1,5.743556213E-1
4.635898308E1,5.866300964E0,1.412163391E1,-1.580563202E0
4.637902608E1,4.668791199E0,1.453851700E1,-1.878743134E0
4.639906908E1,2.343526611E0,1.404469391E1,-1.148860931E0
4.641911108E1,1.811233521E-2,1.272907974E1,-3.075504456E0
4.643915396E1,-2.692301331E0,1.064586182E1,-2.952759705E0
4.645919696E1,-3.041824493E0,1.071801178E1,-1.470392303E0
4.647923896E1,-1.995051270E0,1.199874847E1,-4.068539429E-1
4.649928196E1,-1.574875031E0,1.287517593E1,6.996450806E-1
4.651932496E1,-2.002984772E0,1.213017517E1,1.463207245E0
4.653936696E1,-5.274731140E0,1.136017639E1,1.609453125E0
4.655940996E1,-6.008056183E0,1.048210236E1,8.041278076E-1
4.657945296E1,-3.581751709E0,9.126072235E0,-6.295907593E-1
4.659949596E1,-1.332678680E0,7.834857330E0,-8.952882385E-1
4.661953796E1,3.049159241E-1,7.617060242E0,-1.682351532E0
4.663958096E1,1.706152039E0,8.427025909E0,-8.235873413E-1
4.665962396E1,2.577639771E0,8.864416351E0,3.115022278E0
4.667966596E1,-4.688250732E-1,7.619604950E0,5.587281189E0
4.669970896E1,-3.979474640E0,5.674400024E0,3.670068054E0
4.671975196E1,-5.654341736E0,3.954476624E0,2.551593933E0
4.673979496E1,-4.097429352E0,2.996768188E0,2.446662140E0
4.675983696E1,-1.626218262E0,2.816243591E0,2.694995728E0
4.677987996E1,-7.617658997E-1,3.290756836E0,3.131488037E0
4.679992296E1,-1.049467621E0,3.219055939E0,3.940854950E0
4.681996496E1,-3.095562744E-1,3.191662903E0,4.233047333E0
4.684000796E1,1.936972046E-1,4.207151184E0,3.649710388E0
4.686005096E1,-4.290078735E-1,5.292394409E0,4.037254486E0
4.688009296E1,-6.923103333E-1,6.656058655E0,5.129084015E0
4.690013596E1,-6.179150391E-1,9.111253052E0,5.103337555E0
4.692017896E1,-1.578916626E0,9.657616882E0,3.735032959E0
4.694022096E1,-2.129172363E0,7.680378571E0,5.081782379E0
4.696026396E1,-1.885179749E0,6.214327240E0,7.154821472E0
4.698030696E1,-2.047142944E0,5.914051666E0,4.647086334E0
4.700034996E1,-3.345093842E0,5.285508728E0,1.424737244E0
4.702039196E1,-4.077670441E0,5.252427521E0,2.448757782E0
4.704043496E1,-2.734513550E0,6.428082733E0,5.004093933E0
4.706047796E1,-1.529219971E0,6.323300629E0,5.625302124E0
4.708051996E1,-1.875150604E0,4.867727509E0,4.749323730E0
4.710056296E1,-3.178041229E0,1.069271439E1,4.877457275E0
4.712060596E1,-6.773713989E0,2.489862305E1,1.085677322E1
4.714064896E1,-1.313638275E1,1.575578568E1,2.404749298E0
4.716069096E1,-7.393275604E0,1.797806442E1,-7.028484192E0
4.718073396E1,-7.117698669E-1,1.647474060E1,-8.247698822E0
4.720077696E1,6.370153198E0,9.598639526E0,2.279459839E0
4.722081896E1,5.354664917E0,1.280976196E1,6.756499786E0
4.724086196E1,3.141966248E-1,1.888727371E1,4.044289856E0
4.726090496E1,-1.787433014E0,1.781011368E1,8.183482361E-1
4.728094696E1,-1.986219635E0,1.253223907E1,4.014052734E0
4.730098996E1,-1.079255676E0,9.120533752E0,3.594026184E0
4.732103296E1,-2.379601593E0,8.427175598E0,7.430548096E-1
4.734107596E1,-2.565514984E0,7.502997437E0,9.354048157E-1
4.736111796E1,-2.152823181E0,6.593788147E0,1.711391144E0
4.738116096E1,-1.629062347E0,6.234535217E0,1.373843079E0
4.740120396E1,-9.199868774E-1,5.861061859E0,9.782157898E-1
4.742124596E1,-2.848576355E-1,6.024671631E0,1.327888641E0
4.744128883E1,5.528004456E-1,6.625073090E0,1.286724243E0
4.746133183E1,1.033301239E0,7.068900146E0,9.514215088E-1
4.748137383E1,4.553530884E-1,6.635850677E0,2.388582916E0
4.750141683E1,1.041833496E-1,7.348219299E0,5.144951019E0
4.752145983E1,7.559280396E-2,8.741072845E0,6.269562378E0
4.754150283E1,7.201524353E-1,8.288713531E0,3.661984863E0
4.756154483E1,9.041198730E-1,7.597600708E0,3.019969940E0
4.758158783E1,7.514373779E-1,6.742878113E0,4.467908936E0
4.760163083E1,7.093748474E-1,6.858737183E0,-2.520758057E-1
4.762167283E1,5.655239868E-1,8.255482635E0,-1.136885834E0
4.764171583E1,9.122030640E-1,7.866441650E0,2.149679718E0
4.766175883E1,8.186476135E-1,6.743327179E0,-1.261875916E-1
4.768180183E1,-3.604504395E-1,7.702981567E0,2.650388489E0
4.770184383E1,-7.035369873E-3,9.543554077E0,4.134252777E0
4.772188683E1,1.496587830E0,1.132410141E1,1.809586945E0
4.774192983E1,2.137554932E0,1.341914474E1,1.538949738E0
4.776197183E1,9.458830261E-1,1.477412704E1,1.085392914E0
4.778201483E1,-2.072140961E0,1.467997284E1,2.125130768E0
4.780205783E1,-3.812272339E0,1.524220367E1,4.272864532E0
4.782210083E1,-6.013295288E0,1.742511429E1,5.633535004E0
4.784214283E1,-8.964109039E0,1.614318008E1,7.871830444E0
4.786218583E1,-6.815327454E0,9.260642395E0,7.845185852E0
4.788222883E1,-1.082249451E0,8.793164520E0,5.875431976E0
4.790227083E1,-1.675765228E0,9.950857086E0,6.707701263E0
4.792231383E1,-3.307971039E0,9.800719299E0,6.502927094E0
4.794235683E1,-3.215762787E0,7.914491730E0,4.933291168E0
4.796239983E1,-2.255210266E0,5.957910461E0,3.179388428E0
4.798244183E1,-1.771266632E0,3.968996429E0,2.343975677E0
4.800248483E1,-1.701212311E0,2.985990601E0,1.939516754E0
4.802252783E1,-1.748214569E0,2.796484680E0,1.904938660E0
4.804256983E1,-1.773062897E0,2.276016998E0,2.447111206E0
4.806261283E1,-1.075663147E0,2.269580383E0,3.420986023E0
4.808265583E1,-9.139993286E-1,3.416195984E0,3.705993347E0
4.810269883E1,-1.053509216E0,5.731431427E0,3.313509521E0
4.812274083E1,-1.709445190E0,8.390202484E0,3.211421814E0
4.814278383E1,-3.492537231E0,1.047162415E1,2.653082886E0
4.816282683E1,-4.468507690E0,1.122216339E1,3.701652374E0
4.818286883E1,-5.110372925E-1,8.026758270E0,5.224585419E0
4.820291183E1,-3.258723450E-1,5.204227753E0,4.338278503E0
4.822295483E1,-2.272723846E0,4.714146881E0,2.307751007E0
4.824299783E1,-2.777174835E0,5.334007874E0,1.002914429E0
4.826303983E1,-2.778971100E0,6.862629089E0,8.683442688E-1
4.828308283E1,-2.457888794E0,8.879684601E0,2.220033417E0
4.830312583E1,-1.006806335E0,9.714648285E0,3.805386658E0
4.832316783E1,1.396595764E-1,9.132508850E0,4.305197296E0
4.834321083E1,-8.488847351E-1,1.105541016E1,2.885100403E0
4.836325383E1,-2.609822845E0,1.287263123E1,1.100361786E0
4.838329683E1,-2.826272736E0,1.356688751E1,-9.120533752E-1
4.840333883E1,-3.153492279E0,1.330178879E1,-1.500330048E0
4.842338183E1,-3.365451508E0,1.418300629E1,1.010249176E0
4.844342446E1,-2.104623413E-1,1.749202515E1,9.590556335E-1
4.846346646E1,1.265618134E0,1.400457733E1,7.966433716E-1
4.848350946E1,3.225492554E0,8.950337677E0,3.159629517E0
4.850355246E1,2.750230865E0,1.040890457E1,4.815186768E0
4.852359546E1,1.642384644E0,1.531839523E1,3.173400879E0
4.854363746E1,9.879455566E-2,1.363334930E1,1.449884949E0
4.856368046E1,-2.101629639E-1,9.917177124E0,1.203197937E0
4.858372346E1,-7.021897888E-1,8.428373108E0,1.660796356E0
4.860376546E1,-8.695417786E-1,8.427474976E0,1.141975250E0
4.862380846E1,-1.168021088E0,8.815168762E0,1.423839111E0
4.864385146E1,-1.245559845E0,8.724008331E0,2.306703186E0
4.866389446E1,-5.330415344E-1,8.616681519E0,2.299368439E0
4.868393646E1,1.511856079E-1,8.137378235E0,1.467847595E0
4.870397946E1,8.864566040E-1,7.926915894E0,1.531016235E0
4.872402246E1,1.072220306E0,8.022417297E0,1.870959320E0
4.874406546E1,9.234297180E-1,7.837851105E0,2.620450745E0
4.876410746E1,6.559359741E-1,8.090375977E0,3.858376465E0
4.878415046E1,4.805007935E-2,7.498806152E0,2.453996887E0
4.880419346E1,7.547305298E-1,7.371570740E0,-4.799020386E-1
4.882423546E1,1.434916077E0,7.202123108E0,-5.520520020E-1
4.884427846E1,9.544152832E-1,6.686595154E0,5.180726624E-1
4.886432146E1,-4.248165894E-1,6.751410370E0,8.168513489E-1
4.888436446E1,-9.428892517E-1,8.726553040E0,-6.623725891E-1
4.890440646E1,-6.526428223E-1,9.804611206E0,-7.164102173E-1
4.892444946E1,2.528242493E-1,8.271499329E0,2.456840973E0
4.894449246E1,1.316063232E0,6.931934967E0,1.952839050E0
4.896453546E1,6.174659729E-1,7.373067627E0,6.164181519E-1
4.898457746E1,6.505471802E-1,1.011701157E1,1.864073639E0
4.900462046E1,9.219328308E-1,1.344743591E1,1.641187134E0
4.902466346E1,1.326242065E0,1.496468079E1,1.003064117E0
4.904470546E1,4.857398987E-1,1.542946426E1,3.116818542E0
4.906474846E1,-1.470242615E0,1.667173096E1,4.943170624E0
4.908479146E1,-2.809357910E0,1.594738724E1,4.095483398E0
4.910483446E1,-4.580774231E0,1.412851959E1,3.588487701E0
4.912487646E1,-5.772446136E0,1.148561554E1,3.705544281E0
4.914491946E1,-4.102219391E0,9.087901611E0,4.634811859E0
4.916496246E1,-2.454296265E0,9.875114594E0,5.981561279E0
4.918500546E1,-3.086431732E0,1.047611481E1,6.934629364E0
4.920504746E1,-3.444636841E0,9.377249908E0,5.965394897E0
4.922509046E1,-2.922971649E0,7.779921570E0,4.764142914E0
4.924513346E1,-2.078727264E0,6.400839386E0,3.351380768E0
4.926517646E1,-1.891915741E0,5.194348297E0,1.666185150E0
4.928521846E1,-1.520538025E0,3.916455688E0,1.124910736E0
4.930526146E1,-1.376387787E0,3.173251190E0,1.580862579E0
4.932530446E1,-1.584305420E0,3.105292511E0,2.249073029E0
4.934534646E1,-1.529519348E0,3.634741516E0,4.002975769E0
4.936538946E1,-1.191821594E0,4.789739685E0,4.499642944E0
4.938543246E1,-1.155447235E0,6.215674438E0,4.050726471E0
4.940547546E1,-1.815125427E0,7.752229156E0,3.876638489E0
4.942551746E1,-2.642005920E0,9.558822327E0,2.825973358E0
4.944556033E1,-1.248254242E0,8.683742065E0,1.830094299E0
4.946560333E1,-6.032455444E-2,7.800129547E0,2.875819702E0
4.948564633E1,5.315446472E-1,7.576943665E0,5.949228516E0
4.950568833E1,-1.234931946E-1,6.656507721E0,5.621709595E0
4.952573133E1,-1.124461670E0,5.973178711E0,3.221001892E0
4.954577433E1,-1.424138489E0,6.537804565E0,1.012344818E0
4.956581733E1,-1.132395172E0,7.329508209E0,1.317859497E0
4.958585933E1,-1.361718292E0,7.109166412E0,3.065924377E0
4.960590233E1,-1.519789581E0,9.338330841E0,4.133204956E0
4.962594533E1,-2.404898987E0,1.296543823E1,4.078568573E0
4.964598833E1,-2.805316315E0,1.606638977E1,2.040856018E0
4.966603033E1,-4.136947174E0,1.627251114E1,-1.127156067E0
4.968607333E1,-2.852318573E0,1.354907455E1,-4.433929596E0
4.970611633E1,-9.981243896E-1,1.372121658E1,-2.448608093E0
4.972615933E1,-4.890330505E-1,1.931553314E1,4.074676666E0
4.974620133E1,-1.718426514E-1,1.339953552E1,4.241579590E0
4.976624433E1,3.637435913E-2,9.035959625E0,-8.354127502E-1
4.978628733E1,1.869612122E0,1.097203354E1,8.887019348E-1
4.980633033E1,3.512296143E0,1.237431747E1,3.074606323E0
4.982637233E1,1.041534119E0,1.140867554E1,5.625302124E-1
4.984641533E1,-3.830534363E-1,9.803563385E0,9.039701843E-1
4.986645833E1,-6.550378418E-1,8.485554199E0,1.282083893E0
4.988650033E1,-1.473685455E0,7.834258575E0,4.629872131E-1
4.990654333E1,-1.438209229E0,7.761060791E0,1.477427673E0
4.992658633E1,-4.415817261E-1,8.150401154E0,2.574645996E0
4.994662933E1,6.592291260E-1,8.956474915E0,2.627186737E0
4.996667133E1,1.212328949E0,9.038354645E0,2.112706604E0
4.998671433E1,1.124012604E0,8.513396301E0,1.875000916E0
5.000675733E1,9.758207703E-1,7.993078308E0,2.639012146E0
5.002680033E1,1.115031281E0,8.382568359E0,3.787873077E0
5.004684233E1,1.344803467E0,9.068142700E0,5.159321136E0
5.006688533E1,4.613406372E-1,8.443641357E0,3.599265289E0
5.008692833E1,5.239105225E-1,8.218659210E0,4.978646851E-1
5.010697133E1,5.354365540E-1,7.224277039E0,5.671705627E-1
5.012701333E1,3.544628906E-1,6.598578186E0,1.225052490E0
5.014705633E1,-5.114863586E-1,6.622977448E0,6.979985046E-1
5.016709933E1,-1.025966492E0,7.060218201E0,1.796114960E0
5.018714233E1,-2.778222656E-1,7.374414825E0,1.805695038E0
5.020718433E1,4.909790039E-2,7.190896454E0,8.461903381E-1
5.022722733E1,4.361929321E-1,6.650669861E0,-2.436932373E-1
5.024727033E1,-2.251318359E-1,6.480174408E0,3.121009827E0
5.026731333E1,1.081051941E0,9.481732635E0,4.019890594E0
5.028735533E1,2.588117981E0,1.154144943E1,-7.773335266E-1
5.030739833E1,2.762655029E0,1.285601578E1,3.811074829E-1
5.032744133E1,-2.327659607E-1,1.624242371E1,3.814817047E0
5.034748433E1,-1.369651794E0,1.808344528E1,5.030588837E0
5.036752633E1,-1.431622925E0,1.721255630E1,3.811972961E0
5.038756933E1,-3.024310913E0,1.543245804E1,4.531376953E0
5.040761233E1,-5.937253418E0,1.295046936E1,5.328918457E0
5.042765533E1,-8.276738434E0,1.054497162E1,3.900139618E0
5.044769925E1,-4.388124847E0,9.621541901E0,4.492158508E0
5.046774125E1,-2.363584900E0,1.001342697E1,5.831722870E0
5.048778425E1,-2.971770172E0,1.044438080E1,6.350543976E0
5.050782725E1,-2.298769684E0,9.238488464E0,5.898783417E0
5.052787025E1,-9.071136475E-1,7.072941742E0,3.759731598E0
5.054791225E1,-4.093986511E-1,5.073250122E0,1.966909790E0
5.056795525E1,-9.948312378E-1,3.919000397E0,1.230141907E0
5.058799825E1,-1.962269440E0,3.345692596E0,1.508562927E0
5.060804125E1,-2.216291199E0,3.568878479E0,2.332150269E0
5.062808325E1,-1.740281067E0,3.634741516E0,3.029699707E0
5.064812625E1,-1.211430817E0,4.118236084E0,3.396287384E0
5.066816925E1,-1.022823029E0,5.641767883E0,3.876189423E0
5.068821225E1,-2.726280670E0,8.437204742E0,4.601281586E0
5.070825425E1,-4.867877197E0,1.181058975E1,3.533252563E0
5.072829725E1,-2.126777344E0,9.950408020E0,9.330097961E-1
5.074834025E1,-4.800517273E-1,8.195158081E0,5.701643372E-1
5.076838325E1,8.397537231E-1,7.680528259E0,4.382736053E0
5.078842525E1,2.315235443E0,7.324418793E0,8.027656403E0
5.080846825E1,-2.782713318E-1,7.321275330E0,5.688770142E0
5.082851125E1,-2.030527496E0,8.341553650E0,2.741997986E0
5.084855425E1,-1.871258698E0,8.747060394E0,1.621727600E0
5.086859725E1,-1.480720825E0,7.062164154E0,1.249751129E0
5.088863925E1,-1.035546570E0,6.639742584E0,1.939217377E0
5.090868225E1,-9.638456726E-1,6.776707764E0,3.359463959E0
5.092872525E1,-1.057251434E0,8.290509796E0,3.407514038E0
5.094876825E1,-2.071991272E0,1.116752701E1,3.843856659E0
5.096881025E1,-2.154469757E0,1.369292542E1,2.965034180E0
5.098885325E1,-2.911894684E0,1.534653671E1,6.840774536E-1
5.100889625E1,-3.544329529E0,1.467039276E1,-2.883154449E0
5.102893925E1,1.193019104E-1,1.315045349E1,-4.720284119E0
5.104898125E1,1.571731567E0,1.301812866E1,-2.467169495E0
5.106902425E1,4.120930481E-1,1.625125534E1,3.737128601E0
5.108906725E1,1.220711517E0,1.474688370E1,3.052003326E0
5.110911025E1,1.321751404E0,1.121812180E1,-3.330574036E-1
5.112915225E1,1.851649475E-1,1.048988617E1,1.935924225E0
5.114919525E1,-4.049079895E-1,1.104118973E1,8.384065247E-1
5.116923825E1,3.659889221E-1,1.008303223E1,9.984237671E-2
5.118928125E1,7.774832153E-1,9.481283569E0,3.239263916E-1
5.120932425E1,3.278182983E-1,8.905730438E0,1.158590698E-1
5.122936625E1,-3.577560425E-1,7.957003326E0,4.381388855E-1
5.124940925E1,-2.393522644E-1,7.603737946E0,8.786727905E-1
5.126945225E1,1.444496155E-1,8.074808350E0,7.388635254E-1
5.128949525E1,4.614903259E-1,8.832682343E0,5.533992004E-1
5.130953725E1,6.671626282E-1,9.611363068E0,1.210382996E0
5.132958025E1,4.537065125E-1,9.572893066E0,1.352587280E0
5.134962325E1,3.879931641E-1,9.261839905E0,1.127605133E0
5.136966625E1,4.601431274E-1,9.666897583E0,1.455423431E0
5.138970825E1,2.502795410E-1,9.476194153E0,1.300345917E0
5.140975125E1,4.116439819E-1,7.988138580E0,-8.472381592E-2
5.142979425E1,1.351689148E-1,7.880213013E0,3.945794678E-1
5.144983688E1,5.068460083E-1,8.407416687E0,5.200186157E-1
5.146987988E1,7.515870667E-1,7.572602692E0,-2.475851440E-1
5.148992187E1,3.790118408E-1,7.117548981E0,9.930349731E-1
5.150996488E1,-1.062640228E0,7.363188171E0,1.413959656E0
5.153000788E1,-3.122506714E-1,8.562494202E0,-1.585203552E-1
5.155005088E1,7.447013855E-1,8.416547699E0,5.983058167E-1
5.157009288E1,4.114942932E-1,7.343279572E0,-4.939727783E-2
5.159013588E1,-4.053570557E-1,6.555318146E0,1.937271423E0
5.161017888E1,-1.813478851E0,6.231391754E0,4.892126770E0
5.163022188E1,-4.179309082E-1,6.857240295E0,-1.888772278E0
5.165026388E1,1.736538849E0,9.813143463E0,-3.763922882E0
5.167030688E1,2.416574707E0,1.338965607E1,2.420915680E0
5.169034988E1,5.767506409E-1,1.527543457E1,5.141807556E0
5.171039288E1,2.647993469E-1,1.617536316E1,3.447031860E0
5.173043588E1,-8.288264465E-1,1.608390335E1,3.883224792E0
5.175047788E1,-3.728596344E0,1.474778183E1,6.156098328E0
5.177052088E1,-6.277346191E0,1.416923492E1,6.039939880E0
5.179056388E1,-8.867859192E0,1.284463943E1,7.406448212E0
5.181060688E1,-6.773863678E0,1.021760239E1,6.848109283E0
5.183064888E1,-3.915707245E0,8.334667969E0,6.596931610E0
5.185069188E1,-1.782642975E0,7.199578400E0,6.170318756E0
5.187073488E1,-1.132694550E0,5.582341461E0,5.287304993E0
5.189077787E1,-1.267713776E0,4.303101654E0,3.823648682E0
5.191082088E1,-1.374142456E0,3.781885529E0,2.540067902E0
5.193086288E1,-1.339564362E0,3.567980347E0,1.265318756E0
5.195090588E1,-1.403780823E0,3.252885590E0,5.275030518E-1
5.197094888E1,-1.501078491E0,2.825524292E0,1.045426025E0
5.199099188E1,-9.707313538E-1,2.412383423E0,2.043700104E0
5.201103388E1,-2.248324585E-1,3.551813965E0,3.738176422E0
5.203107688E1,5.689668274E-1,6.606511688E0,5.448968811E0
5.205111988E1,-2.543510742E0,1.268372406E1,5.223687286E0
5.207116288E1,-5.919889526E0,1.504012390E1,9.008267212E-1
5.209120588E1,-2.527044983E0,8.197104034E0,-8.975335693E-1
5.211124788E1,-1.557660828E0,4.451592865E0,2.244881744E0
5.213129088E1,3.161425781E-1,3.977678375E0,1.450543579E1
5.215133388E1,-1.810036011E0,5.044659576E0,5.951024780E0
5.217137688E1,-2.070644073E0,8.216413879E0,1.400337982E0
5.219141888E1,-8.958869934E-1,9.876461792E0,-2.585573273E0
5.221146188E1,-1.380279694E0,1.099822906E1,-2.788102112E0
5.223150488E1,-2.664010162E0,1.315479446E1,2.685715027E0
5.225154788E1,-8.771759033E-1,1.525402908E1,4.371210022E0
5.227159088E1,-2.177521820E0,1.420037018E1,-6.162235565E0
5.229163287E1,-4.809797974E0,1.571971069E1,-6.537505188E0
5.231167588E1,-1.100361786E0,1.835048996E1,6.025869141E0
5.233171888E1,2.573149109E-1,1.447609680E1,2.005828857E-1
5.235176188E1,1.863175507E0,1.230620911E1,-2.432741089E0
5.237180388E1,3.024460602E0,9.829908600E0,2.812651062E-1
5.239184688E1,4.647385712E0,1.191312653E1,3.055146790E0
5.241188988E1,1.051413574E0,1.077100159E1,-6.530918884E-1
5.243193288E1,4.270619202E-1,9.301058350E0,5.135820007E-1
5.245197546E1,-4.514611816E-1,9.271270294E0,8.638536072E-1
5.247201746E1,-1.538500671E0,8.450227661E0,1.405577087E-1
5.249206046E1,-2.150128784E0,7.469167786E0,1.451980591E-1
5.251210346E1,-2.049987030E0,7.218289490E0,7.932005310E-1
5.253214646E1,-9.785151672E-1,7.987090759E0,1.487756195E0
5.255218846E1,-3.397933960E-2,8.889114990E0,1.410666504E0
5.257223146E1,7.012916565E-1,9.324260101E0,1.486109619E0
5.259227446E1,1.019529877E0,8.787775726E0,1.393452301E0
5.261231746E1,1.240470428E0,6.512207794E0,5.824388123E-1
5.263236046E1,1.522034912E0,6.481371918E0,1.252595215E0
5.265240246E1,1.458866272E0,7.517367554E0,5.976471863E0
5.267244546E1,-4.095483398E-1,6.159391479E0,8.518934784E0
5.269248846E1,-2.264490967E0,3.914958801E0,-1.583257599E0
5.271253146E1,-1.249900818E-1,6.814279633E0,-6.274053040E0
5.273257346E1,7.661068726E-1,8.980874176E0,-4.605173492E0
5.275261646E1,3.388952637E0,7.236701202E0,3.714675293E0
5.277265946E1,2.024989014E0,7.367978210E0,2.496508484E0
5.279270246E1,-6.309379578E-1,1.027358597E1,3.884122925E0
5.281274546E1,-4.998106384E-1,1.420860306E1,1.014590149E0
5.283278746E1,3.764671326E-1,1.689761124E1,2.101330261E0
5.285283046E1,5.046006775E-1,1.661993866E1,3.934568024E0
5.287287346E1,-4.942721558E-1,1.667352722E1,3.941753082E0
5.289291646E1,-2.140997772E0,1.714130447E1,4.205803986E0
5.291295946E1,-3.793411560E0,1.559666656E1,4.299958191E0
5.293300146E1,-5.637726288E0,1.201281921E1,5.210065613E0
5.295304446E1,-4.450095978E0,9.145980835E0,5.107079773E0
5.297308746E1,-2.758912811E0,7.446864166E0,4.340823212E0
5.299313046E1,-2.310595093E0,7.705376587E0,4.583917694E0
5.301317246E1,-2.753973083E0,8.567882996E0,4.580175476E0
5.303321546E1,-2.234253845E0,8.184829559E0,4.044888611E0
5.305325846E1,-1.440304871E0,6.594835968E0,2.859054565E0
5.307330146E1,-1.028810577E0,4.600832520E0,1.319805450E0
5.309334446E1,-1.081051941E0,3.479963379E0,4.191284180E-1
5.311338646E1,-1.826352081E0,3.201692047E0,2.200424194E-1
5.313342946E1,-1.788331146E0,3.563190308E0,1.276994476E0
5.315347246E1,-1.375938721E0,4.208797760E0,3.005001068E0
5.317351546E1,-1.748663635E0,5.934259644E0,4.451592865E0
5.319355746E1,-4.053420868E0,1.042282562E1,2.944077759E0
5.321360046E1,-2.630779266E0,1.121363113E1,2.424957275E-2
5.323364346E1,3.370989990E-1,8.228987732E0,-2.531835022E0
5.325368646E1,1.631906433E0,7.703430634E0,8.416996765E-1
5.327372946E1,9.325607300E-2,6.938670959E0,9.752818909E0
5.329377146E1,-2.905009003E0,5.373675385E0,9.411828003E0
5.331381446E1,-1.461261292E0,5.310357056E0,3.328927460E0
5.333385746E1,-7.125183105E-2,6.861431580E0,-4.924758911E-1
5.335390046E1,-6.718029785E-1,1.243060043E1,-1.093176727E0
5.337394346E1,-1.947899323E0,1.537632477E1,1.317260742E0
5.339398546E1,-2.092947693E0,1.466979401E1,3.520828400E0
5.341402846E1,-8.801696777E-1,1.068463120E1,-2.458038483E0
5.343407146E1,-1.003962250E0,1.064226929E1,-2.151026917E0
5.345411396E1,-1.265767822E0,1.729159195E1,8.357121277E0
5.347415596E1,-3.789070587E0,1.947016159E1,-5.611830139E-1
5.349419896E1,2.993774414E-4,1.083222427E1,3.077600098E-1
5.351424196E1,2.312541046E0,9.556876373E0,2.581082611E0
5.353428496E1,3.344944153E0,1.380144974E1,3.660188599E0
5.355432796E1,2.235002289E0,1.462039673E1,1.582658844E0
5.357436996E1,1.306632843E0,1.428494431E1,9.430389404E-1
5.359441296E1,-7.899073792E-1,1.022104523E1,1.696871338E0
5.361445596E1,-1.277144165E0,7.744445343E0,3.498225403E-1
5.363449896E1,-1.210083618E0,6.929539948E0,-9.297166443E-1
5.365454196E1,-1.728755035E0,6.528074799E0,3.269201660E-1
5.367458396E1,-1.782493286E0,7.123237152E0,4.448748779E-1
5.369462696E1,-6.565347290E-1,7.996371460E0,4.007167053E-1
5.371466996E1,3.314108276E-1,8.418793030E0,6.825805664E-1
5.373471296E1,6.063890076E-1,8.193511505E0,9.108558655E-1
5.375475596E1,1.856140137E-2,7.860454102E0,2.295476532E0
5.377479796E1,-4.790039062E-1,7.939938812E0,1.527274017E0
5.379484096E1,4.595443726E-2,8.784033508E0,-1.790127411E0
5.381488396E1,1.420995026E0,1.051832703E1,-1.434916077E0
5.383492696E1,1.606609039E0,1.060709244E1,3.713926849E0
5.385496896E1,5.203179932E-1,7.887398071E0,2.194137268E0
5.387501196E1,-4.046086121E-1,7.505242767E0,3.841012573E-1
5.389505496E1,-7.762857056E-1,9.384584656E0,7.542814636E-1
5.391509796E1,5.481600952E-1,8.641978912E0,1.151405640E0
5.393514096E1,2.197430420E-1,7.438780975E0,2.499053192E0
5.395518296E1,2.300715637E-1,6.488856354E0,1.215023346E0
5.397522596E1,6.173162842E-1,5.585634613E0,-1.554217987E0
5.399526896E1,-7.918533325E-2,5.441933441E0,1.347348175E0
5.401531196E1,4.670288086E-1,6.326743469E0,-8.223898315E-1
5.403535496E1,-1.419947205E0,9.867779846E0,6.113287354E-1
5.405539696E1,-1.865570526E0,1.464060471E1,3.745810547E0
5.407543996E1,-2.159858551E0,1.811203583E1,6.568640442E0
5.409548296E1,-1.813778229E0,1.495749573E1,7.573201447E0
5.411552596E1,-3.853287048E0,1.452354813E1,4.493206329E0
5.413556896E1,-5.843997345E0,1.450109482E1,3.529959412E0
5.415561096E1,-5.943240967E0,1.219244568E1,4.142485657E0
5.417565396E1,-4.690346375E0,1.058987823E1,3.403771820E0
5.419569696E1,-5.223986664E0,9.260193329E0,3.952530670E0
5.421573996E1,-5.376968536E0,8.924142151E0,4.203259277E0
5.423578296E1,-4.387825470E0,9.236692200E0,3.843856659E0
5.425582496E1,-3.331621857E0,7.979157257E0,3.772604828E0
5.427586796E1,-2.212399292E0,6.835236053E0,2.711012421E0
5.429591096E1,-1.321901093E0,6.039191437E0,1.104104004E0
5.431595396E1,-9.532177734E-1,5.343737640E0,3.318598938E-1
5.433599696E1,-9.933343506E-1,4.838837585E0,6.018983459E-1
5.435603896E1,-1.580413513E0,5.251679077E0,1.671274567E0
5.437608196E1,-3.183729401E0,6.331084442E0,3.230282593E0
5.439612496E1,-4.252357178E0,7.317084045E0,3.993695068E0
5.441616796E1,-2.038610687E0,6.415059814E0,2.499053192E0
5.443620996E1,-5.418731689E-1,6.025120697E0,1.241967316E0
5.445625383E1,-3.333567810E-1,6.900799713E0,1.026415558E0
5.447629683E1,-4.267625427E-1,8.150401154E0,1.250948639E0
5.449633983E1,-1.497785339E0,8.243058472E0,4.041146393E0
5.451638283E1,-2.758463745E0,6.281986542E0,4.296066284E0
5.453642583E1,-2.199076996E0,6.356232147E0,2.096091156E0
5.455646783E1,-9.394464111E-1,7.398814087E0,1.178349609E0
5.457651083E1,1.646575928E-3,8.727750549E0,1.247954865E0
5.459655383E1,1.718426514E-1,8.312963104E0,2.488425293E0
5.461659683E1,-2.186054077E0,6.801855469E0,2.735112305E0
5.463663883E1,-2.690804443E0,7.125632172E0,2.510429535E0
5.465668183E1,-1.610950012E0,1.209784241E1,1.472937012E0
5.467672483E1,-2.084864502E0,1.704101303E1,1.423539734E-1
5.469676783E1,-2.469265137E0,1.841291016E1,-1.886976013E0
5.471681083E1,-4.478686523E-1,1.728545471E1,-2.552042999E0
5.473685283E1,4.508624268E-1,1.415306854E1,7.819738770E-1
5.475689583E1,1.633553009E0,1.231264572E1,3.034489746E0
5.477693883E1,1.014141083E0,1.299163376E1,1.998643799E0
5.479698183E1,1.522633667E0,1.396266449E1,1.725910950E0
5.481702483E1,2.291434937E0,1.212149323E1,3.829037476E-1
5.483706683E1,1.677411804E0,1.069795349E1,-4.721182251E-1
5.485710983E1,1.317260742E-1,9.809101868E0,-1.373693390E0
5.487715283E1,-1.722617798E0,8.877139893E0,-1.026714935E0
5.489719583E1,-1.476080475E0,8.373587036E0,-6.366261292E-1
5.491723883E1,-3.055146790E-1,8.484356689E0,1.052162018E0
5.493728083E1,4.293072510E-1,8.295299835E0,1.197509766E0
5.495732383E1,8.463400269E-1,8.370144196E0,7.605683899E-1
5.497736683E1,8.663983154E-1,8.238717499E0,9.538165283E-1
5.499740983E1,1.157692566E0,8.277636566E0,9.409432983E-1
5.501745283E1,1.162931671E0,9.418863373E0,6.735992432E-1
5.503749483E1,1.218017120E0,1.026744873E1,9.960287476E-1
5.505753783E1,1.370699615E0,9.954748993E0,1.024768982E0
5.507758083E1,1.434616699E0,9.426347809E0,1.436263275E0
5.509762383E1,5.131329346E-1,8.430768127E0,6.038442993E-1
5.511766683E1,-7.256909180E-1,7.250023499E0,4.927752686E-1
5.513770883E1,-4.540058899E-1,6.786138153E0,2.984793091E-1
5.515775183E1,-4.939727783E-2,8.584199066E0,-9.969268799E-2
5.517779483E1,1.055155792E0,7.666607208E0,5.538482666E-1
5.519783783E1,1.435215454E0,6.347400513E0,1.113235016E0
5.521788083E1,-2.188449097E-1,5.639522552E0,2.948867798E0
5.523792283E1,-5.599855042E-1,6.052813110E0,1.200054474E0
5.525796583E1,5.520520020E-1,6.635850677E0,2.888992310E-2
5.527800883E1,1.572480011E0,6.536008301E0,1.348994751E0
5.529805183E1,7.128176880E-1,8.626261597E0,2.893482971E0
5.531809483E1,-8.412506104E-1,1.406819504E1,1.904040527E0
5.533813683E1,-1.397793274E0,1.884176834E1,1.217867432E0
5.535817983E1,-3.293750610E0,1.707723770E1,5.278772736E0
5.537822283E1,-5.492977295E0,1.639585464E1,6.351142731E0
5.539826583E1,-7.232659607E0,1.675750259E1,5.118905182E0
5.541830883E1,-6.533762970E0,1.505943375E1,3.839216309E0
5.543835183E1,-5.630241852E0,1.284344193E1,2.719544678E0
5.545839408E1,-4.563260651E0,1.126602219E1,2.519859924E0
5.547843708E1,-3.830983429E0,9.500144348E0,3.570974121E0
5.549848008E1,-2.902314606E0,7.909851379E0,4.119433594E0
5.551852308E1,-1.876048737E0,7.195836182E0,3.391647034E0
5.553856608E1,-1.457369385E0,6.825805664E0,2.145488434E0
5.555860808E1,-1.304537201E0,6.198460236E0,1.129251709E0
5.557865108E1,-1.314416656E0,5.501210175E0,2.438429260E-1
5.559869408E1,-1.640438690E0,4.781656494E0,5.987548828E-4
5.561873708E1,-2.039359131E0,4.274211731E0,3.637435913E-2
5.563878008E1,-1.989063721E0,4.484973450E0,1.079854431E0
5.565882208E1,-1.815125427E0,5.615722046E0,2.925067291E0
5.567886508E1,-1.774260406E0,7.700586548E0,5.020859070E0
5.569890808E1,-1.901196442E0,9.436227264E0,4.809049530E0
5.571895108E1,-1.004710693E0,9.648785248E0,2.827919312E0
5.573899408E1,-9.129515076E-1,9.334289246E0,1.897753601E0
5.575903608E1,-2.013762360E0,8.937314758E0,3.384012909E0
5.577907908E1,-3.229534149E0,8.955576782E0,5.440137177E0
5.579912208E1,-3.543581085E0,8.853788452E0,4.939578094E0
5.581916508E1,-3.023861847E0,7.331005096E0,2.690355377E0
5.583920808E1,-2.217937775E0,6.808890839E0,7.794291687E-1
5.585925008E1,-9.343569946E-1,7.561825104E0,-4.207749939E-1
5.587929308E1,1.646575928E-2,8.900491333E0,5.177732849E-1
5.589933608E1,-4.701722717E-1,9.579329681E0,3.459755402E0
5.591937908E1,-2.191143494E0,6.976542206E0,4.421206055E0
5.593942208E1,-1.772763519E0,3.749103699E0,2.919828186E0
5.595946408E1,-1.260828094E0,2.867137756E0,1.496887207E-2
5.597950708E1,3.137475586E-1,7.757019196E0,3.043171692E-1
5.599955008E1,2.808160400E-1,1.856229950E1,-4.142335968E0
5.601959308E1,-4.653522949E0,2.076392120E1,-5.911057892E0
5.603963608E1,-2.454445953E0,1.416908524E1,1.282083893E0
5.605967808E1,-5.520520020E-1,2.147479294E1,2.456990662E0
5.607972108E1,-7.887098694E-1,1.302366714E1,-1.555265808E0
5.609976408E1,-2.305206299E-2,7.700586548E0,2.534978485E0
5.611980708E1,3.538641357E-1,9.412277069E0,2.617906036E0
5.613985008E1,2.278711395E0,1.781131119E1,2.978057098E0
5.615989308E1,3.405418396E0,1.430350571E1,1.310375061E0
5.617993508E1,2.208208008E0,8.597820740E0,-1.716330872E0
5.619997808E1,1.991608429E0,6.338718567E0,-1.809886322E0
5.622002108E1,6.396199036E-1,5.266049194E0,-4.257147217E-1
5.624006408E1,-1.307830353E0,7.004384308E0,1.991758118E0
5.626010708E1,-2.113155670E0,9.874815216E0,1.059796143E0
5.628014908E1,-1.702559509E0,9.762249298E0,1.264121246E0
5.630019208E1,1.005608826E0,8.306077423E0,4.089495850E-1
5.632023508E1,1.345252533E0,9.194929047E0,-6.780899048E-1
5.634027808E1,1.220711517E0,1.076022400E1,-1.303788757E-1
5.636032108E1,9.961784363E-1,1.130868347E1,3.418890381E-1
5.638036308E1,1.105600891E0,1.047566574E1,-5.569917297E-1
5.640040608E1,1.287472687E0,9.476792908E0,-1.125659180E0
5.642044908E1,1.373843079E0,9.485624542E0,-1.799408112E0
5.644049208E1,1.133742371E0,9.917775879E0,-2.123783569E0
5.646053421E1,6.129753113E-1,9.923164673E0,-1.404379578E0
5.648057621E1,3.341052246E-1,1.005114853E1,-1.109043732E0
5.650061921E1,2.920426941E-1,1.006387207E1,-1.732347565E0
5.652066221E1,9.400451660E-2,9.904303894E0,-2.312840424E0
5.654070521E1,-2.523751831E-1,1.038136185E1,-1.286873932E0
5.656074821E1,-5.123844910E-1,1.037717056E1,-1.349443817E0
5.658079121E1,-6.408174133E-1,9.913734283E0,-2.521356812E0
5.660083321E1,-1.237925720E0,9.802964630E0,-3.030597839E0
5.662087621E1,-1.909429321E0,1.041728714E1,-1.712888031E0
5.664091921E1,-3.201093292E0,1.048404831E1,5.248086548E-1
5.666096221E1,-4.873116302E0,1.010398865E1,5.816903687E-1
5.668100521E1,-6.327940979E0,9.181906128E0,2.739303589E-2
5.670104721E1,-3.639082489E0,8.569529572E0,-3.490740967E-1
5.672109021E1,-1.364712067E0,8.958869934E0,-1.331181793E0
5.674113321E1,-7.006929016E-1,9.720785522E0,-9.520202637E-2
5.676117621E1,-6.051914978E-1,1.047012726E1,5.381309509E-1
5.678121921E1,-8.767268372E-1,1.038525375E1,-3.287164307E-1
5.680126121E1,-1.162482605E0,9.935588837E0,-1.167422333E0
5.682130421E1,-1.449884949E0,9.729168091E0,-1.437311096E0
5.684134721E1,-1.784738617E0,9.518556061E0,-3.011737061E-1
5.686139021E1,-2.298769684E0,9.185648346E0,1.112636261E0
5.688143321E1,-2.573897552E0,9.265731812E0,1.507066040E0
5.690147621E1,-2.416574707E0,9.399553528E0,1.400487671E0
5.692151821E1,-1.705403595E0,9.568402405E0,8.575666809E-1
5.694156121E1,-1.684297485E0,9.526339874E0,1.877096558E-1
5.696160421E1,-1.662442932E0,9.341773682E0,1.736389160E-2
5.698164721E1,-1.550026703E0,9.468410339E0,3.781137085E-1
5.700169021E1,-1.381477203E0,9.732012177E0,1.159788208E0
5.702173321E1,-1.341510315E0,9.791737976E0,1.638792114E0
5.704177521E1,-1.132844238E0,9.536219330E0,1.706002350E0
5.706181821E1,-1.016087036E0,9.479786682E0,1.257235565E0
5.708186121E1,-8.204438782E-1,9.420509949E0,1.268611908E0
5.710190421E1,-6.312373352E-1,9.550290070E0,1.494192810E0
5.712194721E1,-8.346643066E-1,9.755363617E0,1.369651794E0
5.714198921E1,-1.077609100E0,9.981992340E0,1.086141357E0
5.716203221E1,-1.257085876E0,9.987081757E0,1.156495056E0
5.718207521E1,-1.230441284E0,9.824519806E0,1.410516815E0
5.720211821E1,-1.022972717E0,9.593699799E0,1.429377594E0
5.722216121E1,-8.669970703E-1,9.567055206E0,1.091979218E0
5.724220421E1,-1.019380188E0,9.679321747E0,1.054257660E0
5.726224621E1,-1.121467896E0,9.573342133E0,9.122030640E-1
5.728228921E1,-1.356179810E0,9.534722443E0,6.819818115E-1
5.730233221E1,-1.634600830E0,9.594298553E0,5.535488892E-1
5.732237521E1,-1.648372192E0,9.586963806E0,6.578819275E-1
5.734241821E1,-1.648372192E0,9.709708557E0,1.032253418E0
5.736246121E1,-1.457519073E0,9.582024078E0,1.260678406E0
5.738250321E1,-1.274000702E0,9.439670105E0,1.085991669E0
5.740254621E1,-1.276096344E0,9.545050964E0,8.174501038E-1
5.742258921E1,-1.676363983E0,9.751920776E0,1.113833771E0
5.744263221E1,-1.788331146E0,9.689799957E0,1.542691956E0
5.746267538E1,-1.547032928E0,9.493707733E0,1.592238922E0
5.748271838E1,-1.479822693E0,9.445807343E0,1.408271484E0
5.750276038E1,-1.436862030E0,9.473649445E0,1.492097168E0
5.752280338E1,-1.255289612E0,9.563612366E0,1.302142181E0
5.754284638E1,-1.432970123E0,9.639803925E0,1.145717468E0
5.756288938E1,-1.749412079E0,9.542206879E0,1.606159973E0
5.758293238E1,-1.573228455E0,9.438771973E0,1.811233521E0
5.760297438E1,-1.414259033E0,9.530531158E0,1.973496094E0
5.762301738E1,-1.394350433E0,9.669442291E0,1.738484802E0
5.764306038E1,-1.409169617E0,9.667346649E0,1.850451965E0
5.766310338E1,-1.368454285E0,9.483379211E0,1.980980530E0
5.768314638E1,-1.361867981E0,9.373507690E0,1.851649475E0
5.770318938E1,-1.312770081E0,9.319769440E0,1.569635925E0
5.772323138E1,-1.320703583E0,9.402547302E0,1.394051056E0
5.774327438E1,-1.383572845E0,9.457033997E0,1.612297211E0
5.776331738E1,-1.213227081E0,9.484576721E0,1.893113251E0
5.778336038E1,-1.113684082E0,9.532626801E0,1.858535156E0
5.780340338E1,-1.212029572E0,9.583670654E0,1.722917175E0
5.782344638E1,-1.338965607E0,9.506730652E0,1.701362000E0
5.784348838E1,-1.372495880E0,9.329050140E0,1.813029785E0
5.786353138E1,-1.348246307E0,9.350904694E0,1.885479126E0
5.788357438E1,-1.314416656E0,9.381141815E0,1.650467834E0
5.790361738E1,-1.194815369E0,9.410181427E0,1.645079041E0
5.792366038E1,-1.197958832E0,9.460925903E0,1.981878662E0
5.794370338E1,-1.239272919E0,9.608968048E0,2.216440887E0
5.796374538E1,-1.049766998E0,9.601333923E0,2.239642639E0
5.798378838E1,-8.584648132E-1,9.487420807E0,2.249671783E0
5.800383138E1,-7.632627869E-1,9.554032288E0,2.110012207E0
5.802387438E1,-9.771679688E-1,9.686656494E0,2.312840424E0
5.804391738E1,-1.214574280E0,9.616751862E0,2.475851440E0
5.806396038E1,-1.183888092E0,9.486223297E0,2.221979370E0
5.808400238E1,-1.229543152E0,9.487869873E0,1.982776794E0
5.810404538E1,-1.504671021E0,9.529633026E0,2.113005981E0
5.812408837E1,-1.723815308E0,9.519154816E0,2.287393341E0
5.814413138E1,-1.503174133E0,9.372609558E0,2.240540771E0
5.816417438E1,-1.376387787E0,9.398805084E0,2.106719055E0
5.818421738E1,-1.353635101E0,9.419761505E0,2.024689636E0
5.820425938E1,-1.498683472E0,9.438472595E0,1.945204926E0
5.822430238E1,-1.591939545E0,9.475146332E0,1.970053253E0
5.824434538E1,-1.495090942E0,9.436526642E0,1.999541931E0
5.826438838E1,-1.288520508E0,9.308842163E0,2.306553497E0
5.828443138E1,-1.185834045E0,9.373208313E0,2.207160187E0
5.830447437E1,-1.351090393E0,9.360185394E0,2.294578400E0
5.832451638E1,-1.409319305E0,9.355994110E0,2.274071045E0
5.834455938E1,-1.405277710E0,9.350156250E0,2.259850616E0
5.836460238E1,-1.379980316E0,9.383686523E0,2.249971161E0
5.838464538E1,-1.488055573E0,9.518256683E0,2.333347778E0
5.840468838E1,-1.560654602E0,9.566755829E0,2.474204865E0
5.842473138E1,-1.462309113E0,9.451794891E0,2.566562805E0
5.844477338E1,-1.300794983E0,9.341474304E0,2.647843781E0
5.846481596E1,-1.324894867E0,9.416917419E0,2.565065918E0
5.848485896E1,-1.408720551E0,9.413773956E0,2.581980743E0
5.850490196E1,-1.382824402E0,9.339977417E0,2.583327942E0
5.852494496E1,-1.391656036E0,9.289083252E0,2.386187897E0
5.854498796E1,-1.342857513E0,9.278305664E0,2.285447388E0
5.856502996E1,-1.261426849E0,9.242530060E0,2.410287781E0
5.858507296E1,-1.156045990E0,9.222771149E0,2.354902954E0
5.860511596E1,-1.177301788E0,9.277557220E0,2.391427002E0
5.862515896E1,-1.418450317E0,9.360185394E0,2.764600983E0
5.864520196E1,-1.438658295E0,9.273665314E0,2.709665222E0
5.866524496E1,-1.358724518E0,9.352102203E0,2.725532227E0
5.868528696E1,-1.390009460E0,9.444759521E0,2.594255219E0
5.870532996E1,-1.404978333E0,9.434131622E0,2.662513275E0
5.872537296E1,-1.524729309E0,9.513466644E0,2.576292572E0
5.874541596E1,-1.549577637E0,9.363927612E0,2.270777893E0
5.876545896E1,-1.516945496E0,9.254056091E0,2.556833038E0
5.878550196E1,-1.360969849E0,9.309440918E0,2.920277252E0
5.880554496E1,-1.394500122E0,9.333391113E0,2.560275879E0
5.882558696E1,-1.462758179E0,9.408385162E0,2.440674591E0
5.884562996E1,-1.604513397E0,9.399852905E0,2.418370972E0
5.886567296E1,-1.602866821E0,9.310488739E0,2.529140625E0
5.888571596E1,-1.531614990E0,9.117989044E0,2.269580383E0
5.890575896E1,-1.667083282E0,9.312434692E0,2.352358246E0
5.892580196E1,-1.750459900E0,9.425599365E0,2.369722137E0
5.894584396E1,-1.775008850E0,9.299112396E0,2.449805603E0
5.896588696E1,-1.681902466E0,9.248367920E0,2.443368988E0
5.898592996E1,-1.478176117E0,9.340426483E0,2.390379181E0
5.900597296E1,-1.397194519E0,9.325158234E0,2.185006256E0
5.902601596E1,-1.380579071E0,9.352551270E0,2.243534546E0
5.904605896E1,-1.361269226E0,9.326804810E0,2.315385132E0
5.906610096E1,-1.493444366E0,9.350755005E0,2.480641479E0
5.908614396E1,-1.585652618E0,9.381590881E0,2.409389648E0
5.910618696E1,-1.697919159E0,9.412426758E0,2.444865875E0
5.912622996E1,-1.622326355E0,9.321865082E0,2.409539337E0
5.914627296E1,-1.537452850E0,9.319619751E0,2.301613770E0
5.916631596E1,-1.555116119E0,9.323661346E0,2.179767151E0
5.918635796E1,-1.523681488E0,9.287736053E0,2.218835907E0
5.920640096E1,-1.502874756E0,9.287885742E0,2.309247894E0
5.922644396E1,-1.475930786E0,9.321715393E0,2.409539337E0
5.924648696E1,-1.398841095E0,9.500593414E0,2.418221283E0
5.926652996E1,-1.304537201E0,9.553134155E0,2.467917938E0
5.928657296E1,-1.223405914E0,9.482331390E0,2.549797668E0
5.930661596E1,-1.217268677E0,9.339378662E0,2.547552338E0
5.932665796E1,-1.200204163E0,9.297316132E0,2.495909729E0
5.934670096E1,-1.271006927E0,9.344617767E0,2.482886810E0
5.936674396E1,-1.323697357E0,9.505982208E0,2.501448212E0
5.938678696E1,-1.223854980E0,9.555379486E0,2.531835022E0
5.940682996E1,-1.091380463E0,9.445807343E0,2.513273621E0
5.942687296E1,-1.142873383E0,9.222771149E0,2.345023499E0
5.944691496E1,-1.032103729E0,9.229058075E0,2.248474274E0
5.946695846E1,-1.072669373E0,9.255253601E0,2.284698944E0
5.948700146E1,-1.101259918E0,9.361831970E0,2.486030273E0
5.950704446E1,-1.177152100E0,9.556876373E0,2.574346619E0
5.952708746E1,-1.358125763E0,9.437724152E0,2.495760040E0
5.954713046E1,-1.343306580E0,9.311985626E0,2.611918488E0
5.956717346E1,-1.229094086E0,9.298513641E0,2.720442810E0
5.958721546E1,-1.134191437E0,9.303303680E0,2.615511017E0
5.960725846E1,-1.122815094E0,9.354946289E0,2.424508209E0
5.962730146E1,-1.306782532E0,9.451944580E0,2.498604126E0
5.964734446E1,-1.363963623E0,9.371711426E0,2.696193237E0
5.966738746E1,-1.243015137E0,9.260043640E0,2.683469696E0
5.968743046E1,-1.294657745E0,9.298363953E0,2.468367004E0
5.970747246E1,-1.455872498E0,9.458081818E0,2.405647430E0
5.972751546E1,-1.458117828E0,9.434730377E0,2.450703735E0
5.974755846E1,-1.364113312E0,9.333540802E0,2.496957550E0
5.976760146E1,-1.279539185E0,9.324858856E0,2.461032257E0
5.978764446E1,-1.265618134E0,9.364077301E0,2.360142059E0
5.980768746E1,-1.370400238E0,9.408385162E0,2.383942566E0
5.982773046E1,-1.477128296E0,9.460925903E0,2.475252686E0
5.984777246E1,-1.511706390E0,9.389674072E0,2.518512726E0
5.986781546E1,-1.477277985E0,9.266480255E0,2.581681366E0
5.988785846E1,-1.329684906E0,9.281748505E0,2.637215881E0
5.990790146E1,-1.241518250E0,9.349407806E0,2.650687866E0
5.992794446E1,-1.206491089E0,9.290430450E0,2.436333618E0
5.994798746E1,-1.278491364E0,9.358688507E0,2.508034515E0
5.996802946E1,-1.300944672E0,9.453441467E0,2.688708801E0
5.998807246E1,-1.354383545E0,9.401798859E0,2.661315765E0
6.000811546E1,-1.388362885E0,9.273964691E0,2.556683350E0
6.002815846E1,-1.380279694E0,9.212292938E0,2.532882843E0
6.004820146E1,-1.253493347E0,9.283544769E0,2.574047241E0
6.006824446E1,-1.145118713E0,9.372310181E0,2.652484131E0
6.008828746E1,-1.203497314E0,9.464069366E0,2.538271637E0
6.010832946E1,-1.239721985E0,9.406588898E0,2.569107513E0
6.012837246E1,-1.321152649E0,9.332343292E0,2.725382538E0
6.014841546E1,-1.294657745E0,9.248966675E0,2.741399231E0
6.016845846E1,-1.240470428E0,9.272018738E0,2.669698334E0
6.018850146E1,-1.181493073E0,9.363927612E0,2.622546387E0
6.020854446E1,-1.246607666E0,9.369915161E0,2.555186462E0
6.022858746E1,-1.266067200E0,9.341474304E0,2.655926971E0
6.024862946E1,-1.185235291E0,9.346863098E0,2.786605225E0
6.026867246E1,-1.225351868E0,9.293573914E0,2.720442810E0
6.028871546E1,-1.285826111E0,9.314380646E0,2.627037048E0
6.030875846E1,-1.345701599E0,9.396709442E0,2.671793976E0
6.032880146E1,-1.456022186E0,9.408085785E0,2.609074402E0
6.034884446E1,-1.282682648E0,9.319320374E0,2.673290863E0
6.036888646E1,-1.203048248E0,9.244176636E0,2.663261719E0
6.038892946E1,-1.208137665E0,9.285191345E0,2.605032806E0
6.040897246E1,-1.278191986E0,9.310937805E0,2.553240509E0
6.042901546E1,-1.260977783E0,9.270970917E0,2.511028290E0
6.044905846E1,-1.339414673E0,9.367520142E0,2.565814362E0
6.046910133E1,-1.413959656E0,9.602232056E0,2.570454712E0
6.048914433E1,-1.411564636E0,9.519304504E0,2.650538177E0
6.050918633E1,-1.282682648E0,9.233548737E0,2.618804169E0
6.052922933E1,-1.102756805E0,9.099427643E0,2.458487549E0
6.054927233E1,-1.162482605E0,9.204808502E0,2.428250427E0
6.056931533E1,-1.268761597E0,9.246571655E0,2.460882568E0
6.058935833E1,-1.420246582E0,9.271869049E0,2.539918213E0
6.060940133E1,-1.372944946E0,9.238638153E0,2.628384247E0
6.062944433E1,-1.271006927E0,9.158704376E0,2.609373779E0
6.064948633E1,-1.254391479E0,9.211694183E0,2.591560822E0
6.066952933E1,-1.315913544E0,9.312734070E0,2.724484406E0
6.068957233E1,-1.504072266E0,9.423503723E0,2.972518616E0
6.070961533E1,-1.539997559E0,9.661658478E0,3.204985199E0
6.072965833E1,-1.374292145E0,9.466015320E0,3.145858154E0
6.074970133E1,-1.288071442E0,9.195527802E0,2.971171417E0
6.076974433E1,-1.244362335E0,9.210346985E0,2.799328766E0
6.078978633E1,-1.173260193E0,9.195378113E0,2.722987518E0
6.080982933E1,-1.177301788E0,9.246571655E0,2.751877441E0
6.082987233E1,-1.175804901E0,9.248966675E0,2.787353668E0
6.084991533E1,-1.262324982E0,9.222920837E0,2.753224640E0
6.086995833E1,-1.310375061E0,9.279054108E0,2.692900085E0
6.089000133E1,-1.331032104E0,9.281149750E0,2.650837555E0
6.091004433E1,-1.326391754E0,9.282496948E0,2.693648529E0
6.093008633E1,-1.278940430E0,9.376651154E0,2.724484406E0
6.095012933E1,-1.298549652E0,9.471553802E0,2.680326233E0
6.097017233E1,-1.278641052E0,9.422605591E0,2.648741913E0
6.099021533E1,-1.298699341E0,9.252559204E0,2.644999695E0
6.101025833E1,-1.292861481E0,9.199569397E0,2.579885101E0
6.103030133E1,-1.258133698E0,9.272467804E0,2.635569305E0
6.105034333E1,-1.208137665E0,9.372310181E0,2.648741913E0
6.107038633E1,-1.201401672E0,9.379495239E0,2.572250977E0
6.109042933E1,-1.281036072E0,9.328002319E0,2.563718719E0
6.111047233E1,-1.424288177E0,9.333690491E0,2.654280396E0
6.113051533E1,-1.360071716E0,9.294022980E0,2.712060242E0
6.115055833E1,-1.332079926E0,9.314680023E0,2.655777283E0
6.117060133E1,-1.415606232E0,9.320368195E0,2.537074127E0
6.119064333E1,-1.530866547E0,9.314680023E0,2.554138641E0
6.121068633E1,-1.528321838E0,9.297316132E0,2.560724945E0
6.123072933E1,-1.458267517E0,9.334588623E0,2.613115997E0
6.125077233E1,-1.366208954E0,9.313482513E0,2.587070160E0
6.127081533E1,-1.225501556E0,9.370064850E0,2.488125916E0
6.129085833E1,-1.191821594E0,9.463021545E0,2.501148834E0
6.131090133E1,-1.146465912E0,9.304650879E0,2.628533936E0
6.133094333E1,-1.091530151E0,9.203161926E0,2.574047241E0
6.135098633E1,-1.155596924E0,9.321565704E0,2.523003387E0
6.137102933E1,-1.244362335E0,9.412277069E0,2.656525726E0
6.139107233E1,-1.114881592E0,9.285790100E0,2.763104095E0
6.141111533E1,-1.092877350E0,9.322763214E0,2.737207947E0
6.143115833E1,-1.187181244E0,9.366771698E0,2.580483856E0
6.145120133E1,-1.298549652E0,9.355245667E0,2.452050934E0
6.147124296E1,-1.528621216E0,9.263486481E0,2.484383698E0
6.149128596E1,-1.596430206E0,9.189839630E0,2.570454712E0
6.151132896E1,-1.519190826E0,9.264983368E0,2.568059692E0
6.153137196E1,-1.457369385E0,9.423204346E0,2.508932648E0
6.155141496E1,-1.504671021E0,9.499844971E0,2.560575256E0
6.157145796E1,-1.496438141E0,9.364825745E0,2.472707977E0
6.159150096E1,-1.504820709E0,9.230854340E0,2.470013580E0
6.161154296E1,-1.445993042E0,9.317823486E0,2.347568207E0
6.163158596E1,-1.464853821E0,9.526788940E0,2.371967468E0
6.165162896E1,-1.562001801E0,9.484277344E0,2.271526337E0
6.167167196E1,-1.621128845E0,9.355694733E0,2.426903229E0
6.169171496E1,-1.663041687E0,9.247918854E0,2.414179688E0
6.171175796E1,-1.642384644E0,9.224866791E0,2.331850891E0
6.173180096E1,-1.554217987E0,9.470955048E0,2.262395325E0
6.175184396E1,-1.575324097E0,9.780062256E0,2.314936066E0
6.177188596E1,-1.631457367E0,9.785750427E0,2.730771332E0
6.179192896E1,-1.407822418E0,9.321715393E0,2.697989502E0
6.181197196E1,-1.291214905E0,9.107061768E0,2.403851166E0
6.183201496E1,-1.221160583E0,9.296717377E0,2.114203491E0
6.185205796E1,-1.094673615E0,9.702822876E0,2.199975128E0
6.187210096E1,-7.761360168E-1,1.008812164E1,2.710263977E0
6.189214396E1,-5.510041809E-1,1.031220566E1,3.223845978E0
6.191218596E1,-3.571572876E-1,1.009560608E1,3.569626923E0
6.193222896E1,-2.630030823E-1,9.780511322E0,4.004772034E0
6.195227196E1,-4.242178345E-1,9.673483887E0,4.126768341E0
6.197231496E1,-1.520987091E0,9.307494965E0,4.186943207E0
6.199235796E1,-3.099454651E0,8.712482300E0,4.795876923E0
6.201240096E1,-3.662882996E0,8.464597778E0,5.029690704E0
6.203244396E1,-2.947071533E0,8.640631714E0,5.469326477E0
6.205248596E1,-2.024989014E0,9.346863098E0,4.989274750E0
6.207252896E1,-1.872605896E0,9.784702606E0,4.352798309E0
6.209257196E1,-1.799557800E0,9.128467255E0,4.084855499E0
6.211261496E1,-1.082997894E0,7.955356750E0,5.285957794E0
6.213265796E1,-3.531156921E-1,7.913443909E0,6.126759338E0
6.215270096E1,-2.098785553E0,7.975864105E0,4.584067383E0
6.217274396E1,-3.503015442E0,7.866890717E0,3.632496185E0
6.219278596E1,-3.309767303E0,7.248077545E0,4.884043579E0
6.221282896E1,-2.431992645E0,7.084018707E0,5.990093536E0
6.223287196E1,-2.283501434E0,7.047344971E0,6.501579895E0
6.225291496E1,-2.308798828E0,7.339836731E0,6.235732727E0
6.227295796E1,-2.142195282E0,7.024143219E0,6.114335175E0
6.229300096E1,-1.812431030E0,6.688391418E0,6.517147522E0
6.231304396E1,-1.932780762E0,6.652017059E0,6.472091217E0
6.233308696E1,-2.507286072E0,6.443350983E0,6.348148956E0
6.235312896E1,-2.736010437E0,6.280339966E0,6.494544525E0
6.237317196E1,-2.913840637E0,5.996979218E0,6.291566620E0
6.239321496E1,-2.781366119E0,5.523813171E0,6.264023895E0
6.241325796E1,-2.917732544E0,5.322332153E0,5.944737854E0
6.243330096E1,-3.491938477E0,5.397775269E0,5.931415558E0
6.245334475E1,-3.766766968E0,5.299130402E0,6.239774323E0
6.247338775E1,-3.847000122E0,5.035528564E0,6.237379303E0
6.249342975E1,-3.473377075E0,4.545597382E0,6.110892334E0
6.251347275E1,-3.456013184E0,3.764072571E0,6.245911560E0
6.253351575E1,-3.606001282E0,3.525917816E0,6.525829468E0
6.255355875E1,-3.429518280E0,3.903432770E0,6.944658508E0
6.257360175E1,-3.158432007E0,4.163741455E0,7.989336090E0
6.259364475E1,-2.464774475E0,4.323159943E0,9.978848877E0
6.261368775E1,-1.746717682E0,4.494254150E0,9.596693573E0
6.263372975E1,-3.391647034E0,2.844385071E0,5.355862427E0
6.265377275E1,-2.952610016E0,1.333262466E1,5.873336334E0
6.267381575E1,-4.589007111E0,2.484518417E1,1.946297653E1
6.269385875E1,-4.453688507E0,-1.604663086E-1,-5.818849640E0
6.271390175E1,-4.766388245E0,-2.596949615E0,1.218316498E1
6.273394475E1,1.869312744E0,9.342372437E0,8.265212402E0
6.275398775E1,3.458707581E0,1.598046844E1,4.457730103E-1
6.277403075E1,-6.661148071E-1,1.641950546E1,4.026027832E0
6.279407275E1,-1.727707214E0,9.813742218E0,2.883154449E0
6.281411575E1,-2.605930939E0,5.904471588E0,3.265758820E0
6.283415875E1,-1.517693939E0,7.054230652E0,3.882027283E0
6.285420175E1,-3.755690002E-1,7.835605774E0,2.107916565E0
6.287424475E1,-5.393284607E-1,7.992479553E0,1.868115234E0
6.289428775E1,-1.513652344E0,8.196355591E0,2.859503632E0
6.291433075E1,-2.608625336E0,8.440797272E0,2.543361053E0
6.293437375E1,-2.929408264E0,8.958420868E0,1.446292419E0
6.295441575E1,-1.702858887E0,9.141490173E0,7.707472229E-1
6.297445875E1,-9.651928711E-1,9.181007996E0,5.343887329E-1
6.299450175E1,-4.584965515E-1,9.260193329E0,7.247927856E-1
6.301454475E1,3.537144470E-1,9.987530823E0,6.289920044E-1
6.303458775E1,6.812333679E-1,1.061592407E1,9.749226379E-1
6.305463075E1,7.379653931E-2,1.028975235E1,1.486408997E0
6.307467375E1,-1.262474670E0,9.443861389E0,1.615290985E0
6.309471575E1,-2.330054626E0,8.747659149E0,1.788630524E0
6.311475875E1,-2.146835632E0,8.890761566E0,1.844314728E0
6.313480175E1,-1.856289825E0,9.101822662E0,1.197210388E0
6.315484475E1,-1.081950073E0,9.516909485E0,6.938072205E-1
6.317488775E1,2.260299683E-2,1.001851639E1,8.581654358E-1
6.319493075E1,4.348457336E-1,9.841434631E0,1.583856354E0
6.321497375E1,8.530760193E-1,9.620194702E0,2.422861633E0
6.323501675E1,9.054670715E-1,1.011401779E1,2.339035950E0
6.325505875E1,3.915856934E-1,1.089075256E1,2.010169830E0
6.327510175E1,-1.398092651E-1,1.236847961E1,1.407523041E0
6.329514475E1,3.656895447E-1,1.406280624E1,-4.635859680E-1
6.331518775E1,7.283853149E-1,1.430994232E1,-1.994153137E0
6.333523075E1,-5.373825073E-1,1.460198502E1,-1.987716522E0
6.335527375E1,-2.984344025E0,1.276156219E1,-6.487509155E-1
6.337531675E1,-4.513114929E0,1.051248917E1,-3.993695068E-1
6.339535975E1,-3.717369690E0,9.983339539E0,-3.502716064E-1
6.341540175E1,-1.818119202E0,1.162752045E1,8.232879639E-3
6.343544475E1,-1.116677856E0,1.317859497E1,7.542814636E-1
6.345548771E1,-6.230044556E-1,1.344728622E1,3.208428040E0
6.347553071E1,-4.764591980E-1,1.132470016E1,4.634213104E0
6.349557371E1,-1.616488495E0,9.812993774E0,4.783153381E0
6.351561671E1,-3.359014893E0,1.047147446E1,3.294349365E0
6.353565971E1,-3.167413330E0,1.085467758E1,1.677411804E0
6.355570271E1,-1.920955353E0,1.088716003E1,6.861730957E-1
6.357574471E1,-6.063890076E-1,1.033540741E1,-1.235680389E0
6.359578771E1,-9.292675781E-1,8.551267548E0,-2.637066193E0
6.361583071E1,-1.627565460E0,6.185437317E0,1.206640778E0
6.363587371E1,-1.225501556E0,4.339925079E0,4.282594299E0
6.365591671E1,-5.746549988E-1,3.557801514E0,3.927083588E0
6.367595971E1,-3.179388428E-1,2.988086243E0,3.585044861E0
6.369600271E1,-8.866062927E-1,2.958298187E0,3.686533813E0
6.371604571E1,-2.229463806E0,2.763253784E0,4.202361145E0
6.373608771E1,-2.530338135E0,3.069367218E0,5.764213257E0
6.375613071E1,-2.741099854E0,2.966830444E0,6.585854645E0
6.377617371E1,-2.729573822E0,2.268083496E0,7.099137268E0
6.379621671E1,-2.668650513E0,1.409618683E0,7.536976776E0
6.381625971E1,-2.754122772E0,1.969454498E0,7.544161835E0
6.383630271E1,-2.477947083E0,2.201621704E0,7.269333344E0
6.385634571E1,-1.683549042E0,2.464026031E0,9.196425934E0
6.387638871E1,-7.592211914E-1,3.187172241E0,1.179577057E1
6.389643071E1,-3.809428253E0,7.695497131E0,1.120869141E1
6.391647371E1,-5.293891296E0,1.893113251E1,7.264842682E0
6.393651671E1,-1.099957626E1,5.356760559E0,2.451152802E0
6.395655971E1,-4.171525269E0,2.663710785E0,1.168485123E1
6.397660271E1,-1.104553070E0,5.610033875E0,4.464316406E0
6.399664571E1,-1.097068634E0,1.188498505E1,4.409829712E0
6.401668871E1,-2.759511566E0,1.367571121E1,4.074377289E0
6.403673171E1,-5.180127869E0,1.038121216E1,5.423821106E0
6.405677371E1,-3.441343689E0,7.328460388E0,5.407205658E0
6.407681671E1,-1.217118988E0,7.056625671E0,4.203708344E0
6.409685971E1,-3.999682617E-1,8.589138794E0,2.897374878E0
6.411690271E1,-2.703378296E-1,1.013826736E1,2.046693878E0
6.413694571E1,-4.417314148E-1,1.093955109E1,1.922901306E0
6.415698871E1,-1.070274353E0,1.077968353E1,3.006198578E0
6.417703171E1,-2.017504578E0,9.482331390E0,3.146157532E0
6.419707471E1,-1.854792938E0,7.845634918E0,3.262016602E0
6.421711671E1,-1.692380676E0,6.769073639E0,2.796634369E0
6.423715971E1,-1.638043671E0,6.888824615E0,2.006427612E0
6.425720271E1,-1.775457916E0,7.973918152E0,1.111289062E0
6.427724571E1,-1.821562042E0,8.868607635E0,8.155041504E-1
6.429728871E1,-7.048841858E-1,8.781638489E0,1.096469879E0
6.431733171E1,-2.694396973E-2,8.465346222E0,1.156644745E0
6.433737471E1,-9.108558655E-1,8.100105743E0,1.182091827E0
6.435741771E1,-1.692829742E0,8.275091858E0,2.063459015E0
6.437745971E1,-1.802102509E0,9.056766357E0,2.908302155E0
6.439750271E1,-1.447639618E0,9.585167542E0,2.474953308E0
6.441754571E1,-1.256786499E0,9.606722717E0,2.870580597E0
6.443758871E1,-1.549278259E-1,9.731563110E0,3.141517181E0
6.445763150E1,1.442849579E0,9.872120819E0,2.749931488E0
6.447767450E1,1.583107910E0,9.926906891E0,1.743274841E0
6.449771750E1,2.414479065E-1,1.063942520E1,1.249751129E0
6.451776050E1,-7.180567932E-1,1.115839600E1,7.810757446E-1
6.453780350E1,-1.167272644E0,1.323906921E1,-1.442999268E-1
6.455784550E1,-5.334906006E-1,1.435874084E1,-1.967508545E0
6.457788850E1,-8.726852417E-1,1.517319717E1,-1.755100250E0
6.459793150E1,-2.712808685E0,1.346914078E1,3.008743286E-2
6.461797450E1,-3.974085846E0,1.162976578E1,3.721261597E-1
6.463801750E1,-3.301983490E0,9.763895874E0,-6.212081909E-2
6.465806050E1,-1.147813110E0,1.159009827E1,6.110293579E-1
6.467810350E1,-3.547622681E-1,1.373004822E1,2.000589752E0
6.469814650E1,-4.061054993E-1,1.354173981E1,3.385958862E0
6.471818950E1,-1.191671906E0,1.141660904E1,4.045786743E0
6.473823150E1,-1.387913818E0,9.986483002E0,5.135969696E0
6.475827450E1,-3.369343414E0,9.030271454E0,3.491489410E0
6.477831750E1,-4.052822113E0,9.909542999E0,4.056564331E-1
6.479836050E1,-2.201022949E0,1.014350647E1,-1.880838776E0
6.481840350E1,-1.276096344E0,9.233399048E0,-2.221829681E0
6.483844650E1,-1.450034637E0,8.261769562E0,-2.061363373E0
6.485848950E1,-1.034798126E0,7.905510406E0,6.122268677E-1
6.487853250E1,-1.792372742E0,6.120472412E0,4.610113220E0
6.489857450E1,-2.195634155E0,5.052892456E0,3.779939575E0
6.491861750E1,-2.430495758E0,4.086502075E0,2.841540985E0
6.493866050E1,-1.436562653E0,4.428391113E0,4.158502350E0
6.495870350E1,-1.530417480E0,5.051096191E0,4.636458435E0
6.497874650E1,-1.775158539E0,5.491779785E0,4.076921997E0
6.499878950E1,-2.193089447E0,4.994663544E0,4.573289795E0
6.501883250E1,-2.758314056E0,4.256249084E0,4.965773621E0
6.503887550E1,-2.925366669E0,3.324885864E0,5.374274139E0
6.505891850E1,-2.974763947E0,2.466271362E0,7.161856842E0
6.507896150E1,-1.779499512E0,3.159330139E0,7.797884216E0
6.509900350E1,-1.391506348E0,4.099974060E0,7.863298187E0
6.511904650E1,-1.141825562E0,3.820954285E0,8.832981720E0
6.513908950E1,-5.592370605E-1,4.049978027E0,1.063987427E1
6.515913250E1,-6.968009949E-1,3.586392059E0,9.328152008E0
6.517917550E1,-3.135529633E0,-6.554869080E-1,1.525328064E0
6.519921850E1,-8.985664215E0,1.205622894E1,1.904968597E1
6.521926150E1,-2.480342102E-1,2.981949005E1,3.794758759E0
6.523930450E1,-1.127186005E1,4.856051788E0,-6.027964783E-1
6.525934750E1,-1.283281403E0,-2.472109222E0,1.467518280E1
6.527938950E1,4.074526978E0,5.269192657E0,1.502126312E0
6.529943250E1,-2.436932373E0,1.069795349E1,2.453547821E0
6.531947550E1,-4.559518433E0,1.381357452E1,3.676504669E0
6.533951850E1,-5.347180481E0,1.001193008E1,5.085823975E0
6.535956150E1,-2.393822021E0,8.230484619E0,5.307213593E0
6.537960450E1,-9.327104187E-1,8.278834076E0,3.129542084E0
6.539964750E1,-9.223818970E-1,9.094936981E0,2.045346680E0
6.541969050E1,-1.626218262E0,9.761201477E0,1.644480286E0
6.543973350E1,-1.803000641E0,9.895172882E0,1.712289276E0
6.545977958E1,-1.687440948E0,9.376501465E0,1.976340179E0
6.547982158E1,-1.778152313E0,8.275690613E0,1.640887756E0
6.549986458E1,-1.649869080E0,7.776179352E0,1.512903900E0
6.551990758E1,-1.560055847E0,7.670798492E0,1.367855530E0
6.553995058E1,-1.421593781E0,8.091723175E0,1.277293854E0
6.555999358E1,-1.028361511E0,8.547225952E0,1.135388947E0
6.558003658E1,-5.533992004E-1,8.743916931E0,1.314865723E0
6.560007958E1,-7.316784668E-1,8.740324402E0,7.180567932E-1
6.562012258E1,-1.423689423E0,8.756341095E0,1.284179535E0
6.564016558E1,-1.749561768E0,8.751101990E0,1.841021576E0
6.566020858E1,-1.661544800E0,8.875193939E0,1.943857727E0
6.568025058E1,-1.276096344E0,9.084159393E0,1.925595703E0
6.570029358E1,-5.177732849E-1,9.428293762E0,1.719324646E0
6.572033658E1,1.978884888E-1,9.858648834E0,1.011296997E0
6.574037958E1,6.625222778E-1,9.979297943E0,8.442443848E-1
6.576042258E1,4.938230896E-1,9.574240265E0,1.763033752E0
6.578046558E1,-2.312690735E-1,9.449549561E0,2.196981354E0
6.580050858E1,-5.294490051E-1,9.842781830E0,2.193239136E0
6.582055158E1,-8.071215820E-1,1.036010605E1,1.883084106E0
6.584059458E1,-1.276695099E0,1.198033676E1,1.501078491E0
6.586063658E1,7.828720093E-2,1.211176346E1,-9.270222473E-1
6.588067958E1,4.540058899E-1,1.298938843E1,-3.374582520E0
6.590072258E1,-2.450404358E-1,1.318548065E1,-2.140848083E0
6.592076558E1,-4.180506592E0,1.241682907E1,-9.319619751E-1
6.594080858E1,-3.595223694E0,1.167227737E1,-1.592388611E0
6.596085158E1,-7.494914246E-1,1.213496521E1,-1.657054138E-1
6.598089458E1,2.631527710E-1,1.260873001E1,1.552721100E0
6.600093758E1,3.101550293E-1,1.287293060E1,2.377056885E0
6.602098058E1,5.673202515E-1,1.257714569E1,1.899699554E0
6.604102358E1,6.129753113E-1,1.180714691E1,7.598199463E-1
6.606106558E1,-5.478607178E-1,1.039034317E1,3.248245239E-2
6.608110858E1,-2.596799927E0,1.052551208E1,4.397854614E-1
6.610115158E1,-4.922663269E0,1.048075516E1,1.700763245E0
6.612119458E1,-4.392016754E0,9.880204010E0,2.967728577E0
6.614123758E1,-1.524280243E0,9.144034882E0,2.273771667E0
6.616128058E1,-4.906796265E-1,8.832832031E0,2.152523804E-1
6.618132358E1,-1.386117554E-1,9.132359161E0,-1.808988190E0
6.620136658E1,3.514691162E-1,9.629625092E0,-5.116360474E-1
6.622140958E1,3.760180664E-1,9.809401245E0,3.743565216E0
6.624145258E1,-1.165326691E0,9.124575348E0,3.796854401E0
6.626149458E1,-2.613415375E0,7.277566223E0,2.215093689E0
6.628153758E1,-3.462898865E0,5.688620453E0,2.733765106E0
6.630158058E1,-3.072510681E0,4.387675781E0,3.553610229E0
6.632162358E1,-1.621278534E0,3.670217743E0,4.396806793E0
6.634166658E1,-7.453001404E-1,3.089275818E0,5.354664917E0
6.636170958E1,-1.069376221E0,3.411405945E0,6.150709534E0
6.638175258E1,-1.541494446E0,4.239783325E0,6.368057556E0
6.640179558E1,-1.826052704E0,4.269870758E0,5.932613068E0
6.642183858E1,-1.887125702E0,3.065924377E0,5.233417053E0
6.644188158E1,-2.066452789E0,2.191742249E0,7.376360779E0
6.646192025E1,-1.280886383E0,2.710114288E0,9.722881165E0
6.648196325E1,1.437760162E0,3.661535797E0,1.172721313E1
6.650200625E1,1.010847931E0,4.044738922E0,9.040300598E0
6.652204925E1,-4.896916809E0,-1.320703583E0,-3.591930542E0
6.654209225E1,-1.438014633E1,9.996362457E0,1.806892548E1
6.656213525E1,-1.266815643E0,2.009466293E1,1.151660110E1
6.658217825E1,-3.852987671E0,7.303911438E0,4.029470673E0
6.660222125E1,-2.430944824E-1,5.725443878E0,5.895639954E0
6.662226425E1,-1.344653778E0,1.025786865E1,6.838229828E0
6.664230725E1,-3.458108826E0,1.254915390E1,3.780688019E0
6.666235025E1,-4.409979401E0,1.164009430E1,4.391268311E0
6.668239225E1,-3.029100952E0,8.832981720E0,3.890709229E0
6.670243525E1,-1.393152924E0,8.252339172E0,3.688030701E0
6.672247825E1,-1.308429108E0,8.179141388E0,3.327280884E0
6.674252125E1,-1.497485962E0,8.782985687E0,2.380050659E0
6.676256425E1,-2.062411194E0,9.789941711E0,1.675914917E0
6.678260725E1,-2.106120300E0,9.937983856E0,1.877246246E0
6.680265025E1,-1.529369659E0,8.723409576E0,2.368225250E0
6.682269325E1,-1.292113037E0,7.372319183E0,2.141446838E0
6.684273625E1,-1.400038605E0,6.838529205E0,1.924098816E0
6.686277925E1,-1.389560394E0,7.440726929E0,1.844464417E0
6.688282125E1,-1.230740662E0,8.485404510E0,1.291214905E0
6.690286425E1,-7.812254333E-1,9.163045349E0,1.253792725E0
6.692290725E1,2.366578674E-1,8.626261597E0,1.095422058E0
6.694295025E1,5.604345703E-1,8.329279175E0,1.082399139E0
6.696299325E1,-5.367837524E-1,9.015152893E0,1.415007477E0
6.698303625E1,-1.357527008E0,9.230255585E0,2.496059418E0
6.700307925E1,-1.266815643E0,9.040300598E0,2.394570465E0
6.702312225E1,-8.610095215E-1,9.131161652E0,1.834884338E0
6.704316525E1,-8.916957092E-1,9.493108978E0,1.393003235E0
6.706320825E1,-3.835025024E-1,9.595945129E0,1.709295502E0
6.708325125E1,6.390211487E-1,9.851463776E0,1.889969788E0
6.710329325E1,8.647517395E-1,1.006926086E1,2.163900146E0
6.712333625E1,6.134243774E-1,1.018811371E1,2.284848633E0
6.714337925E1,4.349954224E-1,1.025008484E1,2.131118317E0
6.716342225E1,2.477348328E-1,1.035082535E1,1.046773224E0
6.718346525E1,-1.722917175E-1,1.061367874E1,-9.105564880E-1
6.720350825E1,1.434017944E-1,1.202389618E1,-2.517315216E0
6.722355125E1,-4.646337891E-1,1.454420517E1,-3.630999298E0
6.724359425E1,-2.851121063E0,1.481813553E1,-2.402803345E0
6.726363725E1,-6.390061798E0,1.322365128E1,8.681945801E-3
6.728368025E1,-5.960455170E0,1.043989014E1,-1.351389771E0
6.730372325E1,-1.023870850E0,1.177705948E1,-1.431922302E0
6.732376525E1,1.421593781E0,1.379980316E1,1.272354126E0
6.734380825E1,1.568438416E0,1.457713669E1,3.786376190E0
6.736385125E1,5.927673340E-2,1.317051178E1,5.591771851E0
6.738389425E1,-2.262395325E0,1.104268661E1,7.031627655E0
6.740393725E1,-4.318070526E0,9.674382019E0,4.190685425E0
6.742398025E1,-5.067262573E0,1.022179367E1,-1.203048248E0
6.744402325E1,-3.406915283E0,9.778864746E0,-3.112776947E0
6.746406663E1,-1.942660217E0,8.145760803E0,-1.781295776E0
6.748410963E1,-3.125500488E-1,8.248447266E0,-9.919871521E-1
6.750415263E1,7.194039917E-1,1.001851639E1,3.778891754E0
6.752419463E1,-2.384691010E0,7.166197815E0,6.438560944E0
6.754423763E1,-2.548450470E0,4.758005676E0,2.597398682E0
6.756428063E1,-1.943109283E0,3.949536896E0,2.008523254E0
6.758432363E1,-1.435514832E0,4.009861450E0,2.496059418E0
6.760436663E1,-1.885030060E0,3.955524445E0,4.023034058E0
6.762440963E1,-2.045945435E0,3.995491333E0,5.973478088E0
6.764445263E1,-2.072440338E0,4.138593750E0,6.235283661E0
6.766449563E1,-2.645299072E0,3.642525330E0,5.147944794E0
6.768453863E1,-2.744692383E0,2.736010437E0,4.913681946E0
6.770458163E1,-2.672991486E0,1.787433014E0,6.218668213E0
6.772462462E1,-2.087409210E0,2.047292633E0,7.695497131E0
6.774466663E1,-1.537752228E0,2.334694977E0,1.049243088E1
6.776470963E1,-1.112935638E0,3.460054779E0,1.533575912E1
6.778475263E1,-2.041155396E0,4.272116089E-1,6.886878662E0
6.780479563E1,-5.507646790E0,-1.802551575E0,-4.248165894E-1
6.782483863E1,-2.684068451E0,2.387939255E1,1.960203735E1
6.784488163E1,-7.416776733E0,1.813374069E1,-9.556127930E-1
6.786492463E1,-5.582790527E0,2.654879150E0,8.649313660E0
6.788496763E1,2.454745331E0,4.939428406E0,4.864733734E0
6.790501062E1,-8.593629456E-1,1.043285477E1,3.541186066E0
6.792505363E1,-3.668870544E0,1.263178207E1,3.320694580E0
6.794509663E1,-4.733606415E0,1.083985840E1,3.189267883E0
6.796513863E1,-2.793341217E0,9.275760956E0,4.164489899E0
6.798518163E1,-1.004111938E0,8.589138794E0,3.019969940E0
6.800522463E1,-1.397344208E0,8.610394592E0,1.877545624E0
6.802526763E1,-2.504292297E0,9.294771423E0,2.034419403E0
6.804531063E1,-1.748663635E0,9.353748779E0,1.841171265E0
6.806535363E1,-5.833369446E-1,8.623118134E0,2.114802246E0
6.808539662E1,-4.200265503E-1,7.774532776E0,2.242935791E0
6.810543963E1,-9.237290955E-1,7.585026855E0,2.127825165E0
6.812548263E1,-1.301842804E0,8.081394653E0,1.710343323E0
6.814552563E1,-1.270557861E0,8.744964752E0,1.470691681E0
6.816556863E1,-1.002016296E0,8.752149811E0,1.542991333E0
6.818561163E1,-6.123765564E-1,8.616382141E0,1.235530701E0
6.820565363E1,-7.002438354E-1,8.624914398E0,7.798782349E-1
6.822569663E1,-1.145118713E0,8.702303467E0,1.537303162E0
6.824573963E1,-1.062191162E0,8.795110474E0,2.055525513E0
6.826578262E1,-6.771917725E-1,9.026529236E0,2.348765717E0
6.828582563E1,-4.297563171E-1,9.195677490E0,1.694775696E0
6.830586863E1,1.496887207E-1,9.705367584E0,1.757944336E0
6.832591163E1,6.089337158E-1,9.898316345E0,1.950444031E0
6.834595463E1,7.756869507E-1,9.739346924E0,1.996847534E0
6.836599763E1,8.622070313E-1,9.848170624E0,1.437161407E0
6.838604063E1,5.731581116E-1,1.023646317E1,1.012943573E0
6.840608363E1,3.149450684E-1,1.013617172E1,1.154848480E0
6.842612563E1,2.800675964E-1,1.027957352E1,7.140151978E-2
6.844616862E1,4.713697815E-1,1.126227997E1,-2.118544464E0
6.846621125E1,-4.379891968E-1,1.306064026E1,-3.514242096E0
6.848625425E1,-1.646426239E0,1.347243393E1,-3.095263367E0
6.850629725E1,-3.916306000E0,1.397508865E1,-9.192384338E-1
6.852634025E1,-4.995411987E0,1.298744247E1,5.089416504E-1
6.854638325E1,-1.617236938E0,1.200308945E1,-9.517208862E-1
6.856642625E1,7.932005310E-1,1.250260071E1,2.978805542E-2
6.858646925E1,1.135239258E0,1.331062042E1,2.701132965E0
6.860651225E1,6.668632507E-1,1.315868637E1,3.744463348E0
6.862655525E1,-4.342469788E-1,1.261082565E1,3.445684662E0
6.864659725E1,-1.924996948E0,1.177376633E1,1.836381226E0
6.866664025E1,-4.445904694E0,1.009186386E1,8.979826355E-1
6.868668325E1,-4.514462128E0,1.016326538E1,1.464704132E0
6.870672625E1,-2.051334229E0,9.810748444E0,1.643282776E0
6.872676925E1,-1.486408997E0,8.347990265E0,-6.047424316E-2
6.874681225E1,-1.327439575E0,7.710466003E0,-1.759291534E0
6.876685525E1,-1.838177490E-1,8.275391235E0,-2.441423035E0
6.878689825E1,1.103505249E0,8.716823273E0,1.632056122E0
6.880694125E1,-6.824308777E-1,7.141199799E0,6.909481659E0
6.882698425E1,-1.847158813E0,5.861959991E0,3.282673645E0
6.884702725E1,-2.448308716E0,5.579048309E0,1.911974030E0
6.886707025E1,-2.237097931E0,5.522765350E0,2.200124817E0
6.888711225E1,-1.546434174E0,5.364394684E0,3.094514923E0
6.890715525E1,-1.755100250E0,4.568649445E0,4.158053284E0
6.892719825E1,-2.029180298E0,3.949387207E0,4.797074432E0
6.894724125E1,-2.059417419E0,3.530408478E0,5.549260254E0
6.896728425E1,-1.550625458E0,2.797233124E0,6.896907806E0
6.898732725E1,-1.234482880E0,2.280357971E0,8.354576569E0
6.900737025E1,-9.433383179E-1,2.629731445E0,8.800948334E0
6.902741325E1,-3.165916443E-1,3.465742950E0,1.031205597E1
6.904745625E1,1.872605896E-1,4.409081268E0,1.207703568E1
6.906749925E1,-2.928959198E0,1.592987366E0,5.217999115E0
6.908754225E1,-7.494315491E0,4.657564545E0,7.735314331E0
6.910758525E1,-3.272045746E0,2.049732559E1,1.135568573E1
6.912762725E1,-7.311246185E0,1.597986969E1,2.767295380E0
6.914767025E1,-2.076332245E0,5.011728058E0,5.558391266E0
6.916771325E1,3.808081055E-1,5.035827942E0,5.042713623E0
6.918775625E1,-1.596430206E0,9.462273102E0,3.489543457E0
6.920779925E1,-3.558699646E0,1.125943588E1,3.460503845E0
6.922784225E1,-3.662433929E0,1.025113266E1,3.626059570E0
6.924788525E1,-2.112407227E0,9.044491882E0,3.208727417E0
6.926792825E1,-1.188678131E0,8.727750549E0,2.499352570E0
6.928797125E1,-1.176553345E0,9.404642944E0,1.902992706E0
6.930801425E1,-1.461710358E0,1.028571075E1,1.608405304E0
6.932805725E1,-1.186432800E0,1.035980667E1,1.836680603E0
6.934810025E1,-9.803114319E-1,9.393266602E0,2.240391083E0
6.936814225E1,-9.334588623E-1,8.195307770E0,2.240540771E0
6.938818525E1,-8.011340332E-1,7.818391571E0,1.772314453E0
6.940822825E1,-4.571493530E-1,8.424780579E0,1.263971558E0
6.942827125E1,-1.472937012E-1,8.829688568E0,8.096662903E-1
6.944831425E1,9.849517822E-2,8.509953461E0,7.074288940E-1
6.946835713E1,2.016307068E-1,8.325686646E0,5.484594727E-1
6.948840013E1,-7.490423584E-1,8.568032684E0,1.245410156E0
6.950844312E1,-1.470092926E0,8.764873352E0,2.064955902E0
6.952848613E1,-1.411414948E0,8.706195374E0,2.223176880E0
6.954852913E1,-7.593708801E-1,8.798253937E0,2.176174622E0
6.956857213E1,1.754351807E-1,9.411229248E0,1.978286133E0
6.958861513E1,8.872050476E-1,1.001178040E1,1.051114197E0
6.960865813E1,1.156345367E0,1.035786072E1,8.604107666E-1
6.962870013E1,9.210346985E-1,9.981393585E0,1.958078156E0
6.964874313E1,2.851570129E-1,9.470505981E0,2.126927032E0
6.966878613E1,1.288819885E-1,9.956844635E0,1.542991333E0
6.968882912E1,1.193019104E-1,1.019185593E1,4.501139832E-1
6.970887213E1,-1.101708984E-1,1.077668976E1,-1.465901642E0
6.972891513E1,1.613644409E-1,1.249182312E1,-3.744613037E0
6.974895813E1,-3.029699707E-1,1.402358780E1,-4.227957916E0
6.976900113E1,-1.760638733E0,1.462653397E1,-1.259929962E0
6.978904413E1,-4.986280975E0,1.355191864E1,1.602866821E0
6.980908713E1,-3.469634857E0,1.161060562E1,-1.441053314E0
6.982913013E1,-7.256909180E-1,1.221639587E1,-1.043480072E0
6.984917313E1,-2.095642090E-2,1.308309357E1,1.180594940E0
6.986921512E1,2.784210205E-1,1.317440369E1,1.904339905E0
6.988925813E1,3.062631226E-1,1.256801468E1,1.817221069E0
6.990930113E1,-6.137237549E-1,1.196177536E1,1.288370819E0
6.992934413E1,-2.105820923E0,1.048704208E1,5.795947266E-1
6.994938713E1,-2.716850281E0,9.174721069E0,6.364764404E-1
6.996943013E1,-2.042652283E0,9.010961609E0,1.161285095E0
6.998947313E1,-1.218166809E0,9.322912903E0,2.679428101E0
7.000951613E1,-1.111887817E0,9.237290955E0,4.207300873E0
7.002955913E1,-1.199306030E0,8.778045959E0,1.498084717E0
7.004960213E1,-6.056405640E-1,7.605983276E0,-1.059496765E0
7.006964513E1,-1.654659119E0,5.961652679E0,-1.089883575E0
7.008968813E1,-2.177970886E0,5.478906555E0,2.986289978E-1
7.010973113E1,-1.650018768E0,5.420228577E0,3.705095215E0
7.012977413E1,-9.868977356E-1,5.914201355E0,6.145769806E0
7.014981613E1,-1.454375610E0,5.676495667E0,4.953349457E0
7.016985913E1,-2.032473450E0,5.619015198E0,4.345313873E0
7.018990213E1,-2.313738556E0,5.382956085E0,4.911137238E0
7.020994513E1,-2.068249054E0,4.700674896E0,5.203928375E0
7.022998813E1,-2.021097107E0,4.061653748E0,6.497238922E0
7.025003113E1,-1.970502319E0,3.743864594E0,7.443870392E0
7.027007413E1,-2.636766815E0,2.983445892E0,7.410489807E0
7.029011713E1,-2.596799927E0,2.482737122E0,7.199129333E0
7.031016013E1,-1.296004944E0,3.134631500E0,8.647667084E0
7.033020313E1,-5.851332092E-1,3.637286224E0,1.045201492E1
7.035024613E1,-6.283932495E-1,2.142344971E0,6.267616425E0
7.037028913E1,-4.441114655E0,1.908531189E-1,4.576582947E0
7.039033213E1,-4.732558594E0,1.716750000E1,1.962868195E1
7.041037513E1,-9.182055817E0,1.539802963E1,-2.321672058E-1
7.043041713E1,-5.250780945E0,7.145391083E0,8.121062164E0
7.045046013E1,6.054908752E-1,4.719535675E0,4.669240265E0
7.047050346E1,-1.544488220E0,8.686586151E0,4.100722504E0
7.049054646E1,-2.946472778E0,1.208586731E1,5.101391602E0
7.051058946E1,-4.165238342E0,1.111468689E1,4.685406647E0
7.053063246E1,-3.092718658E0,8.443042603E0,4.900209961E0
7.055067546E1,-1.107397156E0,7.691006470E0,3.533701630E0
7.057071846E1,-4.381388855E-1,8.414002991E0,2.723885651E0
7.059076146E1,-8.469387817E-1,1.001851639E1,2.458188171E0
7.061080446E1,-1.393003235E0,1.106558899E1,2.325114899E0
7.063084746E1,-1.109193420E0,1.049512527E1,2.419418793E0
7.065089046E1,-6.251000977E-1,8.483009491E0,2.071841583E0
7.067093346E1,-1.332379303E0,7.322472839E0,1.934876404E0
7.069097646E1,-1.963317261E0,7.321874084E0,2.214045868E0
7.071101946E1,-1.919907532E0,7.906109161E0,1.246457977E0
7.073106246E1,-1.655257874E0,8.431217194E0,1.179696808E0
7.075110446E1,-1.046473846E0,8.230334930E0,1.418600006E0
7.077114746E1,-4.128414917E-1,8.138725433E0,1.408271484E0
7.079119046E1,-5.239105225E-2,8.385562134E0,1.088386688E0
7.081123346E1,-3.397933960E-2,8.465046844E0,1.330583038E0
7.083127646E1,-2.737806702E-1,8.933722229E0,1.360820160E0
7.085131946E1,-4.306544495E-1,9.365873566E0,1.234482880E0
7.087136246E1,-5.737568665E-1,9.214987335E0,1.648671570E0
7.089140546E1,-7.126679993E-1,9.529183960E0,1.615290985E0
7.091144846E1,-8.782237244E-1,9.860445099E0,1.769021301E0
7.093149146E1,-4.975653076E-1,9.925410004E0,1.894610138E0
7.095153446E1,-1.175056458E-1,9.969268799E0,1.876497803E0
7.097157746E1,7.544311523E-2,9.855505371E0,1.172511749E0
7.099162046E1,2.420466614E-1,1.008647507E1,3.188369751E-1
7.101166346E1,-1.487905884E-1,1.042552002E1,-2.306703186E-1
7.103170646E1,-4.620890808E-1,1.110989685E1,-9.792636108E-1
7.105174946E1,4.254153442E-1,1.217627930E1,-2.370919647E0
7.107179146E1,8.307723999E-2,1.434721481E1,-3.153791656E0
7.109183446E1,-1.859582977E0,1.480571136E1,-1.284179535E0
7.111187746E1,-4.480782166E0,1.347423019E1,5.803431702E-1
7.113192046E1,-2.542313232E0,1.117501144E1,-3.156935120E-1
7.115196346E1,8.666976929E-2,1.150253036E1,-7.200027466E-2
7.117200646E1,1.913021851E-1,1.289822800E1,8.059240723E-1
7.119204946E1,-6.002517700E-2,1.325224182E1,1.797013092E0
7.121209246E1,-5.032534790E-1,1.255199799E1,3.084336090E0
7.123213546E1,-1.504671021E0,1.171299271E1,3.737278290E0
7.125217846E1,-2.437830505E0,1.020622604E1,2.372566223E0
7.127222146E1,-3.255280609E0,9.660011902E0,1.928290100E0
7.129226446E1,-1.916315002E0,1.068118835E1,1.804796906E0
7.131230746E1,-1.152303772E0,9.970017242E0,4.369413757E-1
7.133235046E1,-9.604028320E-1,9.523944855E0,3.906875610E-2
7.135239346E1,-1.431772614E0,9.056466980E0,-9.235794067E-1
7.137243646E1,-1.790576477E0,8.425379333E0,5.125341797E-1
7.139247946E1,-2.348765717E0,7.763455811E0,3.686084747E0
7.141252246E1,-2.023941193E0,6.266568604E0,4.596192169E0
7.143256546E1,-1.946103058E0,4.726720734E0,2.554438019E0
7.145260746E1,-1.104852448E0,4.148772583E0,2.404898987E0
7.147265071E1,-6.349795532E-1,4.713398438E0,3.826193390E0
7.149269371E1,-8.553213501E-1,5.460494843E0,4.587061157E0
7.151273671E1,-1.267115021E0,5.453160095E0,5.556145935E0
7.153277971E1,-1.626817017E0,4.640500031E0,6.014642487E0
7.155282271E1,-2.809507599E0,4.203858032E0,5.791905670E0
7.157286571E1,-3.265160065E0,4.513713684E0,5.871989136E0
7.159290871E1,-2.895877991E0,4.361180878E0,6.666237488E0
7.161295171E1,-2.701432343E0,3.818409576E0,6.702761536E0
7.163299471E1,-3.147804108E0,3.165167999E0,6.669680328E0
7.165303771E1,-2.825973358E0,2.558479614E0,7.376211090E0
7.167308071E1,-2.147733765E0,2.468666382E0,7.530091095E0
7.169312371E1,-1.990111542E0,2.689307556E0,7.522756348E0
7.171316671E1,-2.312541046E0,3.177891541E0,7.128027191E0
7.173320971E1,-2.491119690E0,3.861968994E0,8.310119019E0
7.175325271E1,-1.988464966E0,4.869374084E0,1.206326431E1
7.177329571E1,-3.210224304E0,1.118653748E1,1.334804260E1
7.179333871E1,-5.398972778E0,1.709220657E1,4.626878357E0
7.181338171E1,-1.041100021E1,5.077441406E-1,5.843398590E0
7.183342371E1,-1.737137604E0,3.560346222E0,1.483520004E1
7.185346671E1,1.219214630E0,9.319619751E0,1.379830627E0
7.187350971E1,-1.989662476E0,1.323472824E1,4.475842438E0
7.189355271E1,-2.745141449E0,1.424452835E1,5.159021759E0
7.191359571E1,-3.979624329E0,1.017000137E1,5.009632416E0
7.193363871E1,-2.425705719E0,7.177274780E0,5.828579407E0
7.195368171E1,-1.283281403E0,6.059399414E0,4.310436401E0
7.197372471E1,-1.399739227E0,7.081623688E0,4.277355194E0
7.199376771E1,-1.255888367E0,8.672515411E0,4.174219666E0
7.201381071E1,-4.516108704E-1,9.916428680E0,3.499422913E0
7.203385371E1,5.975573730E-1,9.928104401E0,2.925666046E0
7.205389671E1,9.695338440E-1,9.356293488E0,2.121089172E0
7.207393971E1,2.151026917E-1,8.464298401E0,1.378333740E0
7.209398271E1,-1.084195404E0,8.057294769E0,1.800904999E0
7.211402571E1,-2.053579559E0,8.344697113E0,2.740501099E0
7.213406871E1,-2.468367004E0,9.104517059E0,2.970872040E0
7.215411171E1,-2.515968018E0,9.278455353E0,3.182531891E0
7.217415471E1,-1.787283325E0,8.267906799E0,1.775906982E0
7.219419771E1,-6.617738342E-1,8.018675079E0,4.923262024E-1
7.221424071E1,1.856140137E-2,8.525820465E0,-5.748046875E-2
7.223428371E1,1.806742859E-1,8.661887512E0,-3.357518005E-1
7.225432571E1,-3.249742126E-1,8.850345612E0,8.419990540E-1
7.227436871E1,-1.053808594E0,9.160800018E0,1.745220795E0
7.229441171E1,-9.660910034E-1,9.281598816E0,1.709594879E0
7.231445471E1,-8.638536072E-1,9.419312439E0,1.003513184E0
7.233449771E1,-9.988728333E-1,9.654473419E0,6.324348450E-1
7.235454071E1,-8.535250854E-1,9.565109253E0,9.801617432E-1
7.237458371E1,-4.917274475E-1,9.808054047E0,7.048841858E-1
7.239462671E1,-3.436853027E-1,9.819879456E0,1.895059204E-1
7.241466971E1,-1.098715210E-1,9.660311279E0,5.110372925E-1
7.243471271E1,1.933978271E-1,1.063119232E1,-2.679428101E-1
7.245475571E1,-1.948947144E-1,9.897867279E0,-1.554068298E0
7.247479958E1,-8.931925964E-1,9.319769440E0,-3.116519165E-1
7.249484258E1,-2.226619720E0,9.818382568E0,3.987707520E-1
7.251488558E1,-2.163750458E0,9.015302582E0,3.088078308E-1
7.253492858E1,-1.013692017E0,8.559500427E0,-1.192120972E0
7.255497158E1,2.041754150E-1,9.127569122E0,-2.186054077E0
7.257501458E1,1.395098877E-1,9.419761505E0,-1.609153748E0
7.259505758E1,-9.318122864E-1,9.831106110E0,-8.987310791E-1
7.261510058E1,-1.318009186E0,1.006327332E1,-2.067201233E-1
7.263514358E1,-1.310524750E0,9.870174866E0,-9.144483948E-1
7.265518658E1,-1.177900543E0,1.001537292E1,-7.274871826E-1
7.267522858E1,-7.819738770E-1,9.821526031E0,-1.019679565E0
7.269527158E1,-6.938072205E-1,9.722581787E0,-1.397194519E0
7.271531458E1,-6.459068298E-1,9.676627350E0,-9.370513916E-1
7.273535758E1,-5.885760498E-1,9.793683929E0,-7.369175720E-1
7.275540058E1,-7.441026306E-1,1.010353958E1,-7.508386230E-1
7.277544358E1,-8.286767578E-1,9.905351715E0,-8.081694031E-1
7.279548658E1,-8.258326721E-1,9.657167816E0,-9.837542725E-1
7.281552958E1,-1.001567230E0,9.473649445E0,-8.948391724E-1
7.283557258E1,-1.084494781E0,9.486073608E0,-7.301815796E-1
7.285561558E1,-9.375004578E-1,9.810898132E0,-9.909393311E-1
7.287565858E1,-1.151555328E0,9.998009033E0,-8.725355530E-1
7.289570158E1,-1.219813385E0,9.684860229E0,-7.897576904E-1
7.291574458E1,-1.067430267E0,9.532327423E0,-1.221609650E0
7.293578758E1,-1.134041748E0,9.746082916E0,-1.007854156E0
7.295583058E1,-1.118923187E0,9.683213654E0,-8.231382751E-1
7.297587358E1,-1.207838287E0,9.838141479E0,-8.747808838E-1
7.299591658E1,-1.289418640E0,9.889784088E0,-7.348219299E-1
7.301595958E1,-1.251248016E0,9.686357117E0,-7.394622803E-1
7.303600258E1,-1.269360352E0,9.611063690E0,-9.102571106E-1
7.305604558E1,-1.283281403E0,9.671238556E0,-8.336164856E-1
7.307608858E1,-1.024768982E0,9.623637543E0,-8.017327881E-1
7.309613158E1,-1.022074585E0,9.722881165E0,-6.822811890E-1
7.311617458E1,-1.182391205E0,9.747729492E0,-7.426057434E-1
7.313621658E1,-1.152902527E0,9.686207428E0,-7.029382324E-1
7.315625958E1,-1.168619843E0,9.747280426E0,-7.497908020E-1
7.317630258E1,-1.221310272E0,9.714498596E0,-6.057902527E-1
7.319634558E1,-1.005459137E0,9.609566803E0,-5.902226257E-1
7.321638858E1,-8.611592102E-1,9.691895599E0,-6.438111877E-1
7.323643158E1,-1.001567230E0,9.791438599E0,-6.721023560E-1
7.325647458E1,-1.005608826E0,9.675280151E0,-7.018904114E-1
7.327651758E1,-9.662406921E-1,9.719588013E0,-8.170010376E-1
7.329656058E1,-1.021026764E0,9.747729492E0,-8.433462524E-1
7.331660358E1,-1.158890076E0,9.717192993E0,-7.119195557E-1
7.333664658E1,-1.072968750E0,9.622290344E0,-7.535330200E-1
7.335668958E1,-9.770182800E-1,9.653724976E0,-7.225474548E-1
7.337673258E1,-8.699908447E-1,9.693542175E0,-6.804849243E-1
7.339677558E1,-8.873547363E-1,9.796677704E0,-7.652087402E-1
7.341681858E1,-7.976911926E-1,9.721983032E0,-7.244934082E-1
7.343686158E1,-7.036866760E-1,9.652677155E0,-6.225553894E-1
7.345690458E1,-7.093748474E-1,9.706864471E0,-5.674699402E-1
7.347694662E1,-7.529342651E-1,9.794582062E0,-5.367837524E-1
7.349698963E1,-7.101232910E-1,9.823022919E0,-6.174659729E-1
7.351703263E1,-7.135661316E-1,9.679022369E0,-6.212081909E-1
7.353707563E1,-9.008267212E-1,9.699080658E0,-5.626799011E-1
7.355711863E1,-9.590556335E-1,9.712852020E0,-6.207591248E-1
7.357716163E1,-8.707392883E-1,9.710457001E0,-6.397695923E-1
7.359720363E1,-8.812174988E-1,9.673034821E0,-7.318281555E-1
7.361724663E1,-1.012195129E0,9.709708557E0,-7.408094788E-1
7.363728963E1,-1.033600616E0,9.662556610E0,-7.634124756E-1
7.365733262E1,-9.771679688E-1,9.673932953E0,-6.954537964E-1
7.367737563E1,-9.651928711E-1,9.612261200E0,-8.298742676E-1
7.369741863E1,-9.764195251E-1,9.698631592E0,-8.809181213E-1
7.371746163E1,-9.596543884E-1,9.785001984E0,-8.530760193E-1
7.373750463E1,-9.791139221E-1,9.790989532E0,-8.247848511E-1
7.375754763E1,-9.839039612E-1,9.719887390E0,-8.744815063E-1
7.377759063E1,-9.629475403E-1,9.763596497E0,-7.946974182E-1
7.379763363E1,-8.866062927E-1,9.748178558E0,-7.954458618E-1
7.381767663E1,-8.366102600E-1,9.714348907E0,-8.008346558E-1
7.383771963E1,-8.652008057E-1,9.756261749E0,-8.879534912E-1
7.385776263E1,-9.660910034E-1,9.732311554E0,-9.297166443E-1
7.387780563E1,-1.032253418E0,9.761949921E0,-8.641529846E-1
7.389784863E1,-9.882449341E-1,9.804611206E0,-8.502319336E-1
7.391789163E1,-9.225315857E-1,9.816286926E0,-7.946974182E-1
7.393793463E1,-9.530680847E-1,9.665101318E0,-8.342152405E-1
7.395797763E1,-8.662486267E-1,9.690099335E0,-8.180488586E-1
7.397802062E1,-8.568182373E-1,9.739047546E0,-8.146060181E-1
7.399806363E1,-7.914042664E-1,9.762848053E0,-8.123606873E-1
7.401810663E1,-8.125103760E-1,9.742789764E0,-7.976911926E-1
7.403814963E1,-8.253836060E-1,9.707912292E0,-7.833210754E-1
7.405819263E1,-8.360115051E-1,9.707313538E0,-8.087681580E-1
7.407823563E1,-7.951464844E-1,9.765841827E0,-7.926017761E-1
7.409827863E1,-8.201445007E-1,9.701475677E0,-6.879693604E-1
7.411832063E1,-7.670050049E-1,9.714797974E0,-7.903564453E-1
7.413836363E1,-7.617658997E-1,9.800270233E0,-7.304809570E-1
7.415840662E1,-7.556286621E-1,9.756112061E0,-6.544390869E-1
7.417844963E1,-7.261399841E-1,9.773026886E0,-7.682025146E-1
7.419849263E1,-7.279362488E-1,9.748777313E0,-7.372169495E-1
7.421853563E1,-7.191046143E-1,9.774823151E0,-6.593788147E-1
7.423857863E1,-6.857240295E-1,9.733958130E0,-6.773414612E-1
7.425862163E1,-6.857240295E-1,9.739496613E0,-7.225474548E-1
7.427866463E1,-6.259982300E-1,9.699529724E0,-6.270460510E-1
7.429870763E1,-5.921685791E-1,9.689500580E0,-8.385562134E-1
7.431875063E1,-7.316784668E-1,9.751920776E0,-7.934999084E-1
7.433879363E1,-8.409512329E-1,9.693841553E0,-7.195536804E-1
7.435883663E1,-7.662565613E-1,9.768236847E0,-6.544390869E-1
7.437887963E1,-7.580236816E-1,9.745933228E0,-7.047344971E-1
7.439892263E1,-7.988887024E-1,9.725874939E0,-7.330256653E-1
7.441896563E1,-7.059320068E-1,9.751172333E0,-7.461982727E-1
7.443900863E1,-8.225395203E-1,9.733059998E0,-7.023394775E-1
7.445905163E1,-9.053173828E-1,9.669292603E0,-8.616082764E-1
7.447909433E1,-8.424481201E-1,9.726773071E0,-8.211923218E-1
7.449913733E1,-7.135661316E-1,9.739945679E0,-7.665559387E-1
7.451918033E1,-7.674540710E-1,9.739346924E0,-8.231382751E-1
7.453922333E1,-8.518785095E-1,9.726922760E0,-7.369175720E-1
7.455926633E1,-9.532177734E-1,9.677824860E0,-7.719447327E-1
7.457930933E1,-8.855584717E-1,9.710157623E0,-7.610174561E-1
7.459935233E1,-9.048683167E-1,9.720785522E0,-8.002359009E-1
7.461939533E1,-7.682025146E-1,9.783654785E0,-8.611592102E-1
7.463943833E1,-7.735913086E-1,9.750274200E0,-7.695497131E-1
7.465948133E1,-8.018824768E-1,9.732760620E0,-7.610174561E-1
7.467952433E1,-8.292755127E-1,9.752369843E0,-7.825726318E-1
7.469956633E1,-9.157955933E-1,9.765991516E0,-7.810757446E-1
7.471960933E1,-9.038204956E-1,9.674082642E0,-8.809181213E-1
7.473965233E1,-8.467890930E-1,9.710307312E0,-9.475296021E-1
7.475969533E1,-7.797285461E-1,9.719438324E0,-8.704399109E-1
7.477973833E1,-8.271798706E-1,9.721234589E0,-8.217910767E-1
7.479978133E1,-9.090596008E-1,9.764045563E0,-7.312294006E-1
7.481982433E1,-9.240284729E-1,9.730066223E0,-8.791218567E-1
7.483986733E1,-7.530839539E-1,9.646240540E0,-1.011147308E0
7.485991033E1,-7.997868347E-1,9.777966614E0,-8.006849670E-1
7.487995333E1,-7.767347717E-1,9.745484161E0,-7.379653931E-1
7.489999633E1,-8.187973022E-1,9.758806458E0,-7.827223206E-1
7.492003933E1,-7.426057434E-1,9.784103851E0,-8.018824768E-1
7.494008233E1,-7.586224365E-1,9.720486145E0,-8.719367981E-1
7.496012533E1,-7.503895569E-1,9.732610931E0,-7.762857056E-1
7.498016833E1,-6.988966370E-1,9.749525757E0,-6.668632507E-1
7.500021133E1,-6.369255066E-1,9.791139221E0,-7.658074951E-1
7.502025433E1,-6.520440674E-1,9.736951904E0,-7.348219299E-1
7.504029733E1,-7.069798279E-1,9.679321747E0,-7.801776123E-1
7.506034033E1,-7.725434875E-1,9.714648285E0,-7.000941467E-1
7.508038333E1,-7.125183105E-1,9.685159607E0,-6.709048462E-1
7.510042633E1,-6.825805664E-1,9.734257507E0,-6.789880371E-1
7.512046933E1,-6.782395935E-1,9.728719025E0,-6.991960144E-1
7.514051233E1,-7.292834473E-1,9.776020660E0,-7.114704895E-1
7.516055533E1,-7.402107239E-1,9.769284668E0,-5.906716919E-1
7.518059833E1,-7.189549255E-1,9.740993500E0,-6.659651184E-1
7.520064133E1,-6.387217712E-1,9.755812683E0,-7.493417358E-1
7.522068433E1,-6.478527832E-1,9.755213928E0,-6.514453125E-1
7.524072733E1,-6.785389709E-1,9.734706573E0,-6.048921204E-1
7.526077033E1,-7.030879211E-1,9.731114044E0,-6.586303711E-1
7.528081333E1,-7.310797119E-1,9.743089142E0,-6.310876465E-1
7.530085533E1,-6.926097107E-1,9.718540192E0,-5.718109131E-1
7.532089833E1,-6.527925110E-1,9.727371826E0,-6.310876465E-1
7.534094133E1,-6.650669861E-1,9.714348907E0,-6.239025879E-1
7.536098433E1,-7.409591675E-1,9.706116028E0,-6.887178040E-1
7.538102733E1,-6.849755859E-1,9.764644318E0,-6.749464417E-1
7.540107033E1,-7.517367554E-1,9.770781555E0,-5.664221191E-1
7.542111333E1,-7.864645386E-1,9.744586029E0,-5.887257385E-1
7.544115633E1,-7.451504517E-1,9.693991241E0,-6.611750793E-1
7.546119933E1,-6.727011108E-1,9.688752136E0,-6.631210327E-1
7.548124275E1,-6.322851562E-1,9.716145172E0,-6.885681152E-1
7.550128575E1,-7.375163269E-1,9.727970581E0,-7.087760925E-1
7.552132875E1,-8.478369141E-1,9.729018402E0,-5.519023132E-1
7.554137175E1,-7.749385071E-1,9.736951904E0,-5.623805237E-1
7.556141475E1,-6.304888916E-1,9.759854279E0,-6.659651184E-1
7.558145775E1,-6.391708374E-1,9.742191010E0,-6.727011108E-1
7.560150075E1,-7.116201782E-1,9.738598480E0,-7.515870667E-1
7.562154375E1,-7.686515808E-1,9.744286652E0,-6.692582703E-1
7.564158675E1,-7.593708801E-1,9.738149414E0,-6.842271423E-1
7.566162975E1,-7.345225525E-1,9.688752136E0,-7.101232910E-1
7.568167275E1,-7.538323975E-1,9.715396729E0,-7.358697510E-1
7.570171575E1,-7.559280396E-1,9.806557159E0,-6.382727051E-1
7.572175875E1,-7.426057434E-1,9.796528015E0,-5.863307190E-1
7.574180175E1,-7.150630188E-1,9.743687897E0,-5.703140259E-1
7.576184475E1,-7.628137207E-1,9.729617157E0,-6.514453125E-1
7.578188775E1,-8.062234497E-1,9.736203461E0,-6.771917725E-1
7.580193075E1,-7.806266785E-1,9.782756653E0,-6.791377258E-1
7.582197375E1,-7.987390137E-1,9.765991516E0,-7.701484680E-1
7.584201675E1,-8.252339172E-1,9.697434082E0,-6.773414612E-1
7.586205975E1,-7.574249268E-1,9.618997192E0,-7.981402588E-1
7.588210275E1,-7.432044983E-1,9.652078400E0,-9.234297180E-1
7.590214575E1,-8.321195984E-1,9.780511322E0,-8.836125183E-1
7.592218875E1,-8.951385498E-1,9.800719299E0,-7.670050049E-1
7.594223175E1,-8.238867188E-1,9.759105835E0,-6.459068298E-1
7.596227475E1,-6.557862854E-1,9.740544434E0,-7.201524353E-1
7.598231775E1,-6.388714600E-1,9.722282410E0,-8.756790161E-1
7.600236075E1,-7.635621643E-1,9.659413147E0,-9.852511597E-1
7.602240275E1,-8.476872253E-1,9.732311554E0,-8.737330627E-1
7.604244575E1,-7.973918152E-1,9.764045563E0,-8.355624390E-1
7.606248875E1,-7.110214233E-1,9.780661011E0,-6.948550415E-1
7.608253175E1,-6.200106812E-1,9.746831360E0,-8.147557068E-1
7.610257475E1,-6.099815369E-1,9.717043304E0,-8.593629456E-1
7.612261775E1,-7.038363647E-1,9.714199219E0,-8.738827515E-1
7.614266075E1,-7.785310364E-1,9.764794006E0,-8.181985474E-1
7.616270375E1,-7.559280396E-1,9.779164124E0,-7.411088562E-1
7.618274675E1,-6.515950012E-1,9.748777313E0,-7.869136047E-1
7.620278975E1,-6.521937561E-1,9.743388519E0,-8.750802612E-1
7.622283275E1,-7.500901794E-1,9.744735718E0,-9.560618591E-1
7.624287575E1,-7.831713867E-1,9.744436340E0,-7.695497131E-1
7.626291875E1,-6.890171814E-1,9.695937195E0,-7.592211914E-1
7.628296175E1,-6.096821594E-1,9.756860504E0,-7.840695190E-1
7.630300475E1,-6.664141846E-1,9.732760620E0,-8.451425171E-1
7.632304775E1,-7.506889343E-1,9.789941711E0,-6.999444580E-1
7.634309075E1,-7.098239136E-1,9.822124786E0,-6.143225098E-1
7.636313375E1,-6.494993591E-1,9.765392761E0,-7.364685059E-1
7.638317675E1,-7.256909180E-1,9.702373810E0,-8.800199890E-1
7.640321975E1,-7.671546936E-1,9.650880890E0,-9.270222473E-1
7.642326275E1,-7.673043823E-1,9.789642334E0,-8.071215820E-1
7.644330575E1,-7.656578064E-1,9.844727783E0,-7.863148499E-1
7.646334875E1,-8.128097534E-1,9.771679688E0,-7.578739929E-1
7.648339133E1,-8.455915833E-1,9.701176300E0,-7.870632935E-1
7.650343433E1,-8.394543457E-1,9.662706299E0,-8.396040344E-1
7.652347733E1,-7.679031372E-1,9.776918793E0,-8.524772644E-1
7.654352033E1,-7.023394775E-1,9.830058289E0,-7.857160950E-1
7.656356333E1,-7.532336426E-1,9.739945679E0,-7.232958984E-1
7.658360633E1,-8.126600647E-1,9.639803925E0,-7.985893250E-1
7.660364933E1,-7.926017761E-1,9.655970306E0,-8.562194824E-1
7.662369233E1,-7.691006470E-1,9.766290894E0,-7.870632935E-1
7.664373533E1,-7.652087402E-1,9.795779572E0,-7.556286621E-1
7.666377833E1,-8.120613098E-1,9.754764862E0,-7.223977661E-1
7.668382133E1,-7.982899475E-1,9.721384277E0,-7.738906860E-1
7.670386433E1,-6.750961304E-1,9.712852020E0,-7.849676514E-1
7.672390733E1,-6.587800598E-1,9.770332489E0,-7.306306458E-1
7.674395033E1,-6.712042236E-1,9.801018677E0,-6.948550415E-1
7.676399333E1,-7.009922791E-1,9.728269958E0,-6.785389709E-1
7.678403633E1,-7.059320068E-1,9.677525482E0,-7.626640320E-1
7.680407933E1,-7.090754700E-1,9.688153381E0,-6.650669861E-1
7.682412233E1,-6.788383484E-1,9.749675446E0,-6.596781921E-1
7.684416533E1,-7.018904114E-1,9.848470001E0,-6.472540283E-1
7.686420833E1,-8.156538391E-1,9.790091400E0,-6.490502930E-1
7.688425033E1,-7.833210754E-1,9.710756378E0,-6.520440674E-1
7.690429333E1,-7.723937988E-1,9.712103577E0,-5.909710693E-1
7.692433633E1,-6.252497864E-1,9.716893616E0,-6.653663635E-1
7.694437933E1,-5.933660889E-1,9.721234589E0,-6.909631348E-1
7.696442233E1,-6.716532898E-1,9.734257507E0,-5.849835205E-1
7.698446533E1,-6.301895142E-1,9.747879181E0,-5.604345703E-1
7.700450833E1,-5.945635986E-1,9.745633850E0,-6.059399414E-1
7.702455133E1,-5.806425476E-1,9.754615173E0,-4.962181091E-1
7.704459433E1,-5.789959717E-1,9.774972839E0,-4.658312988E-1
7.706463733E1,-5.029541016E-1,9.792187042E0,-4.559518433E-1
7.708468033E1,-4.884342957E-1,9.821076965E0,-3.695814514E-1
7.710472333E1,-5.378315735E-1,9.771380310E0,-4.203259277E-1
7.712476633E1,-5.465135193E-1,9.724827118E0,-4.433779907E-1
7.714480933E1,-5.188211060E-1,9.729617157E0,-4.983137512E-1
7.716485233E1,-5.400769043E-1,9.763895874E0,-4.209246826E-1
7.718489533E1,-5.578898621E-1,9.771080933E0,-4.834945679E-1
7.720493833E1,-6.101312256E-1,9.767488403E0,-3.362008667E-1
7.722498133E1,-5.355862427E-1,9.744436340E0,-4.300556946E-1
7.724502433E1,-5.577401733E-1,9.785301361E0,-4.323010254E-1
7.726506733E1,-6.848258972E-1,9.759554901E0,-4.608915710E-1
7.728511033E1,-6.688092041E-1,9.808203735E0,-4.342469788E-1
7.730515333E1,-5.143304443E-1,9.751771088E0,-4.432283020E-1
7.732519633E1,-5.929170227E-1,9.802814941E0,-5.492079163E-1
7.734523933E1,-6.646179199E-1,9.749675446E0,-5.815406799E-1
7.736528233E1,-6.752458191E-1,9.754465485E0,-6.030958557E-1
7.738532533E1,-6.566844177E-1,9.733808441E0,-6.655160522E-1
7.740536833E1,-7.421566772E-1,9.758507080E0,-5.098397827E-1
7.742541133E1,-7.966433716E-1,9.697583771E0,-5.477110291E-1
7.744545433E1,-8.388555908E-1,9.734856262E0,-5.803431702E-1
7.746549733E1,-8.065228271E-1,9.728269958E0,-5.201683044E-1
7.748553996E1,-7.056326294E-1,9.698481903E0,-4.930746460E-1
7.750558296E1,-6.876699829E-1,9.705517273E0,-5.309458923E-1
7.752562596E1,-7.015910339E-1,9.776020660E0,-5.593867493E-1
7.754566896E1,-7.060816956E-1,9.845625916E0,-4.858895874E-1
7.756571196E1,-6.812333679E-1,9.847721558E0,-5.218148804E-1
7.758575496E1,-8.161029053E-1,9.799222412E0,-4.984634399E-1
7.760579796E1,-8.936416626E-1,9.806108093E0,-4.719685364E-1
7.762584096E1,-7.789801025E-1,9.955198059E0,-5.173242188E-1
7.764588396E1,-5.541476440E-1,9.856104126E0,-6.423143005E-1
7.766592696E1,-5.423222351E-1,9.886490936E0,-8.117619324E-1
7.768596996E1,-6.400689697E-1,9.944570160E0,-8.752299500E-1
7.770601296E1,-7.569758606E-1,9.798473969E0,-7.927514648E-1
7.772605596E1,-6.219566345E-1,9.767638092E0,-8.137078857E-1
7.774609896E1,-3.035687256E-1,9.569150848E0,-9.897418213E-1
7.776614196E1,-1.190025330E-1,9.411528625E0,-1.200204163E0
7.778618496E1,9.849517822E-2,9.470056915E0,-1.575773163E0
7.780622796E1,1.267863464E-1,9.605525208E0,-1.784738617E0
7.782627096E1,3.568579102E-1,9.787846069E0,-1.869911499E0
7.784631396E1,7.354206848E-1,1.045650558E1,-1.376986542E0
7.786635696E1,6.493496704E-1,1.093985046E1,-4.453239441E-1
7.788639996E1,-3.215313721E-1,9.626631317E0,3.191363525E-1
7.790644296E1,8.532257080E-3,8.515042877E0,6.535409546E-1
7.792648596E1,8.833131409E-1,7.841443634E0,7.783813477E-1
7.794652896E1,1.733096008E0,8.473130035E0,3.989204407E-1
7.796657196E1,1.706750793E0,1.020682480E1,3.546125793E-1
7.798661496E1,-8.457412720E-2,1.131946106E1,7.289840698E-1
7.800665796E1,-1.853296051E0,1.102322708E1,4.266128540E-2
7.802670096E1,-3.286266174E0,1.060290115E1,1.174008636E0
7.804674396E1,-4.529580688E0,9.207652588E0,3.549418945E0
7.806678696E1,-3.235521698E0,8.153694305E0,4.071982269E0
7.808682996E1,-1.423839111E0,8.226592712E0,2.418820038E0
7.810687196E1,1.065783691E-1,8.984915771E0,1.115330658E0
7.812691496E1,1.224453735E0,9.610914001E0,3.212319946E-1
7.814695796E1,1.128952332E0,1.000743942E1,6.556365967E-1
7.816700096E1,8.018824768E-1,9.626930695E0,2.214494934E0
7.818704396E1,9.641450500E-1,8.546627197E0,2.927312622E0
7.820708696E1,4.266128540E-2,7.348518677E0,2.573747864E0
7.822712996E1,-8.535250854E-1,8.030949554E0,2.646496582E0
7.824717296E1,-1.562450867E0,8.356971588E0,4.123774567E0
7.826721596E1,-8.620573425E-1,8.582702179E0,4.169279938E0
7.828725896E1,5.496569824E-1,7.869884491E0,2.580334167E0
7.830730196E1,2.026186523E0,7.312892761E0,2.333347778E0
7.832734496E1,2.627935181E0,7.811505890E0,3.309318237E0
7.834738796E1,2.609074402E0,7.911348267E0,1.857337646E0
7.836743096E1,1.206790466E0,5.462889862E0,8.128097534E-1
7.838747396E1,-1.097667389E0,2.515369263E0,4.069587250E0
7.840751696E1,-1.249900818E0,4.450095978E0,6.598578186E0
7.842755996E1,-2.091001740E0,8.816216583E0,5.150938568E0
7.844760296E1,-4.939727783E0,1.449450851E1,3.039130096E0
7.846764596E1,-6.601571960E0,1.672636734E1,3.501219177E0
7.848768950E1,-7.504194946E0,1.128697861E1,2.326611786E0
7.850773250E1,-7.897127838E0,8.877888336E0,3.564238129E0
7.852777550E1,-6.308930511E0,1.068058960E1,6.459217987E0
7.854781850E1,-6.060297546E0,1.334025879E1,4.851561127E0
7.856786150E1,-4.421206055E0,1.419513107E1,3.940854950E0
7.858790450E1,-3.911066895E0,1.318757629E1,4.463268585E0
7.860794750E1,-4.027674408E0,1.123039627E1,3.257076874E0
7.862799050E1,-4.770130463E0,1.077998291E1,2.375110931E0
7.864803350E1,-4.819677429E0,1.075752960E1,2.453398132E0
7.866807650E1,-3.882027283E0,1.028166916E1,3.537743225E0
7.868811950E1,-1.334474945E0,9.530231781E0,3.394640808E0
7.870816250E1,4.852908325E-1,9.314081268E0,2.619402924E0
7.872820550E1,2.691403198E-1,8.942553864E0,1.046324158E0
7.874824850E1,-1.917662201E0,7.703430634E0,1.146615601E-1
7.876829150E1,-3.975433044E0,5.517526245E0,9.719288635E-1
7.878833450E1,-3.783681793E0,3.861220551E0,3.466341705E0
7.880837750E1,-2.356549530E0,4.132306824E0,3.518882446E0
7.882842050E1,-1.810934143E0,5.590274963E0,1.775008850E0
7.884846350E1,-1.412911835E0,6.330785065E0,1.259780273E0
7.886850650E1,-7.762857056E-1,5.650449829E0,1.352287903E0
7.888854950E1,-3.350033569E-1,4.488715668E0,1.670077057E0
7.890859250E1,-1.694476318E-1,3.804937592E0,2.308649139E0
7.892863550E1,2.049238586E-1,3.952530670E0,2.976560211E0
7.894867850E1,-8.277786255E-2,5.516628113E0,2.932102661E0
7.896872150E1,-1.880539398E0,7.771988068E0,2.636018372E0
7.898876450E1,-3.373983765E0,9.527238007E0,2.160008240E0
7.900880750E1,-2.013313293E0,9.251960449E0,3.139122162E0
7.902885050E1,3.897894287E-1,7.691904602E0,4.433031464E0
7.904889350E1,2.996768188E-1,9.208550720E0,4.036356354E0
7.906893650E1,-1.329684906E0,1.128488297E1,3.221301270E0
7.908897950E1,-3.444038086E0,8.635691986E0,1.744322662E0
7.910902250E1,-3.745810547E0,6.979985046E0,8.143066406E-1
7.912906550E1,-2.728076935E0,8.213270416E0,1.201850739E0
7.914910850E1,-1.710493011E0,1.355985214E1,3.505709839E-1
7.916915150E1,-2.965932312E0,1.617656067E1,-3.772904205E0
7.918919450E1,-3.284170532E0,2.016426819E1,-5.377118225E0
7.920923750E1,1.068029022E0,2.142374908E1,8.916957092E-1
7.922928050E1,-1.035845947E-1,1.237611374E1,7.489375763E0
7.924932350E1,-1.008901978E-1,8.633446655E0,3.630101166E0
7.926936650E1,-4.041595459E-3,1.181058975E1,4.046086121E-1
7.928940950E1,6.791377258E-1,1.663056656E1,-1.759441223E0
7.930945250E1,2.636617126E0,1.467263809E1,1.263372803E0
7.932949550E1,1.379381561E0,1.001627106E1,2.845582581E-1
7.934953850E1,-6.795867920E-2,8.459208984E0,3.516188049E-1
7.936958150E1,-1.250349884E0,8.044271851E0,1.043480072E0
7.938962450E1,-1.917512512E0,7.473209381E0,1.360221405E0
7.940966750E1,-2.304906921E0,7.104226685E0,4.373904419E-1
7.942971050E1,-1.606159973E0,7.149133301E0,4.360432434E-1
7.944975350E1,5.837860107E-3,7.316485291E0,5.987548828E-1
7.946979650E1,4.285588074E-1,8.316256256E0,3.695814514E-1
7.948983913E1,-5.740562439E-1,9.605824585E0,2.255359955E0
7.950988213E1,-5.590873718E-1,1.023122406E1,4.023632812E0
7.952992513E1,1.963916016E-1,8.403225403E0,3.959416351E0
7.954996813E1,5.243595886E-1,6.801256714E0,3.790866852E0
7.957001113E1,2.058519287E0,5.694458313E0,-1.107696533E-1
7.959005413E1,2.603835297E0,7.049141235E0,-1.367256775E0
7.961009713E1,1.170416107E0,7.526947632E0,9.753717041E-1
7.963014013E1,-1.606159973E-1,7.366780701E0,1.660796356E0
7.965018313E1,5.227130127E-1,8.157436523E0,-8.958869934E-1
7.967022613E1,8.235873413E-1,8.362510071E0,7.346722412E-1
7.969026912E1,2.685415649E-1,6.411467285E0,2.017654266E0
7.971031213E1,-7.694000244E-1,5.933511200E0,3.655548248E0
7.973035513E1,-2.579136658E-1,8.802295532E0,2.780018921E0
7.975039813E1,1.257684631E0,1.305270676E1,-1.691632233E0
7.977044113E1,1.946252747E0,1.572944046E1,1.037043457E0
7.979048413E1,6.445596313E-1,1.548889069E1,3.974983978E0
7.981052713E1,-1.613195343E0,1.476245132E1,4.198768616E0
7.983057013E1,-3.964356079E0,1.449810104E1,5.099295959E0
7.985061313E1,-4.893024902E0,1.446307388E1,5.791456604E0
7.987065613E1,-4.379592590E0,1.517319717E1,5.741011505E0
7.989069913E1,-4.536765747E0,1.241323654E1,5.187013550E0
7.991074213E1,-4.079466705E0,8.912466431E0,4.868326263E0
7.993078513E1,-3.157982941E0,8.684340820E0,4.133654022E0
7.995082813E1,-3.136128387E0,9.475296021E0,4.418212280E0
7.997087113E1,-3.043770447E0,8.606951752E0,4.324357452E0
7.999091413E1,-2.002236328E0,7.745493164E0,3.023861847E0
8.001095713E1,-1.467248840E0,7.028334503E0,1.492845612E0
8.003100013E1,-1.641636200E0,5.993237000E0,4.483177185E-1
8.005104313E1,-2.499801636E0,4.880451050E0,5.920188904E-1
8.007108613E1,-3.278182983E0,4.400549011E0,2.440524902E0
8.009112913E1,-3.310216370E0,4.678371277E0,3.855233002E0
8.011117213E1,-2.406844940E0,5.218448181E0,3.914060669E0
8.013121513E1,-1.685345306E0,5.705535278E0,3.882775726E0
8.015125813E1,-1.700014801E0,5.966442719E0,4.306245117E0
8.017130113E1,-9.506730652E-1,5.720653839E0,4.051325226E0
8.019134412E1,1.356179810E-1,5.724695435E0,2.824177094E0
8.021138713E1,-3.809577942E-1,7.295678558E0,2.070793762E0
8.023143013E1,-1.874402161E0,1.011401779E1,3.095862122E0
8.025147313E1,-1.405726776E0,9.316476288E0,5.428311768E0
8.027151613E1,-1.898951111E0,7.162754974E0,5.195994873E0
8.029155913E1,-2.426154785E0,5.773943024E0,3.565285950E0
8.031160213E1,-1.291514282E0,5.142855377E0,3.006797333E0
8.033164513E1,-6.629713440E-1,6.936725006E0,4.128863983E0
8.035168813E1,-1.650168457E0,8.372688904E0,3.592978363E0
8.037173113E1,-3.403322754E0,1.081980011E1,1.532662811E0
8.039177413E1,-3.194207611E0,1.329909439E1,1.281634827E0
8.041181713E1,-2.380649414E0,1.424168427E1,1.118474121E0
8.043186013E1,-1.676363983E0,1.482771561E1,-2.841690674E0
8.045190313E1,-1.888173523E0,1.756701920E1,-4.515659637E0
8.047194600E1,-2.409988403E-2,1.710388229E1,2.810555420E0
8.049198900E1,1.344055023E0,1.167452271E1,3.747756500E0
8.051203200E1,2.953508148E0,9.385782166E0,2.647095337E0
8.053207500E1,2.334245911E0,1.287981628E1,3.361559601E0
8.055211800E1,1.475182343E0,1.448013840E1,3.185375977E-1
8.057216100E1,8.080197144E-1,1.209499832E1,-7.929011536E-1
8.059220400E1,6.993457031E-1,8.779692535E0,5.272036743E-1
8.061224700E1,-1.498384094E-1,7.286547546E0,-3.538641357E-1
8.063229000E1,-1.718875580E0,8.220605164E0,-1.030157776E0
8.065233300E1,-2.115850067E0,8.916358337E0,-1.434017944E-1
8.067237600E1,-1.851350098E0,9.082512817E0,1.308129730E0
8.069241900E1,-1.011895752E0,8.902137909E0,1.609303436E0
8.071246200E1,5.957611084E-2,8.645721130E0,1.036893768E0
8.073250500E1,9.232800293E-1,8.815468140E0,5.426216125E-1
8.075254800E1,1.369801483E0,9.186396790E0,1.626068573E0
8.077259100E1,1.506317596E0,9.289232941E0,2.376907196E0
8.079263400E1,1.451830902E0,9.490713959E0,2.262694702E0
8.081267700E1,1.272354126E0,8.606203308E0,2.093247070E0
8.083272000E1,1.172960815E0,7.543114014E0,1.541045380E0
8.085276300E1,9.174421692E-1,7.070546722E0,1.156045990E0
8.087280600E1,2.932402039E-1,7.630681915E0,2.210303650E0
8.089284900E1,-5.610333252E-1,7.826025696E0,1.270258484E0
8.091289200E1,-8.816665649E-1,8.005352783E0,-1.277892609E0
8.093293500E1,-1.700463867E-1,7.469317474E0,9.160949707E-2
8.095297800E1,-1.169068909E-1,6.492598572E0,1.279389496E0
8.097302100E1,-1.959425354E-1,6.121520233E0,6.667135620E-1
8.099306400E1,-7.005432129E-2,7.498057709E0,5.932164001E-1
8.101310700E1,5.251080322E-1,8.520731049E0,3.137625275E0
8.103315000E1,1.360221405E0,8.352181549E0,6.694079590E-1
8.105319300E1,2.275717621E0,1.046114594E1,-7.340734863E-1
8.107323600E1,1.610800323E0,1.464704132E1,3.747157745E0
8.109327900E1,-7.858657837E-2,1.650497772E1,4.150419159E0
8.111332200E1,-3.897894287E-1,1.611833176E1,4.043990479E0
8.113336500E1,-2.063459015E0,1.489208176E1,3.548071747E0
8.115340800E1,-3.735931091E0,1.458282486E1,4.179159393E0
8.117345100E1,-5.073100433E0,1.401400772E1,4.372407532E0
8.119349400E1,-5.238356781E0,1.208017914E1,3.388952637E0
8.121353700E1,-4.356839905E0,1.118294495E1,4.360881500E0
8.123358000E1,-2.857258301E0,1.034199371E1,5.188061371E0
8.125362300E1,-1.387315063E0,9.220675507E0,3.393293610E0
8.127366600E1,-9.397457886E-1,8.581654358E0,2.306703186E0
8.129370900E1,-1.226848755E0,7.873926086E0,1.913321228E0
8.131375200E1,-1.897454224E0,6.937024384E0,1.345102844E0
8.133379500E1,-2.327659607E0,5.818550262E0,7.455995178E-1
8.135383800E1,-2.562820587E0,4.616849213E0,6.753955078E-1
8.137388100E1,-2.538421326E0,3.604953461E0,1.847009125E0
8.139392400E1,-1.736089783E0,3.812272339E0,4.206552429E0
8.141396700E1,-1.300794983E0,4.469256134E0,5.574108582E0
8.143401000E1,-8.440946960E-1,6.381230164E0,4.741240540E0
8.145405300E1,-1.335073700E0,9.158554688E0,2.813848572E0
8.147409696E1,-4.068539429E0,1.189995392E1,1.394799500E0
8.149413996E1,-1.473386078E0,1.028705795E1,1.290616150E0
8.151418296E1,-1.172212372E0,7.055128784E0,5.893095245E0
8.153422596E1,-1.878443756E0,6.245163116E0,1.025577301E1
8.155426896E1,-2.662363586E0,5.862558746E0,5.189857635E0
8.157431196E1,-2.319875793E0,6.636898499E0,2.015558624E0
8.159435496E1,-9.949809265E-1,7.216942291E0,8.622070312E-2
8.161439796E1,2.249821472E-1,6.315516815E0,-4.706213379E-1
8.163444096E1,-5.986051941E-1,5.271737366E0,5.089416504E-3
8.165448396E1,-2.289189606E0,6.638096008E0,1.051413574E0
8.167452696E1,-1.521585846E0,1.064720901E1,3.578009491E0
8.169456996E1,-8.491841125E-1,1.516541336E1,3.410358124E0
8.171461296E1,-2.210153961E0,1.453911575E1,9.178912354E-1
8.173465596E1,-3.205284576E0,1.421159683E1,-5.224884796E0
8.175469896E1,-1.948947144E0,1.617311783E1,-2.941383362E0
8.177474196E1,7.000941467E-1,1.537467819E1,1.227447510E-2
8.179478496E1,1.696871338E0,1.704265961E1,6.587351532E0
8.181482796E1,1.535057831E0,1.180145874E1,3.690126343E0
8.183487096E1,1.709295502E0,1.110884903E1,6.262976074E-1
8.185491396E1,1.520538025E0,1.214694031E1,-1.644031219E0
8.187495696E1,1.356479187E0,1.067085983E1,-5.471122742E-1
8.189499996E1,3.568579102E-1,8.865913239E0,1.072220306E0
8.191504296E1,-1.408421173E0,8.055498505E0,-8.592132568E-1
8.193508596E1,-2.188449097E0,7.473808136E0,-1.334325256E0
8.195512896E1,-7.891589355E-1,7.828271027E0,2.766247559E-1
8.197517196E1,2.047741699E-1,8.422086182E0,1.843715973E0
8.199521496E1,6.896159363E-1,9.207652588E0,8.059240723E-1
8.201525796E1,1.074914703E0,9.492510223E0,7.599696350E-1
8.203530096E1,1.127455444E0,9.160051575E0,1.027014313E0
8.205534396E1,9.741741943E-1,8.347690887E0,7.964936829E-1
8.207538696E1,1.431622925E0,6.684200134E0,2.147733765E0
8.209542996E1,1.068777466E0,7.003935242E0,1.405427399E0
8.211547296E1,6.659651184E-1,8.282426605E0,1.637145538E0
8.213551596E1,1.260079651E0,7.836503906E0,1.284478912E0
8.215555896E1,1.368603973E0,7.725285187E0,-2.116598511E-1
8.217560196E1,9.081614685E-1,8.034392395E0,-8.469387817E-1
8.219564496E1,1.152603149E-2,6.778204651E0,2.803669739E-1
8.221568796E1,-1.550475769E0,6.827452240E0,3.710933075E0
8.223573096E1,-8.735833740E-1,8.665480042E0,1.473386078E0
8.225577396E1,6.917115784E-1,9.298813019E0,1.932481384E-1
8.227581696E1,2.201472015E0,7.724387054E0,1.967508545E0
8.229585996E1,-1.679507446E-1,9.283694458E0,3.985462189E0
8.231590296E1,-1.800156555E0,1.282562897E1,1.692829742E0
8.233594596E1,-3.718267822E-1,1.548754349E1,1.897304535E0
8.235598896E1,2.296224976E-1,1.604348740E1,3.885769501E0
8.237603196E1,-5.670208740E-1,1.565863770E1,4.031566315E0
8.239607496E1,-2.913391571E0,1.649958893E1,5.021757202E0
8.241611796E1,-3.937711487E0,1.635768402E1,4.428840179E0
8.243616096E1,-4.112547913E0,1.353635101E1,3.938609619E0
8.245620396E1,-3.646866302E0,1.038270905E1,4.484973450E0
8.247624675E1,-2.712658997E0,9.180858307E0,4.586911469E0
8.249628975E1,-1.932631073E0,8.750802612E0,3.647764435E0
8.251633275E1,-1.914069672E0,7.126230927E0,2.835254059E0
8.253637575E1,-1.481918335E0,5.058880005E0,2.019001465E0
8.255641875E1,-1.144819336E0,3.486549683E0,1.450783081E0
8.257646175E1,-1.154100037E0,2.939437408E0,1.075513458E0
8.259650475E1,-1.477128296E0,3.871549072E0,1.412911835E0
8.261654775E1,-1.519190826E0,4.741539917E0,2.301314392E0
8.263659075E1,-9.870474243E-1,5.606291656E0,3.005450134E0
8.265663375E1,-5.981561279E-1,6.997947693E0,3.735631714E0
8.267667675E1,-1.954036560E0,9.682016144E0,4.634662170E0
8.269671975E1,-6.277645569E0,1.429856598E1,4.079017639E0
8.271676275E1,-2.111060028E0,1.043031006E1,2.031575317E0
8.273680575E1,-8.297245789E-1,8.109985199E0,2.815644836E0
8.275684875E1,-1.409319305E0,7.596552887E0,3.151845703E0
8.277689175E1,-1.921853485E0,7.175777893E0,3.624263306E0
8.279693475E1,-2.995420990E0,7.242239685E0,5.346581726E0
8.281697775E1,-3.076402588E0,6.619684296E0,4.363725586E0
8.283702075E1,-1.964963837E0,6.051016846E0,2.596350861E0
8.285706375E1,-2.164498901E-1,5.883515167E0,5.574407959E-1
8.287710675E1,1.748214569E0,6.829398193E0,-7.017407227E-1
8.289714975E1,2.398312683E0,8.059390411E0,3.582051086E-1
8.291719275E1,2.733465729E0,8.655301208E0,3.519481201E0
8.293723575E1,1.425635376E0,9.644893341E0,5.179678802E0
8.295727875E1,-7.403604126E-1,1.340746902E1,3.203638000E0
8.297732175E1,-1.980681152E0,1.555490341E1,-7.391629028E-1
8.299736475E1,-8.569529572E0,1.222358093E1,-1.207239532E0
8.301740775E1,-7.588769073E0,1.256816437E1,3.570075989E-1
8.303745075E1,-6.876699829E-1,1.183409088E1,-1.557511139E0
8.305749375E1,2.083217926E0,1.519220764E1,-1.780547333E0
8.307753675E1,3.359314270E0,1.966191284E1,2.523302765E0
8.309757975E1,3.912563782E0,1.051832703E1,8.061186676E0
8.311762275E1,2.438728638E0,8.908275146E0,-1.133143616E0
8.313766575E1,2.117646332E0,1.069106781E1,-2.082918549E0
8.315770875E1,-6.197113037E-2,1.108070755E1,1.799857178E0
8.317775175E1,-5.388793945E-1,9.533973999E0,1.126407623E0
8.319779475E1,-8.677455139E-1,8.310717773E0,-2.010020142E0
8.321783775E1,-8.973838806E-1,8.282576294E0,-6.715036011E-1
8.323788075E1,-6.324348450E-1,9.027127991E0,2.073937225E0
8.325792375E1,-2.555186462E-1,8.585097198E0,1.744023285E0
8.327796675E1,3.562591553E-2,8.347990265E0,5.397775269E-1
8.329800975E1,8.095166016E-1,8.837322693E0,9.479786682E-1
8.331805275E1,1.111139374E0,9.252259827E0,1.187031555E0
8.333809575E1,1.295106812E0,9.421408081E0,1.254990234E0
8.335813875E1,1.329385529E0,8.821904755E0,1.318308563E0
8.337818175E1,1.140029297E0,7.631280670E0,1.054557037E0
8.339822475E1,5.730084229E-1,7.061864777E0,9.681866455E-1
8.341826775E1,2.824626160E-1,7.353308716E0,8.981323242E-3
8.343831075E1,-1.820214844E-1,7.081923065E0,-1.113085327E0
8.345835375E1,-4.932243347E-1,5.789660339E0,-7.854167175E-1
8.347839596E1,-2.098037109E0,6.184239807E0,3.329376526E0
8.349843896E1,-1.289119263E0,8.732091522E0,4.204307098E0
8.351848196E1,1.061742096E0,9.414672089E0,-2.697390747E0
8.353852496E1,3.077001343E0,8.945547638E0,3.085084534E-1
8.355856796E1,3.544329529E0,7.433691559E0,3.694467316E0
8.357861096E1,1.099463654E0,8.320746918E0,1.004261627E0
8.359865396E1,-5.484594727E-1,1.290631119E1,1.349294128E0
8.361869696E1,-9.580078125E-1,1.597942062E1,2.073787537E0
8.363873996E1,-1.380130005E-1,1.659104874E1,4.247118073E0
8.365878296E1,-9.288185120E-1,1.545461197E1,6.255192261E0
8.367882596E1,-2.403102722E0,1.566133209E1,3.163521423E0
8.369886896E1,-3.780388641E0,1.551104462E1,5.267097015E0
8.371891196E1,-3.501069489E0,1.448971848E1,3.881727905E0
8.373895496E1,-2.343825989E0,1.149130371E1,2.434537354E0
8.375899796E1,-1.378782806E0,9.143585815E0,3.637585602E0
8.377904096E1,-1.145418091E0,9.220974884E0,3.985462189E0
8.379908396E1,-1.759441223E0,8.939260712E0,3.440295868E0
8.381912696E1,-2.687660980E0,7.411687317E0,2.897674255E0
8.383916996E1,-2.799927521E0,5.679938507E0,2.321073303E0
8.385921296E1,-2.282453613E0,4.517904968E0,1.687141571E0
8.387925596E1,-2.068398743E0,3.944746857E0,1.093925171E0
8.389929896E1,-1.795216827E0,3.911815338E0,9.375004578E-1
8.391934196E1,-1.401834869E0,4.609364777E0,1.651665344E0
8.393938496E1,-1.026265869E0,5.697901154E0,2.838696899E0
8.395942796E1,-1.050964508E0,7.358847198E0,4.223616943E0
8.397947096E1,-3.293750610E0,1.021041733E1,5.322781219E0
8.399951396E1,-4.121080170E0,1.153650970E1,4.625082092E0
8.401955696E1,-9.222322083E-1,8.029452667E0,2.999612274E0
8.403959996E1,-1.963916016E-1,6.949897614E0,2.545456696E0
8.405964296E1,-3.477268982E-1,7.074588318E0,3.308869171E0
8.407968596E1,-6.994953918E-1,7.632328491E0,4.168830872E0
8.409972896E1,-2.858006744E0,7.885751495E0,4.410129089E0
8.411977196E1,-3.138972473E0,7.324568481E0,3.145409088E0
8.413981496E1,-1.678759003E0,6.095773773E0,3.267854462E0
8.415985796E1,1.416055298E-1,5.429209900E0,3.386707306E0
8.417990096E1,2.725532227E0,6.183491364E0,2.760260010E0
8.419994396E1,4.858297119E0,9.476343842E0,2.496209106E0
8.421998696E1,9.163943481E-1,1.367047211E1,2.358345795E0
8.424002996E1,-1.041983185E0,1.551044586E1,8.530760193E-1
8.426007296E1,-3.445085907E0,1.421878189E1,2.074685669E-1
8.428011596E1,-5.722599792E0,1.152872589E1,-6.427633667E-1
8.430015896E1,-1.435215454E0,1.229932343E1,1.146914978E0
8.432020196E1,1.218466187E-1,1.447265396E1,-1.965113525E0
8.434024496E1,-4.270619202E-1,1.753723114E1,1.820214844E-1
8.436028796E1,2.256258087E0,1.384216507E1,2.813998260E0
8.438033096E1,1.902693329E0,8.976533203E0,6.538403320E-1
8.440037396E1,2.064806213E0,9.712852020E0,-2.739303589E-2
8.442041696E1,1.359173584E0,1.131152756E1,2.110610962E-2
8.444045996E1,8.217910767E-2,1.081815353E1,4.225712585E-1
8.446050396E1,-2.055226135E-1,8.965456238E0,-6.761439514E-1
8.448054783E1,-5.463638306E-1,7.834707642E0,-1.137484589E0
8.450059083E1,-8.307723999E-1,7.970175934E0,7.484436035E-2
8.452063383E1,-5.222639465E-1,8.363707581E0,8.605604553E-1
8.454067683E1,1.763333130E-1,8.812773743E0,1.140178986E0
8.456071983E1,7.343728638E-1,9.137298889E0,7.967930603E-1
8.458076283E1,8.514294434E-1,9.972561951E0,1.295855255E0
8.460080583E1,1.182989960E0,1.021400986E1,1.065484314E0
8.462084883E1,1.033899994E0,9.351952515E0,1.386716309E0
8.464089183E1,3.257226562E-1,7.975265350E0,1.675914917E0
8.466093483E1,-1.347198486E-2,7.033124542E0,1.277742920E0
8.468097783E1,-1.547781372E-1,7.147486725E0,2.035317535E0
8.470102083E1,6.810836792E-2,7.593259735E0,2.409389648E0
8.472106383E1,4.442761230E-1,7.529342651E0,-8.931925964E-1
8.474110683E1,3.879931641E-1,6.957232361E0,-6.420149231E-1
8.476114983E1,2.942880249E-1,6.558461609E0,2.600691833E0
8.478119283E1,1.016386414E-1,7.244634705E0,6.483018494E-1
8.480123583E1,-8.029302979E-1,7.857759705E0,3.767665100E-1
8.482127883E1,2.529739380E-1,6.991810455E0,1.084943848E0
8.484132183E1,4.409829712E-1,6.487658844E0,2.062710571E0
8.486136483E1,4.260140991E-1,8.822802887E0,1.267564087E0
8.488140783E1,-5.632786560E-1,1.448268311E1,1.653611298E0
8.490145083E1,1.528321838E-1,1.818508392E1,3.296145630E0
8.492149383E1,7.634124756E-1,1.490375748E1,5.463787994E0
8.494153683E1,-7.316784668E-1,1.489657242E1,4.962031403E0
8.496157983E1,-2.731519775E0,1.533231628E1,3.700305176E0
8.498162283E1,-3.895499268E0,1.470556961E1,4.168531494E0
8.500166583E1,-4.775519257E0,1.333531906E1,4.459376678E0
8.502170883E1,-4.837340698E0,1.100691101E1,3.902384949E0
8.504175183E1,-4.044439545E0,8.654403076E0,3.880979462E0
8.506179483E1,-2.359992371E0,8.133037262E0,4.921316071E0
8.508183783E1,-1.076112213E0,8.907826080E0,4.385729828E0
8.510188083E1,-9.502239990E-1,8.378526764E0,3.244652710E0
8.512192383E1,-1.607806549E0,7.358847198E0,2.491119690E0
8.514196683E1,-2.412982178E0,6.325096893E0,1.460213470E0
8.516200983E1,-3.109334106E0,5.241200867E0,1.032852173E0
8.518205283E1,-3.341052246E0,4.258045349E0,1.035396881E0
8.520209583E1,-2.643353119E0,3.994892578E0,1.895358582E0
8.522213883E1,-1.603315887E0,4.525988159E0,3.199147339E0
8.524218183E1,-1.089883575E0,5.530399475E0,4.120032349E0
8.526222483E1,-2.074835358E0,8.478818207E0,5.340294800E0
8.528226783E1,-3.285817108E0,1.116513199E1,4.898713074E0
8.530231083E1,-1.158441010E0,8.741372223E0,2.018851776E0
8.532235383E1,-1.306782532E0,7.012018433E0,7.976911926E-1
8.534239683E1,-1.854044495E0,5.633834381E0,1.463356934E0
8.536243983E1,-1.479523315E0,5.363496552E0,3.842060394E0
8.538248283E1,-1.422042847E-2,6.876999207E0,9.991273041E0
8.540252583E1,-1.330882416E0,6.769971771E0,4.957241364E0
8.542256883E1,-2.088906097E0,6.907236328E0,1.448986816E0
8.544261183E1,-1.190624084E0,6.723418579E0,-2.540217590E-1
8.546265483E1,-4.343966675E-1,6.559509430E0,1.330732727E-1
8.548269788E1,1.591191101E-1,9.976453857E0,2.809208221E0
8.550274088E1,-8.277786255E-2,1.580458420E1,3.827989655E0
8.552278387E1,-2.460134125E0,1.766476593E1,-6.415658569E-1
8.554282688E1,-3.410058746E0,1.445229630E1,-2.387535095E0
8.556286988E1,-7.478448486E-1,1.269599854E1,3.782633972E-1
8.558291288E1,-6.349795532E-1,1.318952225E1,3.408861237E0
8.560295588E1,9.116043091E-2,1.737706421E1,1.617536316E0
8.562299888E1,1.958227844E0,1.516855682E1,2.623145142E0
8.564304188E1,2.515069885E0,1.052670959E1,1.585502930E0
8.566308488E1,2.271376648E0,1.053179901E1,-3.115022278E-1
8.568312788E1,1.962568817E0,1.101125198E1,-1.871109009E-2
8.570317088E1,-4.903802490E-1,9.572743378E0,3.873944092E-1
8.572321388E1,-1.406624908E0,8.296048279E0,-6.590794373E-1
8.574325688E1,-1.818418579E0,7.830366669E0,-1.190175018E0
8.576329988E1,-1.109193420E0,8.335416412E0,-1.315763855E-1
8.578334288E1,-3.694317627E-1,8.788673859E0,1.257984009E0
8.580338588E1,2.818638611E-1,8.932524719E0,1.304686890E0
8.582342888E1,9.472302246E-1,8.686885529E0,4.671784973E-1
8.584347188E1,1.081800385E0,8.865613861E0,6.138734436E-1
8.586351488E1,9.388476562E-1,9.168733521E0,2.049388275E0
8.588355788E1,8.577163696E-1,7.876620483E0,1.702559509E0
8.590360088E1,1.091230774E0,7.205266571E0,1.355281677E0
8.592364388E1,1.008452911E0,7.644303589E0,1.283580780E0
8.594368788E1,1.205143890E0,8.139623566E0,4.963677979E-1
8.596373088E1,7.367678833E-1,7.590415649E0,3.376977539E-1
8.598377388E1,-2.083666992E-1,6.451284485E0,-1.240919495E-1
8.600381688E1,-1.586700439E0,6.624773712E0,4.692741394E-1
8.602385988E1,-6.240522766E-1,7.878865814E0,2.259850616E0
8.604390288E1,1.235830078E0,8.435857544E0,1.510359192E-1
8.606394588E1,1.675166473E0,7.911797333E0,1.848206635E0
8.608398888E1,9.961784363E-1,7.136559448E0,2.907104645E0
8.610403188E1,-3.257226562E-1,7.646099854E0,2.086660767E0
8.612407488E1,-8.951385498E-1,1.037088364E1,1.945204926E0
8.614411788E1,5.170248413E-1,1.353814728E1,1.466949463E-2
8.616416088E1,1.542542267E0,1.574321182E1,2.396366730E0
8.618420388E1,5.062472534E-1,1.563274155E1,5.387297058E0
8.620424688E1,-2.087858276E0,1.578961533E1,5.101541290E0
8.622428988E1,-4.051474915E0,1.480705856E1,5.058281250E0
8.624433288E1,-4.875661011E0,1.349907852E1,4.753964081E0
8.626437588E1,-5.720354462E0,1.276081375E1,4.536466370E0
8.628441888E1,-4.724475403E0,1.191342590E1,4.790039062E0
8.630446188E1,-4.205205231E0,1.040920395E1,5.188809814E0
8.632450488E1,-3.760629730E0,9.646839294E0,5.411247253E0
8.634454787E1,-3.060834961E0,8.509055328E0,4.251009979E0
8.636459088E1,-2.037712555E0,7.118297424E0,3.186872864E0
8.638463388E1,-1.547332306E0,6.136788483E0,2.298021240E0
8.640467688E1,-1.779798889E0,5.390590210E0,1.239572296E0
8.642471988E1,-2.091450806E0,4.512665863E0,6.333329773E-1
8.644476288E1,-2.141596527E0,4.201013947E0,9.951306152E-1
8.646480588E1,-2.029928741E0,4.147575073E0,1.914069672E0
8.648484825E1,-1.776655426E0,4.485422516E0,3.071612549E0
8.650489125E1,-1.472637634E0,5.336702271E0,4.306394806E0
8.652493425E1,-1.337618408E0,6.583010559E0,4.596042480E0
8.654497725E1,-2.168989563E0,8.038284302E0,3.093018036E0
8.656502025E1,-2.199526062E0,8.515192566E0,1.389560394E0
8.658506325E1,-5.014572144E-1,7.885452118E0,1.125958557E0
8.660510625E1,1.074765015E-1,7.467072144E0,3.139720917E0
8.662514925E1,-1.701212311E0,7.479645996E0,4.823719025E0
8.664519225E1,-2.728076935E0,7.762707367E0,4.032763824E0
8.666523525E1,-2.344125366E0,8.890162811E0,2.880909119E0
8.668527825E1,-1.706601105E0,9.097930756E0,1.679657135E0
8.670532125E1,-1.397942963E0,8.438402252E0,1.284778290E0
8.672536425E1,-5.665718079E-1,8.154742126E0,2.425106964E0
8.674540725E1,-6.120771790E-1,9.343120880E0,3.346890106E0
8.676545025E1,-1.231938171E-1,1.173335037E1,3.062032471E0
8.678549325E1,-6.077362061E-1,1.350401825E1,3.156336365E0
8.680553625E1,-2.010020142E0,1.357721603E1,1.287472687E0
8.682557925E1,-2.877765656E0,1.318862411E1,-2.807411957E0
8.684562225E1,1.564247131E-1,1.346180603E1,-3.018772430E0
8.686566525E1,6.789880371E-1,1.470092926E1,-7.107220459E-1
8.688570925E1,-1.342408447E0,1.587254288E1,1.318907318E0
8.690575225E1,3.543132019E-1,1.323397980E1,2.180814972E0
8.692579525E1,4.878355408E-1,1.265199005E1,-2.991828461E0
8.694583825E1,3.430865479E-1,1.109672424E1,-2.545007629E0
8.696588125E1,-5.478607178E-1,9.993518372E0,3.038681030E-2
8.698592425E1,-1.004710693E0,9.510772247E0,-1.649569702E0
8.700596725E1,-9.449848938E-1,9.616602173E0,-2.744093628E0
8.702601025E1,-1.194665680E0,9.663903809E0,3.119512939E-1
8.704605325E1,-8.729846191E-1,9.095535736E0,3.911366272E-1
8.706609625E1,-1.883084106E-1,8.572373657E0,-2.022294617E-1
8.708613925E1,5.610333252E-1,8.113128662E0,-2.667453003E-1
8.710618225E1,8.518785095E-1,8.149353333E0,-3.233276367E-1
8.712622525E1,5.905220032E-1,9.091643829E0,3.153941345E-1
8.714626825E1,5.677693176E-1,8.680598602E0,2.851570129E-1
8.716631125E1,6.810836792E-1,8.871601410E0,-4.715194702E-1
8.718635425E1,5.330415344E-1,9.668693848E0,1.022373962E-1
8.720639725E1,5.025050354E-1,9.844578094E0,1.498384094E-1
8.722644025E1,7.140151978E-1,9.411079559E0,-1.811233521E-1
8.724648325E1,9.512718201E-1,8.489446106E0,-7.948471069E-2
8.726652625E1,1.103205872E0,8.134683838E0,3.966751099E-1
8.728656925E1,1.414408722E0,8.553363190E0,1.801054688E0
8.730661225E1,1.728006592E0,8.069419556E0,1.551373901E0
8.732665525E1,1.671723633E0,7.112758942E0,6.839277649E-1
8.734669825E1,9.876461792E-1,7.662715302E0,8.312214661E-1
8.736674125E1,-7.885601807E-1,8.518036652E0,2.430346069E0
8.738678425E1,7.358697510E-1,9.365125122E0,1.524878998E0
8.740682725E1,2.375410309E0,9.827064514E0,2.160457306E0
8.742687025E1,1.882485352E0,7.795638885E0,1.348096619E0
8.744691325E1,7.176077271E-1,6.546486511E0,4.523593140E-1
8.746695625E1,-1.429527283E-1,7.378905487E0,2.446961517E0
8.748700113E1,-4.198768616E-1,9.907746735E0,5.251679077E0
8.750704413E1,-1.588197327E-1,1.332154770E1,6.113886108E0
8.752708713E1,-1.232536926E0,1.639735153E1,7.192992096E0
8.754713012E1,-5.072202301E0,1.604214020E1,6.789730682E0
8.756717313E1,-7.196734314E0,1.298549652E1,4.811893616E0
8.758721613E1,-7.672594757E0,1.096784225E1,6.018235016E0
8.760725913E1,-7.056176605E0,9.695039063E0,6.800657959E0
8.762730213E1,-4.264781342E0,8.227341156E0,7.068600769E0
8.764734513E1,-1.755998383E0,6.504423981E0,6.857988739E0
8.766738913E1,-6.734495544E-1,6.212381287E0,5.381010132E0
8.768743212E1,-9.723779297E-1,6.823260956E0,2.950065308E0
8.770747513E1,-1.118923187E0,6.379583588E0,3.803590393E-1
8.772751813E1,-1.904639282E0,5.367987213E0,4.700225830E-2
8.774756113E1,-2.808160400E0,5.301076355E0,2.675835571E0
8.776760413E1,-2.994373169E0,5.905669098E0,6.011948090E0
8.778764713E1,-2.600093079E0,7.188800812E0,7.211104431E0
8.780769013E1,-2.117796021E0,8.611891479E0,4.881498871E0
8.782773313E1,-1.419198761E0,9.580527191E0,3.276087341E0
8.784777613E1,-1.091530151E0,9.985285492E0,2.888992310E0
8.786781913E1,-1.233584747E0,1.013302826E1,3.686234436E0
8.788786213E1,-1.748513947E0,1.030337402E1,4.125421143E0
8.790790513E1,-2.130369873E0,1.020203476E1,4.062252502E0
8.792794813E1,-2.572400665E0,9.919871521E0,2.978206787E0
8.794799113E1,-3.029400330E0,1.007045837E1,1.735940094E0
8.796803413E1,-3.129841461E0,1.000339783E1,8.952882385E-1
8.798807713E1,-2.526296539E0,9.573641510E0,8.247848511E-1
8.800812013E1,-1.892215118E0,9.277407532E0,1.343605957E0
8.802816313E1,-1.539997559E0,9.362730103E0,1.200353851E0
8.804820613E1,-1.663640442E0,9.595945129E0,1.039139099E0
8.806824913E1,-1.743873596E0,9.800270233E0,1.032552795E0
8.808829213E1,-1.934577026E0,1.016431320E1,1.282682648E0
8.810833513E1,-1.531614990E0,9.949210510E0,1.423390045E0
8.812837813E1,-6.536906433E-1,9.319619751E0,1.154998169E0
8.814842113E1,1.025367737E-1,9.609566803E0,1.480870514E0
8.816846413E1,1.469793549E0,1.037926620E1,2.062111816E0
8.818850712E1,1.672771454E0,1.016161880E1,2.620151367E0
8.820855013E1,1.201401672E0,1.021386017E1,2.372416534E0
8.822859313E1,1.014440460E0,1.079375427E1,2.382445679E0
8.824863613E1,1.098266144E0,1.134386032E1,1.697021027E0
8.826867913E1,7.258406067E-1,1.092742630E1,2.335144043E-2
8.828872213E1,-2.408491516E-1,9.813742218E0,-3.430865479E-1
8.830876513E1,-1.427281952E0,8.801098022E0,4.358935547E-1
8.832880913E1,-2.433339844E0,8.320746918E0,9.886940002E-1
8.834885213E1,-7.629634094E-1,8.105494537E0,-5.095404053E-1
8.836889513E1,1.669029236E-1,8.878337402E0,-1.556014252E0
8.838893813E1,2.710862732E-1,1.013587234E1,-7.566764832E-1
8.840898113E1,4.430786133E-2,1.018197647E1,-2.981799316E-1
8.842902413E1,-4.101470947E-2,9.703271942E0,-5.867797852E-2
8.844906713E1,6.586303711E-2,9.752220154E0,-4.580474854E-1
8.846911013E1,-4.912783813E-1,9.707163849E0,6.451583862E-2
8.848915096E1,-6.342311096E-1,9.975855103E0,-3.986210632E-1
8.850919396E1,-1.901046753E-1,1.029469208E1,-8.213420105E-1
8.852923696E1,3.908372498E-1,9.950258331E0,-5.019062805E-1
8.854927996E1,6.996450806E-1,9.741442566E0,-8.598120117E-1
8.856932296E1,3.863465881E-1,9.758058014E0,-6.990463257E-1
8.858936596E1,1.649569702E-1,9.496252441E0,-5.996530151E-1
8.860940896E1,-2.992277527E-1,1.000968475E1,-7.969427490E-1
8.862945196E1,-6.197113037E-1,1.037761963E1,-1.362167358E-1
8.864949496E1,-4.899311829E-1,1.004785538E1,-6.689588928E-1
8.866953796E1,-4.013154602E-1,9.776918793E0,-1.145717468E0
8.868958096E1,-4.941224670E-1,9.486971741E0,-1.022823029E0
8.870962396E1,-3.537144470E-1,9.596693573E0,-1.202449493E0
8.872966696E1,-3.650907898E-1,9.872270508E0,-9.888436890E-1
8.874970996E1,-8.771759033E-2,9.873318329E0,-5.575904846E-1
8.876975296E1,2.136058044E-1,9.896969147E0,-6.604266357E-1
8.878979596E1,2.857557678E-1,9.957144012E0,-1.021775208E0
8.880983896E1,7.788304138E-1,9.744735718E0,-7.288343811E-1
8.882988196E1,6.744973755E-1,9.698032837E0,-7.858657837E-1
8.884992496E1,3.367996216E-1,9.621841278E0,-7.370672607E-1
8.886996796E1,2.167492676E-1,9.631720734E0,-5.951623535E-1
8.889001096E1,4.037104797E-1,9.819729767E0,-5.056484985E-1
8.891005396E1,3.800596619E-1,9.824070740E0,-6.912625122E-1
8.893009696E1,4.067042542E-1,9.686057739E0,-6.327342224E-1
8.895013996E1,4.282594299E-1,9.751022644E0,-4.704716492E-1
8.897018396E1,6.599775696E-1,9.876312103E0,-2.709365845E-2
8.899022696E1,9.373507690E-1,1.011192215E1,-1.193019104E-1
8.901026996E1,8.858578491E-1,9.973310394E0,-2.644999695E-1
8.903031296E1,1.085542603E0,9.604477386E0,-6.408174133E-1
8.905035596E1,1.422342224E0,9.549242249E0,-2.821632385E-1
8.907039896E1,1.332229614E0,9.688153381E0,1.345701599E-1
8.909044196E1,9.970765686E-1,9.776769104E0,1.854643250E-1
8.911048496E1,3.588038635E-1,9.928553467E0,-2.544708252E-2
8.913052796E1,3.288661194E-1,9.945917358E0,2.463876343E-1
8.915057096E1,5.939648438E-1,9.809850311E0,1.460961914E-1
8.917061396E1,6.113287354E-1,9.715696106E0,-3.637435913E-2
8.919065696E1,6.730004883E-1,9.582173767E0,-5.592370605E-1
8.921069996E1,5.424719238E-1,9.849667511E0,-7.704478455E-1
8.923074296E1,2.113604736E-1,1.016640884E1,-6.677613831E-1
8.925078596E1,1.191522217E-1,9.733209686E0,-7.250921631E-1
8.927082896E1,-3.074606323E-1,9.746831360E0,-7.409591675E-1
8.929087196E1,-5.957611084E-1,9.612560577E0,-4.846920776E-1
8.931091496E1,-2.642005920E-1,9.637109528E0,-6.634204102E-1
8.933095796E1,-5.583389282E-2,9.951156464E0,-9.497749329E-1
8.935100096E1,-1.300794983E-1,9.831704865E0,-8.434959412E-1
8.937104396E1,-4.222718811E-1,9.558672638E0,-8.578660583E-1
8.939108696E1,-7.635621643E-1,9.574240265E0,-7.764353943E-1
8.941112996E1,-9.671388245E-1,9.848619690E0,-5.185217285E-1
8.943117296E1,-6.234535217E-1,9.907147980E0,-4.534071350E-1
8.945121596E1,-3.644920349E-1,9.815239105E0,-8.689430237E-1
8.947125896E1,-6.242019653E-1,9.694140930E0,-8.063731384E-1
8.949130296E1,-6.840774536E-1,9.481882324E0,-7.241940308E-1
8.951134596E1,-6.774911499E-1,9.560768280E0,-8.669970703E-1
8.953138896E1,-5.284011841E-1,9.737999725E0,-8.469387817E-1
8.955143196E1,-5.245092773E-1,1.005069946E1,-7.803273010E-1
8.957147496E1,-6.343807983E-1,9.930050354E0,-4.867877197E-1
8.959151796E1,-7.047344971E-1,9.643695831E0,-6.319857788E-1
8.961156096E1,-7.134164429E-1,9.617500305E0,-8.337661743E-1
8.963160396E1,-7.220983887E-1,9.698781281E0,-1.012644196E0
8.965164796E1,-7.689509583E-1,9.703571320E0,-8.581654358E-1
8.967169096E1,-8.081694031E-1,9.801018677E0,-8.557704163E-1
8.969173396E1,-8.283773804E-1,9.736502838E0,-7.617658997E-1
8.971177696E1,-7.457492065E-1,9.680070190E0,-7.424560547E-1
8.973181996E1,-8.324189758E-1,9.713001709E0,-7.502398682E-1
8.975186296E1,-8.183482361E-1,9.715995483E0,-8.875044250E-1
8.977190596E1,-7.792794800E-1,9.732461243E0,-8.319699097E-1
8.979194896E1,-7.960446167E-1,9.830507355E0,-7.741900635E-1
8.981199196E1,-9.859996033E-1,9.787397003E0,-7.484436035E-1
8.983203496E1,-9.975256348E-1,9.664203186E0,-6.634204102E-1
8.985207796E1,-7.652087402E-1,9.699679413E0,-8.126600647E-1
8.987212096E1,-7.482939148E-1,9.706714783E0,-7.307803345E-1
8.989216396E1,-7.450007629E-1,9.691147156E0,-8.060737610E-1
8.991220696E1,-7.158114624E-1,9.752220154E0,-7.533833313E-1
8.993224996E1,-8.205935669E-1,9.767488403E0,-6.466552734E-1
8.995229296E1,-8.162525940E-1,9.754914551E0,-5.742059326E-1
8.997233596E1,-7.530839539E-1,9.779613190E0,-7.086264038E-1
8.999237896E1,-8.162525940E-1,9.731263733E0,-9.151968384E-1
9.001242196E1,-8.568182373E-1,9.655221863E0,-8.367599487E-1
9.003246496E1,-8.196954346E-1,9.789792023E0,-7.457492065E-1
9.005250796E1,-8.972341919E-1,9.823322296E0,-7.920030212E-1
9.007255096E1,-8.521778870E-1,9.687105560E0,-8.382568359E-1
9.009259396E1,-8.732839966E-1,9.684111786E0,-9.345066833E-1
9.011263696E1,-9.821076965E-1,9.798024902E0,-8.695417786E-1
9.013267996E1,-9.861492920E-1,9.694290619E0,-7.976911926E-1
9.015272296E1,-8.502319336E-1,9.643097076E0,-8.101153564E-1
9.017276596E1,-7.014413452E-1,9.719138947E0,-7.450007629E-1
9.019280896E1,-7.406597900E-1,9.733958130E0,-8.744815063E-1
9.021285196E1,-7.964936829E-1,9.660011902E0,-9.515711975E-1
9.023289496E1,-7.774832153E-1,9.664203186E0,-8.387059021E-1
9.025293796E1,-8.442443848E-1,9.730515289E0,-7.542814636E-1
9.027298096E1,-8.824150085E-1,9.670789490E0,-8.226892090E-1
9.029302396E1,-7.845185852E-1,9.697733459E0,-9.330097961E-1
9.031306696E1,-8.078700256E-1,9.716145172E0,-9.156459045E-1
9.033310996E1,-7.574249268E-1,9.920021210E0,-8.735833740E-1
9.035315396E1,-7.738906860E-1,1.005893234E1,-8.506809998E-1
9.037319696E1,-1.187330933E0,9.772577820E0,-8.726852417E-1
9.039323996E1,-1.311123505E0,9.618398438E0,-8.646020508E-1
9.041328296E1,-9.864486694E-1,9.577982483E0,-9.134005737E-1
9.043332596E1,-7.746391296E-1,9.612261200E0,-9.306147766E-1
9.045336896E1,-6.846762085E-1,9.705068207E0,-9.580078125E-1
9.047341196E1,-7.484436035E-1,9.807754669E0,-9.268725586E-1
9.049345438E1,-8.812174988E-1,9.683962097E0,-9.160949707E-1
9.051349738E1,-9.671388245E-1,9.646839294E0,-8.686436462E-1
9.053354038E1,-9.354048157E-1,9.891730042E0,-7.402107239E-1
9.055358338E1,-9.184899902E-1,9.818981323E0,-8.725355530E-1
9.057362638E1,-7.464976501E-1,9.607471161E0,-1.009949799E0
9.059366938E1,-7.003935242E-1,9.644444275E0,-9.669891357E-1
9.061371238E1,-7.869136047E-1,9.739646301E0,-8.869056702E-1
9.063375538E1,-8.074209595E-1,9.683812408E0,-9.307644653E-1
9.065379838E1,-9.110055542E-1,9.707313538E0,-9.526190186E-1
9.067384138E1,-1.088536377E0,9.763895874E0,-6.991960144E-1
9.069388438E1,-9.538165283E-1,9.561067657E0,-7.283853149E-1
9.071392737E1,-7.197033691E-1,9.484277344E0,-8.048762512E-1
9.073397038E1,-6.451583862E-1,9.635762329E0,-8.175997925E-1
9.075401338E1,-7.235952759E-1,9.656718750E0,-7.840695190E-1
9.077405638E1,-8.422984314E-1,9.653425598E0,-7.536827087E-1
9.079409938E1,-8.725355530E-1,9.943222961E0,-5.248086548E-1
9.081414238E1,-7.400610352E-1,9.860145721E0,-7.725434875E-1
9.083418538E1,-8.340655518E-1,9.795629883E0,-9.066645813E-1
9.085422838E1,-7.869136047E-1,9.692943420E0,-9.195378113E-1
9.087427138E1,-9.901908875E-1,9.727222137E0,-7.818241882E-1
9.089431438E1,-1.025667114E0,9.630373535E0,-7.698490906E-1
9.091435738E1,-8.422984314E-1,9.475595398E0,-9.710307312E-1
9.093440038E1,-8.096662903E-1,9.533824310E0,-1.005459137E0
9.095444338E1,-7.114704895E-1,9.663903809E0,-8.617579651E-1
9.097448638E1,-7.620652771E-1,9.800868988E0,-5.180726624E-1
9.099452938E1,-7.899073792E-1,9.903106384E0,-5.911207581E-1
9.101457238E1,-5.535488892E-1,9.892927551E0,-5.372328186E-1
9.103461537E1,-3.317102051E-1,1.009276199E1,-6.583309937E-1
9.105465838E1,-3.791615295E-1,9.993518372E0,-8.451425171E-1
9.107470138E1,-6.959028625E-1,9.687255249E0,-8.848100281E-1
9.109474438E1,-8.472381592E-1,9.508377228E0,-8.325686646E-1
9.111478738E1,-9.996212769E-1,9.741592255E0,-8.680448914E-1
9.113483038E1,-9.514215088E-1,9.636211395E0,-8.113128662E-1
9.115487338E1,-8.520281982E-1,9.685608673E0,-8.641529846E-1
9.117491738E1,-7.012916565E-1,9.744136963E0,-6.111790466E-1
9.119496038E1,-5.316943359E-1,9.735604706E0,-5.065466309E-1
9.121500338E1,-4.168830872E-1,9.795330505E0,-4.126918030E-1
9.123504638E1,-3.073109436E-1,9.838291168E0,-5.632786560E-1
9.125508938E1,-4.022135925E-1,9.847871246E0,-6.442602539E-1
9.127513238E1,-6.023474121E-1,9.788444824E0,-6.032455444E-1
9.129517538E1,-8.048762512E-1,9.702224121E0,-5.827381897E-1
9.131521838E1,-6.855743408E-1,9.695039063E0,-5.155279541E-1
9.133526138E1,-5.533992004E-1,9.977501678E0,-6.168672180E-1
9.135530437E1,-4.041595459E-1,9.743089142E0,-9.587562561E-1
9.137534738E1,-6.255491638E-1,9.581425323E0,-9.527687073E-1
9.139539038E1,-1.044078827E0,9.673034821E0,-8.490344238E-1
9.141543338E1,-1.075812836E0,9.723479919E0,-6.834786987E-1
9.143547638E1,-8.611592102E-1,9.799970856E0,-7.454498291E-1
9.145551938E1,-6.246510315E-1,9.775721283E0,-6.123765564E-1
9.147556238E1,-3.935316467E-1,9.729617157E0,-6.328839111E-1
9.149560521E1,-4.293072510E-1,9.758357391E0,-7.017407227E-1
9.151564821E1,-6.158193970E-1,9.705666962E0,-7.821235657E-1
9.153569121E1,-7.162605286E-1,9.603130188E0,-8.931925964E-1
9.155573421E1,-7.496411133E-1,9.710457001E0,-7.908055115E-1
9.157577721E1,-7.429051208E-1,9.853858795E0,-5.801934814E-1
9.159582021E1,-6.273454285E-1,9.801168365E0,-6.267466736E-1
9.161586321E1,-6.010002136E-1,9.723180542E0,-8.238867188E-1
9.163590621E1,-6.670129395E-1,9.696386261E0,-8.066725159E-1
9.165594921E1,-6.890171814E-1,9.662257233E0,-7.548802185E-1
9.167599221E1,-6.635700989E-1,9.668095093E0,-9.092092896E-1
9.169603521E1,-6.973997498E-1,9.773475952E0,-8.963360596E-1
9.171607821E1,-7.908055115E-1,9.823621674E0,-9.409432983E-1
9.173612121E1,-7.694000244E-1,9.724976807E0,-9.708810425E-1
9.175616421E1,-8.482859802E-1,9.672585754E0,-9.292675781E-1
9.177620721E1,-8.451425171E-1,9.644593964E0,-9.746232605E-1
9.179625021E1,-7.729925537E-1,9.704619141E0,-8.771759033E-1
9.181629321E1,-8.234376526E-1,9.844877472E0,-8.725355530E-1
9.183633621E1,-8.054750061E-1,9.796228638E0,-9.117539978E-1
9.185637921E1,-7.418572998E-1,9.631571045E0,-9.280700684E-1
9.187642221E1,-8.027806091E-1,9.673633575E0,-8.253836060E-1
9.189646521E1,-8.113128662E-1,9.821226654E0,-8.381071472E-1
9.191650821E1,-7.661068726E-1,9.790839844E0,-8.120613098E-1
9.193655121E1,-6.884184265E-1,9.713001709E0,-7.271878052E-1
9.195659421E1,-6.294410706E-1,9.704768829E0,-6.716532898E-1
9.197663721E1,-6.051914978E-1,9.687255249E0,-6.842271423E-1
9.199668021E1,-6.215075684E-1,9.724078674E0,-7.255412292E-1
9.201672321E1,-7.041357422E-1,9.736652527E0,-7.155120850E-1
9.203676621E1,-7.244934082E-1,9.761650543E0,-6.942562866E-1
9.205680921E1,-6.846762085E-1,9.795929260E0,-7.090754700E-1
9.207685221E1,-8.039781189E-1,9.863738251E0,-6.683601379E-1
9.209689521E1,-7.408094788E-1,9.723030853E0,-6.530918884E-1
9.211693821E1,-7.032376099E-1,9.642348633E0,-6.638694763E-1
9.213698121E1,-6.873706055E-1,9.664801941E0,-8.108638000E-1
9.215702421E1,-5.990542603E-1,9.720336456E0,-8.343649292E-1
9.217706721E1,-6.057902527E-1,9.881551208E0,-8.234376526E-1
9.219711021E1,-6.255491638E-1,9.843380585E0,-7.177574158E-1
9.221715321E1,-6.182144165E-1,9.615704041E0,-8.039781189E-1
9.223719621E1,-6.858737183E-1,9.736951904E0,-7.909552002E-1
9.225724021E1,-6.342311096E-1,9.758357391E0,-8.140072632E-1
9.227728321E1,-5.774990845E-1,9.686207428E0,-9.907896423E-1
9.229732621E1,-6.033952332E-1,9.719288635E0,-9.377998352E-1
9.231736921E1,-5.813909912E-1,9.759704590E0,-8.137078857E-1
9.233741221E1,-5.572911072E-1,9.708660736E0,-8.628057861E-1
9.235745521E1,-6.110293579E-1,9.646390228E0,-8.551716614E-1
9.237749821E1,-5.903723145E-1,9.727222137E0,-9.208850098E-1
9.239754121E1,-5.831872559E-1,9.796677704E0,-9.783654785E-1
9.241758421E1,-6.138734436E-1,9.845925293E0,-7.903564453E-1
9.243762721E1,-6.283932495E-1,9.740993500E0,-7.420069885E-1
9.245767021E1,-6.887178040E-1,9.646090851E0,-8.442443848E-1
9.247771321E1,-6.063890076E-1,9.679172058E0,-8.388555908E-1
9.249775671E1,-5.974076843E-1,9.831555176E0,-8.289761353E-1
9.251779971E1,-5.815406799E-1,9.798174591E0,-9.051676941E-1
9.253784271E1,-5.224136353E-1,9.735305328E0,-7.776329041E-1
9.255788571E1,-5.622308350E-1,9.733359375E0,-9.003776550E-1
9.257792871E1,-6.469546509E-1,9.693841553E0,-9.219328308E-1
9.259797171E1,-6.508465576E-1,9.764794006E0,-8.369096375E-1
9.261801471E1,-6.671626282E-1,9.793983307E0,-8.319699097E-1
9.263805771E1,-6.505471802E-1,9.715995483E0,-9.051676941E-1
9.265810071E1,-6.158193970E-1,9.749226379E0,-7.322772217E-1
9.267814371E1,-5.834866333E-1,9.781559143E0,-7.479945374E-1
9.269818671E1,-6.010002136E-1,9.734257507E0,-8.640032959E-1
9.271822971E1,-6.083349609E-1,9.694140930E0,-9.018745422E-1
9.273827271E1,-6.149212646E-1,9.738299103E0,-8.584648132E-1
9.275831571E1,-6.641688538E-1,9.818681946E0,-7.595205688E-1
9.277835871E1,-6.304888916E-1,9.724827118E0,-8.560697937E-1
9.279840171E1,-5.707630920E-1,9.729317780E0,-8.414002991E-1
9.281844471E1,-5.974076843E-1,9.795180817E0,-8.422984314E-1
9.283848771E1,-6.360273743E-1,9.740843811E0,-8.770262146E-1
9.285853071E1,-7.030879211E-1,9.643695831E0,-8.421487427E-1
9.287857371E1,-5.483097839E-1,9.691745911E0,-8.502319336E-1
9.289861671E1,-5.701643372E-1,9.826166382E0,-8.589138794E-1
9.291865971E1,-5.569917297E-1,9.802066498E0,-7.294331360E-1
9.293870271E1,-5.911207581E-1,9.723629608E0,-7.430548096E-1
9.295874571E1,-6.027964783E-1,9.680369568E0,-7.637118530E-1
9.297878871E1,-5.281018066E-1,9.764045563E0,-7.782316589E-1
9.299883171E1,-6.192622375E-1,9.953551483E0,-6.803352356E-1
9.301887471E1,-5.164260864E-1,9.771529999E0,-5.977070618E-1
9.303891771E1,-4.914280701E-1,9.574389954E0,-7.854167175E-1
9.305896071E1,-6.544390869E-1,9.671687622E0,-8.550219727E-1
9.307900371E1,-7.071295166E-1,9.719288635E0,-8.048762512E-1
9.309904671E1,-6.719526672E-1,9.723330231E0,-8.361611938E-1
9.311908971E1,-6.608757019E-1,9.801467743E0,-7.803273010E-1
9.313913271E1,-6.023474121E-1,9.711804199E0,-8.354127502E-1
9.315917571E1,-6.445596313E-1,9.657766571E0,-9.015751648E-1
9.317921871E1,-7.438032532E-1,9.734107819E0,-8.210426331E-1
9.319926171E1,-7.394622803E-1,9.784702606E0,-6.655160522E-1
9.321930471E1,-6.192622375E-1,9.791887665E0,-6.860234070E-1
9.323934771E1,-5.316943359E-1,9.789043579E0,-7.450007629E-1
9.325939071E1,-6.018983459E-1,9.700727234E0,-7.852670288E-1
9.327943371E1,-5.845344543E-1,9.741292877E0,-7.384144592E-1
9.329947671E1,-4.851411438E-1,9.776469727E0,-7.207511902E-1
9.331951971E1,-4.971162415E-1,9.720785522E0,-8.062234497E-1
9.333956271E1,-6.104306030E-1,9.687554626E0,-7.285350037E-1
9.335960571E1,-7.024891663E-1,9.689350891E0,-8.605604553E-1
9.337964871E1,-7.934999084E-1,9.733658752E0,-9.595046997E-1
9.339969171E1,-4.165837097E-1,9.628427582E0,-8.502319336E-1
9.341973471E1,-4.601431274E-1,9.868079224E0,-1.507066040E0
9.343977771E1,-9.243278503E-1,9.429790649E0,-1.172511749E0
9.345982071E1,-1.262923737E0,9.538764038E0,-9.491761780E-1
9.347986371E1,-1.315165100E0,1.015338593E1,-6.762936401E-1
9.349990650E1,-7.423063660E-1,1.018137772E1,-9.773176575E-1
9.351994950E1,1.255888367E-1,9.935139771E0,-9.348060608E-1
9.353999250E1,-8.966354370E-2,9.453291779E0,-9.707313538E-1
9.356003550E1,-1.181343384E0,9.195378113E0,-8.996292114E-1
9.358007850E1,-1.639989624E0,9.185798035E0,-3.635939026E-1
9.360012150E1,-1.611548767E0,9.584269409E0,5.858816528E-1
9.362016450E1,-1.209634552E0,1.100825821E1,1.256786499E0
9.364020750E1,-1.108744354E0,1.201775894E1,2.372715912E0
9.366025050E1,-7.110214233E-1,1.185055664E1,5.420078888E0
9.368029350E1,2.700384521E-1,1.218076996E1,3.945794678E0
9.370033650E1,2.094145203E-1,1.373618546E1,3.173400879E0
9.372037950E1,-2.055226135E-1,1.330163910E1,3.775448914E0
9.374042250E1,-9.716294861E-1,1.073058563E1,3.404220886E0
9.376046550E1,-2.800675964E0,7.881111145E0,2.512525177E0
9.378050850E1,-4.389172668E0,6.917115784E0,1.074315948E0
9.380055150E1,-3.570974121E0,6.626869354E0,-3.451821899E-1
9.382059450E1,-1.312321014E0,7.223229218E0,7.926766205E0
9.384063750E1,-1.926044769E0,6.752458191E0,9.524094543E0
9.386068050E1,-3.502716064E0,5.757177887E0,5.291196899E0
9.388072350E1,-2.519261169E0,5.195246429E0,4.551884308E0
9.390076650E1,-1.652413788E0,5.135820007E0,5.503605194E0
9.392080950E1,-2.458038483E0,4.566703491E0,6.041436768E0
9.394085250E1,-3.397035828E0,3.858825531E0,6.045029297E0
9.396089550E1,-4.074227600E0,3.277284851E0,6.099515991E0
9.398093850E1,-3.844605103E0,2.665656738E0,5.969586182E0
9.400098150E1,-3.685635681E0,2.590662689E0,5.185067596E0
9.402102450E1,-4.053570557E0,2.883154449E0,4.669689331E0
9.404106750E1,-4.034260712E0,3.546275482E0,6.970704346E0
9.406111050E1,-2.656675415E0,4.220772858E0,1.303998322E1
9.408115350E1,-2.529739380E-1,4.717440033E0,1.162377823E1
9.410119650E1,-1.800755310E0,3.766168213E-1,-1.014290771E0
9.412123950E1,-6.706503754E0,1.315015411E0,3.285368042E0
9.414128250E1,-5.123545532E0,2.419628357E1,2.041110489E1
9.416132550E1,-4.429289246E0,3.300082443E1,-1.449286194E0
9.418136850E1,-5.756279755E0,8.335117035E0,-4.012106781E0
9.420141150E1,5.656736755E-1,-3.632645874E0,1.070169571E1
9.422145450E1,3.782783661E0,-8.876541138E-2,6.200106812E0
9.424149750E1,7.339237976E-1,1.105166794E1,5.093308411E0
9.426154050E1,-2.819686432E0,1.868220016E1,2.059716797E0
9.428158350E1,-4.177363129E0,1.671663757E1,3.970493317E0
9.430162650E1,-7.490423584E-1,1.044991928E1,2.080972595E0
9.432166950E1,-1.303788757E-1,7.052434387E0,4.679269409E0
9.434171250E1,-7.979905701E-1,6.477480011E0,5.381309509E0
9.436175550E1,-4.468208313E-1,6.972201233E0,3.543132019E0
9.438179850E1,-3.999682617E-1,7.679480438E0,2.070793762E0
9.440184150E1,-1.770368500E0,8.045768738E0,5.309458923E-1
9.442188450E1,-2.587369537E0,9.034462738E0,-4.920268250E-1
9.444192750E1,-6.523434448E-1,8.867110748E0,-6.515950012E-1
9.446197050E1,5.321434021E-1,8.040529633E0,7.783813477E-2
9.448201350E1,-1.691482544E-1,7.643704834E0,1.693129120E0
9.450205658E1,-1.095571747E0,7.928263092E0,2.785407715E0
9.452209958E1,-2.115999756E0,8.218060455E0,2.201621704E0
9.454214258E1,-2.488425293E0,8.205336914E0,2.412682800E0
9.456218558E1,-1.983076172E0,8.439899139E0,2.486629028E0
9.458222858E1,-7.590715027E-1,9.249715118E0,2.068099365E0
9.460227158E1,4.662803650E-1,1.017015106E1,1.828747101E0
9.462231458E1,1.465452576E0,1.060200302E1,1.499581604E0
9.464235758E1,1.491797791E0,1.025712021E1,1.510957947E0
9.466240058E1,-2.284249878E-1,1.012120285E1,2.409090271E0
9.468244358E1,-6.463558960E-1,1.010982651E1,3.849544830E0
9.470248658E1,-6.794371033E-1,1.064286804E1,2.943029938E0
9.472252958E1,-1.149010620E0,1.166090103E1,1.269210663E0
9.474257258E1,-9.536668396E-1,1.229468307E1,-8.641529846E-1
9.476261558E1,2.067201233E-1,1.167542084E1,-3.128643951E0
9.478265858E1,-1.365161133E-1,1.399978729E1,-3.691623230E0
9.480270158E1,-3.806584167E0,1.577000610E1,4.709207153E-1
9.482274458E1,-6.170468445E0,1.170266418E1,2.896476746E-1
9.484278758E1,-1.630110168E0,1.000010468E1,-1.326990509E0
9.486283058E1,1.857038269E0,1.192315567E1,1.205742645E0
9.488287358E1,1.240171051E0,1.336929840E1,3.223995667E0
9.490291658E1,-2.212399292E-1,1.379606094E1,4.257147217E0
9.492295958E1,-2.233206024E0,1.370984024E1,4.550537109E0
9.494300258E1,-5.111420746E0,1.172436905E1,4.669389954E0
9.496304558E1,-7.007677460E0,1.060873901E1,2.526296539E0
9.498308858E1,-5.151836700E0,1.033570679E1,-5.605842590E-1
9.500313158E1,-3.259022827E0,9.406588898E0,-3.051105194E0
9.502317458E1,-2.160307617E0,8.517138519E0,-4.111949158E0
9.504321758E1,-1.825603638E0,9.109307098E0,-5.340893555E0
9.506326058E1,-9.234297180E-1,9.950108643E0,3.784430237E0
9.508330358E1,-1.368005219E0,7.992030487E0,9.583221588E0
9.510334658E1,-1.185684357E0,5.368136902E0,1.442400513E0
9.512338958E1,-1.359023895E0,3.341651001E0,9.238787842E-1
9.514343258E1,-5.667214966E-1,2.484533386E0,1.931882629E0
9.516347558E1,-6.526428223E-1,1.734742584E0,5.201832733E0
9.518351858E1,-1.369801483E0,2.161654816E0,6.129004669E0
9.520356158E1,-2.324815521E0,2.597997437E0,5.046006775E0
9.522360458E1,-2.342628479E0,2.684517517E0,4.990921326E0
9.524364758E1,-1.862576752E0,2.282603302E0,5.276527405E0
9.526369058E1,-2.136656799E0,1.646875305E0,6.556365967E0
9.528373358E1,-2.027533722E0,1.823058929E0,9.183403015E0
9.530377658E1,-1.101110229E0,2.648592224E0,1.204844513E1
9.532381958E1,-3.486250305E-1,3.641327820E0,1.402463562E1
9.534386258E1,-3.098257141E0,5.991740112E0,6.491999817E0
9.536390558E1,-7.911497955E0,1.471410187E1,5.211412811E0
9.538394858E1,-8.320148163E0,7.434889069E0,6.155200195E0
9.540399158E1,-2.784509583E0,7.186555481E-1,9.727671204E0
9.542403458E1,1.401685181E0,6.976991272E0,5.050647125E0
9.544407758E1,-1.335373077E0,1.227058319E1,4.460274811E0
9.546412058E1,-5.839506683E0,1.261905853E1,5.433101807E0
9.548416358E1,-5.957611084E0,1.031340317E1,7.178322601E0
9.550420621E1,-2.998115387E0,8.550968170E0,4.919669495E0
9.552424921E1,-1.711840210E0,9.160500641E0,3.938609619E0
9.554429221E1,-9.611512756E-1,1.099688187E1,3.057392120E0
9.556433521E1,-1.159189453E0,1.224902802E1,2.459385681E0
9.558437821E1,-1.589843903E0,1.180624878E1,2.924618225E0
9.560442121E1,-1.647024994E0,1.050575317E1,3.019969940E0
9.562446421E1,-1.179098053E0,9.389225006E0,2.492766266E0
9.564450721E1,-7.749385071E-1,8.475824432E0,2.377805328E0
9.566455021E1,-3.493734741E-1,7.789950714E0,2.121987305E0
9.568459321E1,-3.254232788E-1,7.501949615E0,1.293011169E0
9.570463621E1,-8.214916992E-1,7.551646271E0,7.789801025E-1
9.572467921E1,-1.506018219E0,7.553442535E0,1.149459686E0
9.574472221E1,-1.356928253E0,7.247778168E0,1.571432190E0
9.576476521E1,-8.786727905E-1,7.026837616E0,1.425335999E0
9.578480821E1,-1.061442719E0,7.843539276E0,1.477876740E0
9.580485121E1,-1.670675812E0,8.725654907E0,1.599124603E0
9.582489421E1,-1.859582977E0,8.860823822E0,2.450254669E0
9.584493721E1,-1.754501495E0,9.148675232E0,2.155218201E0
9.586498021E1,-2.026485901E0,9.579629059E0,1.976938934E0
9.588502321E1,-1.344953156E0,9.413474579E0,2.811303864E0
9.590506521E1,2.158511353E-1,9.544302521E0,2.668201447E0
9.592510921E1,1.417252808E0,9.943372650E0,1.564546509E0
9.594515121E1,1.727856903E0,1.056383240E1,1.185384979E0
9.596519421E1,1.041983185E0,1.106124802E1,1.359173584E0
9.598523721E1,7.604187012E-2,1.214933533E1,4.291575623E-1
9.600528021E1,8.038284302E-1,1.328936462E1,-1.946701813E0
9.602532321E1,-5.096900940E-1,1.529234940E1,-3.594924316E0
9.604536621E1,-3.868255920E0,1.403182068E1,-8.607101440E-1
9.606540921E1,-6.180347900E0,1.237252121E1,1.087189178E0
9.608545221E1,-3.616329803E0,1.076456497E1,1.150058441E0
9.610549521E1,2.827619934E-1,1.204455322E1,9.963281250E-1
9.612553821E1,1.085093536E0,1.408076889E1,2.179916840E0
9.614558121E1,-4.969665527E-2,1.385249359E1,5.162314911E0
9.616562421E1,-2.377505951E0,1.216729797E1,6.218668213E0
9.618566721E1,-5.825585632E0,1.104283630E1,5.850284271E0
9.620571021E1,-6.056705017E0,1.146885040E1,9.627978516E-1
9.622575321E1,-4.088897095E0,1.070034851E1,-4.455185394E0
9.624579621E1,-2.892584839E0,8.700357513E0,-5.178630981E0
9.626583921E1,-2.171085205E0,8.065377960E0,-3.692371674E0
9.628588221E1,-1.538350983E0,8.948541412E0,-1.598376160E0
9.630592521E1,-1.975591736E0,8.275091858E0,9.868079224E0
9.632596821E1,-1.529369659E0,6.576873322E0,5.312452698E0
9.634601121E1,-1.037791901E0,4.397704926E0,1.118773499E0
9.636605421E1,-5.483097839E-1,4.135001221E0,1.202898560E0
9.638609721E1,-9.243278503E-1,3.888613586E0,1.437610474E0
9.640614021E1,-8.554710388E-1,3.379671936E0,4.926704865E0
9.642618321E1,-1.797911224E0,3.089575195E0,6.551426239E0
9.644622621E1,-3.079246674E0,3.108735352E0,4.757706299E0
9.646626921E1,-2.803070984E0,3.092119904E0,4.046684875E0
9.648631221E1,-2.304158478E0,2.572700043E0,4.781207428E0
9.650635558E1,-1.973945160E0,2.021695862E0,6.734794922E0
9.652639858E1,-1.296903076E0,2.429447937E0,8.673263855E0
9.654644158E1,-1.167871399E0,2.467468872E0,1.054931259E1
9.656648458E1,-6.939569092E-1,3.494183807E0,1.340956467E1
9.658652758E1,-6.557862854E-1,4.145030365E0,8.401279449E0
9.660657058E1,-6.643185425E0,-8.442443848E-1,-1.348395996E0
9.662661358E1,-9.704020386E0,1.856349701E1,2.505923904E1
9.664665658E1,-3.256777496E0,2.090447891E1,-3.936813354E0
9.666669958E1,-5.341192932E0,1.976190491E0,1.123698257E1
9.668674258E1,4.199966125E0,4.393962708E0,4.974754944E0
9.670678558E1,-1.892963562E0,9.176966400E0,4.112697601E0
9.672682858E1,-5.246589661E0,1.322035812E1,4.639751587E0
9.674687158E1,-5.634133759E0,1.100107315E1,4.733606415E0
9.676691458E1,-2.852767639E0,9.098978577E0,3.910767517E0
9.678695758E1,-5.281018066E-1,9.557774506E0,2.794538727E0
9.680700058E1,-6.349795532E-1,9.722432098E0,2.219883728E0
9.682704358E1,-9.976753235E-1,1.018122803E1,1.739981689E0
9.684708658E1,-1.469045105E0,1.056996964E1,1.609602814E0
9.686712958E1,-1.041983185E0,1.000848724E1,1.733395386E0
9.688717258E1,-1.239123230E0,8.537346497E0,1.995500336E0
9.690721558E1,-1.545685730E0,7.452702026E0,1.985770569E0
9.692725858E1,-1.340163116E0,7.051386566E0,1.410067749E0
9.694730058E1,-1.320703583E0,6.938820648E0,8.358618164E-1
9.696734358E1,-1.056652679E0,7.237749023E0,7.744894409E-1
9.698738658E1,-5.122348022E-1,8.064479828E0,1.030008087E0
9.700742958E1,-3.556604004E-1,8.733139343E0,1.358874207E0
9.702747258E1,-9.996212769E-1,8.937165070E0,1.511107635E0
9.704751558E1,-1.508413239E0,9.394913177E0,2.640509033E0
9.706755858E1,-1.426234131E0,9.676777039E0,3.096909943E0
9.708760158E1,-9.792636108E-1,9.682016144E0,2.771636353E0
9.710764458E1,-4.385879517E-2,9.586065674E0,2.326162720E0
9.712768758E1,4.418811035E-1,9.593400421E0,2.420616302E0
9.714773058E1,6.617738342E-1,1.004306534E1,2.019450531E0
9.716777358E1,3.848497009E-1,1.026699966E1,1.076411591E0
9.718781658E1,-5.688171387E-2,1.041713745E1,8.277786255E-1
9.720785958E1,-8.665480042E-1,1.195144684E1,5.128335571E-1
9.722790258E1,-4.198768616E-1,1.437400909E1,-2.117197266E0
9.724794558E1,-5.192701721E-1,1.409528870E1,-4.707560577E0
9.726798858E1,-3.572471008E0,1.234527786E1,-2.340981903E0
9.728803158E1,-6.313720551E0,1.106139771E1,4.646337891E-1
9.730807458E1,-3.371139679E0,1.066247726E1,1.170116730E0
9.732811758E1,2.694396973E-2,1.330852478E1,1.290167084E0
9.734816058E1,1.107247467E0,1.591310852E1,2.392923889E0
9.736820358E1,-6.586303711E-2,1.407343414E1,7.379953308E0
9.738824658E1,-1.556014252E0,1.146570694E1,8.334069214E0
9.740828958E1,-4.794978790E0,9.686656494E0,5.427713013E0
9.742833258E1,-7.697443085E0,1.076531342E1,-1.137933655E0
9.744837558E1,-4.300257568E0,1.030726593E1,-6.383475494E0
9.746841858E1,-1.970652008E0,8.163424072E0,-5.408103790E0
9.748846100E1,-1.652713165E0,7.246281281E0,-3.660787354E0
9.750850400E1,-5.944139099E-1,9.464668121E0,7.723937988E-1
9.752854700E1,-2.536625061E0,8.602910156E0,1.325418777E1
9.754859000E1,-2.527643738E0,6.123466187E0,3.847000122E0
9.756863300E1,-2.149979095E0,4.085903320E0,4.035607910E-1
9.758867600E1,-1.120569763E0,4.495002594E0,4.126918030E-1
9.760871900E1,-1.137334900E0,4.579427032E0,2.463726654E0
9.762876200E1,-3.504212952E-1,4.563709717E0,4.815486145E0
9.764880500E1,-8.662486267E-1,4.378993835E0,5.678441620E0
9.766884800E1,-2.244133301E0,4.322561188E0,4.796325989E0
9.768889000E1,-3.231180725E0,4.012406158E0,4.666096802E0
9.770893300E1,-2.665057983E0,3.779939575E0,4.806953888E0
9.772897600E1,-2.198777618E0,3.564088440E0,6.280339966E0
9.774901900E1,-1.746717682E0,3.217858429E0,7.682174835E0
9.776906200E1,-1.797611847E0,2.705024872E0,8.580307159E0
9.778910500E1,-1.651515656E0,2.732118530E0,1.017823425E1
9.780914800E1,-3.061134338E-1,4.285887451E0,1.188977509E1
9.782919100E1,-3.101699982E0,3.439996490E0,7.704628143E0
9.784923400E1,-7.392527161E0,1.255633896E1,9.789043579E0
9.786927700E1,-4.314028931E0,1.622146729E1,5.002746735E0
9.788932000E1,-5.464686127E0,4.513713684E0,1.001627106E1
9.790936300E1,3.908372498E-1,3.192111969E0,4.497996368E0
9.792940600E1,-3.056643677E-1,9.446106720E0,4.571792908E0
9.794944900E1,-2.592908020E0,1.324790085E1,4.562811584E0
9.796949200E1,-5.078189850E0,1.203886505E1,4.798421631E0
9.798953500E1,-3.284020844E0,9.109606476E0,4.548291779E0
9.800957800E1,-1.090781708E0,8.063432007E0,3.644171906E0
9.802962100E1,-6.012995911E-1,8.577014008E0,2.909200287E0
9.804966400E1,-6.490502930E-1,9.585766296E0,2.273621979E0
9.806970700E1,-1.151854706E0,9.882898407E0,2.444716187E0
9.808975000E1,-1.584455109E0,1.029364426E1,2.636467438E0
9.810979300E1,-1.516346741E0,9.593101044E0,2.285447388E0
9.812983600E1,-1.177152100E0,8.590635681E0,2.095193024E0
9.814987900E1,-7.728428650E-1,7.920928345E0,1.686842194E0
9.816992200E1,-7.450007629E-1,7.535030823E0,9.237290955E-1
9.818996500E1,-9.095086670E-1,7.685168610E0,5.800437927E-1
9.821000800E1,-9.752220154E-1,8.059091034E0,9.855505371E-1
9.823005100E1,-3.989204407E-1,8.246651001E0,1.135538635E0
9.825009300E1,-3.400927734E-1,8.493188324E0,1.297052765E0
9.827013600E1,-1.410965881E0,9.088350677E0,1.865720215E0
9.829017900E1,-2.077230377E0,9.095086670E0,2.799328766E0
9.831022200E1,-1.740879822E0,9.155261536E0,3.379522247E0
9.833026500E1,-1.307980042E0,9.577234039E0,2.463427277E0
9.835030800E1,-7.891589355E-1,9.667795715E0,2.297721863E0
9.837035100E1,3.270698547E-1,9.604477386E0,2.154469757E0
9.839039400E1,7.277865601E-1,9.685159607E0,1.247805176E0
9.841043700E1,2.754272461E-1,1.025637177E1,1.027014313E0
9.843048000E1,-1.739382935E-1,1.050934570E1,9.755213928E-1
9.845052300E1,-8.771759033E-2,1.074076447E1,5.089416504E-2
9.847056600E1,-1.321751404E-1,1.265887573E1,-1.213676147E0
9.849061000E1,-1.154399414E0,1.442804672E1,-1.841021576E0
9.851065300E1,-4.118086395E0,1.325778030E1,-1.156345367E0
9.853069600E1,-5.226231995E0,1.180235687E1,-4.373904419E-1
9.855073900E1,-2.958447876E0,1.108938950E1,7.887098694E-1
9.857078200E1,-3.625460815E-1,1.215816696E1,2.264191589E0
9.859082500E1,9.936337280E-1,1.440619217E1,2.887794800E0
9.861086800E1,6.637197876E-1,1.420755524E1,4.203259277E0
9.863091100E1,-9.786648560E-1,1.189142166E1,6.167474670E0
9.865095400E1,-3.796555023E0,1.138786880E1,6.105054474E0
9.867099700E1,-6.744524689E0,1.176119247E1,-5.445675659E-1
9.869104000E1,-5.529651031E0,1.120464981E1,-6.013444977E0
9.871108300E1,-2.615810394E0,9.576934662E0,-4.839286652E0
9.873112600E1,-1.879641266E0,8.364755402E0,-2.153272247E0
9.875116900E1,-5.550457764E-1,1.023990601E1,3.338956604E0
9.877121200E1,-1.964215393E0,1.044408142E1,1.020951920E1
9.879125500E1,-2.247576141E0,7.999365234E0,2.790197754E0
9.881129700E1,-1.995350647E0,5.776038666E0,6.092330933E-2
9.883134000E1,-1.226100311E0,4.572541351E0,-4.137396240E-1
9.885138300E1,-8.126600647E-1,3.660937042E0,2.600392456E0
9.887142600E1,-5.397775269E-1,3.470233612E0,4.431684265E0
9.889146900E1,-1.176703033E0,3.245850220E0,4.888833618E0
9.891151200E1,-2.265389099E0,3.267405396E0,4.436773682E0
9.893155500E1,-2.116448822E0,3.364703064E0,4.743635559E0
9.895159800E1,-2.057770844E0,3.189118195E0,5.177732849E0
9.897164100E1,-1.631756744E0,2.840044098E0,6.003715210E0
9.899168400E1,-1.439855804E0,2.667602692E0,7.942932587E0
9.901172700E1,-1.070424042E0,2.425855408E0,9.739197235E0
9.903177000E1,-1.156045990E0,2.599344635E0,1.153127060E1
9.905181300E1,-4.758604431E-1,3.464096375E0,9.940977631E0
9.907185600E1,-4.184099121E0,8.761280823E-1,6.471043396E-1
9.909189900E1,-1.350895798E1,1.065693878E1,1.402688095E1
9.911194200E1,-9.604028320E-1,2.242831009E1,7.479196930E0
9.913198500E1,-4.082011414E0,3.619173889E0,1.509011993E0
9.915202800E1,2.069895630E0,3.910468140E0,7.883955231E0
9.917207100E1,-6.770420837E-1,9.299711151E0,3.298390961E0
9.919211400E1,-3.812422028E0,1.394904282E1,6.247258759E0
9.921215700E1,-4.572840729E0,1.115390533E1,5.551206207E0
9.923220000E1,-2.833308105E0,7.830067291E0,5.149890747E0
9.925224300E1,-8.011340332E-1,8.133636017E0,4.160298615E0
9.927228600E1,-7.667056274E-1,9.520502014E0,3.165167999E0
9.929232800E1,-9.183403015E-1,1.049976562E1,3.212020569E0
9.931237100E1,-4.219725037E-1,1.060694275E1,2.989134064E0
9.933241400E1,-7.641609192E-1,1.007929001E1,2.636317749E0
9.935245700E1,-1.697021027E0,9.348809052E0,2.384092255E0
9.937250000E1,-2.239642639E0,8.593779144E0,2.086062012E0
9.939254300E1,-2.178569641E0,8.480165405E0,1.952240295E0
9.941258600E1,-1.621128845E0,8.529412994E0,1.751058655E0
9.943262900E1,-1.198258209E0,8.164172516E0,1.763782196E0
9.945267200E1,-6.677613831E-1,7.793543243E0,1.746567993E0
9.947271500E1,-7.439529419E-2,7.916737061E0,1.287921753E0
9.949275750E1,1.841171265E-2,8.075407104E0,1.296004944E0
9.951280050E1,-7.538323975E-1,8.453820190E0,1.127305756E0
9.953284350E1,-1.882784729E0,8.743018799E0,1.321452026E0
9.955288650E1,-2.430944824E0,8.938212891E0,2.325114899E0
9.957292950E1,-2.274969177E0,8.793763275E0,2.793041840E0
9.959297250E1,-1.479523315E0,9.043444061E0,1.946103058E0
9.961301550E1,-7.134164429E-1,9.595046997E0,2.075134735E0
9.963305850E1,-9.011260986E-2,1.004561005E1,1.807491302E0
9.965310150E1,3.406915283E-1,1.016386414E1,1.361418915E0
9.967314450E1,3.995191956E-1,1.025247986E1,7.298822021E-1
9.969318750E1,9.370513916E-2,1.039663010E1,7.831713867E-1
9.971322950E1,-6.021977234E-1,1.169248535E1,5.147795105E-1
9.973327250E1,9.355545044E-2,1.368768631E1,-1.066083069E0
9.975331550E1,-4.375401306E-1,1.457773544E1,-2.010169830E0
9.977335850E1,-3.216810608E0,1.249376907E1,-3.284170532E-1
9.979340150E1,-4.039948883E0,1.132649643E1,3.188369751E-1
9.981344450E1,-2.287842407E0,1.085827011E1,3.083587646E-1
9.983348750E1,2.245330811E-2,1.135568573E1,7.086264038E-1
9.985353050E1,1.117725677E0,1.287697220E1,2.872526550E0
9.987357350E1,4.302053833E-1,1.388063507E1,4.304897919E0
9.989361650E1,-2.963986359E0,1.296468979E1,4.617597656E0
9.991365950E1,-5.806275787E0,1.170685547E1,6.512357483E0
9.993370250E1,-3.898193665E0,1.197225357E1,3.844006348E0
9.995374550E1,-4.182302856E0,1.158905045E1,-1.409019928E0
9.997378850E1,-4.366719360E0,9.677076416E0,-4.552782440E0
9.999383150E1,-2.774929504E0,8.030949554E0,-4.547693024E0
1.000138745E2,-1.380429382E0,8.432265015E0,-8.743318176E-1
1.000339175E2,-6.300398254E-1,9.905351715E0,1.118803436E1
1.000539605E2,-9.062155151E-1,8.424331512E0,7.371720428E0
1.000740035E2,-1.867067413E0,5.189558258E0,1.304986267E0
1.000940465E2,-1.889820099E0,4.000131683E0,-5.900729370E-1
1.001140895E2,-2.020198975E0,3.505111084E0,1.015937347E0
1.001341315E2,-1.601220245E0,3.869603119E0,4.093088379E0
1.001541745E2,-1.098415833E0,3.633544006E0,5.841302948E0
1.001742175E2,-1.975591736E0,3.285218353E0,5.338947601E0
1.001942605E2,-2.373164978E0,3.512595520E0,4.885091400E0
1.002143035E2,-2.499202881E0,3.273991699E0,4.589456177E0
1.002343465E2,-2.024390259E0,2.979404297E0,5.048850861E0
1.002543895E2,-2.318528595E0,2.936144257E0,6.463409271E0
1.002744325E2,-2.426304474E0,3.492686920E0,7.792944489E0
1.002944755E2,-2.471660156E0,3.252735901E0,9.278155975E0
1.003145185E2,-1.781894531E0,3.229234772E0,1.072414902E1
1.003345615E2,-1.422641602E0,3.123853912E0,9.169631653E0
1.003546045E2,-4.586911469E0,7.336244202E-1,1.833836517E0
1.003746475E2,-9.879904633E0,1.095422058E1,1.675136536E1
1.003946905E2,7.726931763E-1,2.377386200E1,3.814966736E0
1.004147335E2,-6.479276276E0,5.428760834E0,8.104147339E-1
1.004347765E2,-8.994795227E-1,2.486329651E0,1.036190231E1
1.004548195E2,-1.555265808E0,7.571105804E0,4.973856812E0
1.004748625E2,-3.585044861E0,1.280661850E1,5.369783478E0
1.004949056E2,-3.826343079E0,1.251038452E1,4.961432648E0
1.005149486E2,-3.297792206E0,9.456884308E0,4.835245056E0
1.005349906E2,-1.712438965E0,7.967631226E0,5.451812897E0
1.005550336E2,-1.060394897E0,8.066276093E0,4.766388245E0
1.005750766E2,-8.994795227E-1,9.039851532E0,3.693419495E0
1.005951196E2,-5.977070618E-1,9.591155090E0,3.436403961E0
1.006151626E2,-5.975573730E-1,9.582922211E0,3.498824158E0
1.006352056E2,-1.005608826E0,9.670340424E0,2.966830444E0
1.006552486E2,-1.929487610E0,9.052275696E0,2.523751831E0
1.006752916E2,-1.934277649E0,8.379873962E0,2.437082062E0
1.006953346E2,-1.351988525E0,7.907156982E0,1.984573059E0
1.007153776E2,-1.254391479E0,7.656877441E0,1.526076508E0
1.007354206E2,-1.629661102E0,7.799830170E0,1.552122345E0
1.007554636E2,-1.396146698E0,8.201594696E0,1.569935303E0
1.007755066E2,-8.939410400E-1,8.399782562E0,1.980830841E0
1.007955496E2,-1.538800049E-1,8.584348755E0,2.058968353E0
1.008155926E2,-4.528083801E-1,8.836274872E0,1.772913208E0
1.008356356E2,-9.410929871E-1,8.954828339E0,1.242566071E0
1.008556786E2,-1.267564087E0,8.988957367E0,1.554966431E0
1.008757216E2,-1.603764954E0,9.201665039E0,1.430425415E0
1.008957646E2,-1.784139862E0,9.291328583E0,1.286574554E0
1.009158066E2,-1.520088959E0,9.432335358E0,1.763482819E0
1.009358496E2,-5.360353088E-1,1.001866608E1,1.682950287E0
1.009558926E2,-1.561253357E-1,1.013751892E1,2.017953644E0
1.009759356E2,-5.463638306E-2,1.026924500E1,1.676064606E0
1.009959786E2,-6.691085815E-2,1.033660492E1,8.801696777E-1
1.010160216E2,-8.759783936E-1,1.159473862E1,3.411405945E-1
1.010360646E2,-3.914360046E-1,1.322140594E1,-1.590143280E0
1.010561076E2,-4.790039063E-2,1.441262878E1,-2.226320343E0
1.010761506E2,-1.609902191E0,1.226908630E1,-1.033899994E0
1.010961936E2,-4.091741180E0,1.121872055E1,4.986131287E-1
1.011162366E2,-2.903512115E0,1.127305756E1,5.451663208E-1
1.011362796E2,-9.813592529E-1,1.154504196E1,1.105151825E0
1.011563226E2,9.370513916E-2,1.314596283E1,2.743644562E0
1.011763656E2,2.347119141E-1,1.359098740E1,3.654500427E0
1.011964086E2,-5.893244934E-1,1.214319809E1,3.327280884E0
1.012164516E2,-1.528770905E0,1.099119370E1,2.220781860E0
1.012364946E2,-3.877536621E0,1.060245209E1,1.350491638E0
1.012565376E2,-4.429888000E0,1.098011673E1,5.038522339E-1
1.012765806E2,-2.893932037E0,1.029499146E1,1.776805115E-1
1.012966226E2,-2.407144318E0,9.041198730E0,1.435514832E-1
1.013166656E2,-2.369123383E0,8.380173340E0,2.341131592E-1
1.013367086E2,-1.263522491E0,8.588839417E0,1.006506958E0
1.013567516E2,-5.204676819E-1,9.101373596E0,2.442919922E0
1.013767946E2,-8.843609619E-1,8.583600311E0,3.568130035E0
1.013968376E2,-1.560654602E0,6.989265747E0,2.272125092E0
1.014168806E2,-1.901346130E0,5.434449005E0,1.858984222E0
1.014369236E2,-2.082469482E0,4.603377228E0,3.781586151E0
1.014569666E2,-1.753004608E0,4.610262909E0,4.352498932E0
1.014770096E2,-2.163151703E0,3.913761292E0,4.699926453E0
1.014970521E2,-2.103725281E0,3.123255157E0,5.523064728E0
1.015170951E2,-2.748733978E0,2.671644287E0,5.197940826E0
1.015371381E2,-2.539169769E0,3.081492004E0,5.583838348E0
1.015571811E2,-2.206262054E0,3.188669128E0,6.524931335E0
1.015772241E2,-2.206860809E0,2.350112915E0,7.629185028E0
1.015972671E2,-2.087409210E0,2.526745605E0,8.265811157E0
1.016173101E2,-1.892215118E0,3.081791382E0,9.031618652E0
1.016373531E2,-1.341210938E0,3.825594635E0,1.170984924E1
1.016573961E2,-6.346801758E-2,4.631219330E0,1.261576538E1
1.016774381E2,-4.527185669E0,4.061054993E-1,3.620970154E-1
1.016974811E2,-1.012778915E1,1.310225372E1,1.738020767E1
1.017175241E2,7.993377686E-2,2.134261780E1,2.724634094E0
1.017375671E2,-5.640869751E0,2.957400055E0,5.604645081E0
1.017576101E2,4.815486145E-1,4.061653748E0,6.685996399E0
1.017776531E2,-1.252744904E0,8.624315643E0,3.667673035E0
1.017976961E2,-2.807861023E0,1.225741058E1,4.693938904E0
1.018177391E2,-4.151916046E0,1.034364029E1,4.588108978E0
1.018377821E2,-3.207978973E0,8.752449188E0,4.112098846E0
1.018578251E2,-1.431323547E0,8.954528961E0,3.388653259E0
1.018778681E2,-1.013692017E0,9.302255859E0,3.084635468E0
1.018979111E2,-9.491761780E-1,9.476643219E0,3.170407104E0
1.019179541E2,-5.906716919E-1,9.738299103E0,2.584375763E0
1.019379971E2,-1.318009186E0,9.588011627E0,3.013233948E0
1.019580401E2,-1.149459686E0,8.861572266E0,3.205134888E0
1.019780831E2,-7.643106079E-1,7.849676514E0,2.650837555E0
1.019981261E2,-8.825646973E-1,7.666607208E0,1.800006866E0
1.020181691E2,-1.449585571E0,8.210875397E0,1.541195068E0
1.020382121E2,-1.780098267E0,8.708291016E0,1.532064056E0
1.020582541E2,-1.371747437E0,8.640332336E0,1.665736084E0
1.020782971E2,-4.881349182E-1,8.488547974E0,1.863025818E0
1.020983401E2,-6.785389709E-1,8.523126068E0,1.516646118E0
1.021183831E2,-1.212478638E0,8.650062103E0,1.548679504E0
1.021384261E2,-1.518442383E0,8.998238068E0,1.227896576E0
1.021584691E2,-1.451980591E0,8.831784210E0,1.571731567E0
1.021785121E2,-1.295855255E0,8.693471832E0,1.498084717E0
1.021985551E2,-1.036744080E0,9.221124573E0,1.609602814E0
1.022185981E2,-6.451583862E-1,9.651928711E0,2.214944000E0
1.022386411E2,7.783813477E-2,1.019395157E1,2.084265747E0
1.022586841E2,-6.885681152E-2,1.000728973E1,1.494791565E0
1.022787271E2,-2.395019531E-1,9.616003418E0,1.307081909E0
1.022987701E2,-3.845503235E-1,9.651180267E0,1.252595215E0
1.023188131E2,-4.108955383E-1,1.012584320E1,1.070723419E0
1.023388561E2,-8.231382751E-1,1.150402725E1,4.520599365E-1
1.023588991E2,3.064128113E-1,1.254122040E1,-1.656006317E0
1.023789421E2,6.331832886E-1,1.409798309E1,-3.467239838E0
1.023989841E2,-1.272204437E0,1.409439056E1,-2.546654205E0
1.024190271E2,-4.636458435E0,1.259196487E1,-9.142987061E-1
1.024390701E2,-4.290827179E0,1.077683945E1,-5.739065552E-1
1.024591131E2,-1.487307129E0,1.128802643E1,4.989125061E-1
1.024791561E2,-2.923420715E-1,1.279718811E1,1.561702423E0
1.024992001E2,-1.863624573E-1,1.309896057E1,2.508333893E0
1.025192431E2,-6.414161682E-1,1.177346695E1,3.488046570E0
1.025392861E2,-8.017327881E-1,1.092712692E1,3.991449738E0
1.025593291E2,-1.642833710E0,1.038270905E1,1.628313904E0
1.025793721E2,-2.862198029E0,1.083327209E1,-7.110214233E-1
1.025994151E2,-2.592309265E0,1.145193558E1,-1.006806335E0
1.026194581E2,-1.741777954E0,1.001297791E1,-9.520202637E-2
1.026395011E2,-1.175954590E0,9.603429565E0,1.373843079E0
1.026595441E2,-1.078806610E0,9.986632690E0,2.306254120E0
1.026795871E2,-1.824106750E0,9.746831360E0,3.339555359E0
1.026996301E2,-1.906884613E0,9.156908112E0,2.894381104E0
1.027196731E2,-2.015858002E0,7.861202545E0,5.014572144E-1
1.027397161E2,-1.924697571E0,6.049070892E0,5.945635986E-1
1.027597581E2,-8.265811157E-1,5.254373474E0,3.480562134E0
1.027798011E2,-7.268884277E-1,5.367837524E0,4.079616394E0
1.027998441E2,-1.785187683E0,5.372028809E0,3.705843658E0
1.028198871E2,-2.363285522E0,5.459896088E0,3.828738098E0
1.028399301E2,-2.646047516E0,5.316793671E0,4.260140991E0
1.028599731E2,-2.451152802E0,4.673281860E0,4.873116302E0
1.028800161E2,-2.642604675E0,4.451742554E0,5.778134308E0
1.029000591E2,-2.648592224E0,4.468507690E0,6.235133972E0
1.029201021E2,-2.815046082E0,4.167184296E0,6.160289612E0
1.029401451E2,-2.417921906E0,3.733536072E0,6.522835693E0
1.029601881E2,-2.568808136E0,2.963686981E0,6.658453674E0
1.029802311E2,-2.641407166E0,2.345322876E0,7.022796021E0
1.030002741E2,-2.332000580E0,1.892963562E0,7.452702026E0
1.030203171E2,-2.139800262E0,2.164349213E0,7.912845154E0
1.030403601E2,-1.238823853E0,2.418370972E0,9.575138397E0
1.030604031E2,-5.143304443E-1,3.032543793E0,1.097323105E1
1.030804451E2,-2.308200073E0,7.617359619E0,1.299792068E1
1.031004881E2,-4.956193542E0,1.950234467E1,9.025182037E0
1.031205311E2,-8.453071747E0,3.613785095E0,1.203796692E0
1.031405741E2,-5.454207916E0,-9.937834167E-1,1.662173492E1
1.031606171E2,2.342628479E-1,6.157894592E0,6.735243988E0
1.031806601E2,-3.317102051E-1,1.259735367E1,2.913391571E0
1.032007031E2,-1.726809082E0,1.428659088E1,6.653064880E0
1.032207461E2,-4.179758148E0,9.522897034E0,6.131549377E0
1.032407891E2,-2.522554321E0,6.438111877E0,6.193819885E0
1.032608321E2,-3.993695068E-1,6.332431641E0,4.485572205E0
1.032808751E2,-1.682501221E-1,8.157286835E0,3.762126617E0
1.033009181E2,-1.112636261E0,9.786349182E0,3.416495361E0
1.033209611E2,-1.786085815E0,1.051877609E1,3.424428864E0
1.033410041E2,-1.875449982E0,9.921967163E0,3.585643616E0
1.033610471E2,-1.008752289E0,9.355095978E0,3.132086792E0
1.033810901E2,-7.771838379E-1,8.899892578E0,2.288141785E0
1.034011321E2,-8.342152405E-1,8.821904755E0,2.016007690E0
1.034211751E2,-5.767506409E-1,8.980275421E0,2.235900421E0
1.034412181E2,-4.737648010E-1,9.389225006E0,2.388882294E0
1.034612611E2,-7.185058594E-1,9.146429901E0,2.046693878E0
1.034813041E2,-8.081694031E-1,8.522976379E0,1.675615540E0
1.035013463E2,-7.185058594E-1,8.114924927E0,1.545086975E0
1.035213893E2,-6.685098267E-1,8.249345398E0,1.233435059E0
1.035414323E2,-8.325686646E-1,8.668024750E0,6.625222778E-1
1.035614753E2,-7.071295166E-1,9.053772583E0,7.566764832E-1
1.035815183E2,-7.364685059E-1,9.217532043E0,9.357041931E-1
1.036015613E2,-5.815406799E-1,9.217082977E0,9.454339600E-1
1.036216043E2,-3.909869385E-1,9.194479980E0,4.664300537E-1
1.036416473E2,-2.567161560E-1,9.193432159E0,4.207749939E-1
1.036616903E2,-8.951385498E-2,9.496402130E0,3.131488037E-1
1.036817333E2,-4.281097412E-2,9.999056854E0,-1.719923401E-1
1.037017753E2,-2.387535095E-1,9.723629608E0,2.098635864E-1
1.037218183E2,-6.750961304E-2,9.406439209E0,2.426454163E-1
1.037418613E2,-2.143542480E-1,9.346713409E0,-5.562432861E-1
1.037619043E2,-5.731581116E-1,9.530830536E0,-5.831872559E-1
1.037819473E2,-8.261320496E-1,9.867480469E0,-8.376580811E-1
1.038019903E2,-1.428030396E0,9.367969208E0,-7.719447327E-1
1.038220333E2,-1.875899048E0,9.909692688E0,7.602690125E-1
1.038420763E2,-5.617817688E-1,1.023152344E1,5.040019226E-1
1.038621193E2,5.013075256E-1,9.508975983E0,-9.280700684E-3
1.038821623E2,6.206094360E-1,9.470056915E0,-1.422641602E0
1.039022053E2,-1.652563477E-1,9.653275909E0,-1.016236725E0
1.039222483E2,-1.307530975E0,9.259594574E0,1.025367737E-1
1.039422913E2,-2.269281006E0,9.303004303E0,1.302291870E-2
1.039623343E2,-2.237097931E0,9.505383453E0,-4.707710266E-1
1.039823763E2,-1.503323822E0,9.823771362E0,-3.867956543E-1
1.040024193E2,-7.210505676E-1,1.010428802E1,-3.180885315E-1
1.040224623E2,-3.442840576E-3,1.013078293E1,-2.348616028E-1
1.040425053E2,1.106199646E-1,1.004710693E1,-5.249583435E-1
1.040625483E2,-2.183958435E-1,1.000908600E1,-3.805087280E-1
1.040825913E2,-8.996292114E-1,9.817185059E0,-1.094224548E-1
1.041026343E2,-1.264121246E0,9.752818909E0,-8.650511169E-1
1.041226773E2,-1.516496429E0,9.701026611E0,-6.471043396E-1
1.041427203E2,-1.159937897E0,9.483079834E0,-1.694476318E-1
1.041627633E2,-7.933502197E-1,9.576036530E0,-5.682183838E-1
1.041828063E2,-8.828640747E-1,9.932145996E0,-5.089416504E-2
1.042028493E2,-1.103654938E0,1.000175125E1,-4.340972900E-3
1.042228922E2,-1.257385254E0,9.639205170E0,-3.293151855E-1
1.042429353E2,-1.185834045E0,9.443412323E0,-4.448748779E-1
1.042629783E2,-9.093589783E-1,9.613159332E0,-6.962022400E-1
1.042830203E2,-7.701484680E-1,9.780361633E0,-5.472619629E-1
1.043030633E2,-6.192622375E-1,9.905351715E0,-2.059716797E-1
1.043231063E2,-5.948629761E-1,9.909542999E0,-1.052311707E-1
1.043431493E2,-6.713539124E-1,9.840536499E0,-1.194515991E-1
1.043631923E2,-9.232800293E-1,9.677824860E0,-9.041198730E-2
1.043832353E2,-1.016835480E0,9.622290344E0,-3.192860413E-1
1.044032782E2,-1.060095520E0,9.760153656E0,-4.378395081E-1
1.044233213E2,-1.191522217E0,9.840237122E0,-2.309696960E-1
1.044433643E2,-1.053359528E0,9.611213379E0,-3.104544067E-1
1.044634073E2,-9.776170349E-1,9.519154816E0,-5.463638306E-1
1.044834503E2,-9.520202637E-1,9.589807892E0,-5.894741821E-1
1.045034970E2,-9.153465271E-1,9.763746185E0,-3.866459656E-1
1.045235400E2,-9.083111572E-1,9.850715332E0,-4.611909485E-1
1.045435830E2,-9.147477722E-1,9.790690155E0,-2.820135498E-1
1.045636250E2,-9.012757874E-1,9.743837585E0,-2.203417969E-1
1.045836680E2,-9.255253601E-1,9.720935211E0,-4.439767456E-1
1.046037110E2,-9.674382019E-1,9.693392487E0,-3.514691162E-1
1.046237540E2,-1.004561005E0,9.760453033E0,-3.252735901E-1
1.046437970E2,-9.029223633E-1,9.728719025E0,-3.974235535E-1
1.046638400E2,-7.800279236E-1,9.784103851E0,-3.083587646E-1
1.046838830E2,-6.647676086E-1,9.720935211E0,-3.454815674E-1
1.047039260E2,-7.045848083E-1,9.581724701E0,-5.879772949E-1
1.047239690E2,-9.464817810E-1,9.710906067E0,-6.186634827E-1
1.047440120E2,-1.027313690E0,9.702373810E0,-5.328918457E-1
1.047640550E2,-9.638456726E-1,9.902208252E0,-3.791615295E-1
1.047840980E2,-1.053359528E0,9.935439148E0,-4.070036316E-1
1.048041410E2,-9.322613525E-1,9.706265717E0,-4.520599365E-1
1.048241830E2,-9.234297180E-1,9.757010193E0,-5.861810303E-1
1.048442260E2,-7.782316589E-1,9.743837585E0,-5.406756592E-1
1.048642690E2,-7.152127075E-1,9.735305328E0,-4.634362793E-1
1.048843120E2,-8.174501038E-1,9.697733459E0,-7.274871826E-1
1.049043550E2,-9.101074219E-1,9.711804199E0,-6.188131714E-1
1.049243980E2,-9.702822876E-1,9.735155640E0,-4.725672913E-1
1.049444410E2,-8.881031799E-1,9.721384277E0,-4.487667847E-1
1.049644840E2,-8.508306885E-1,9.732311554E0,-4.761598206E-1
1.049845270E2,-8.659492493E-1,9.672885132E0,-6.879693604E-1
1.050045700E2,-9.403445435E-1,9.708810425E0,-7.934999084E-1
1.050246130E2,-9.743238831E-1,9.817933502E0,-5.186714172E-1
1.050446560E2,-8.620573425E-1,9.787247314E0,-4.061054993E-1
1.050646990E2,-8.402027893E-1,9.780511322E0,-4.674778748E-1
1.050847410E2,-8.425978088E-1,9.798923035E0,-6.472540283E-1
1.051047840E2,-8.568182373E-1,9.720186768E0,-6.349795532E-1
1.051248270E2,-8.577163696E-1,9.690099335E0,-7.214996338E-1
1.051448700E2,-8.529263306E-1,9.738897858E0,-6.595285034E-1
1.051649130E2,-8.646020508E-1,9.775421906E0,-5.393284607E-1
1.051849560E2,-8.334667969E-1,9.728569336E0,-7.351213074E-1
1.052049990E2,-9.779164124E-1,9.734257507E0,-6.956034851E-1
1.052250420E2,-9.566606140E-1,9.677675171E0,-5.150788879E-1
1.052450850E2,-7.650590515E-1,9.630074158E0,-6.665638733E-1
1.052651280E2,-6.888674927E-1,9.712702332E0,-6.224057007E-1
1.052851710E2,-7.692503357E-1,9.702373810E0,-5.632786560E-1
1.053052140E2,-8.699908447E-1,9.728269958E0,-5.272036743E-1
1.053252570E2,-8.961863708E-1,9.725425873E0,-5.412744141E-1
1.053452990E2,-9.238787842E-1,9.752369843E0,-6.030958557E-1
1.053653420E2,-8.743318176E-1,9.747430115E0,-6.035449219E-1
1.053853850E2,-8.327183533E-1,9.772577820E0,-5.911207581E-1
1.054054280E2,-8.629554749E-1,9.809401245E0,-6.325845337E-1
1.054254710E2,-8.833131409E-1,9.841883698E0,-5.569917297E-1
1.054455140E2,-8.068222046E-1,9.749825134E0,-6.179150391E-1
1.054655570E2,-8.062234497E-1,9.754615173E0,-5.824388123E-1
1.054856000E2,-8.484356689E-1,9.798174591E0,-5.346881104E-1
1.055056393E2,-7.926017761E-1,9.777816925E0,-5.495072937E-1
1.055256823E2,-6.810836792E-1,9.752070465E0,-4.803511047E-1
1.055457253E2,-7.152127075E-1,9.762249298E0,-3.890409851E-1
1.055657683E2,-6.759942627E-1,9.680219879E0,-6.650669861E-1
1.055858113E2,-7.231462097E-1,9.749974823E0,-5.749543762E-1
1.056058533E2,-7.020401001E-1,9.801916809E0,-4.465214539E-1
1.056258963E2,-6.935078430E-1,9.727371826E0,-4.858895874E-1
1.056459393E2,-7.134164429E-1,9.749974823E0,-3.820056152E-1
1.056659823E2,-7.527845764E-1,9.778565369E0,-5.572911072E-1
1.056860253E2,-7.262896729E-1,9.716743927E0,-4.920268250E-1
1.057060683E2,-7.206015015E-1,9.693691864E0,-3.613485718E-1
1.057261113E2,-6.854246521E-1,9.764045563E0,-4.083508301E-1
1.057461543E2,-6.176156616E-1,9.727222137E0,-4.433779907E-1
1.057661973E2,-5.981561279E-1,9.763297119E0,-3.824546814E-1
1.057862403E2,-6.578819275E-1,9.776619415E0,-4.257147217E-1
1.058062832E2,-6.649172974E-1,9.747130737E0,-3.278182983E-1
1.058263263E2,-6.391708374E-1,9.793534241E0,-3.270698547E-1
1.058463693E2,-7.026388550E-1,9.769584045E0,-5.143304443E-1
1.058664113E2,-7.527845764E-1,9.775870972E0,-5.002597046E-1
1.058864543E2,-8.102650452E-1,9.733059998E0,-3.956272888E-1
1.059064973E2,-7.975415039E-1,9.722881165E0,-4.616400146E-1
1.059265403E2,-7.628137207E-1,9.752818909E0,-4.915777588E-1
1.059465833E2,-6.948550415E-1,9.735005951E0,-5.321434021E-1
1.059666263E2,-6.947053528E-1,9.722581787E0,-6.014492798E-1
1.059866692E2,-7.604187012E-1,9.715995483E0,-6.080355835E-1
1.060067123E2,-7.484436035E-1,9.710606689E0,-6.614744568E-1
1.060267553E2,-8.473878479E-1,9.725725250E0,-7.087760925E-1
1.060467983E2,-9.150471497E-1,9.742340698E0,-6.358776855E-1
1.060668413E2,-7.915539551E-1,9.742789764E0,-6.761439514E-1
1.060868843E2,-7.229965210E-1,9.757159882E0,-7.467970276E-1
1.061069263E2,-8.167016602E-1,9.780211945E0,-6.737489319E-1
1.061269693E2,-7.918533325E-1,9.686656494E0,-5.516029358E-1
1.061470123E2,-7.785310364E-1,9.671837311E0,-6.500981140E-1
1.061670552E2,-7.032376099E-1,9.730814667E0,-5.728587341E-1
1.061870983E2,-6.102809143E-1,9.746232605E0,-6.059399414E-1
1.062071413E2,-6.343807983E-1,9.823621674E0,-6.707551575E-1
1.062271843E2,-6.917115784E-1,9.776918793E0,-7.420069885E-1
1.062472273E2,-7.458988953E-1,9.680818634E0,-6.077362061E-1
1.062672703E2,-8.361611938E-1,9.671687622E0,-7.131170654E-1
1.062873133E2,-9.461824036E-1,9.711953888E0,-7.924520874E-1
1.063073563E2,-1.053209839E0,9.759255524E0,-7.381150818E-1
1.063273993E2,-9.798623657E-1,9.751322021E0,-6.167175293E-1
1.063474412E2,-9.084608459E-1,9.723180542E0,-6.432124329E-1
1.063674843E2,-7.964936829E-1,9.662107544E0,-8.204438782E-1
1.063875273E2,-8.273295593E-1,9.731413422E0,-8.241860962E-1
1.064075703E2,-8.806187439E-1,9.830956421E0,-6.656657410E-1
1.064276133E2,-8.334667969E-1,9.774224396E0,-5.995033264E-1
1.064476563E2,-7.608677673E-1,9.727371826E0,-5.980064392E-1
1.064676993E2,-7.640112305E-1,9.785301361E0,-6.620732117E-1
1.064877423E2,-8.152047729E-1,9.744136963E0,-6.316864014E-1
1.065077855E2,-7.566764832E-1,9.786199493E0,-6.024971008E-1
1.065278285E2,-7.295828247E-1,9.751920776E0,-5.288502502E-1
1.065478715E2,-7.083270264E-1,9.780361633E0,-5.270539856E-1
1.065679145E2,-6.822811890E-1,9.782307587E0,-6.601272583E-1
1.065879565E2,-7.185058594E-1,9.725725250E0,-5.743556213E-1
1.066079995E2,-8.162525940E-1,9.707463226E0,-6.767427063E-1
1.066280425E2,-8.831634521E-1,9.749076691E0,-5.239105225E-1
1.066480855E2,-7.677534485E-1,9.747579803E0,-5.469625854E-1
1.066681285E2,-7.107220459E-1,9.785001984E0,-4.900808716E-1
1.066881715E2,-7.846682739E-1,9.799222412E0,-5.977070618E-1
1.067082145E2,-8.015830994E-1,9.738748169E0,-7.267387390E-1
1.067282575E2,-7.643106079E-1,9.667646027E0,-7.397616577E-1
1.067483005E2,-8.270301819E-1,9.685608673E0,-5.932164001E-1
1.067683435E2,-8.524772644E-1,9.765991516E0,-4.909790039E-1
1.067883865E2,-8.060737610E-1,9.795929260E0,-6.056405640E-1
1.068084295E2,-7.782316589E-1,9.755064240E0,-5.791456604E-1
1.068284715E2,-7.243437195E-1,9.698930969E0,-6.987469482E-1
1.068485145E2,-7.921527100E-1,9.664801941E0,-6.014492798E-1
1.068685575E2,-7.361691284E-1,9.744586029E0,-5.297483826E-1
1.068886005E2,-6.661148071E-1,9.885592804E0,-5.619314575E-1
1.069086435E2,-6.165678406E-1,9.758956146E0,-5.885760498E-1
1.069286865E2,-7.415579224E-1,9.658814392E0,-6.812333679E-1
1.069487295E2,-7.479945374E-1,9.695787506E0,-6.590794373E-1
1.069687725E2,-6.812333679E-1,9.745184784E0,-5.480104065E-1
1.069888155E2,-7.029382324E-1,9.818232880E0,-5.638774109E-1
1.070088585E2,-8.131091309E-1,9.796528015E0,-6.884184265E-1
1.070289015E2,-7.887098694E-1,9.728269958E0,-6.679110718E-1
1.070489435E2,-7.018904114E-1,9.760153656E0,-6.424639893E-1
1.070689865E2,-8.258326721E-1,9.739496613E0,-6.438111877E-1
1.070890295E2,-9.009764099E-1,9.737251282E0,-5.287005615E-1
1.071090725E2,-7.569758606E-1,9.780062256E0,-6.324348450E-1
1.071291155E2,-7.192543030E-1,9.781409454E0,-6.117778015E-1
1.071491585E2,-8.258326721E-1,9.710157623E0,-6.676116943E-1
1.071692015E2,-9.297166443E-1,9.720486145E0,-5.661227417E-1
1.071892445E2,-7.900570679E-1,9.757608948E0,-5.050497437E-1
1.072092875E2,-6.324348450E-1,9.719438324E0,-4.972659302E-1
1.072293305E2,-6.764433289E-1,9.720486145E0,-4.778063965E-1
1.072493735E2,-8.120613098E-1,9.649982758E0,-6.941065979E-1
1.072694165E2,-8.421487427E-1,9.740843811E0,-5.016069031E-1
1.072894585E2,-7.563771057E-1,9.759554901E0,-3.546125793E-1
1.073095015E2,-8.111631775E-1,9.758058014E0,-5.047503662E-1
1.073295445E2,-7.926017761E-1,9.768536224E0,-4.569996643E-1
1.073495875E2,-8.192463684E-1,9.790839844E0,-6.071374512E-1
1.073696305E2,-7.845185852E-1,9.754315796E0,-5.896238708E-1
1.073896735E2,-8.464897156E-1,9.704469452E0,-5.426216125E-1
1.074097165E2,-9.066645813E-1,9.682614899E0,-5.718109131E-1
1.074297595E2,-8.298742676E-1,9.715247040E0,-5.746549988E-1
1.074498025E2,-7.676037598E-1,9.754016418E0,-5.601351929E-1
1.074698455E2,-7.553292847E-1,9.750274200E0,-6.018983459E-1
1.074898885E2,-8.105644226E-1,9.742490387E0,-4.749623108E-1
1.075099338E2,-7.108717346E-1,9.773775330E0,-4.728666687E-1
1.075299768E2,-6.644682312E-1,9.811945953E0,-5.364843750E-1
1.075500198E2,-7.369175720E-1,9.772128754E0,-4.727169800E-1
1.075700628E2,-7.987390137E-1,9.799970856E0,-4.770579529E-1
1.075901058E2,-6.887178040E-1,9.737550659E0,-4.264631653E-1
1.076101488E2,-6.776408386E-1,9.730814667E0,-5.822891235E-1
1.076301918E2,-6.761439514E-1,9.721533966E0,-5.351371765E-1
1.076502348E2,-8.187973022E-1,9.728120270E0,-4.727169800E-1
1.076702778E2,-7.021897888E-1,9.733958130E0,-4.099974060E-1
1.076903207E2,-5.727090454E-1,9.737700348E0,-5.324427795E-1
1.077103638E2,-6.494993591E-1,9.752669220E0,-4.468208313E-1
1.077304058E2,-8.400531006E-1,9.755513306E0,-3.582051086E-1
1.077504488E2,-7.408094788E-1,9.790540466E0,-4.852908325E-1
1.077704918E2,-6.905140686E-1,9.776619415E0,-4.484674072E-1
1.077905348E2,-7.385641479E-1,9.736203461E0,-4.210743713E-1
1.078105778E2,-7.247927856E-1,9.760752411E0,-4.426295471E-1
1.078306208E2,-6.944059753E-1,9.789193268E0,-3.872447205E-1
1.078506638E2,-7.006929016E-1,9.758507080E0,-4.435276794E-1
1.078707067E2,-7.041357422E-1,9.760902100E0,-4.195774841E-1
1.078907498E2,-7.490423584E-1,9.708211670E0,-4.402345276E-1
1.079107928E2,-7.388635254E-1,9.698032837E0,-4.168830872E-1
1.079308358E2,-7.101232910E-1,9.741143188E0,-4.210743713E-1
1.079508778E2,-7.108717346E-1,9.727222137E0,-4.203259277E-1
1.079709208E2,-6.965016174E-1,9.810299377E0,-3.091072083E-1
1.079909638E2,-7.026388550E-1,9.754615173E0,-4.493655396E-1
1.080110068E2,-7.942483521E-1,9.720635834E0,-3.582051086E-1
1.080310498E2,-7.584727478E-1,9.719438324E0,-4.596940613E-1
1.080510927E2,-7.643106079E-1,9.764344940E0,-5.345384216E-1
1.080711358E2,-7.786807251E-1,9.752968597E0,-4.261637878E-1
1.080911788E2,-7.526348877E-1,9.714648285E0,-5.090913391E-1
1.081112218E2,-7.969427490E-1,9.784253540E0,-3.854484558E-1
1.081312648E2,-7.994874573E-1,9.719588013E0,-4.278103638E-1
1.081513078E2,-7.584727478E-1,9.743089142E0,-5.198689270E-1
1.081713498E2,-7.045848083E-1,9.690099335E0,-5.578898621E-1
1.081913928E2,-7.979905701E-1,9.751471710E0,-5.763015747E-1
1.082114358E2,-8.062234497E-1,9.812245331E0,-5.261558533E-1
1.082314787E2,-7.897576904E-1,9.788744202E0,-4.349954224E-1
1.082515218E2,-8.032296753E-1,9.805958405E0,-5.270539856E-1
1.082715648E2,-7.747888184E-1,9.839788055E0,-5.824388123E-1
1.082916078E2,-7.509883118E-1,9.743238831E0,-6.385720825E-1
1.083116508E2,-8.743318176E-1,9.693093109E0,-7.098239136E-1
1.083316938E2,-9.865983582E-1,9.678872681E0,-5.462141418E-1
1.083517368E2,-9.443861389E-1,9.688003693E0,-5.969586182E-1
1.083717798E2,-8.780740356E-1,9.826765137E0,-5.610333252E-1
1.083918218E2,-8.035290527E-1,9.795180817E0,-6.159690857E-1
1.084118647E2,-7.545808411E-1,9.710007935E0,-6.071374512E-1
1.084319078E2,-8.147557068E-1,9.690099335E0,-7.116201782E-1
1.084519508E2,-8.644523621E-1,9.690997467E0,-6.424639893E-1
1.084719938E2,-8.948391724E-1,9.750124512E0,-5.691165161E-1
1.084920368E2,-9.291178894E-1,9.723180542E0,-5.670208740E-1
1.085120772E2,-9.297166443E-1,9.741592255E0,-6.248007202E-1
1.085321202E2,-8.945397949E-1,9.713600464E0,-6.375242615E-1
1.085521632E2,-8.961863708E-1,9.690249023E0,-5.667214966E-1
1.085722062E2,-8.511300659E-1,9.740843811E0,-5.047503662E-1
1.085922482E2,-8.791218567E-1,9.829309845E0,-5.197192383E-1
1.086122912E2,-9.788145447E-1,9.793534241E0,-4.926255798E-1
1.086323342E2,-9.750723267E-1,9.713899841E0,-2.848576355E-1
1.086523772E2,-8.190966797E-1,9.702822876E0,-2.983296204E-1
1.086724202E2,-6.715036011E-1,9.702673187E0,-3.508703613E-1
1.086924632E2,-6.363267517E-1,9.771380310E0,-4.275109863E-1
1.087125062E2,-7.051835632E-1,9.817334747E0,-3.472778320E-1
1.087325492E2,-7.491920471E-1,9.764045563E0,-4.034111023E-1
1.087525922E2,-7.789801025E-1,9.730215912E0,-3.376977539E-1
1.087726352E2,-7.664062500E-1,9.785900116E0,-4.674778748E-1
1.087926772E2,-7.717950439E-1,9.864636383E0,-5.709127808E-1
1.088127202E2,-7.679031372E-1,9.926158447E0,-4.987628174E-1
1.088327632E2,-6.920109558E-1,9.888287201E0,-5.391787720E-1
1.088528062E2,-8.059240723E-1,9.817484436E0,-6.584806824E-1
1.088728492E2,-7.614665222E-1,9.821825409E0,-6.441105652E-1
1.088928922E2,-5.399272156E-1,9.746082916E0,-6.126759338E-1
1.089129352E2,-5.107379150E-1,9.709708557E0,-8.955876160E-1
1.089329782E2,-5.441184998E-1,9.669142914E0,-8.572673035E-1
1.089530212E2,-3.995191956E-1,9.858648834E0,-7.349716187E-1
1.089730642E2,-2.800675964E-1,1.011626312E1,-7.363188171E-1
1.089931062E2,-1.432521057E-1,9.896370392E0,-1.059347076E0
1.090131492E2,-1.245410156E-1,9.726773071E0,-1.182091827E0
1.090331922E2,-8.726852417E-2,9.277706909E0,-1.173709259E0
1.090532352E2,-4.311035156E-2,9.559870148E0,-6.947053528E-1
1.090732782E2,3.293151855E-3,9.646240540E0,-7.490423584E-1
1.090933212E2,-8.382568359E-2,9.305549011E0,-6.685098267E-1
1.091133642E2,-3.396437073E-1,8.911119232E0,2.640509033E-1
1.091334072E2,-4.285588074E-1,8.894803162E0,1.532962189E0
1.091534502E2,-5.448669434E-2,9.675280151E0,1.726360016E0
1.091734932E2,-1.571731567E-2,1.022179367E1,7.960446167E-1
1.091935362E2,-3.025209045E-1,1.040411453E1,8.981323242E-1
1.092135782E2,-9.895921326E-1,9.877060547E0,7.704478455E-1
1.092336212E2,-1.720522156E0,9.505233765E0,8.904981995E-1
1.092536642E2,-3.087778931E0,9.400751038E0,4.414320374E0
1.092737072E2,-1.823507996E0,9.217681732E0,5.777086487E0
1.092937502E2,-7.932005310E-1,9.012009430E0,2.282303925E0
1.093137932E2,5.164260864E-2,9.414223022E0,7.846682739E-1
1.093338362E2,-4.510121155E-1,1.042971130E1,1.265468445E0
1.093538792E2,-7.526348877E-1,1.007614655E1,5.519023132E-1
1.093739222E2,-2.525248718E-1,9.203311615E0,2.154170380E0
1.093939652E2,1.363664246E-1,8.510552216E0,2.813100128E0
1.094140072E2,-8.562194824E-2,8.793763275E0,1.798360291E0
1.094340502E2,-1.118773499E0,9.411378937E0,2.827769623E0
1.094540932E2,-1.047521667E0,9.415570221E0,3.379522247E0
1.094741362E2,-2.008822632E-1,8.693322144E0,1.047970734E0
1.094941792E2,6.165678406E-1,7.981701965E0,1.390308838E0
1.095142215E2,-1.826202393E-2,8.397387543E0,8.942404175E-1
1.095342645E2,-1.569486237E0,8.540190582E0,2.661166077E0
1.095543075E2,-1.913021851E0,9.051826630E0,6.105802917E0
1.095743505E2,-1.345701599E-1,9.196575623E0,3.644770660E0
1.095943935E2,1.054557037E0,8.322243805E0,4.805007935E-1
1.096144355E2,2.495460663E0,6.816674652E0,-1.573228455E0
1.096344785E2,1.081800385E0,6.245462494E0,1.107397156E0
1.096545215E2,-2.222278748E0,6.391708374E0,5.136418762E0
1.096745645E2,-2.005679169E0,5.987548828E0,2.629881134E0
1.096946075E2,-9.610015869E-1,6.368806000E0,4.689448242E0
1.097146505E2,-5.334606628E0,8.999136200E0,4.914131012E0
1.097346935E2,-7.973469086E0,1.215607132E1,6.248605957E0
1.097547365E2,-5.023403778E0,1.258343262E1,5.794001312E0
1.097747795E2,-5.220244446E0,1.008976822E1,4.319417725E0
1.097948225E2,-5.098846893E0,8.623866577E0,4.017645264E0
1.098148645E2,-4.246369629E0,9.803413696E0,4.288432159E0
1.098349075E2,-3.569028168E0,1.268731659E1,5.488935699E0
1.098549505E2,-3.573818207E0,1.456126968E1,5.381608887E0
1.098749935E2,-3.392994232E0,1.288086411E1,3.036136322E0
1.098950365E2,-4.176914062E0,1.073447754E1,2.603086853E0
1.099150795E2,-4.748575287E0,9.894873505E0,3.900289307E0
1.099351225E2,-3.296295319E0,9.397008820E0,2.478994904E0
1.099551655E2,-1.352587280E0,8.347840576E0,5.165757751E-1
1.099752085E2,-2.971321106E-1,7.484286346E0,5.433700562E-2
1.099952505E2,-7.451504517E-1,7.941585388E0,1.928739166E0
1.100152935E2,-2.525398407E0,8.126151581E0,4.036206665E0
1.100353365E2,-3.364253998E0,8.240064697E0,3.964655457E0
1.100553795E2,-3.520678711E0,8.060138855E0,3.983516235E0
1.100754225E2,-2.779270477E0,8.156239014E0,4.523293762E0
1.100954655E2,-2.356699219E0,8.174501038E0,4.146826630E0
1.101155085E2,-2.126927032E0,7.993826752E0,3.783532104E0
1.101355515E2,-2.402054901E0,7.325017548E0,4.515809326E0
1.101555945E2,-2.068847809E0,6.344855804E0,5.373226318E0
1.101756375E2,-1.950144653E0,6.050418091E0,4.776267700E0
1.101956795E2,-1.732048187E0,5.865552521E0,3.338657227E0
1.102157225E2,-1.422342224E0,6.173911285E0,2.436932373E0
1.102357655E2,-1.046174469E0,6.433022461E0,2.500699768E0
1.102558085E2,-2.842588806E-1,5.865402832E0,2.864293671E0
1.102758515E2,1.297801208E-1,4.941224670E0,3.251239014E0
1.102958945E2,3.604504395E-1,4.198469238E0,2.822530518E0
1.103159375E2,1.588197327E-1,4.617897034E0,1.575623474E0
1.103359805E2,-1.424587555E0,6.212530975E0,6.042933655E-1
1.103560235E2,-4.329596558E0,8.628506927E0,8.752299500E-1
1.103760665E2,-5.238506470E0,1.055290512E1,3.734583893E0
1.103961085E2,-3.278781738E0,7.744894409E0,4.813390503E0
1.104161515E2,-2.392325134E0,5.342540131E0,4.374952240E0
1.104361945E2,-1.736987915E0,5.422324219E0,3.390000458E0
1.104562375E2,-1.431323547E0,7.537276154E0,2.655926971E0
1.104762805E2,-1.084345093E0,1.182765427E1,1.269360352E0
1.104963235E2,-1.087488556E0,1.502814880E1,-9.333091736E-1
1.105163666E2,-1.510957947E0,1.667188065E1,-6.565347290E-1
1.105364096E2,-3.630849609E0,1.673968964E1,-2.818339233E0
1.105564526E2,-5.269042969E-1,2.476764542E1,3.691473541E0
1.105764946E2,5.508544922E-2,1.626203293E1,1.073612411E1
1.105965376E2,6.724017334E-1,8.020621033E0,3.524720306E0
1.106165806E2,-3.125500488E-1,1.255169861E1,-3.349734192E0
1.106366236E2,2.393372955E0,1.758034149E1,-5.101690979E0
1.106566666E2,2.761307831E0,1.408166702E1,-2.947520599E0
1.106767096E2,-9.720785522E-1,8.274044037E0,5.244494019E0
1.106967526E2,-1.800755310E0,7.210655365E0,-1.287322998E-1
1.107167956E2,-2.519560547E0,5.990692291E0,-3.266507263E0
1.107368386E2,-3.578608246E0,5.487438812E0,-2.088906097E0
1.107568806E2,-3.328777771E0,6.406228180E0,1.176553345E0
1.107769236E2,-4.626878357E-1,8.818162537E0,2.015558624E0
1.107969666E2,1.643133087E0,8.999884644E0,1.033450928E0
1.108170096E2,2.681074677E0,8.997789001E0,1.564396820E0
1.108370526E2,3.083887024E0,9.566456451E0,2.605182495E0
1.108570956E2,2.090103607E0,9.607770538E0,2.053878937E0
1.108771386E2,4.354444885E-1,9.443861389E0,1.650168457E0
1.108971816E2,-5.382806396E-1,8.432115326E0,1.154549103E0
1.109172246E2,-5.656736755E-1,6.453978882E0,1.057700500E0
1.109372666E2,-5.869294739E-1,7.047045593E0,2.719095612E0
1.109573096E2,-1.708996124E0,6.763235779E0,2.730471954E0
1.109773526E2,-1.567540283E0,6.822662201E0,1.801803131E0
1.109973956E2,6.586303711E-3,8.241860962E0,-1.156644745E0
1.110174386E2,1.357676697E0,7.857909393E0,-2.892734528E0
1.110374816E2,1.806443481E0,5.292843475E0,4.462071075E0
1.110575246E2,8.719367981E-1,5.035528564E0,2.136956177E0
1.110775676E2,2.019300842E-1,7.018155670E0,-1.945354614E0
1.110976106E2,1.137634277E-1,1.221983871E1,4.454736328E-1
1.111176536E2,1.216969299E-1,1.552795944E1,4.209845581E0
1.111376956E2,5.664221191E-1,1.699431015E1,5.387297058E0
1.111577386E2,6.578819275E-1,1.709714630E1,5.968837738E0
1.111777816E2,-1.283730469E0,1.608165802E1,3.225791931E0
1.111978246E2,-3.577410736E0,1.555370590E1,6.179898834E0
1.112178676E2,-5.273383942E0,1.365789825E1,6.256240082E0
1.112379106E2,-6.900500336E0,1.051802765E1,3.843407593E0
1.112579536E2,-6.441554718E0,8.758436737E0,3.505859528E0
1.112779966E2,-4.668342133E0,8.836873627E0,4.884492645E0
1.112980396E2,-3.642824707E0,8.422086182E0,4.976251831E0
1.113180816E2,-3.244952087E0,7.482041016E0,4.379293213E0
1.113381246E2,-2.751578064E0,6.047574005E0,3.214714966E0
1.113581676E2,-2.127226410E0,4.369862823E0,2.100132751E0
1.113782106E2,-1.010398865E0,2.780018921E0,1.121168518E0
1.113982536E2,7.020401001E-2,1.995799713E0,5.563929749E-1
1.114182966E2,1.048719177E0,2.509681091E0,8.572673035E-1
1.114383396E2,1.789977722E0,4.084107056E0,1.750908966E0
1.114583826E2,5.059478760E-1,6.128854980E0,2.579436035E0
1.114784256E2,-5.206473083E0,9.817783813E0,2.505190430E0
1.114984676E2,-9.803563385E0,1.500988678E1,3.162174225E0
1.115185107E2,-2.230361938E0,9.350455627E0,3.374432831E0
1.115385537E2,9.404942322E-1,6.548282776E0,1.390952499E1
1.115585967E2,-1.213227081E0,4.897814941E0,5.742209015E0
1.115786397E2,-1.897603912E0,6.281537476E0,1.658850403E0
1.115986827E2,-6.264472961E-1,7.710316315E0,-1.205143890E0
1.116187257E2,2.537223816E-1,8.203241272E0,-2.227068787E0
1.116387687E2,-1.446442108E0,7.498207397E0,8.098159790E-1
1.116588117E2,-1.720821533E0,6.408323822E0,4.169279938E0
1.116788537E2,1.204994202E-1,9.743538208E0,2.988086243E0
1.116988967E2,-7.761360168E-1,1.454749832E1,-1.365161133E-1
1.117189397E2,-3.547023926E0,1.524459869E1,1.205293579E0
1.117389827E2,-5.478008423E0,1.458896210E1,-1.295855255E0
1.117590257E2,-1.192270660E0,1.482352432E1,-1.378782806E0
1.117790687E2,1.237925720E0,1.384321289E1,1.859732666E0
1.117991117E2,1.494342499E0,1.662637527E1,6.363267517E-1
1.118191547E2,2.984793091E0,1.393167892E1,5.983956299E0
1.118391977E2,1.923649750E0,8.772357788E0,5.140310669E-1
1.118592397E2,2.488724670E0,1.109447891E1,-1.141975250E0
1.118792827E2,2.560874634E0,1.161464722E1,1.537003784E0
1.118993257E2,2.784210205E-1,1.015143997E1,1.303489380E0
1.119193687E2,-2.929408264E-1,8.797804871E0,-9.699829102E-1
1.119394117E2,-1.005758514E0,7.354805603E0,-1.348395996E0
1.119594547E2,-1.844165039E0,7.196584625E0,4.245172119E-1
1.119794977E2,-1.373094635E0,8.256081390E0,1.975891113E0
1.119995407E2,-2.785707092E-1,8.842861176E0,2.354902954E0
1.120195827E2,5.224136353E-1,8.892108765E0,1.678309937E0
1.120396257E2,1.232985992E0,8.732390900E0,1.263522491E0
1.120596687E2,1.121617584E0,7.610773315E0,2.212998047E0
1.120797117E2,9.973759460E-1,7.307803345E0,2.175875244E0
1.120997547E2,7.644602966E-1,7.498806152E0,1.509610748E0
1.121197977E2,1.457968140E0,6.757098541E0,-4.538562012E-1
1.121398407E2,9.095086670E-1,5.761069794E0,-1.444346466E0
1.121598837E2,-2.573149109E-1,4.987777863E0,5.921685791E-1
1.121799267E2,-2.395019531E-3,6.539002075E0,1.044527893E0
1.121999687E2,5.572911072E-1,7.985593872E0,1.565145264E0
1.122200117E2,1.422042847E-2,7.078629913E0,2.139949951E0
1.122400547E2,3.559597778E-1,6.502478027E0,1.695673828E0
1.122600977E2,-5.641767883E-1,9.399553528E0,1.657802582E0
1.122801407E2,-5.685177612E-1,1.437820038E1,-3.721261597E-1
1.123001837E2,7.324269104E-1,1.851933884E1,2.586621094E-1
1.123202267E2,1.503623199E0,1.549697388E1,2.950364685E0
1.123402697E2,-1.528321838E-1,1.560445038E1,4.551285553E0
1.123603117E2,-2.684667206E0,1.654524399E1,5.581443329E0
1.123803547E2,-4.348756714E0,1.783930298E1,5.126838684E0
1.124003977E2,-7.028933258E0,1.492396545E1,4.330644379E0
1.124204407E2,-6.803801422E0,1.046024780E1,4.653073883E0
1.124404837E2,-3.358865204E0,9.628577271E0,5.069208527E0
1.124605267E2,-1.387165375E0,1.009380981E1,5.848787384E0
1.124805697E2,-1.345701599E0,9.054221649E0,5.123844910E0
1.125006127E2,-1.523382111E0,7.633376312E0,2.952909393E0
1.125206557E2,-1.967209167E0,6.069428558E0,1.476230164E0
1.125406977E2,-2.143841858E0,4.617597656E0,6.520440674E-1
1.125607407E2,-1.952689362E0,3.797303467E0,-3.719764709E-1
1.125807837E2,-1.710343323E0,3.575913849E0,-2.818638611E-1
1.126008267E2,-2.053429871E0,3.542233887E0,1.058448944E0
1.126208697E2,-2.484234009E0,3.671415253E0,3.116369476E0
1.126409127E2,-2.024390259E0,4.506079559E0,4.897964630E0
1.126609557E2,-1.846560059E0,5.328619080E0,5.139861603E0
1.126809987E2,-2.222578125E0,7.417974243E0,4.790937195E0
1.127010417E2,-2.926713867E0,1.019305344E1,4.335733795E0
1.127210837E2,-8.402027893E-1,1.057550812E1,2.710862732E0
1.127411267E2,1.652862854E0,7.681875458E0,4.667593689E0
1.127611697E2,1.041384430E0,4.019740906E0,6.643784180E0
1.127812127E2,-1.914369049E0,5.051245880E0,5.495671692E0
1.128012557E2,-3.022364960E0,7.457941132E0,1.588197327E0
1.128212987E2,-3.777095490E0,7.841892700E0,-1.152603149E-1
1.128413417E2,-3.154240723E0,6.598428497E0,7.150630188E-1
1.128613847E2,-1.683549042E0,7.456294556E0,3.882925415E0
1.128814267E2,-1.117126923E0,1.369112915E1,5.588029633E0
1.129014697E2,-2.737956390E0,1.377375732E1,-2.512974243E0
1.129215127E2,-2.359992371E0,1.638358017E1,-3.488944702E0
1.129415557E2,-4.970114594E0,2.028327072E1,4.280798035E0
1.129615987E2,-2.731819153E-1,1.243524078E1,2.311792603E0
1.129816417E2,1.228645020E0,1.371582779E1,4.327500916E-1
1.130016847E2,3.343596954E0,1.491782822E1,2.383493500E0
1.130217277E2,4.421206055E0,1.447789307E1,1.558409271E0
1.130417707E2,2.194436646E0,1.201072357E1,-4.981640625E-1
1.130618127E2,9.681866455E-1,1.078926361E1,-2.216889954E-1
1.130818557E2,-3.805087280E-1,1.049362839E1,9.160949707E-2
1.131018987E2,-1.136137390E0,9.823022919E0,-1.038690033E0
1.131219417E2,-2.032922516E0,9.420809326E0,-7.327262878E-1
1.131419847E2,-2.392175446E0,8.935219116E0,6.005511475E-1
1.131620277E2,-1.237626343E0,7.750881958E0,5.504054260E-1
1.131820707E2,-2.983296204E-1,7.000193024E0,8.527766418E-1
1.132021137E2,3.302133179E-1,6.780899048E0,1.181942139E0
1.132221557E2,7.518864441E-1,6.958429871E0,1.602268066E0
1.132421987E2,9.656419373E-1,7.685018921E0,1.244512024E0
1.132622417E2,9.493258667E-1,8.376730499E0,7.535330200E-1
1.132822847E2,8.273295593E-1,7.996221771E0,6.101312256E-1
1.133023277E2,9.701325989E-1,7.128027191E0,6.267466736E-1
1.133223707E2,6.029461670E-1,5.886658630E0,1.111438751E0
1.133424137E2,4.140390015E-1,4.437222748E0,1.632205811E0
1.133624567E2,-2.647993469E-1,6.040688324E0,3.199596405E0
1.133824997E2,-7.394622803E-1,1.236249207E1,1.387614441E0
1.134025417E2,9.922865295E-1,1.286724243E1,1.719025269E0
1.134225847E2,1.546883240E0,6.483317871E0,4.826862488E0
1.134426277E2,-1.821112976E0,2.990780640E0,1.306483154E0
1.134626707E2,-2.567610626E0,4.905898132E0,5.309458923E-1
1.134827137E2,-5.743556213E-1,1.005878265E1,-1.831890564E0
1.135027567E2,1.874102783E0,1.359083771E1,5.435197449E-1
1.135228000E2,2.491568756E0,1.525941788E1,1.822759552E0
1.135428430E2,-3.324586487E-1,1.782897446E1,1.925895081E0
1.135628850E2,-1.060993652E0,1.803225174E1,5.362897797E0
1.135829280E2,-1.706900482E0,1.542332703E1,3.844006348E0
1.136029710E2,-3.735931091E0,1.439810898E1,3.203488312E0
1.136230140E2,-5.066065063E0,1.365400635E1,4.438120880E0
1.136430570E2,-4.304748230E0,1.241488312E1,1.797312469E0
1.136631000E2,-3.384162598E0,1.128368546E1,2.054328003E0
1.136831430E2,-2.527643738E0,1.064256866E1,4.029470673E0
1.137031860E2,-1.608405304E0,9.138646088E0,3.498075714E0
1.137232280E2,-1.201251984E0,7.795638885E0,2.498005371E0
1.137432710E2,-1.428030396E0,7.023245087E0,1.880240021E0
1.137633140E2,-2.163301392E0,6.069727936E0,1.468895416E0
1.137833570E2,-2.341430969E0,5.339097290E0,1.076860657E0
1.138034000E2,-2.267484741E0,4.981341248E0,7.336244202E-1
1.138234430E2,-2.721490631E0,4.406835938E0,1.501228180E0
1.138434860E2,-2.704126740E0,3.987108765E0,3.305576019E0
1.138635290E2,-1.971550140E0,4.424798584E0,4.554878082E0
1.138835720E2,-1.656904449E0,6.755302277E0,3.569028168E0
1.139036140E2,-2.462080078E0,8.333919525E0,1.147813110E0
1.139236570E2,-2.290536804E0,7.935597839E0,5.080435181E-1
1.139437000E2,-9.319619751E-1,6.779701538E0,3.197051697E0
1.139637430E2,6.508465576E-1,7.517068176E0,9.197473755E0
1.139837860E2,-1.251248016E0,8.390950928E0,3.701352997E0
1.140038290E2,-2.883753204E0,8.950637054E0,2.601589966E-1
1.140238720E2,-2.391576691E0,7.527097321E0,-7.493417358E-1
1.140439150E2,-2.086062012E0,5.617518311E0,1.279090118E0
1.140639570E2,-1.128652954E0,6.127058716E0,3.993246002E0
1.140840000E2,-1.051114197E0,8.478219452E0,5.433550873E0
1.141040430E2,-2.473157043E0,1.368095032E1,3.511847076E0
1.141240860E2,-4.956642609E0,1.651336029E1,1.151106262E0
1.141441290E2,-4.683311005E0,1.354503296E1,-6.896159363E-1
1.141641720E2,1.672023010E-1,1.325688217E1,-1.151106262E0
1.141842150E2,1.233435059E0,1.530716858E1,-3.002606049E0
1.142042580E2,1.204994202E0,1.496303421E1,-1.755848694E0
1.142243010E2,1.821262665E0,1.210876968E1,-5.132826233E-1
1.142443430E2,3.197949829E0,1.037073395E1,-6.996450806E-1
1.142643860E2,3.739972687E0,1.060050613E1,-2.214494934E0
1.142844290E2,4.580474854E-1,1.202224960E1,-1.793121185E0
1.143044720E2,-2.266436920E0,1.170805298E1,2.628384247E0
1.143245150E2,-2.861748962E0,9.780361633E0,7.884104919E-1
1.143445580E2,-1.901795197E0,8.209977264E0,-1.911225586E0
1.143646010E2,-1.339714050E-1,9.203311615E0,-2.562670898E-1
1.143846440E2,1.341061249E0,1.031385223E1,5.792953491E-1
1.144046860E2,1.676214294E0,9.641001434E0,-1.736389160E-2
1.144247290E2,1.157243500E0,8.760382690E0,-3.400927734E-1
1.144447720E2,1.054257660E0,7.910001068E0,5.105882263E-1
1.144648150E2,4.607418823E-1,6.635700989E0,8.777746582E-1
1.144848580E2,-1.463955688E-1,5.912554779E0,6.715036011E-1
1.145049010E2,-1.227447510E-2,7.652536469E0,2.182162170E0
1.145249431E2,3.207829285E-1,9.041647797E0,2.764900360E0
1.145449861E2,1.356179810E0,7.865992584E0,8.843609619E-1
1.145650281E2,2.233056335E0,5.365741882E0,-9.289682007E-1
1.145850711E2,1.528471527E0,4.211342468E0,-1.999541931E0
1.146051141E2,1.042881317E0,5.338498535E0,-5.511538696E-1
1.146251571E2,4.152365112E-1,1.031954041E1,6.447242889E0
1.146452001E2,4.899311829E-1,8.930578766E0,1.181792450E0
1.146652431E2,2.029180298E0,8.069868622E0,-1.032702484E0
1.146852861E2,1.559457092E0,1.056383240E1,6.773414612E-1
1.147053291E2,-6.132746887E-1,1.378468460E1,3.501368866E0
1.147253721E2,-1.198856964E0,1.553424637E1,-3.369493103E-1
1.147454141E2,-1.015338593E0,1.628658188E1,6.806346130E-1
1.147654571E2,-2.337239685E0,1.628194153E1,3.811823273E0
1.147855001E2,-3.267555084E0,1.652039566E1,4.439168701E0
1.148055431E2,-3.137176208E0,1.590562408E1,4.310735779E0
1.148255861E2,-2.515069885E0,1.388961639E1,3.802243195E0
1.148456291E2,-2.089504852E0,1.107277405E1,3.244952087E0
1.148656721E2,-1.693877563E0,1.000190094E1,2.998714142E0
1.148857151E2,-1.673519897E0,9.883796539E0,3.990401917E0
1.149057581E2,-1.774559784E0,8.584498444E0,3.874692535E0
1.149258001E2,-1.966760101E0,6.777156830E0,3.552712097E0
1.149458431E2,-2.068847809E0,5.623655548E0,3.201542358E0
1.149658861E2,-1.919009399E0,5.208419037E0,2.317630463E0
1.149859291E2,-1.844614105E0,5.048701172E0,1.064436493E0
1.150059721E2,-2.307301941E0,4.906347198E0,1.273102570E0
1.150260151E2,-2.320773926E0,4.421655121E0,2.524949341E0
1.150460581E2,-1.952240295E0,3.908372498E0,3.048111420E0
1.150661011E2,-1.246008911E0,4.423750763E0,2.425256653E0
1.150861441E2,-3.221301270E-1,5.807473297E0,1.774559784E0
1.151061861E2,-8.400531006E-1,8.134683838E0,7.458988953E-1
1.151262291E2,-1.852397919E0,9.161997528E0,3.891906738E-1
1.151462721E2,-1.248403931E0,7.399113464E0,2.326312408E0
1.151663151E2,-6.207591248E-1,5.530249786E0,5.517077179E0
1.151863581E2,-1.363514557E0,5.809868317E0,3.683989105E0
1.152064011E2,-1.977238312E0,7.600744171E0,1.756746826E0
1.152264441E2,-2.500250702E0,8.318651276E0,1.867965546E0
1.152464871E2,-2.524051208E0,7.485483856E0,2.478246460E0
1.152665291E2,-2.569406891E0,9.613907776E0,3.673660583E0
1.152865721E2,-1.146615601E0,1.364352814E1,5.432652740E0
1.153066151E2,1.715432739E-1,1.546149765E1,2.293380890E0
1.153266581E2,-5.739065552E-1,1.391251877E1,-3.604654083E0
1.153467011E2,-6.494993591E-1,1.491752884E1,-5.773344269E0
1.153667441E2,-1.374142456E-1,1.687994797E1,3.269051971E0
1.153867871E2,-2.320175171E-2,1.857741806E1,3.727548523E0
1.154068301E2,1.159189453E0,1.308234512E1,4.044289856E0
1.154268731E2,7.753875732E-1,1.018497025E1,3.964805145E0
1.154469161E2,1.455573120E0,1.230126938E1,-2.891986084E-1
1.154669581E2,1.663041687E0,1.229588058E1,-1.852397919E0
1.154870011E2,1.632355499E0,9.128467255E0,2.297422485E0
1.155070450E2,-1.110241241E0,8.060587921E0,-5.791456604E-1
1.155270880E2,-2.298320618E0,7.391479340E0,-1.344504089E0
1.155471310E2,-1.660496979E0,7.014712830E0,7.556286621E-1
1.155671740E2,-7.599696350E-1,7.643704834E0,1.798210602E0
1.155872170E2,-4.146377563E-2,8.710087280E0,1.260079651E0
1.156072600E2,5.650749207E-1,9.210646362E0,-7.604187012E-2
1.156273030E2,9.919871521E-1,9.114396515E0,-1.781295776E-2
1.156473460E2,1.267564087E0,9.975555725E0,2.102976837E0
1.156673880E2,1.663490753E0,9.751322021E0,2.095941467E0
1.156874310E2,1.478774872E0,7.862849121E0,1.372346191E0
1.157074740E2,2.422262878E0,6.918912048E0,1.694775696E0
1.157275170E2,1.734742584E0,5.886958008E0,-5.239105225E-3
1.157475600E2,1.167272644E0,5.307063904E0,-1.621727600E0
1.157676030E2,1.367705841E0,7.576494598E0,1.880539398E0
1.157876460E2,1.012045441E0,8.776549072E0,-1.246907043E-1
1.158076890E2,1.285826111E-1,8.414452057E0,-1.311572571E0
1.158277320E2,-1.012793884E0,7.067403259E0,2.508333893E0
1.158477740E2,-2.257904663E0,6.383774872E0,3.670217743E0
1.158678170E2,-1.253193970E0,6.643035736E0,-8.824150085E-1
1.158878600E2,-5.240602112E-1,1.024095383E1,-1.398092651E-1
1.159079030E2,-1.432521057E-1,1.537767197E1,5.104385376E0
1.159279460E2,-2.622546387E-1,1.632969223E1,3.445834351E0
1.159479890E2,6.611750793E-1,1.636127655E1,4.120631104E0
1.159680320E2,-1.559756470E0,1.637519760E1,5.514682159E0
1.159880750E2,-3.239712982E0,1.570189774E1,5.030738525E0
1.160081180E2,-3.808979187E0,1.369382355E1,4.699627075E0
1.160281610E2,-3.448678436E0,1.132305359E1,4.089645538E0
1.160482040E2,-2.780767365E0,1.076187057E1,4.586013336E0
1.160682460E2,-2.326761475E0,1.096829132E1,4.344864807E0
1.160882890E2,-2.011067963E0,9.639504547E0,3.258573761E0
1.161083320E2,-2.096091156E0,7.960745544E0,2.838247833E0
1.161283750E2,-2.174977112E0,6.533313904E0,2.538271637E0
1.161484180E2,-2.088606720E0,5.358556824E0,1.466350708E0
1.161684610E2,-2.021546173E0,4.600832520E0,6.999444580E-1
1.161885040E2,-1.947300568E0,4.266278229E0,6.644682312E-1
1.162085470E2,-1.902992706E0,4.194876709E0,1.274898834E0
1.162285900E2,-1.561702423E0,4.803211670E0,2.378553772E0
1.162486330E2,-7.960446167E-1,6.002817078E0,2.598296814E0
1.162686750E2,-1.405427399E0,7.626490631E0,1.477277985E0
1.162887180E2,-3.069367218E0,9.281299438E0,4.299060059E-1
1.163087610E2,-2.352058868E0,7.867339783E0,-2.424957275E-2
1.163288040E2,-1.017583923E0,7.071744232E0,1.187330933E0
1.163488470E2,-4.361929321E-1,7.980953522E0,4.268224182E0
1.163688900E2,-5.517526245E-1,7.823930054E0,6.218817902E0
1.163889330E2,-7.351213074E-1,7.087760925E0,5.202581177E0
1.164089760E2,-2.212399292E-1,6.749763794E0,3.770958252E0
1.164290190E2,3.646417236E-1,6.910379791E0,1.909129944E0
1.164490620E2,1.419049072E-1,8.889264679E0,1.784888306E0
1.164691050E2,-4.037104797E-1,1.204605011E1,2.274520111E0
1.164891470E2,-1.853445740E0,1.417656967E1,9.572593689E-1
1.165091898E2,-3.817511444E0,1.532513123E1,2.055375824E0
1.165292328E2,-3.763024750E0,1.336645432E1,6.451583862E-1
1.165492758E2,-9.012757874E-1,1.279344589E1,-2.789748688E0
1.165693188E2,1.249601440E0,1.295046936E1,1.461261292E0
1.165893618E2,1.704954529E0,1.454824677E1,6.795867920E-2
1.166094048E2,1.751807098E0,1.640244095E1,2.466271362E0
1.166294478E2,1.851948853E0,1.176927567E1,2.165397034E0
1.166494908E2,1.340761871E0,9.761500854E0,4.508624268E-1
1.166695338E2,2.839595032E-1,1.001312759E1,1.253792725E0
1.166895768E2,-1.052311707E-1,1.030112869E1,-6.051914978E-1
1.167096198E2,-4.034111023E-1,1.012030472E1,-1.028361511E0
1.167296618E2,-5.983058167E-1,9.650132446E0,-3.493734741E-1
1.167497048E2,-6.509962463E-1,9.037755890E0,4.170327759E-1
1.167697478E2,-4.001179504E-1,8.605604553E0,4.077520752E-1
1.167897908E2,-7.723937988E-2,8.263565826E0,6.721023560E-1
1.168098338E2,4.019142151E-1,8.703950043E0,3.628454590E-1
1.168298768E2,8.271798706E-1,9.076674957E0,6.607260132E-1
1.168499198E2,1.084345093E0,8.757987671E0,5.839356995E-1
1.168699628E2,1.247505798E0,8.578361206E0,1.012195129E0
1.168900058E2,9.720785522E-1,7.315587158E0,1.981279907E0
1.169100488E2,8.340655518E-1,6.619684296E0,1.633253632E0
1.169300918E2,2.583627319E-1,7.993527374E0,3.281925201E0
1.169501338E2,3.356021118E-1,7.530839539E0,1.999242554E0
1.169701768E2,9.574090576E-1,6.671177216E0,-1.049766998E0
1.169902198E2,9.014254761E-1,6.513704681E0,-8.093669128E-1
1.170102628E2,7.388635254E-1,6.699019318E0,1.219064941E0
1.170303058E2,1.047821045E0,7.569159851E0,1.075962524E0
1.170503488E2,9.222322083E-1,8.484207001E0,1.437011719E-1
1.170703918E2,1.002914429E-1,7.754474487E0,3.800895996E0
1.170904348E2,9.520202637E-2,7.091203766E0,4.171824646E0
1.171104778E2,-6.735992432E-2,9.559271393E0,1.698966980E0
1.171305208E2,3.231779480E-1,1.439601334E1,1.572030945E0
1.171505638E2,-4.468208313E-1,1.696422272E1,3.963607635E0
1.171706068E2,-9.738748169E-1,1.625365036E1,3.683839417E0
1.171906488E2,-2.350561981E0,1.570384369E1,3.666176147E0
1.172106918E2,-3.512595520E0,1.427416672E1,4.993316345E0
1.172307348E2,-3.671415253E0,1.263866776E1,5.142256622E0
1.172507778E2,-4.187841339E0,1.156839340E1,5.045857086E0
1.172708208E2,-5.181924133E0,1.186851929E1,5.738017731E0
1.172908638E2,-5.043911133E0,1.095975906E1,5.865851898E0
1.173109068E2,-3.489393768E0,8.678353271E0,4.716242523E0
1.173309498E2,-1.884730682E0,6.956334229E0,3.557202759E0
1.173509928E2,-1.235680389E0,6.374194794E0,2.918480988E0
1.173710358E2,-1.278790741E0,6.212081909E0,1.994751892E0
1.173910788E2,-2.175875244E0,5.868995361E0,1.669478302E0
1.174111218E2,-2.548899536E0,5.021158447E0,2.576591949E0
1.174311638E2,-2.010469208E0,4.597838745E0,3.573369141E0
1.174512068E2,-1.894011383E0,4.880151672E0,2.588267670E0
1.174712498E2,-1.528321838E0,5.834267578E0,1.319655762E0
1.174912928E2,-1.418001251E0,6.905589752E0,6.171665955E-1
1.175113358E2,-1.877545624E0,8.119565277E0,8.904981995E-1
1.175313788E2,-8.634045410E-1,7.881410522E0,2.714155884E0
1.175514218E2,7.625143433E-1,7.209308167E0,4.947062531E0
1.175714648E2,-5.766009521E-1,6.066584473E0,3.609294434E0
1.175915078E2,-1.587748260E0,4.918322296E0,2.022144928E0
1.176115507E2,-7.134164429E-1,5.903723145E0,2.151326294E0
1.176315938E2,4.204756165E-1,8.478967896E0,2.175725555E0
1.176516368E2,1.805245972E-1,8.365952911E0,1.920805664E0
1.176716798E2,-2.286794586E0,8.361911316E0,3.301235046E0
1.176917218E2,-2.539469147E0,1.100885696E1,4.900509338E0
1.177117648E2,-1.631008301E0,1.427775925E1,4.857698364E0
1.177318078E2,-2.018702087E0,1.568423447E1,8.545729065E-1
1.177518508E2,-2.918930054E0,1.562196396E1,-5.747597809E0
1.177718938E2,-1.246308289E0,1.382629807E1,-4.361031189E0
1.177919367E2,8.315208435E-1,1.531480270E1,4.993166656E0
1.178119798E2,-1.717229004E0,1.531390457E1,6.390510864E0
1.178320228E2,8.005352783E-1,1.265303787E1,1.480870514E0
1.178520658E2,1.226998444E0,1.348321152E1,-1.690584412E0
1.178721088E2,6.933581543E-1,1.338441696E1,-3.410058746E0
1.178921518E2,2.589614868E-2,1.031819321E1,1.715133362E0
1.179121948E2,-1.442849579E0,9.865684204E0,1.270108795E0
1.179322378E2,-2.506687317E0,1.051398605E1,-1.682351532E0
1.179522798E2,-1.887275391E0,9.108858032E0,-4.224215698E-1
1.179723227E2,-6.517446899E-1,8.220455475E0,1.995500336E0
1.179923658E2,-2.841091919E-1,8.344996490E0,1.531315613E-1
1.180124088E2,-3.327580261E-1,8.133785706E0,-1.544937286E0
1.180324518E2,1.477427673E-1,7.070397034E0,-6.002517700E-1
1.180524948E2,1.749861145E-1,6.973099365E0,-1.212328949E0
1.180725378E2,-1.764830017E-1,7.597001953E0,-1.136885834E0
1.180925808E2,-8.502319336E-2,8.884923706E0,3.716770935E-1
1.181126238E2,-8.652008057E-2,9.173972626E0,5.899232483E-1
1.181326668E2,-3.412902832E-1,8.239016876E0,-1.892065430E-1
1.181527098E2,-2.010319519E-1,7.514822845E0,-1.134640503E-1
1.181727528E2,-3.962260437E-1,5.931116180E0,-6.325845337E-1
1.181927958E2,5.742059326E-1,4.762795715E0,-3.182382202E-1
1.182128378E2,-2.929408264E-1,9.090446320E0,1.805245972E-1
1.182328808E2,4.486170959E-1,1.222822128E1,1.759141846E0
1.182529238E2,8.776249695E-1,1.058748322E1,8.181985474E-1
1.182729668E2,1.513203278E0,8.407865753E0,-1.116079102E0
1.182930098E2,3.105442200E0,6.903943176E0,8.696914673E-2
1.183130528E2,5.176834717E0,6.683152313E0,4.225712585E0
1.183330958E2,1.212478638E0,7.341333618E0,6.521338806E0
1.183531388E2,-1.428928528E0,1.106693619E1,5.540278931E0
1.183731818E2,-2.977907410E0,1.386791153E1,3.377276917E0
1.183932248E2,-5.538632355E0,1.582179840E1,3.416195984E0
1.184132678E2,-5.845194855E0,1.598735413E1,5.756279755E0
1.184333108E2,-3.426973572E0,1.382884277E1,6.148015137E0
1.184533538E2,-1.750609589E0,1.015458344E1,6.982829132E0
1.184733968E2,-1.068927155E0,7.045848083E0,7.091652832E0
1.184934388E2,-2.073787537E0,6.089486847E0,6.103258209E0
1.185134819E2,-2.899470520E0,7.059769135E0,4.987179108E0
1.185335249E2,-3.229683838E0,8.101303253E0,3.957320709E0
1.185535679E2,-2.891986084E0,7.835156708E0,3.947141876E0
1.185736109E2,-1.465901642E0,7.049440613E0,4.322860565E0
1.185936539E2,-1.122665405E-1,7.079078979E0,3.223247223E0
1.186136969E2,2.897973633E-1,7.840246124E0,2.703527985E0
1.186337399E2,-5.595364380E-1,8.719068604E0,1.807341614E0
1.186537829E2,-1.810335388E0,9.871971130E0,9.771679688E-1
1.186738259E2,-2.464924164E0,1.107382187E1,1.075363770E0
1.186938689E2,-1.869612122E0,1.003303619E1,1.463356934E0
1.187139119E2,-1.727407837E0,9.561816101E0,1.769620056E0
1.187339549E2,-1.931732941E0,9.864786072E0,1.997296600E0
1.187539979E2,-2.133513336E0,1.022194336E1,1.656754761E0
1.187740409E2,-2.664459229E0,1.061831909E1,2.461181946E0
1.187940829E2,-3.036286011E0,1.057221497E1,2.565365295E0
1.188141259E2,-2.732866974E0,1.017209702E1,1.557211761E0
1.188341689E2,-1.921404419E0,9.853858795E0,6.966513062E-1
1.188542119E2,-1.490450592E0,9.578581238E0,1.150956573E0
1.188742549E2,-2.805166626E-1,9.274114380E0,1.577569427E0
1.188942979E2,1.308129730E0,1.045964905E1,1.769470367E0
1.189143409E2,8.518785095E-1,1.084300186E1,1.698068848E0
1.189343839E2,5.441184998E-1,1.011641281E1,1.878743134E0
1.189544269E2,2.597099304E-1,9.143286438E0,1.293310547E-1
1.189744699E2,-8.387059021E-1,9.208401031E0,1.022373962E-1
1.189945129E2,-1.742676086E0,9.331894226E0,1.482367401E0
1.190145559E2,-1.719174957E0,9.012159119E0,4.936734009E-1
1.190345989E2,-1.465452576E0,9.855056305E0,3.529660034E-1
1.190546419E2,-9.011260986E-1,1.068582870E1,3.493734741E-1
1.190746849E2,-5.284011841E-2,1.049198181E1,-2.926414490E-1
1.190947269E2,-2.131567383E-1,1.044288391E1,-5.770500183E-1
1.191147699E2,-3.739224243E-1,8.958720245E0,-7.170089722E-1
1.191348129E2,-1.573228455E-1,8.832083588E0,-1.606159973E-1
1.191548559E2,2.839595032E-1,9.799821167E0,1.203497314E-1
1.191748989E2,1.046324158E-1,1.021850052E1,-2.148033142E-1
1.191949419E2,-3.056643677E-1,9.882000275E0,-1.082099762E0
1.192149849E2,-7.069798279E-1,9.400451660E0,-1.473086700E0
1.192350279E2,-3.501219177E-1,9.394314423E0,-1.120719452E0
1.192550709E2,-3.155438232E-1,9.757758636E0,-6.566844177E-1
1.192751139E2,-1.564247131E-1,1.003138962E1,3.451821899E-1
1.192951569E2,-2.938389587E-1,9.760003967E0,3.233276367E-2
1.193151999E2,-4.992118835E-1,9.409732361E0,-1.319206696E0
1.193352429E2,-3.010240173E-1,9.497749329E0,-1.041234741E0
1.193552859E2,-8.966354370E-2,1.034708313E1,-4.761598206E-1
1.193753289E2,3.275189209E-1,1.025472519E1,-1.630110168E-1
1.193953719E2,6.191125488E-1,9.802515564E0,-4.384382629E-1
1.194154139E2,4.580474854E-1,9.658515015E0,-1.484912109E0
1.194354569E2,-1.652563477E-1,9.732461243E0,-9.412426758E-1
1.194554999E2,-7.203021240E-1,9.820627899E0,-2.288740540E-1
1.194755429E2,-3.357518005E-1,9.784403229E0,5.179229736E-2
1.194955859E2,1.188528442E-1,9.715546417E0,-6.361770630E-1
1.195156282E2,3.209326172E-1,9.664203186E0,-1.275946655E0
1.195356712E2,1.793270874E-1,9.884095917E0,-1.306483154E0
1.195557142E2,-4.144880676E-1,9.903705139E0,-9.244775391E-1
1.195757572E2,-4.525090027E-1,9.994566193E0,-7.903564453E-1
1.195958002E2,-6.774911499E-1,1.015024246E1,-8.443940735E-1
1.196158432E2,-6.391708374E-1,9.857900391E0,-7.923023987E-1
1.196358862E2,-4.552033997E-1,9.502838745E0,-1.279239807E0
1.196559292E2,-5.104385376E-2,9.391170959E0,-1.266366577E0
1.196759722E2,1.151106262E-1,9.591753845E0,-9.880952454E-1
1.196960152E2,2.380050659E-1,9.907597046E0,-8.416996765E-1
1.197160582E2,3.635939026E-1,9.861193542E0,-5.752537537E-1
1.197361012E2,2.559677124E-1,9.988728333E0,-6.903643799E-1
1.197561432E2,-3.951782227E-2,9.689201202E0,-9.545649719E-1
1.197761862E2,-4.610412598E-2,9.501192169E0,-9.759704590E-1
1.197962292E2,-1.959425354E-1,9.615105286E0,-9.237290955E-1
1.198162722E2,-1.444496155E-1,9.736203461E0,-6.867718506E-1
1.198363152E2,-2.649490356E-2,1.008408005E1,-8.494834900E-1
1.198563582E2,1.014889526E-1,9.965077515E0,-1.005459137E0
1.198764012E2,1.017883301E-2,9.728868713E0,-9.689350891E-1
1.198964442E2,-1.853146362E-1,9.709708557E0,-8.616082764E-1
1.199164872E2,-4.388873291E-1,9.892328796E0,-7.996371460E-1
1.199365302E2,-4.818479919E-1,9.716893616E0,-7.355703735E-1
1.199565732E2,-4.691244507E-1,9.660161591E0,-9.015751648E-1
1.199766162E2,-4.382885742E-1,9.775272217E0,-8.732839966E-1
1.199966592E2,-3.701802063E-1,9.811347198E0,-7.470964050E-1
1.200167022E2,-2.926414490E-1,9.743238831E0,-7.324269104E-1
1.200367452E2,-3.525169373E-1,9.837093658E0,-7.810757446E-1
1.200567882E2,-4.520599365E-1,9.744136963E0,-5.870791626E-1
1.200768312E2,-4.902305603E-1,9.655670929E0,-6.911128235E-1
1.200968742E2,-4.269122314E-1,9.785750427E0,-8.647517395E-1
1.201169162E2,-3.632945251E-1,9.895023193E0,-6.149212646E-1
1.201369592E2,-3.929328918E-1,9.747579803E0,-5.194198608E-1
1.201570022E2,-3.826043701E-1,9.751771088E0,-8.258326721E-1
1.201770452E2,-4.261637878E-1,9.738448792E0,-8.373587036E-1
1.201970882E2,-4.852908325E-1,9.688153381E0,-7.313790894E-1
1.202171312E2,-4.676275635E-1,9.886790314E0,-8.714877319E-1
1.202371742E2,-4.608915710E-1,9.987231445E0,-7.319778442E-1
1.202572172E2,-4.138893127E-1,9.633516998E0,-1.003213806E0
1.202772602E2,-5.019062805E-1,9.460776215E0,-1.149309998E0
1.202973032E2,-5.782475281E-1,9.493558044E0,-1.154100037E0
1.203173462E2,-5.445675659E-1,9.596094818E0,-1.068777466E0
1.203373892E2,-5.071453857E-1,9.770482178E0,-9.834548950E-1
1.203574322E2,-4.745132446E-1,9.921368408E0,-1.014739838E0
1.203774752E2,-5.474116516E-1,9.648485870E0,-1.282083893E0
1.203975182E2,-6.991960144E-1,9.439520416E0,-1.268611908E0
1.204175612E2,-7.979905701E-1,9.574689331E0,-1.006207581E0
1.204376042E2,-7.833210754E-1,9.833501129E0,-9.851014709E-1
1.204576472E2,-7.454498291E-1,9.985135803E0,-1.199904785E0
1.204776902E2,-7.776329041E-1,9.755363617E0,-1.032103729E0
1.204977332E2,-7.902067566E-1,9.627978516E0,-9.830058289E-1
1.205177791E2,-6.557862854E-1,9.565408630E0,-9.093589783E-1
1.205378221E2,-4.658312988E-1,9.746232605E0,-9.267228699E-1
1.205578651E2,-3.966751099E-1,9.884844360E0,-1.041683807E0
1.205779081E2,-4.682263184E-1,9.828112335E0,-1.032253418E0
1.205979511E2,-6.731501770E-1,9.795480194E0,-8.720864868E-1
1.206179941E2,-6.929090881E-1,9.699230347E0,-8.785231018E-1
1.206380371E2,-5.996530151E-1,9.589508514E0,-7.454498291E-1
1.206580801E2,-5.505551147E-1,9.680219879E0,-8.988807678E-1
1.206781231E2,-5.319937134E-1,9.851314087E0,-1.028211823E0
1.206981661E2,-4.926255798E-1,9.783654785E0,-8.967851257E-1
1.207182091E2,-5.376818848E-1,9.768536224E0,-8.199948120E-1
1.207382521E2,-6.722520447E-1,9.652527466E0,-8.690927124E-1
1.207582951E2,-6.165678406E-1,9.606573029E0,-9.484277344E-1
1.207783381E2,-5.370831299E-1,9.767787781E0,-9.282197571E-1
1.207983811E2,-6.351292419E-1,9.901010742E0,-7.864645386E-1
1.208184241E2,-6.987469482E-1,9.795929260E0,-9.565109253E-1
1.208384671E2,-5.975573730E-1,9.675429840E0,-9.394464111E-1
1.208585101E2,-6.102809143E-1,9.668244781E0,-1.150507507E0
1.208785531E2,-6.530918884E-1,9.663155365E0,-1.174158325E0
1.208985961E2,-6.530918884E-1,9.725126495E0,-1.084794159E0
1.209186381E2,-6.727011108E-1,9.813891907E0,-9.470805359E-1
1.209386811E2,-7.222480774E-1,9.756860504E0,-1.003812561E0
1.209587241E2,-7.508386230E-1,9.631571045E0,-1.130449219E0
1.209787671E2,-7.379653931E-1,9.565857697E0,-1.184486847E0
1.209988101E2,-6.888674927E-1,9.621392212E0,-1.144220581E0
1.210188531E2,-5.757028198E-1,9.829459534E0,-1.058149567E0
1.210388961E2,-5.324427795E-1,9.945168915E0,-9.493258667E-1
1.210589391E2,-5.637277222E-1,9.794731750E0,-1.105451202E0
1.210789821E2,-7.039860535E-1,9.632918243E0,-1.098415833E0
1.210990251E2,-7.137158203E-1,9.625583496E0,-1.107097778E0
1.211190681E2,-6.515950012E-1,9.691147156E0,-1.058598633E0
1.211391111E2,-7.346722412E-1,9.723330231E0,-1.013542328E0
1.211591541E2,-7.652087402E-1,9.778565369E0,-1.171164551E0
1.211791971E2,-7.270381165E-1,9.765692139E0,-1.101708984E0
1.211992401E2,-6.191125488E-1,9.727521515E0,-9.867480469E-1
1.212192831E2,-6.271957397E-1,9.663454742E0,-1.017733612E0
1.212393261E2,-6.718029785E-1,9.644743652E0,-9.497749329E-1
1.212593691E2,-6.706054688E-1,9.711055756E0,-9.957293701E-1
1.212794121E2,-6.568341064E-1,9.770182800E0,-1.027912445E0
1.212994551E2,-6.140231323E-1,9.768685913E0,-9.113049316E-1
1.213194981E2,-5.947132874E-1,9.789792023E0,-8.491841125E-1
1.213395411E2,-5.981561279E-1,9.758507080E0,-9.047186279E-1
1.213595841E2,-6.324348450E-1,9.699080658E0,-9.623487854E-1
1.213796271E2,-6.550378418E-1,9.613458710E0,-9.502239990E-1
1.213996691E2,-6.463558960E-1,9.684261475E0,-9.701325989E-1
1.214197121E2,-6.023474121E-1,9.783804474E0,-9.372010803E-1
1.214397551E2,-6.114784241E-1,9.816735992E0,-9.580078125E-1
1.214597981E2,-7.355703735E-1,9.746681671E0,-9.535171509E-1
1.214798411E2,-7.987390137E-1,9.714947662E0,-9.764195251E-1
1.214998841E2,-8.006849670E-1,9.711055756E0,-8.860075378E-1
1.215199241E2,-7.050338745E-1,9.852810974E0,-8.831634521E-1
1.215399671E2,-5.857319641E-1,9.803264008E0,-9.819580078E-1
1.215600101E2,-6.759942627E-1,9.764195251E0,-1.166673889E0
1.215800531E2,-8.319699097E-1,9.776320038E0,-1.042581940E0
1.216000961E2,-8.494834900E-1,9.880204010E0,-8.640032959E-1
1.216201391E2,-7.432044983E-1,9.903705139E0,-9.506730652E-1
1.216401821E2,-7.213499451E-1,9.814340973E0,-8.848100281E-1
1.216602251E2,-6.743476868E-1,9.591903534E0,-1.048569489E0
1.216802681E2,-6.243516541E-1,9.522747345E0,-1.298998718E0
1.217003111E2,-6.713539124E-1,9.647438049E0,-1.112486572E0
1.217203541E2,-6.592291260E-1,9.627679138E0,-9.069639587E-1
1.217403971E2,-5.522016907E-1,9.587712250E0,-1.048868866E0
1.217604401E2,-4.411326599E-1,9.553433533E0,-1.233135681E0
1.217804831E2,-5.712121582E-1,9.566456451E0,-1.249751129E0
1.218005261E2,-8.331674194E-1,9.719737701E0,-1.094074860E0
1.218205691E2,-8.780740356E-1,9.881401520E0,-9.858499146E-1
1.218406121E2,-7.930508423E-1,9.819131012E0,-9.096583557E-1
1.218606551E2,-6.159690857E-1,9.693093109E0,-1.133442993E0
1.218806981E2,-5.224136353E-1,9.695039063E0,-1.263821869E0
1.219007411E2,-6.135740662E-1,9.778864746E0,-1.110390930E0
1.219207831E2,-7.785310364E-1,9.818681946E0,-9.114546204E-1
1.219408261E2,-8.005352783E-1,9.724976807E0,-8.619076538E-1
1.219608691E2,-6.643185425E-1,9.664352875E0,-9.039701843E-1
1.219809121E2,-5.882766724E-1,9.725126495E0,-1.002016296E0
1.220009551E2,-6.027964783E-1,9.791588287E0,-1.011446686E0
1.220209981E2,-5.981561279E-1,9.764344940E0,-1.053808594E0
1.220410411E2,-7.235952759E-1,9.708211670E0,-9.092092896E-1
1.220610841E2,-8.405021667E-1,9.560019836E0,-9.753717041E-1
1.220811271E2,-8.415499878E-1,9.689799957E0,-9.394464111E-1
1.221011701E2,-8.427474976E-1,9.778265991E0,-1.086141357E0
1.221212131E2,-9.469308472E-1,9.708361359E0,-1.142274628E0
1.221412561E2,-9.440867615E-1,9.661209412E0,-8.291258240E-1
1.221612991E2,-8.840615845E-1,9.612410889E0,-9.671388245E-1
1.221813421E2,-6.283932495E-1,9.662855988E0,-9.473799133E-1
1.222013851E2,-5.087919617E-1,9.734407196E0,-9.713301086E-1
1.222214281E2,-6.083349609E-1,9.779313812E0,-8.298742676E-1
1.222414711E2,-6.698570251E-1,9.671238556E0,-9.415420532E-1
1.222615141E2,-7.165599060E-1,9.706565094E0,-8.077203369E-1
1.222815571E2,-7.845185852E-1,9.738149414E0,-8.644523621E-1
1.223016001E2,-8.315208435E-1,9.737700348E0,-8.378077698E-1
1.223216431E2,-6.890171814E-1,9.770631866E0,-7.888595581E-1
1.223416861E2,-7.458988953E-1,9.744586029E0,-1.046922913E0
1.223617291E2,-8.428971863E-1,9.726922760E0,-8.330177307E-1
1.223817721E2,-9.466314697E-1,9.750124512E0,-1.016536102E0
1.224018151E2,-1.023870850E0,9.763746185E0,-6.966513062E-1
1.224218581E2,-8.421487427E-1,9.734706573E0,-9.398954773E-1
1.224419011E2,-8.171507263E-1,9.681267700E0,-8.830137634E-1
1.224619441E2,-8.340655518E-1,9.644893341E0,-8.887019348E-1
1.224819871E2,-8.512797546E-1,9.652826843E0,-8.725355530E-1
1.225020301E2,-9.273216248E-1,9.709409180E0,-8.770262146E-1
1.225220725E2,-8.978329468E-1,9.707014160E0,-8.671467590E-1
1.225421155E2,-9.014254761E-1,9.765243073E0,-9.077124023E-1
1.225621585E2,-9.105564880E-1,9.754315796E0,-7.846682739E-1
1.225822005E2,-8.788224792E-1,9.784403229E0,-8.214916992E-1
1.226022435E2,-9.478289795E-1,9.670939178E0,-8.502319336E-1
1.226222865E2,-8.381071472E-1,9.704319763E0,-7.924520874E-1
1.226423295E2,-9.331594849E-1,9.680519257E0,-7.384144592E-1
1.226623725E2,-8.345146179E-1,9.676926727E0,-8.979826355E-1
1.226824155E2,-8.268804932E-1,9.722432098E0,-6.997947693E-1
1.227024585E2,-8.643026733E-1,9.657317505E0,-8.300239563E-1
1.227225015E2,-8.952882385E-1,9.667795715E0,-8.797206116E-1
1.227425445E2,-9.154962158E-1,9.726623383E0,-9.699829102E-1
1.227625875E2,-9.298663330E-1,9.810449066E0,-6.030958557E-1
1.227826305E2,-1.009201355E0,9.700128479E0,-8.822653198E-1
1.228026735E2,-1.038540344E0,9.683363342E0,-8.473878479E-1
1.228227165E2,-8.626560974E-1,9.735904083E0,-8.011340332E-1
1.228427595E2,-7.958949280E-1,9.715845795E0,-7.845185852E-1
1.228628025E2,-8.138575745E-1,9.771529999E0,-9.358538818E-1
1.228828455E2,-8.780740356E-1,9.754016418E0,-8.875044250E-1
1.229028885E2,-8.887019348E-1,9.705666962E0,-7.292834473E-1
1.229229315E2,-7.364685059E-1,9.735904083E0,-8.313711548E-1
1.229429745E2,-6.903643799E-1,9.709259491E0,-8.337661743E-1
1.229630175E2,-7.966433716E-1,9.662406921E0,-9.690847778E-1
1.229830605E2,-9.204359436E-1,9.710756378E0,-8.532257080E-1
1.230031035E2,-9.336085510E-1,9.794881439E0,-7.324269104E-1
1.230231465E2,-9.225315857E-1,9.701625366E0,-8.777746582E-1
1.230431895E2,-9.583071899E-1,9.573192444E0,-1.004710693E0
1.230632325E2,-9.386979675E-1,9.735904083E0,-1.011296997E0
1.230832755E2,-9.048683167E-1,9.742789764E0,-9.473799133E-1
1.231033185E2,-1.023571472E0,9.701026611E0,-9.196875000E-1
1.231233615E2,-1.127305756E0,9.653425598E0,-8.472381592E-1
1.231434045E2,-1.033600616E0,9.648336182E0,-8.551716614E-1
1.231634475E2,-8.198451233E-1,9.655371552E0,-9.273216248E-1
1.231834905E2,-7.605683899E-1,9.704768829E0,-8.782237244E-1
1.232035335E2,-7.667056274E-1,9.775721283E0,-8.698411560E-1
1.232235765E2,-7.569758606E-1,9.827363892E0,-7.421566772E-1
1.232436195E2,-8.587641907E-1,9.805659027E0,-8.681945801E-1
1.232636625E2,-8.656498718E-1,9.697284393E0,-7.214996338E-1
1.232837055E2,-7.783813477E-1,9.640252991E0,-8.196954346E-1
1.233037485E2,-7.604187012E-1,9.662855988E0,-8.047265625E-1
1.233237915E2,-7.360194397E-1,9.789642334E0,-7.357200623E-1
1.233438345E2,-6.735992432E-1,9.811047821E0,-6.887178040E-1
1.233638775E2,-6.700067139E-1,9.795031128E0,-7.685018921E-1
1.233839205E2,-6.761439514E-1,9.734407196E0,-8.312214661E-1
1.234039625E2,-7.400610352E-1,9.683513031E0,-7.870632935E-1
1.234240055E2,-7.881111145E-1,9.661359100E0,-7.572752380E-1
1.234440495E2,-8.352630615E-1,9.703421631E0,-7.241940308E-1
1.234640915E2,-7.526348877E-1,9.747280426E0,-6.710545349E-1
1.234841345E2,-6.710545349E-1,9.812544708E0,-7.047344971E-1
1.235041775E2,-7.231462097E-1,9.782756653E0,-7.881111145E-1
1.235242211E2,-7.530839539E-1,9.683812408E0,-8.663983154E-1
1.235442641E2,-7.500901794E-1,9.681567078E0,-7.626640320E-1
1.235643071E2,-7.346722412E-1,9.795031128E0,-7.696994019E-1
1.235843501E2,-9.288185120E-1,9.718839569E0,-6.794371033E-1
1.236043931E2,-1.036744080E0,9.649683380E0,-7.430548096E-1
1.236244361E2,-8.903485107E-1,9.629924469E0,-6.960525513E-1
1.236444791E2,-6.899153137E-1,9.768685913E0,-7.563771057E-1
1.236645221E2,-7.396119690E-1,9.752070465E0,-7.888595581E-1
1.236845651E2,-8.887019348E-1,9.782307587E0,-6.665638733E-1
1.237046081E2,-8.529263306E-1,9.745334473E0,-7.979905701E-1
1.237246511E2,-9.575587463E-1,9.759554901E0,-6.902146912E-1
1.237446941E2,-8.617579651E-1,9.706714783E0,-5.854325867E-1
1.237647371E2,-7.822732544E-1,9.688452759E0,-7.634124756E-1
1.237847801E2,-8.274792480E-1,9.765243073E0,-7.397616577E-1
1.238048231E2,-7.822732544E-1,9.740394745E0,-6.951544189E-1
1.238248661E2,-7.839198303E-1,9.721084900E0,-6.023474121E-1
1.238449091E2,-8.698411560E-1,9.704170074E0,-6.640191650E-1
1.238649521E2,-8.520281982E-1,9.705217896E0,-7.708969116E-1
1.238849951E2,-8.243357849E-1,9.688752136E0,-7.192543030E-1
1.239050381E2,-8.334667969E-1,9.716594238E0,-7.878117371E-1
1.239250811E2,-9.042695618E-1,9.773475952E0,-6.800358582E-1
1.239451241E2,-8.828640747E-1,9.761051788E0,-7.035369873E-1
1.239651671E2,-7.788304138E-1,9.837542725E0,-7.381150818E-1
1.239852101E2,-9.008267212E-1,9.857002258E0,-7.042854309E-1
1.240052531E2,-7.899073792E-1,9.699380035E0,-6.414161682E-1
1.240252961E2,-6.991960144E-1,9.672286377E0,-8.490344238E-1
1.240453391E2,-6.979985046E-1,9.712253265E0,-1.040037231E0
1.240653821E2,-8.219407654E-1,9.767039337E0,-8.114625549E-1
1.240854251E2,-8.211923218E-1,9.704020386E0,-7.423063660E-1
1.241054681E2,-7.167095947E-1,9.661508789E0,-8.566685486E-1
1.241255111E2,-8.255332947E-1,9.748927002E0,-9.125024414E-1
1.241455541E2,-9.617500305E-1,9.720635834E0,-9.053173828E-1
1.241655971E2,-9.131011963E-1,9.721983032E0,-7.560777283E-1
1.241856401E2,-8.120613098E-1,9.790241089E0,-7.750881958E-1
1.242056831E2,-7.890092468E-1,9.810000000E0,-7.432044983E-1
1.242257261E2,-7.626640320E-1,9.759704590E0,-7.271878052E-1
1.242457691E2,-6.938072205E-1,9.719887390E0,-6.617738342E-1
1.242658121E2,-6.828799438E-1,9.740843811E0,-6.656657410E-1
1.242858551E2,-7.671546936E-1,9.719438324E0,-6.270460510E-1
1.243058981E2,-8.002359009E-1,9.679321747E0,-6.692582703E-1
1.243259411E2,-8.152047729E-1,9.675579529E0,-7.015910339E-1
1.243459841E2,-7.982899475E-1,9.739646301E0,-6.364764404E-1
1.243660271E2,-7.707472229E-1,9.762548676E0,-7.225474548E-1
1.243860701E2,-7.494914246E-1,9.765692139E0,-6.985972595E-1
1.244061131E2,-7.735913086E-1,9.738299103E0,-7.161108398E-1
1.244261561E2,-8.662486267E-1,9.718240814E0,-7.406597900E-1
1.244461991E2,-9.172924805E-1,9.862540741E0,-7.147636414E-1
1.244662421E2,-1.004561005E0,9.783355408E0,-6.300398254E-1
1.244862851E2,-9.428892517E-1,9.705816650E0,-5.658233643E-1
1.245063281E2,-8.437953186E-1,9.719588013E0,-6.054908752E-1
1.245263705E2,-7.482939148E-1,9.714348907E0,-7.689509583E-1
1.245464135E2,-9.237290955E-1,9.732760620E0,-7.924520874E-1
1.245664565E2,-1.085991669E0,9.829609222E0,-7.388635254E-1
1.245864995E2,-1.131197662E0,9.836195526E0,-6.221063232E-1
1.246065425E2,-9.809101868E-1,9.864786072E0,-5.875282288E-1
1.246265855E2,-1.009949799E0,9.948611755E0,-7.708969116E-1
1.246466285E2,-1.276695099E0,9.773475952E0,-7.406597900E-1
1.246666715E2,-1.300345917E0,9.635912018E0,-6.457571411E-1
1.246867145E2,-1.292412415E0,9.858948212E0,-7.705975342E-1
1.247067575E2,-1.447340240E0,9.491312714E0,-6.523434448E-1
1.247268005E2,-1.581760712E0,9.309889984E0,-5.749543762E-1
1.247468435E2,-1.674567719E0,9.936337280E0,-6.093827820E-1
1.247668865E2,-2.016157379E0,9.915979614E0,-5.373825073E-2
1.247869295E2,-2.165397034E0,9.392069092E0,4.538562012E-1
1.248069725E2,-1.902094574E0,9.078770599E0,3.519181824E-1
1.248270155E2,-1.641336823E0,9.740843811E0,7.143145752E-1
1.248470585E2,-1.910926208E0,1.045725403E1,1.240620117E0
1.248671015E2,-2.199526062E0,1.060110489E1,2.508633270E0
1.248871445E2,-1.625320129E0,1.093266541E1,2.855462036E0
1.249071875E2,-8.104147339E-1,1.152992340E1,2.781815186E0
1.249272305E2,4.230203247E-1,1.267294647E1,5.159171448E0
1.249472735E2,2.627037048E-1,1.249900818E1,6.454877014E0
1.249673165E2,-1.808239746E0,1.059002792E1,6.935228119E0
1.249873595E2,-2.382894745E0,9.236243134E0,5.149890747E0
1.250074025E2,-3.921694794E0,7.890391846E0,1.356329498E0
1.250274455E2,-5.022056580E0,6.700665894E0,-3.418890381E-1
1.250474885E2,-3.532504120E0,6.868466949E0,1.175056458E0
1.250675315E2,-2.020348663E0,7.108717346E0,6.304589539E0
1.250875745E2,-2.480192413E0,7.363637238E0,8.267457733E0
1.251076175E2,-3.010389862E0,7.205266571E0,5.730682983E0
1.251276605E2,-2.668051758E0,6.595285034E0,4.338428192E0
1.251477035E2,-2.597398682E0,5.577401733E0,5.276976471E0
1.251677465E2,-3.025209045E0,4.835843811E0,6.055507507E0
1.251877895E2,-3.568279724E0,4.625082092E0,6.991511078E0
1.252078325E2,-3.463048553E0,5.086871796E0,6.466403046E0
1.252278755E2,-3.517086182E0,5.348976746E0,5.669759674E0
1.252479185E2,-3.672762451E0,5.062771912E0,4.545597382E0
1.252679615E2,-3.752546539E0,4.121229858E0,5.832171936E0
1.252880045E2,-4.539759521E0,2.449057159E0,6.604565735E0
1.253080475E2,-4.361031189E0,1.687141571E0,7.049290924E0
1.253280905E2,-3.687431946E0,2.602937164E0,7.494764557E0
1.253481335E2,-2.941233673E0,2.398761749E0,9.505084076E0
1.253681765E2,-3.011587372E0,1.589993591E0,8.823251953E0
1.253882195E2,-4.335284729E0,1.837129669E0,4.138743439E0
1.254082625E2,-4.286186829E0,3.357368317E0,4.471651154E0
1.254283055E2,-3.079695740E0,4.235891418E0,6.453829193E0
1.254483485E2,-4.684658203E0,4.158951416E0,4.788991241E0
1.254683915E2,-7.165898438E0,8.020022278E0,8.776698761E0
1.254884345E2,-6.739734650E0,1.602687195E1,8.544531555E0
1.255084775E2,-7.757917328E0,2.497810776E1,1.082878143E1
1.255285206E2,-7.131619720E0,1.063343765E1,-1.047821045E-3
1.255485636E2,-4.361629944E0,9.645941162E-1,6.860383759E0
1.255686066E2,-6.483018494E-1,3.218756561E0,6.592141571E0
1.255886496E2,-8.250842285E-1,9.124874725E0,3.727698212E0
1.256086926E2,-1.828896790E0,1.354009323E1,1.300645294E0
1.256287356E2,-2.947670288E0,1.471080872E1,7.497908020E-1
1.256487786E2,-3.537892914E0,1.323817108E1,2.008822632E0
1.256688216E2,-2.627486115E0,1.061173279E1,3.125949554E0
1.256888646E2,-1.519939270E0,8.574918365E0,3.954476624E0
1.257089076E2,-1.613045654E0,7.917784882E0,3.382216644E0
1.257289506E2,-1.714085541E0,7.908204803E0,2.008822632E0
1.257489936E2,-1.156644745E0,7.868537292E0,1.358425140E0
1.257690366E2,-4.799020386E-1,7.610024872E0,5.206173706E-1
1.257890796E2,-4.044589233E-1,7.504793701E0,-4.017645264E-1
1.258091226E2,-1.415306854E0,7.745642853E0,-2.863545227E-1
1.258291656E2,-1.858834534E0,8.459957428E0,1.200054474E0
1.258492086E2,-1.236578522E0,8.405171356E0,2.269879761E0
1.258692516E2,-5.209167480E-2,7.898624725E0,1.576222229E0
1.258892946E2,-8.367599487E-2,8.584049377E0,1.726509705E0
1.259093376E2,-6.453080750E-1,9.490115204E0,2.293680267E0
1.259293806E2,-8.614585876E-1,9.750274200E0,1.881287842E0
1.259494236E2,-7.207511902E-1,9.893226929E0,1.309776306E0
1.259694666E2,-6.846762085E-1,9.718839569E0,2.890938263E0
1.259895096E2,3.083587646E-2,9.535770264E0,3.758085022E0
1.260095526E2,2.591111755E-1,9.920170898E0,3.290607147E0
1.260295956E2,-5.029541016E-2,1.033495834E1,2.255809021E0
1.260496386E2,-5.583389282E-1,1.072549622E1,1.137334900E0
1.260696816E2,-1.503323822E0,1.185983734E1,-8.574169922E-1
1.260897246E2,-9.012757874E-1,1.401535492E1,-3.217559052E0
1.261097676E2,-3.941304016E-1,1.429946411E1,-4.827012177E0
1.261298106E2,-2.596350861E0,1.324161392E1,-3.003204803E0
1.261498536E2,-5.301525421E0,1.212628326E1,3.059637451E-1
1.261698966E2,-5.183121643E0,1.206805435E1,4.038601685E-1
1.261899396E2,-4.007466431E0,1.216924393E1,-4.206253052E-2
1.262099826E2,-2.501148834E0,1.284853134E1,6.433621216E-1
1.262300256E2,-3.858975220E-1,1.210128525E1,3.180585938E0
1.262500686E2,2.583627319E-1,1.094179642E1,4.756209412E0
1.262701116E2,-4.215234375E-1,1.242536133E1,5.432503052E0
1.262901546E2,-3.772006073E0,1.184456909E1,4.116140442E0
1.263101976E2,-5.482948151E0,1.089045319E1,-2.556683350E-1
1.263302406E2,-4.728666687E0,9.692344666E0,-1.555116119E0
1.263502836E2,-4.074676666E0,8.374934235E0,-1.641187134E0
1.263703266E2,-2.838547211E0,7.537425842E0,-4.268224182E0
1.263903696E2,-1.354084167E0,7.686665497E0,-3.692820740E-1
1.264104126E2,-4.343966675E-1,6.638994141E0,8.778794403E0
1.264304556E2,-4.867877197E-1,5.362897797E0,4.841382294E0
1.264504986E2,-1.368154907E0,3.646716614E0,3.781586151E0
1.264705416E2,-1.291214905E0,2.542462921E0,3.160527649E0
1.264905846E2,-1.232836304E0,1.751657410E0,4.173620911E0
1.265106276E2,-2.017953644E0,2.159708862E0,6.219865723E0
1.265306706E2,-2.738106079E0,2.752925262E0,6.362668762E0
1.265507136E2,-3.581302643E0,3.035537567E0,5.514532471E0
1.265707566E2,-3.982169037E0,1.965412903E0,5.373376007E0
1.265907996E2,-3.401975555E0,1.957479401E0,7.024143219E0
1.266108426E2,-2.499352570E0,2.340682526E0,8.167465668E0
1.266308856E2,-1.078058167E0,3.289259949E0,1.012015503E1
1.266509286E2,-1.158590698E0,4.123924255E0,1.147004791E1
1.266709716E2,-3.647165680E0,2.479893036E0,4.831353149E0
1.266910146E2,-1.079689774E1,9.605674896E0,1.169982010E1
1.267110576E2,-5.165308685E0,1.784050049E1,6.934629364E0
1.267311006E2,-6.904242554E0,5.690267029E0,4.090543671E0
1.267511436E2,-1.758243713E0,5.097350006E0,8.068072357E0
1.267711866E2,4.715194702E-2,9.704918518E0,3.521427155E0
1.267912296E2,-3.049458618E0,1.147618515E1,3.609743500E0
1.268112726E2,-4.367168427E0,1.053389465E1,3.542383575E0
1.268313156E2,-4.302802277E0,8.460256805E0,4.105213165E0
1.268513586E2,-2.185155945E0,9.064400482E0,3.988755341E0
1.268714016E2,-1.369801483E0,9.461674347E0,3.351680145E0
1.268914456E2,-1.092128906E0,1.007554779E1,3.033292236E0
1.269114886E2,-8.774752808E-1,9.803264008E0,2.798580322E0
1.269315316E2,-1.416504364E0,9.280850372E0,2.712359619E0
1.269515746E2,-1.724863129E0,8.756490784E0,2.707270203E0
1.269716176E2,-1.301244049E0,7.899223480E0,2.053280182E0
1.269916606E2,-1.196312256E0,7.513325958E0,1.338965607E0
1.270117036E2,-1.449884949E0,7.611970825E0,6.917115784E-1
1.270317466E2,-1.653162231E0,7.766150208E0,7.149133301E-1
1.270517896E2,-1.576970673E0,7.729326782E0,6.438111877E-1
1.270718326E2,-1.635049896E0,7.814948730E0,1.377285919E0
1.270918756E2,-1.880090332E0,7.919431458E0,2.110161896E0
1.271119186E2,-1.815873871E0,8.355774078E0,2.299518127E0
1.271319616E2,-1.654808807E0,9.074729004E0,2.583777008E0
1.271520046E2,-1.223854980E0,9.691147156E0,3.518882446E0
1.271720476E2,-3.523672485E-1,9.772727509E0,3.792064362E0
1.271920906E2,5.336402893E-1,9.527387695E0,3.019071808E0
1.272121336E2,3.388952637E-1,9.447902985E0,2.414329376E0
1.272321766E2,-1.076261902E-1,1.034573593E1,2.192939758E0
1.272522196E2,-9.945318604E-1,1.068043991E1,1.497935028E0
1.272722626E2,-1.772314453E0,1.080333435E1,9.096583557E-1
1.272923056E2,-1.425186310E0,1.178813644E1,-1.616638184E-2
1.273123486E2,1.496887207E-2,1.257549911E1,-1.713037720E0
1.273323916E2,-3.829037476E-1,1.516810776E1,-2.581381989E0
1.273524346E2,-2.683170319E0,1.376133316E1,-1.668729858E0
1.273724776E2,-4.509522400E0,1.127859604E1,-6.538403320E-1
1.273925206E2,-3.496429138E0,9.855205994E0,3.567082214E-1
1.274125636E2,-5.536985779E-1,1.169009033E1,1.291364594E0
1.274326066E2,1.242416382E-1,1.403750885E1,1.756148071E0
1.274526496E2,-3.457809448E-2,1.440813812E1,2.096689911E0
1.274726926E2,-8.319699097E-1,1.219963074E1,4.578379211E0
1.274927356E2,-4.150868225E-1,1.101229980E1,6.918612671E0
1.275127786E2,-3.331023102E0,1.000474503E1,5.088668060E0
1.275328216E2,-5.648204498E0,1.117426300E1,3.170407104E-1
1.275528646E2,-3.372037811E0,1.088910599E1,-3.682791595E0
1.275729076E2,-2.271376648E0,8.476872253E0,-4.466561737E0
1.275929506E2,-1.559756470E0,7.427254944E0,-4.700375519E0
1.276129936E2,-1.510359192E-1,9.679621124E0,-7.891589355E-1
1.276330366E2,-2.994522858E0,8.907975769E0,1.190668991E1
1.276530796E2,-2.580633545E0,6.973698120E0,1.830842743E0
1.276731226E2,-2.389181671E0,4.612208862E0,-3.068618774E-2
1.276931656E2,-1.484313354E0,3.877536621E0,2.073787537E0
1.277132086E2,-1.327289886E0,3.559148712E0,3.337759094E0
1.277332516E2,-1.983824615E0,2.749931488E0,5.510041809E0
1.277532956E2,-2.201621704E0,3.531007233E0,6.285279694E0
1.277733386E2,-2.668500824E0,4.352049866E0,5.548062744E0
1.277933816E2,-2.749781799E0,4.513114929E0,4.735103302E0
1.278134246E2,-2.967878265E0,3.814517670E0,4.981341248E0
1.278334676E2,-2.564467163E0,3.274291077E0,6.603817291E0
1.278535106E2,-1.841919708E0,3.696413269E0,8.748856659E0
1.278735536E2,-1.069376221E0,4.332290955E0,1.113399673E1
1.278935966E2,1.495390320E-1,5.010380859E0,1.286320084E1
1.279136396E2,-5.381309509E-1,3.513343964E0,6.875951385E0
1.279336826E2,-3.641627197E0,-1.333876190E0,-2.590812378E0
1.279537256E2,-9.823471985E0,7.237299957E0,1.721105942E1
1.279737686E2,1.344653778E0,2.857078674E1,6.908882904E0
1.279938116E2,-8.637787628E0,1.010623398E1,-2.785856781E0
1.280138546E2,-2.085463257E0,3.953428802E0,1.034019745E1
1.280338976E2,1.357527008E0,5.329217834E0,2.546504517E0
1.280539406E2,-3.871848450E0,8.280181274E0,4.008813629E0
1.280739836E2,-3.627556458E0,1.127410538E1,3.401526489E0
1.280940266E2,-3.580404510E0,1.092772568E1,3.140619049E0
1.281140696E2,-2.831811218E0,1.027927414E1,3.147355042E0
1.281341126E2,-2.142943726E0,9.600735168E0,2.104773102E0
1.281541556E2,-1.762285309E0,9.848919067E0,1.732048187E0
1.281741986E2,-1.272653503E0,9.720785522E0,1.937720490E0
1.281942416E2,-8.164022827E-1,9.181157684E0,2.127825165E0
1.282142846E2,-7.611671448E-1,8.401279449E0,2.180066528E0
1.282343276E2,-7.767347717E-1,7.967182159E0,1.917063446E0
1.282543706E2,-5.881269836E-1,7.727231140E0,1.610500946E0
1.282744136E2,-3.180885315E-1,7.693700867E0,1.369951172E0
1.282944566E2,-1.806742859E-1,7.886350250E0,1.285227356E0
1.283144996E2,-5.860313416E-1,8.140970764E0,1.456471252E0
1.283345426E2,-1.367406464E0,8.789422302E0,1.690584412E0
1.283545856E2,-2.021995239E0,9.154962158E0,2.333347778E0
1.283746286E2,-1.982776794E0,9.292975159E0,2.762355652E0
1.283946716E2,-1.649420013E0,9.531578979E0,2.037712555E0
1.284147146E2,-8.322692871E-1,9.575737152E0,1.339564362E0
1.284347586E2,7.768844604E-2,9.446256409E0,1.808539124E0
1.284548016E2,8.777746582E-1,9.369915161E0,2.643652496E0
1.284748446E2,1.316212921E0,9.934990082E0,2.253713379E0
1.284948876E2,1.270108795E0,1.048285080E1,1.034798126E0
1.285149306E2,5.092410278E-1,1.126781845E1,-2.435435486E-1
1.285349735E2,-6.450086975E-1,1.277084290E1,-2.179916840E0
1.285550165E2,-1.174008636E0,1.422791290E1,-3.852538605E0
1.285750595E2,-2.704276428E0,1.393122986E1,-2.527044983E0
1.285951025E2,-5.383255463E0,1.305195831E1,4.445755005E-2
1.286151455E2,-4.756209412E0,1.198961746E1,7.873626709E-2
1.286351885E2,-1.339414673E0,1.203602097E1,-2.266287231E-1
1.286552315E2,2.935395813E-1,1.277623169E1,1.004710693E0
1.286752745E2,2.246827698E-1,1.259391083E1,3.358416138E0
1.286953175E2,-6.846762085E-1,1.104747665E1,6.299949188E0
1.287153605E2,-1.033301239E0,1.030457153E1,6.143374786E0
1.287354035E2,-3.340603180E0,9.867181091E0,5.192402344E0
1.287554465E2,-5.290598145E0,1.108923981E1,5.276527405E-1
1.287754895E2,-4.912783813E0,1.002570145E1,-4.354444885E0
1.287955325E2,-4.141886902E0,8.235574036E0,-5.138813782E0
1.288155755E2,-2.224374390E0,7.425009613E0,-4.565056915E0
1.288356185E2,-1.061293030E0,1.045470932E1,-2.045646057E0
1.288556615E2,-3.249891815E0,9.812395020E0,1.276725037E1
1.288757045E2,-2.412233734E0,8.606951752E0,5.981411591E0
1.288957475E2,-2.110012207E0,6.697223053E0,3.262465668E0
1.289157905E2,-1.569486237E0,5.768404541E0,1.568139038E0
1.289358335E2,-2.006876678E0,4.076173553E0,1.372495880E0
1.289558765E2,-1.798060913E0,2.460283813E0,5.494324493E0
1.289759195E2,-1.630559235E0,2.214644623E0,7.108867035E0
1.289959625E2,-2.655178528E0,2.521506500E0,4.347708893E0
1.290160055E2,-2.460882568E0,2.786754913E0,3.576811981E0
1.290360485E2,-2.330204315E0,2.390977936E0,4.361031189E0
1.290560915E2,-2.625989227E0,2.591710510E0,5.629044342E0
1.290761345E2,-2.044598236E0,3.460653534E0,8.548423462E0
1.290961785E2,-1.169218597E0,4.168232117E0,1.195144684E1
1.291162215E2,-2.903961182E-1,4.538262634E0,1.268851410E1
1.291362645E2,-2.530188446E0,2.929108887E0,2.121538239E0
1.291563075E2,-7.789651337E0,8.259374542E0,3.149300995E0
1.291763505E2,-5.487139435E0,2.317106552E1,1.455408463E1
1.291963935E2,-8.467292175E0,1.044512924E1,1.457219696E0
1.292164365E2,-1.814227295E0,2.674188995E0,6.740483093E0
1.292364795E2,2.225721588E0,6.564898224E0,4.058659973E0
1.292565225E2,-1.596280518E0,1.000863693E1,3.654201050E0
1.292765655E2,-3.053649902E0,1.184337158E1,3.041225739E0
1.292966085E2,-3.077151031E0,1.099313965E1,3.615581360E0
1.293166515E2,-2.433339844E0,1.000998413E1,3.886218567E0
1.293366945E2,-9.379495239E-1,9.724527740E0,3.246448975E0
1.293567375E2,-3.026705933E-1,9.502389679E0,2.789299622E0
1.293767805E2,-7.831713867E-1,9.392518158E0,2.751727753E0
1.293968235E2,-1.879641266E0,9.132059784E0,3.013533325E0
1.294168665E2,-1.815873871E0,8.561296692E0,3.065026245E0
1.294369095E2,-9.789642334E-1,8.229436798E0,2.629132690E0
1.294569525E2,-5.713618469E-1,8.328680420E0,2.167492676E0
1.294769955E2,-6.459068298E-1,8.396788788E0,1.563348999E0
1.294970385E2,-5.517526245E-1,8.142317963E0,1.387464752E0
1.295170815E2,-4.210743713E-1,7.997419281E0,1.419049072E0
1.295371250E2,-6.316864014E-1,8.178991699E0,1.836381226E0
1.295571680E2,-1.331930237E0,8.460855560E0,2.327509918E0
1.295772110E2,-1.987417145E0,8.915160828E0,2.018402710E0
1.295972540E2,-2.336191864E0,9.444310455E0,2.923271027E0
1.296172970E2,-1.779649200E0,9.339678040E0,3.274889832E0
1.296373400E2,-6.965016174E-1,9.399104462E0,2.485281830E0
1.296573830E2,-1.930984497E-1,9.358987885E0,1.568737793E0
1.296774260E2,1.802252197E-1,9.615105286E0,1.845512238E0
1.296974690E2,6.465055847E-1,1.023032593E1,9.879455566E-1
1.297175120E2,1.977388000E-1,1.053868469E1,1.423539734E-1
1.297375550E2,-4.296066284E-1,1.153815628E1,2.918930054E-2
1.297575980E2,-2.398013306E-1,1.323068665E1,-1.044527893E0
1.297776420E2,-7.695497131E-1,1.407283539E1,-2.157762909E0
1.297976850E2,-2.551144867E0,1.257804382E1,-1.171912994E0
1.298177280E2,-4.046385498E0,1.111962662E1,-3.787124634E-1
1.298377710E2,-3.610641632E0,1.028286667E1,2.507286072E-1
1.298578140E2,-1.004860382E0,1.101694016E1,1.260079651E0
1.298778570E2,1.616638184E-2,1.284119659E1,1.841021576E0
1.298979000E2,-9.894424438E-2,1.360296249E1,2.572400665E0
1.299179430E2,-1.194965057E0,1.191357559E1,3.759432220E0
1.299379860E2,-1.719923401E0,1.076067307E1,5.170248413E0
1.299580290E2,-4.627477112E0,1.040860519E1,4.268972626E0
1.299780720E2,-5.646408234E0,1.145732437E1,1.836680603E-1
1.299981150E2,-3.547472992E0,1.103774689E1,-1.842219086E0
1.300181580E2,-2.733166351E0,9.347761230E0,-2.233056335E0
1.300382010E2,-1.801803131E0,8.589587860E0,-9.689350891E-1
1.300582440E2,-5.210664368E-1,9.489366760E0,2.709216156E0
1.300782870E2,-1.560804291E0,9.624685364E0,7.492968292E0
1.300983300E2,-1.859433289E0,7.919132080E0,5.377866669E0
1.301183730E2,-2.316882019E0,5.955066376E0,2.252515869E0
1.301384160E2,-1.967508545E0,4.829706573E0,9.032217407E-1
1.301584590E2,-1.315464478E0,4.224814453E0,2.504292297E0
1.301785020E2,-1.285377045E0,3.735032959E0,4.306394806E0
1.301985450E2,-1.043031006E0,3.415597229E0,5.777834930E0
1.302185880E2,-2.081122284E0,3.146606598E0,5.950426025E0
1.302386310E2,-2.893482971E0,3.440595245E0,5.342390442E0
1.302586740E2,-2.706072693E0,3.669169922E0,5.432503052E0
1.302787170E2,-1.975591736E0,3.247347107E0,5.287304993E0
1.302987600E2,-1.888323212E0,2.592309265E0,6.667734375E0
1.303188030E2,-1.830393677E0,2.386636963E0,8.098159790E0
1.303388460E2,-1.456770630E0,3.353775787E0,9.399254150E0
1.303588890E2,-1.040037231E0,4.328249359E0,1.085827011E1
1.303789320E2,-2.342778168E0,1.925446014E0,5.854176178E0
1.303989750E2,-6.998845825E0,2.370919647E0,5.154680786E0
1.304190190E2,-5.839656372E0,2.068234085E1,1.900447998E1
1.304390610E2,-5.489534454E0,1.557032135E1,-4.363126831E0
1.304591050E2,-3.976780243E0,2.620750122E0,1.020682480E1
1.304791480E2,1.126108246E0,5.256469116E0,5.609285431E0
1.304991910E2,-3.181484070E0,9.317524109E0,5.070705414E0
1.305192340E2,-3.567830658E0,1.217148926E1,4.566853180E0
1.305392767E2,-3.518283691E0,1.044063858E1,4.243375854E0
1.305593197E2,-2.235900421E0,9.305848389E0,4.511168976E0
1.305793627E2,-1.023122406E0,9.376202087E0,3.640729065E0
1.305994057E2,-4.008663940E-1,9.822573853E0,2.766846313E0
1.306194487E2,-8.542735291E-1,1.047880920E1,2.219135284E0
1.306394917E2,-1.287173309E0,1.087009552E1,2.488425293E0
1.306595347E2,-1.453028412E0,1.037687119E1,2.715353394E0
1.306795777E2,-1.313668213E0,9.018895111E0,2.191143494E0
1.306996207E2,-9.755213928E-1,7.688162384E0,1.495390320E0
1.307196637E2,-7.599696350E-1,7.220534821E0,1.216819611E0
1.307397067E2,-9.839039612E-1,7.091652832E0,1.161883850E0
1.307597497E2,-1.187480621E0,7.275919647E0,1.509161682E0
1.307797927E2,-1.034199371E0,7.737859039E0,1.593436432E0
1.307998357E2,-7.479945374E-1,8.005203094E0,1.376088409E0
1.308198787E2,-7.743397522E-1,8.613388367E0,9.964778137E-1
1.308399217E2,-9.469308472E-1,9.242080994E0,6.996450806E-1
1.308599647E2,-1.255738678E0,9.278455353E0,8.924441528E-1
1.308800077E2,-1.194366302E0,9.258247375E0,1.608854370E0
1.309000507E2,-7.768844604E-1,9.515711975E0,1.291065216E0
1.309200937E2,-3.427871704E-2,9.521250458E0,1.330283661E0
1.309401367E2,6.500981140E-1,1.019455032E1,1.459465027E0
1.309601797E2,9.839039612E-1,1.110854965E1,6.505471802E-1
1.309802227E2,5.331912231E-1,1.130808472E1,2.784210205E-2
1.310002657E2,-4.442761230E-1,1.271560776E1,-1.121916962E0
1.310203087E2,-4.857398987E-1,1.313189209E1,-3.041076050E0
1.310403517E2,-2.051633606E0,1.259286301E1,-1.986668701E0
1.310603947E2,-4.185596008E0,1.222477844E1,1.186582489E0
1.310804377E2,-2.843037872E0,1.138741974E1,2.772833862E0
1.311004807E2,7.661068726E-1,1.161150375E1,2.981350250E0
1.311205237E2,2.183509369E0,1.245110779E1,2.484084320E0
1.311405667E2,2.438279572E0,1.405562119E1,4.931644592E0
1.311606097E2,9.999206543E-2,1.379980316E1,5.696104889E0
1.311806527E2,-5.089416504E0,1.277862671E1,2.670895844E0
1.312006967E2,-6.868766327E0,1.222088654E1,-1.296603699E0
1.312207397E2,-3.441643066E0,1.070004913E1,-2.684068451E0
1.312407827E2,-2.057621155E0,1.009680359E1,-3.456312561E-1
1.312608257E2,-2.257156219E0,1.055530014E1,4.078119507E0
1.312808687E2,-2.942580872E0,9.983040161E0,3.050057373E0
1.313009117E2,-2.563718719E0,9.291627960E0,1.353335724E0
1.313209547E2,-1.939217377E0,7.862400055E0,4.162543945E0
1.313409977E2,-1.822160797E0,5.826483765E0,2.654430084E0
1.313610407E2,-1.274898834E0,3.891008606E0,8.448431396E-1
1.313810837E2,-3.299139404E-1,2.885100403E0,2.543810120E0
1.314011267E2,-7.593708801E-1,2.334994354E0,4.026776276E0
1.314211697E2,-1.728305969E0,2.019749908E0,5.497168579E0
1.314412127E2,-2.543959808E0,2.432591400E0,5.422773285E0
1.314612557E2,-2.214644623E0,3.196902008E0,4.580624542E0
1.314812987E2,-1.807640991E0,3.413351898E0,4.661606140E0
1.315013417E2,-1.821262665E0,3.059338074E0,5.636828156E0
1.315213840E2,-2.087109833E0,2.713407440E0,7.482041016E0
1.315414270E2,-2.249522095E0,3.069666595E0,9.061855774E0
1.315614700E2,-1.672621765E0,3.867357788E0,1.133951935E1
1.315815130E2,-1.947150879E0,2.815195770E0,7.675588531E0
1.316015560E2,-5.867648163E0,-7.884104919E-1,2.046095123E0
1.316215990E2,-8.797206116E0,1.957958405E1,2.285746765E1
1.316416420E2,-2.014510803E0,2.322809692E1,-3.849095764E0
1.316616850E2,-6.286028137E0,3.423830109E0,5.237308960E0
1.316817280E2,2.737357635E0,1.836081848E0,8.206384735E0
1.317017710E2,1.111438751E0,7.675289154E0,1.847009125E0
1.317218140E2,-4.234095154E0,1.158306290E1,4.861141205E0
1.317418570E2,-4.548740845E0,1.030127838E1,3.916306000E0
1.317619000E2,-2.837499390E0,8.797954559E0,4.411027222E0
1.317819430E2,-1.132993927E0,8.754544830E0,3.742068329E0
1.318019860E2,-5.737568665E-1,9.561666412E0,2.853815460E0
1.318220290E2,-4.905299377E-1,1.006132736E1,3.258424072E0
1.318420720E2,-7.575746155E-1,1.042102936E1,3.302731934E0
1.318621150E2,-1.564247131E0,1.057281372E1,3.454665985E0
1.318821580E2,-1.354383545E0,9.852062531E0,2.897374878E0
1.319022010E2,-3.070115662E-1,9.170230408E0,2.120939484E0
1.319222440E2,2.866539001E-1,8.829987946E0,1.594334564E0
1.319422870E2,7.858657837E-2,8.606203308E0,1.391656036E0
1.319623300E2,-3.679348755E-1,8.080346832E0,1.473086700E0
1.319823730E2,-8.890013123E-1,7.644453278E0,1.724713440E0
1.320024160E2,-1.163829803E0,7.613916779E0,1.915716248E0
1.320224590E2,-1.303639069E0,8.033194885E0,2.085163879E0
1.320425020E2,-1.510957947E0,8.647218018E0,1.512005768E0
1.320625460E2,-1.491049347E0,9.246421967E0,1.676663361E0
1.320825890E2,-1.299148407E0,9.238787842E0,1.666783905E0
1.321026320E2,-8.484356689E-1,8.422535248E0,1.917213135E0
1.321226750E2,-2.149530029E-1,8.570128326E0,1.902543640E0
1.321427180E2,2.165995789E-1,9.956545258E0,7.138655090E-1
1.321627610E2,3.719764709E-1,1.113534393E1,1.781295776E-2
1.321828040E2,3.974235535E-1,1.110136459E1,-2.106120300E-1
1.322028470E2,9.261241150E-1,1.235635483E1,-1.349743195E0
1.322228900E2,8.132588196E-1,1.453507416E1,-3.142714691E0
1.322429330E2,-2.448757782E0,1.392449387E1,-1.181193695E0
1.322629760E2,-6.307134247E0,1.216265762E1,1.794767761E0
1.322830190E2,-4.128564606E0,1.098760117E1,1.472188568E0
1.323030620E2,-5.084925842E-1,1.207868225E1,2.279609528E0
1.323231050E2,7.667056274E-1,1.383438126E1,3.410507812E0
1.323431480E2,6.875202942E-1,1.337049591E1,4.856500854E0
1.323631910E2,4.998106384E-1,1.232985992E1,4.332889709E0
1.323832340E2,-4.670288086E-1,1.212733109E1,2.480791168E0
1.324032770E2,-4.638853455E0,1.227956451E1,-8.294252014E-1
1.324233200E2,-6.332731018E0,1.240126144E1,-1.390907593E0
1.324433630E2,-5.114414520E0,9.747879181E0,-1.289418640E0
1.324634060E2,-3.448678436E0,7.694000244E0,-5.406756592E-1
1.324834490E2,-1.679657135E0,8.454418945E0,3.097059631E-1
1.325034920E2,-1.400936737E0,9.501790924E0,4.046385498E0
1.325235353E2,-1.979034576E0,8.577912140E0,6.011349335E0
1.325435783E2,-1.417103119E0,7.215744781E0,3.350183258E0
1.325636213E2,-1.435365143E0,5.613476715E0,8.184979248E-1
1.325836643E2,-1.527573395E0,4.267176361E0,-6.661148071E-2
1.326037073E2,-9.776170349E-1,3.613485718E0,2.511177979E0
1.326237503E2,-4.809498596E-1,3.287164307E0,4.988975372E0
1.326437933E2,-1.140927429E0,3.056793365E0,5.981710968E0
1.326638363E2,-2.169887695E0,3.341501312E0,5.509742432E0
1.326838793E2,-2.483784943E0,4.104165344E0,4.834795990E0
1.327039223E2,-2.458188171E0,4.537663879E0,4.756508789E0
1.327239653E2,-2.579436035E0,3.912713470E0,6.175408173E0
1.327440083E2,-2.230661316E0,3.336860962E0,7.903863831E0
1.327640513E2,-1.543889465E0,3.071313171E0,1.048719177E1
1.327840943E2,-1.630559235E0,3.934418335E0,1.331047073E1
1.328041373E2,-2.406246185E0,3.504212952E-1,5.521867218E0
1.328241803E2,-4.319717102E0,-7.676037598E-1,-1.440005493E0
1.328442233E2,-6.988816681E0,2.291315186E1,2.384795792E1
1.328642663E2,-2.538421326E0,2.087588837E1,-1.505269775E0
1.328843093E2,-6.687792664E0,1.629661102E0,9.104067993E0
1.329043523E2,1.819316711E0,4.359085236E0,6.404282227E0
1.329243953E2,-2.285746765E0,8.581055603E0,3.817960510E0
1.329444383E2,-3.609893188E0,1.087159241E1,3.989503784E0
1.329644813E2,-2.738405457E0,1.015338593E1,2.985840912E0
1.329845243E2,-1.781146088E0,9.739646301E0,3.917653198E0
1.330045673E2,-1.071322174E0,9.412726135E0,3.458557892E0
1.330246103E2,-1.120420074E0,9.119785309E0,2.963986359E0
1.330446533E2,-1.178349609E0,8.837173004E0,3.108286285E0
1.330646963E2,-1.778152313E0,8.374036102E0,2.623444519E0
1.330847393E2,-1.880389709E0,8.213270416E0,2.895877991E0
1.331047823E2,-1.218765564E0,8.227490845E0,2.503094788E0
1.331248253E2,-5.140310669E-1,8.407266998E0,1.363963623E0
1.331448683E2,-4.219725037E-1,8.342900848E0,9.925859070E-1
1.331649113E2,-4.457730103E-1,8.040978699E0,1.233135681E0
1.331849553E2,-6.780899048E-2,7.907007294E0,7.415579224E-1
1.332049983E2,-1.158590698E-1,8.064629517E0,1.458716583E0
1.332250413E2,-1.107696533E0,8.347391510E0,1.828447723E0
1.332450843E2,-2.116748199E0,8.778045959E0,2.036365356E0
1.332651273E2,-2.530637512E0,9.467362518E0,2.394121399E0
1.332851703E2,-2.550546112E0,9.641749878E0,2.369572449E0
1.333052133E2,-1.967957611E0,9.522897034E0,2.489024048E0
1.333252563E2,-1.069825287E0,9.622589722E0,1.968256989E0
1.333452993E2,-2.011816406E-1,9.570647736E0,1.564845886E0
1.333653423E2,7.351213074E-1,9.810449066E0,1.292711792E0
1.333853853E2,1.448088684E0,1.057895096E1,6.532415771E-1
1.334054283E2,1.256187744E0,1.130434250E1,-5.936654663E-1
1.334254713E2,6.682104492E-1,1.288056473E1,-2.125579834E0
1.334455143E2,-1.756447449E0,1.588855957E1,-2.983296204E0
1.334655573E2,-4.143084412E0,1.368738693E1,-8.657995605E-1
1.334856003E2,-5.842799835E0,1.181029037E1,7.069798279E-1
1.335056433E2,-3.470982056E0,1.185265228E1,9.710307312E-1
1.335256865E2,-1.012943573E0,1.271455994E1,1.206640778E0
1.335457295E2,1.902543640E-1,1.402104309E1,3.871698761E0
1.335657725E2,-8.448431396E-1,1.373019791E1,7.478747864E0
1.335858155E2,-2.649490356E0,1.162811920E1,5.550906830E0
1.336058585E2,-4.163741455E0,1.130928223E1,2.475252686E0
1.336259015E2,-3.362158356E0,1.221549774E1,-2.817740479E0
1.336459445E2,-2.722388763E0,1.004411316E1,-4.732259216E0
1.336659875E2,-2.054777069E0,8.641380157E0,-9.662406921E-1
1.336860305E2,-1.723665619E0,1.010054581E1,2.977009277E0
1.337060735E2,-3.418291626E0,9.539063416E0,6.427034912E0
1.337261165E2,-2.838247833E0,7.778873749E0,5.235063629E0
1.337461595E2,-2.115999756E0,6.125412140E0,2.531835022E0
1.337662025E2,-1.517993317E0,4.988077240E0,-1.065783691E-1
1.337862455E2,-1.122366028E0,4.080364838E0,-1.448986816E-1
1.338062885E2,-1.357976074E0,3.507805481E0,2.819836121E0
1.338263315E2,-1.329535217E0,3.521127777E0,5.891298981E0
1.338463745E2,-2.268981628E0,3.146307220E0,6.055657196E0
1.338664175E2,-3.113525391E0,3.021766205E0,4.447700958E0
1.338864605E2,-3.988306274E0,3.498075714E0,3.908522186E0
1.339065035E2,-3.204236755E0,4.187991028E0,4.862937469E0
1.339265465E2,-2.428100739E0,3.934268646E0,6.215075684E0
1.339465895E2,-2.079475708E0,2.796634369E0,6.779701538E0
1.339666325E2,-2.362836456E0,1.021326141E0,7.424410858E0
1.339866755E2,-2.651885376E0,1.820214844E-1,8.319998474E0
1.340067185E2,-2.590213623E0,1.089284821E0,9.659862213E0
1.340267615E2,-2.564467163E0,3.072211304E0,1.225291992E1
1.340468045E2,-6.160289612E0,1.137709122E1,1.704355774E1
1.340668475E2,-3.365900574E0,1.656664948E1,3.610641632E0
1.340868905E2,-5.529052277E0,3.642076263E0,2.696642303E0
1.341069335E2,-1.679208069E0,1.890568542E0,1.143621826E1
1.341269765E2,1.544039154E0,1.002585114E1,1.368005219E0
1.341470195E2,-3.845203857E0,1.413824936E1,5.659281464E0
1.341670625E2,-5.195994873E0,1.199395844E1,4.551884308E0
1.341871055E2,-4.424349518E0,7.083869019E0,6.597230988E0
1.342071485E2,-1.511856079E0,6.661297760E0,5.380561066E0
1.342271915E2,-7.655081177E-1,8.400081940E0,4.343068542E0
1.342472345E2,-1.018631744E0,1.021341110E1,3.694167938E0
1.342672775E2,-1.311273193E0,1.097442856E1,2.762056274E0
1.342873205E2,-1.872605896E0,1.088087311E1,2.502196655E0
1.343073635E2,-1.808239746E0,9.615853729E0,2.797682190E0
1.343274065E2,-1.616638184E0,8.369545441E0,2.243684235E0
1.343474495E2,-1.820663910E0,7.811056824E0,2.552192688E0
1.343674925E2,-1.793719940E0,7.925269318E0,3.012335815E0
1.343875355E2,-1.548529816E0,8.047415314E0,2.843037872E0
1.344075785E2,-1.164428558E0,7.922125854E0,2.215991821E0
1.344276215E2,-7.140151978E-1,7.890391846E0,1.513352966E0
1.344476645E2,-9.086105347E-2,8.238268433E0,1.077160034E0
1.344677075E2,3.101550293E-1,8.731642456E0,5.945635986E-1
1.344877505E2,9.624984741E-2,8.914262695E0,3.089575195E-1
1.345077935E2,-8.409512329E-1,8.943152618E0,9.357041931E-1
1.345278365E2,-1.289718018E0,9.066645813E0,9.711804199E-1
1.345478795E2,-1.280437317E0,9.133257294E0,1.100511475E0
1.345679225E2,-8.521778870E-1,9.026529236E0,1.063238983E0
1.345879655E2,-4.248165894E-1,9.119336243E0,7.237449646E-1
1.346080085E2,-9.595046997E-2,9.582622833E0,5.789959717E-1
1.346280515E2,-1.302291870E-2,9.524393921E0,2.917433167E-1
1.346480945E2,3.031196594E-1,1.024319916E1,-5.574407959E-1
1.346681375E2,1.980381775E-1,1.077414505E1,-1.157243500E0
1.346881805E2,4.480183411E-1,9.605674896E0,-7.280859375E-1
1.347082235E2,-2.914439392E-1,9.871072998E0,-9.900411987E-1
1.347282665E2,-1.838925934E0,1.035217255E1,-3.252735901E-1
1.347483095E2,-1.886377258E0,9.372908936E0,1.338067474E0
1.347683525E2,-5.146298218E-1,9.081914063E0,-4.743635559E-1
1.347883955E2,-4.079017639E-1,9.280850372E0,-1.364861755E0
1.348084385E2,-7.267387390E-1,9.436077576E0,-9.198371887E-1
1.348284815E2,-1.474134521E0,9.501790924E0,-6.541397095E-1
1.348485245E2,-2.045795746E0,9.695637817E0,-4.677772522E-1
1.348685675E2,-1.884281616E0,9.898615723E0,-2.459385681E-1
1.348886105E2,-1.159039764E0,9.682914276E0,-2.302212524E-1
1.349086535E2,-8.002359009E-1,9.597142639E0,-4.131408691E-1
1.349286965E2,-7.432044983E-1,9.757010193E0,-7.915539551E-1
1.349487395E2,-1.118025055E0,9.980645142E0,-4.981640625E-1
1.349687825E2,-1.144669647E0,1.005908203E1,5.433700562E-2
1.349888255E2,-6.785389709E-1,1.012030472E1,-1.225950623E-1
1.350088685E2,-1.838177490E-1,1.010189301E1,-7.680528259E-1
1.350289115E2,-1.233435059E-1,9.848769379E0,-1.415905609E0
1.350489545E2,-7.490423584E-1,9.755213928E0,-1.722767487E0
1.350689975E2,-1.362766113E0,9.564959564E0,-1.089434509E0
1.350890405E2,-1.527573395E0,9.347312164E0,-7.551795959E-1
1.351090835E2,-1.566791840E0,9.528136139E0,-7.000941467E-1
1.351291265E2,-1.335522766E0,9.873018951E0,-3.255729675E-1
1.351491695E2,-1.171463928E0,9.929152222E0,-9.134005737E-1
1.351692125E2,-9.575587463E-1,9.771230621E0,-8.280780029E-1
1.351892555E2,-6.309379578E-1,9.498797150E0,-9.710307312E-1
1.352092985E2,-5.504054260E-1,9.606573029E0,-1.115630035E0
1.352293415E2,-4.793032837E-1,9.826316071E0,-7.455995178E-1
1.352493845E2,-4.394860840E-1,9.778715057E0,-8.913963318E-1
1.352694275E2,-2.659968567E-1,9.761201477E0,-8.024812317E-1
1.352894705E2,-2.104623413E-1,9.572593689E0,-1.015937347E0
1.353095135E2,1.736389160E-2,9.949509888E0,-4.138893127E-1
1.353295565E2,-1.417552185E-1,1.051129166E1,1.754351807E-1
1.353495995E2,-6.514453125E-1,9.868827667E0,-4.523593140E-1
1.353696425E2,-8.282276917E-1,9.405690765E0,-7.997868347E-1
1.353896855E2,-9.175918579E-1,9.394613800E0,-7.041357422E-1
1.354097285E2,-7.837701416E-1,9.779912567E0,-4.873864746E-1
1.354297715E2,-6.933581543E-1,9.834099884E0,-6.261479187E-1
1.354498145E2,-5.059478760E-1,9.879305878E0,-3.206332397E-1
1.354698575E2,-2.592608643E-1,9.913135529E0,-2.863545227E-1
1.354899005E2,-2.436932373E-1,9.782307587E0,-5.616320801E-1
1.355099435E2,-4.595443726E-1,9.595046997E0,-3.860472107E-1
1.355299860E2,-4.096980286E-1,9.751471710E0,-1.592687988E-1
1.355500290E2,-1.710942078E-1,9.769883423E0,-3.245251465E-1
1.355700720E2,-3.143463135E-2,9.756561127E0,-3.960763550E-1
1.355901150E2,-2.236349487E-1,9.722432098E0,-3.894900513E-1
1.356101580E2,-5.643264771E-1,9.702972565E0,-3.228785706E-1
1.356302010E2,-5.887257385E-1,9.690698090E0,-2.255809021E-1
1.356502440E2,-6.933581543E-1,9.897567902E0,-2.773731995E-1
1.356702870E2,-7.903564453E-1,9.815239105E0,-5.465135193E-1
1.356903300E2,-8.596623230E-1,9.716145172E0,-4.882846069E-1
1.357103730E2,-7.863148499E-1,9.637558594E0,-5.671705627E-1
1.357304160E2,-8.120613098E-1,9.653126221E0,-6.111790466E-1
1.357504590E2,-7.207511902E-1,9.712552643E0,-3.616479492E-1
1.357705020E2,-7.783813477E-1,9.840835876E0,-4.222718811E-1
1.357905450E2,-7.990383911E-1,9.813592529E0,-3.962260437E-1
1.358105880E2,-7.056326294E-1,9.735754395E0,-2.421963501E-1
1.358306310E2,-7.571255493E-1,9.700727234E0,-4.099974060E-1
1.358506740E2,-7.770341492E-1,9.759105835E0,-8.696914673E-2
1.358707170E2,-6.147715759E-1,9.723330231E0,-1.381626892E-1
1.358907600E2,-6.077362061E-1,9.826765137E0,-3.321592712E-1
1.359108030E2,-6.984475708E-1,9.863588562E0,-1.372645569E-1
1.359308460E2,-6.830296326E-1,9.726773071E0,-4.170327759E-1
1.359508890E2,-6.921606445E-1,9.663903809E0,-4.089495850E-1
1.359709320E2,-7.502398682E-1,9.710906067E0,-3.347039795E-1
1.359909750E2,-9.048683167E-1,9.790989532E0,-4.719685364E-1
1.360110180E2,-1.052910461E0,9.778565369E0,-4.917274475E-1
1.360310610E2,-1.024170227E0,9.746082916E0,-3.878434753E-1
1.360511040E2,-9.354048157E-1,9.729168091E0,-6.436614990E-1
1.360711470E2,-9.336085510E-1,9.696086884E0,-6.656657410E-1
1.360911900E2,-9.541159058E-1,9.690997467E0,-4.643344116E-1
1.361112330E2,-8.845106506E-1,9.791737976E0,-4.037104797E-1
1.361312760E2,-7.523355103E-1,9.714947662E0,-3.737727356E-1
1.361513190E2,-6.149212646E-1,9.724527740E0,-4.486170959E-1
1.361713620E2,-6.011499023E-1,9.775870972E0,-3.297642517E-1
1.361914050E2,-6.179150391E-1,9.756112061E0,-2.249821472E-1
1.362114480E2,-6.478527832E-1,9.712702332E0,-3.186872864E-1
1.362314910E2,-7.018904114E-1,9.659263458E0,-4.052073669E-1
1.362515340E2,-7.228468323E-1,9.670639801E0,-3.438349915E-1
1.362715770E2,-6.845265198E-1,9.728419647E0,-3.918850708E-1
1.362916200E2,-7.132667542E-1,9.775272217E0,-4.275109863E-1
1.363116630E2,-7.641609192E-1,9.783804474E0,-4.471202087E-1
1.363317060E2,-7.915539551E-1,9.785900116E0,-5.072950745E-1
1.363517490E2,-8.231382751E-1,9.839638367E0,-6.662644958E-1
1.363717920E2,-8.870553589E-1,9.717342682E0,-7.237449646E-1
1.363918350E2,-9.897418213E-1,9.597891083E0,-6.755451965E-1
1.364118780E2,-1.116977234E0,9.668244781E0,-8.340655518E-1
1.364319210E2,-1.093326416E0,9.878407745E0,-6.162684631E-1
1.364519640E2,-1.002615051E0,9.840686188E0,-6.239025879E-1
1.364720070E2,-8.812174988E-1,9.621841278E0,-7.625143433E-1
1.364920500E2,-8.590635681E-1,9.660311279E0,-9.038204956E-1
1.365120930E2,-9.713301086E-1,9.743238831E0,-7.677534485E-1
1.365321365E2,-1.092577972E0,9.814790039E0,-4.754113770E-1
1.365521795E2,-1.001567230E0,9.781559143E0,-4.767585754E-1
1.365722225E2,-8.406518555E-1,9.697284393E0,-7.237449646E-1
1.365922655E2,-7.485932922E-1,9.671837311E0,-7.685018921E-1
1.366123085E2,-6.875202942E-1,9.752220154E0,-6.915618896E-1
1.366323515E2,-7.319778442E-1,9.894125061E0,-6.514453125E-1
1.366523945E2,-8.002359009E-1,9.782906342E0,-6.722520447E-1
1.366724375E2,-8.011340332E-1,9.640103302E0,-6.216572571E-1
1.366924805E2,-7.423063660E-1,9.729168091E0,-7.441026306E-1
1.367125235E2,-7.586224365E-1,9.765692139E0,-6.801855469E-1
1.367325665E2,-6.945556641E-1,9.708511047E0,-6.074368286E-1
1.367526095E2,-6.795867920E-1,9.805509338E0,-7.201524353E-1
1.367726525E2,-6.700067139E-1,9.826166382E0,-6.728507996E-1
1.367926955E2,-6.506968689E-1,9.706565094E0,-6.183641052E-1
1.368127385E2,-6.755451965E-1,9.780361633E0,-5.789959717E-1
1.368327815E2,-6.568341064E-1,9.804311829E0,-5.545967102E-1
1.368528245E2,-6.318360901E-1,9.672885132E0,-7.065307617E-1
1.368728675E2,-6.607260132E-1,9.767488403E0,-7.797285461E-1
1.368929105E2,-7.897576904E-1,9.774224396E0,-6.905140686E-1
1.369129535E2,-8.934919739E-1,9.719288635E0,-5.480104065E-1
1.369329965E2,-8.092172241E-1,9.752369843E0,-5.716612244E-1
1.369530395E2,-8.737330627E-1,9.675729218E0,-7.093748474E-1
1.369730825E2,-8.400531006E-1,9.658964081E0,-6.430627441E-1
1.369931255E2,-7.731422424E-1,9.794282684E0,-7.249424744E-1
1.370131685E2,-8.024812317E-1,9.922565918E0,-6.236032104E-1
1.370332115E2,-8.957373047E-1,9.682764587E0,-4.474195862E-1
1.370532545E2,-7.807763672E-1,9.561965790E0,-5.547463989E-1
1.370732975E2,-7.303312683E-1,9.639354858E0,-6.694079590E-1
1.370933405E2,-6.825805664E-1,9.753866730E0,-6.584806824E-1
1.371133835E2,-7.394622803E-1,9.819580078E0,-7.265890503E-1
1.371334265E2,-8.134085083E-1,9.778715057E0,-6.746470642E-1
1.371534695E2,-8.927435303E-1,9.768386536E0,-5.397775269E-1
1.371735125E2,-9.512718201E-1,9.814340973E0,-4.499642944E-1
1.371935555E2,-9.177415466E-1,9.768685913E0,-4.902305603E-1
1.372135985E2,-8.247848511E-1,9.739945679E0,-6.173162842E-1
1.372336405E2,-7.355703735E-1,9.727371826E0,-7.138655090E-1
1.372536835E2,-6.529421997E-1,9.829309845E0,-6.638694763E-1
1.372737265E2,-6.376739502E-1,9.766739960E0,-6.982978821E-1
1.372937695E2,-6.759942627E-1,9.800569611E0,-7.701484680E-1
1.373138125E2,-6.411167908E-1,9.921817474E0,-6.346801758E-1
1.373338555E2,-4.936734009E-1,9.769733734E0,-8.119116211E-1
1.373538985E2,-5.236111450E-1,9.776619415E0,-8.039781189E-1
1.373739415E2,-8.116122437E-1,9.760752411E0,-6.867718506E-1
1.373939845E2,-9.897418213E-1,9.741891632E0,-7.783813477E-1
1.374140275E2,-9.515711975E-1,9.597741394E0,-7.744894409E-1
1.374340705E2,-8.387059021E-1,9.403146057E0,-7.768844604E-1
1.374541135E2,-7.804769897E-1,9.505233765E0,-9.746232605E-1
1.374741565E2,-7.752378845E-1,9.816436615E0,-8.300239563E-1
1.374941995E2,-7.544311523E-1,9.822873230E0,-5.960604858E-1
1.375142425E2,-7.132667542E-1,9.723779297E0,-7.125183105E-1
1.375342852E2,-7.562274170E-1,9.804760895E0,-6.608757019E-1
1.375543282E2,-6.896159363E-1,9.786648560E0,-7.891589355E-1
1.375743712E2,-5.992039490E-1,9.730964355E0,-8.250842285E-1
1.375944142E2,-6.297404480E-1,9.709259491E0,-8.017327881E-1
1.376144572E2,-7.018904114E-1,9.735005951E0,-7.280859375E-1
1.376345002E2,-7.289840698E-1,9.797725525E0,-5.453160095E-1
1.376545432E2,-6.551875305E-1,9.753267975E0,-5.872288513E-1
1.376745862E2,-6.068380737E-1,9.685758362E0,-6.500981140E-1
1.376946292E2,-6.051914978E-1,9.723479919E0,-7.360194397E-1
1.377146722E2,-6.174659729E-1,9.807904358E0,-6.399192810E-1
1.377347152E2,-6.712042236E-1,9.926906891E0,-5.427713013E-1
1.377547582E2,-6.635700989E-1,9.821226654E0,-3.784130859E-1
1.377748012E2,-6.020480347E-1,9.812095642E0,-4.932243347E-1
1.377948442E2,-5.516029358E-1,9.778265991E0,-5.441184998E-1
1.378148872E2,-6.030958557E-1,9.712402954E0,-6.294410706E-1
1.378349302E2,-7.128176880E-1,9.720037079E0,-5.975573730E-1
1.378549732E2,-7.252418518E-1,9.806856537E0,-6.011499023E-1
1.378750162E2,-5.945635986E-1,9.742041321E0,-3.854484558E-1
1.378950592E2,-5.144801331E-1,9.717043304E0,-3.785627747E-1
1.379151022E2,-5.475613403E-1,9.727970581E0,-5.828878784E-1
1.379351452E2,-6.056405640E-1,9.710007935E0,-6.137237549E-1
1.379551882E2,-5.650749207E-1,9.665101318E0,-5.692662048E-1
1.379752312E2,-6.189628601E-1,9.778116302E0,-3.942800903E-1
1.379952742E2,-6.066883850E-1,9.790540466E0,-2.607577515E-1
1.380153172E2,-5.445675659E-1,9.699380035E0,-4.182302856E-1
1.380353602E2,-4.924758911E-1,9.773026886E0,-3.559597778E-1
1.380554032E2,-3.966751099E-1,9.832004242E0,-3.403921509E-1
1.380754462E2,-3.568579102E-1,9.751920776E0,-4.102967834E-1
1.380954892E2,-4.779560852E-1,9.699380035E0,-5.743556213E-1
1.381155322E2,-6.897656250E-1,9.717192993E0,-4.971162415E-1
1.381355752E2,-7.330256653E-1,9.696985016E0,-7.014413452E-1
1.381556182E2,-8.336164856E-1,9.789043579E0,-5.712121582E-1
1.381756612E2,-9.087602234E-1,9.777218170E0,-6.173162842E-1
1.381957042E2,-8.451425171E-1,9.773775330E0,-5.795947266E-1
1.382157472E2,-7.247927856E-1,9.662556610E0,-8.328680420E-1
1.382357902E2,-7.542814636E-1,9.726922760E0,-7.105723572E-1
1.382558332E2,-7.232958984E-1,9.784552917E0,-6.855743408E-1
1.382758762E2,-6.927593994E-1,9.789792023E0,-5.553451538E-1
1.382959192E2,-6.439608765E-1,9.738299103E0,-5.102888489E-1
1.383159612E2,-6.490502930E-1,9.732760620E0,-5.613327026E-1
1.383360042E2,-6.354286194E-1,9.755213928E0,-7.828720093E-1
1.383560472E2,-6.233038330E-1,9.743687897E0,-6.081852722E-1
1.383760902E2,-5.891748047E-1,9.756411438E0,-5.836363220E-1
1.383961332E2,-5.632786560E-1,9.792037354E0,-5.971083069E-1
1.384161762E2,-6.146218872E-1,9.829908600E0,-6.044430542E-1
1.384362192E2,-6.442602539E-1,9.742640076E0,-6.861730957E-1
1.384562622E2,-7.060816956E-1,9.750124512E0,-6.158193970E-1
1.384763052E2,-6.918612671E-1,9.752669220E0,-6.005511475E-1
1.384963482E2,-6.029461670E-1,9.730964355E0,-7.647596741E-1
1.385163912E2,-6.017486572E-1,9.776020660E0,-7.945477295E-1
1.385364345E2,-7.482939148E-1,9.810000000E0,-7.943980408E-1
1.385564775E2,-7.610174561E-1,9.789792023E0,-5.493576050E-1
1.385765205E2,-6.399192810E-1,9.704020386E0,-6.268963623E-1
1.385965635E2,-5.995033264E-1,9.707313538E0,-6.506968689E-1
1.386166065E2,-5.948629761E-1,9.738897858E0,-6.920109558E-1
1.386366495E2,-5.810916138E-1,9.803264008E0,-6.870712280E-1
1.386566925E2,-5.381309509E-1,9.787846069E0,-6.331832886E-1
1.386767355E2,-5.562432861E-1,9.699230347E0,-6.420149231E-1
1.386967785E2,-5.780978394E-1,9.770033112E0,-6.152206421E-1
1.387168215E2,-5.275030518E-1,9.800569611E0,-5.104385376E-1
1.387368645E2,-4.727169800E-1,9.797875214E0,-5.581892395E-1
1.387569075E2,-4.917274475E-1,9.753567352E0,-5.483097839E-1
1.387769505E2,-5.800437927E-1,9.697284393E0,-6.762936401E-1
1.387969935E2,-5.923182678E-1,9.745035095E0,-6.905140686E-1
1.388170365E2,-5.198689270E-1,9.758956146E0,-5.071453857E-1
1.388370795E2,-5.140310669E-1,9.774374084E0,-4.989125061E-1
1.388571225E2,-5.763015747E-1,9.796977081E0,-5.980064392E-1
1.388771655E2,-6.469546509E-1,9.778415680E0,-6.741979980E-1
1.388972085E2,-6.339317322E-1,9.738149414E0,-5.523513794E-1
1.389172515E2,-6.099815369E-1,9.780361633E0,-5.319937134E-1
1.389372945E2,-5.634283447E-1,9.787696381E0,-5.617817688E-1
1.389573375E2,-5.399272156E-1,9.732012177E0,-6.424639893E-1
1.389773805E2,-4.959187317E-1,9.749825134E0,-5.751040649E-1
1.389974235E2,-5.020559692E-1,9.746831360E0,-5.559439087E-1
1.390174665E2,-5.469625854E-1,9.767488403E0,-5.611830139E-1
1.390375095E2,-6.068380737E-1,9.773475952E0,-5.318440247E-1
1.390575525E2,-6.032455444E-1,9.737400970E0,-5.734574890E-1
1.390775955E2,-5.640270996E-1,9.734556885E0,-5.839356995E-1
1.390976385E2,-5.803431702E-1,9.762249298E0,-5.769003296E-1
1.391176805E2,-5.963598633E-1,9.800868988E0,-5.040019226E-1
1.391377235E2,-6.303392029E-1,9.747280426E0,-4.622387695E-1
1.391577665E2,-5.909710693E-1,9.791139221E0,-4.409829712E-1
1.391778095E2,-5.255570984E-1,9.702972565E0,-5.279521179E-1
1.391978525E2,-5.824388123E-1,9.739945679E0,-5.891748047E-1
1.392178955E2,-6.268963623E-1,9.807155914E0,-5.155279541E-1
1.392379385E2,-5.836363220E-1,9.774823151E0,-4.249662781E-1
1.392579815E2,-5.969586182E-1,9.755064240E0,-5.980064392E-1
1.392780245E2,-5.652246094E-1,9.813442841E0,-5.869294739E-1
1.392980675E2,-6.478527832E-1,9.750274200E0,-5.770500183E-1
1.393181105E2,-6.441105652E-1,9.747729492E0,-5.393284607E-1
1.393381535E2,-5.516029358E-1,9.803563385E0,-5.023553467E-1
1.393581965E2,-5.204676819E-1,9.728868713E0,-5.243595886E-1
1.393782395E2,-4.667294312E-1,9.786199493E0,-5.649252319E-1
1.393982825E2,-5.944139099E-1,9.777667236E0,-5.263055420E-1
1.394183255E2,-5.057981873E-1,9.811197510E0,-4.403842163E-1
1.394383685E2,-3.775149536E-1,9.758207703E0,-5.068460083E-1
1.394584115E2,-3.875440979E-1,9.783056030E0,-4.920268250E-1
1.394784545E2,-2.167492676E-1,9.765542450E0,-4.712200928E-1
1.394984975E2,-4.239184570E-1,9.685908051E0,-6.604266357E-1
1.395185405E2,-6.420149231E-1,9.735754395E0,-6.325845337E-1
1.395385838E2,-7.372169495E-1,9.789342957E0,-6.021977234E-1
1.395586268E2,-7.988887024E-1,9.753267975E0,-6.021977234E-1
1.395786698E2,-8.054750061E-1,9.728868713E0,-5.611830139E-1
1.395987128E2,-6.486012268E-1,9.696685638E0,-4.502636719E-1
1.396187558E2,-5.825885010E-1,9.936636658E0,-5.057981873E-1
1.396387988E2,-5.721102905E-1,9.851463776E0,-4.641847229E-1
1.396588418E2,-6.044430542E-1,9.762997742E0,-4.490661621E-1
1.396788848E2,-6.095324707E-1,9.727820892E0,-5.219645691E-1
1.396989278E2,-6.569837952E-1,9.694889374E0,-4.933740234E-1
1.397189708E2,-6.876699829E-1,9.699529724E0,-4.894821167E-1
1.397390138E2,-7.387138367E-1,9.729317780E0,-3.854484558E-1
1.397590568E2,-7.520361328E-1,9.748627625E0,-3.662882996E-1
1.397790988E2,-6.830296326E-1,9.749525757E0,-4.677772522E-1
1.397991418E2,-6.156697083E-1,9.788145447E0,-5.617817688E-1
1.398191848E2,-6.408174133E-1,9.798923035E0,-4.498146057E-1
1.398392278E2,-6.679110718E-1,9.770931244E0,-4.276606750E-1
1.398592708E2,-6.976991272E-1,9.792486420E0,-5.201683044E-1
1.398793138E2,-7.056326294E-1,9.710606689E0,-4.673281860E-1
1.398993568E2,-7.238946533E-1,9.725725250E0,-4.950205994E-1
1.399193998E2,-7.297325134E-1,9.780062256E0,-5.177732849E-1
1.399394428E2,-7.141648865E-1,9.781409454E0,-4.773573303E-1
1.399594858E2,-6.571334839E-1,9.747879181E0,-4.643344116E-1
1.399795288E2,-6.349795532E-1,9.727072449E0,-4.601431274E-1
1.399995718E2,-6.387217712E-1,9.756261749E0,-4.577481079E-1
1.400196148E2,-6.188131714E-1,9.890981598E0,-4.637356567E-1
1.400396578E2,-6.514453125E-1,9.865534515E0,-5.905220032E-1
1.400597008E2,-7.387138367E-1,9.720785522E0,-4.742138672E-1
1.400797438E2,-6.894662476E-1,9.695338440E0,-4.948709106E-1
1.400997868E2,-6.923103333E-1,9.795180817E0,-4.734654236E-1
1.401198298E2,-6.285429382E-1,9.817185059E0,-4.754113770E-1
1.401398728E2,-5.273533630E-1,9.771380310E0,-4.842430115E-1
1.401599158E2,-5.129832458E-1,9.770781555E0,-5.481600952E-1
1.401799588E2,-4.703219604E-1,9.791737976E0,-4.574487305E-1
1.402000018E2,-5.496569824E-1,9.674382019E0,-3.508703613E-1
1.402200448E2,-3.869453430E-1,9.658964081E0,-6.361770630E-2
1.402400878E2,-2.998265076E-1,9.806407471E0,-3.390449524E-1
1.402601308E2,-4.156855774E-1,9.948462067E0,-5.846841431E-1
1.402801738E2,-2.140548706E-1,9.654473419E0,-5.135820007E-1
1.403002168E2,-2.281256104E-1,1.002869522E1,-6.081852722E-1
1.403202598E2,-9.551637268E-1,9.677076416E0,-6.215075684E-1
1.403403018E2,-1.560504913E0,9.033863983E0,-7.481442261E-1
1.403603448E2,-2.041155396E0,8.954229584E0,-3.403921509E-1
1.403803878E2,-2.784958649E0,9.582922211E0,-6.825805664E-2
1.404004308E2,-2.627935181E0,9.296268311E0,4.293072510E-1
1.404204738E2,-1.863025818E0,9.317973175E0,8.906478882E-1
1.404405168E2,-9.904902649E-1,9.579928436E0,9.894424438E-1
1.404605598E2,-5.245092773E-1,9.175768890E0,1.082548828E0
1.404806028E2,-2.435435486E-1,1.022403900E1,1.124910736E0
1.405006458E2,-5.520520020E-1,1.094733490E1,7.879614258E-1
1.405206888E2,-1.270707550E0,1.074615326E1,5.140310669E-1
1.405407315E2,-1.803749084E0,1.045171555E1,5.313949585E-1
1.405607745E2,-2.123035126E0,1.007390121E1,6.673123169E-1
1.405808175E2,-1.801354065E0,9.592502289E0,7.973918152E-1
1.406008605E2,-1.923949127E0,8.913065186E0,7.879614258E-1
1.406209035E2,-2.260898438E0,8.393046570E0,9.253756714E-1
1.406409465E2,-1.664987640E0,9.029822388E0,1.586401062E0
1.406609895E2,-1.108594666E0,9.823022919E0,1.997745667E0
1.406810325E2,-9.348060608E-1,9.503886566E0,1.917811890E0
1.407010755E2,-7.798782349E-1,9.492360535E0,1.820214844E0
1.407211185E2,-9.934840393E-1,9.579030304E0,1.797911224E0
1.407411615E2,-1.089883575E0,9.676777039E0,2.138752441E0
1.407612045E2,-1.169967041E0,9.971364441E0,2.326761475E0
1.407812475E2,-1.487456818E0,9.845625916E0,2.213746490E0
1.408012905E2,-1.770069122E0,9.493408356E0,2.170935516E0
1.408213335E2,-1.946851501E0,9.423952789E0,2.292183380E0
1.408413765E2,-2.221230927E0,9.448801117E0,2.236648865E0
1.408614195E2,-2.444566498E0,9.493258667E0,2.014810181E0
1.408814615E2,-2.031725006E0,9.382339325E0,2.553988953E0
1.409015045E2,-1.452878723E0,9.058862000E0,3.291355591E0
1.409215475E2,-1.098715210E-1,8.330476685E0,3.565735016E0
1.409415905E2,-3.197351074E-1,9.226213989E0,2.953657837E0
1.409616335E2,-2.551294556E0,1.041743683E1,2.546055450E0
1.409816765E2,-2.317331085E0,8.494984589E0,2.870430908E0
1.410017195E2,-1.922003174E0,8.973988495E0,2.941832428E0
1.410217625E2,-1.035845947E0,8.850495300E0,2.865491180E0
1.410418055E2,-2.450104980E0,8.660091248E0,2.034419403E0
1.410618485E2,-4.010011139E0,8.945996704E0,1.598226471E0
1.410818915E2,-5.999823303E0,9.962233429E0,2.614912262E0
1.411019345E2,-4.790188751E0,1.090676926E1,3.999083862E0
1.411219775E2,-4.207001495E0,1.111513596E1,3.420686646E0
1.411420205E2,-2.145338745E0,1.046234344E1,6.991960144E-1
1.411620635E2,4.475692749E-1,9.077423401E0,-1.419049072E0
1.411821065E2,4.685256958E-1,8.817563782E0,-4.480183411E-1
1.412021495E2,-5.014572144E-1,9.314979401E0,2.737357635E0
1.412221925E2,-3.192860413E-1,1.025292892E1,4.803511047E0
1.412422355E2,-1.565744019E-1,9.174571381E0,3.392245789E0
1.412622785E2,7.095245361E-1,8.289012909E0,1.633553009E0
1.412823215E2,-1.725461884E0,8.790919189E0,4.043092346E-1
1.413023645E2,-1.776056671E0,9.170080719E0,3.589535522E-1
1.413224075E2,4.185296631E-1,1.066577042E1,1.372196503E0
1.413424505E2,-4.827461243E-1,8.934320984E0,1.983225861E0
1.413624925E2,5.153782654E-1,1.078986237E1,3.002007294E0
1.413825355E2,-1.696272583E0,9.037905579E0,2.353705444E0
1.414025785E2,-1.604663086E-1,1.181029037E1,1.653461609E0
1.414226215E2,5.950126648E-1,1.371792343E1,1.842668152E-1
1.414426645E2,2.530038757E0,1.109133545E1,1.803599396E0
1.414627075E2,-2.603086853E-1,9.755513306E0,2.953208771E0
1.414827505E2,1.968556366E0,1.080453186E1,1.506916351E0
1.415027935E2,3.206631775E0,9.214987335E0,2.563718719E0
1.415228365E2,2.210303650E0,1.032073792E1,1.351689148E0
1.415428801E2,2.844684448E0,1.039064255E1,1.730401611E0
1.415629231E2,1.206940155E0,9.682465210E0,2.101929016E0
1.415829661E2,9.767189026E-1,9.104517059E0,2.747835846E0
1.416030091E2,2.677182770E0,1.165910477E1,3.698957977E0
1.416230521E2,1.961970062E0,1.136077515E1,4.015549622E0
1.416430951E2,4.122577057E0,1.136541550E1,3.565435638E0
1.416631381E2,5.305417328E0,9.320517883E0,3.285517731E0
1.416831811E2,4.426744537E0,9.015152893E0,2.057770844E0
1.417032241E2,4.833598480E0,8.440797272E0,2.672392731E0
1.417232671E2,5.099894714E0,7.918084259E0,2.284249878E0
1.417433101E2,6.387217712E0,7.394922180E0,2.261048126E0
1.417633531E2,6.821764069E0,7.914940796E0,2.826422424E0
1.417833961E2,7.957003326E0,7.513325958E0,2.516866150E0
1.418034381E2,7.262896729E0,6.979685669E0,2.513123932E0
1.418234811E2,9.437574463E0,7.895032196E0,6.277944946E-1
1.418435241E2,7.669750671E0,6.710695038E0,2.462379456E-1
1.418635671E2,1.001058289E1,6.091732178E0,1.975442047E0
1.418836101E2,9.472002869E0,6.647227020E0,1.954785004E0
1.419036531E2,8.859177246E0,6.006708984E0,1.554217987E0
1.419236961E2,7.931556244E0,5.566175079E0,9.651928711E-1
1.419437391E2,7.567662964E0,5.254672852E0,1.240919495E0
1.419637821E2,7.323221283E0,5.270390167E0,1.247655487E0
1.419838251E2,7.361691284E0,5.400319977E0,2.076032867E0
1.420038681E2,7.275620270E0,5.332361298E0,1.821562042E0
1.420239111E2,6.889123993E0,5.390290833E0,1.951491852E0
1.420439541E2,6.693480835E0,5.745801544E0,2.130669250E0
1.420639971E2,5.778283997E0,6.382577362E0,1.799408112E0
1.420840401E2,5.210514679E0,7.017856293E0,2.796185303E0
1.421040831E2,4.026177521E0,7.808212738E0,2.604883118E0
1.421241261E2,3.893852692E0,7.453450470E0,1.943558350E0
1.421441691E2,3.392844543E0,7.767347717E0,2.152523804E0
1.421642121E2,1.965113525E0,8.440797272E0,3.281625824E0
1.421842551E2,2.748584290E0,8.365503845E0,3.595523071E0
1.422042971E2,2.438878326E0,8.059091034E0,3.309018860E0
1.422243401E2,2.101479950E0,7.723189545E0,3.506009216E0
1.422443831E2,1.537602539E0,7.346423035E0,3.607348480E0
1.422644261E2,1.450783081E0,7.104825439E0,3.475323029E0
1.422844691E2,1.260528717E0,6.766379242E0,3.965852966E0
1.423045121E2,1.412911835E0,6.749614105E0,4.253105621E0
1.423245551E2,7.030879211E-1,6.468798065E0,4.777016144E0
1.423445981E2,1.319655762E0,6.657705231E0,5.818699951E0
1.423646411E2,2.382295990E0,5.576054535E0,8.626111908E0
1.423846841E2,1.524878998E0,5.567522278E0,8.607101440E0
1.424047271E2,1.057850189E0,5.661676483E0,7.367678833E0
1.424247701E2,6.213578796E-1,4.801864471E0,7.225773926E0
1.424448131E2,-1.160087585E-1,3.105442200E0,7.184310150E0
1.424648561E2,6.526428223E-2,3.614383850E0,6.425088959E0
1.424848991E2,8.075706482E-1,3.929179230E0,6.165379028E0
1.425049421E2,8.288264465E-1,4.235142975E0,7.129973145E0
1.425249851E2,4.273762665E0,5.967640228E0,6.140979767E0
1.425450273E2,5.008135529E0,8.303233337E0,8.797954559E0
1.425650703E2,2.414179688E0,4.524191895E0,1.075633209E1
1.425851133E2,1.684746552E0,1.715732117E0,9.044342194E0
1.426051562E2,2.423011322E0,2.361638947E0,9.628427582E0
1.426251993E2,5.178780670E0,3.505410461E0,1.008363098E1
1.426452413E2,4.962929535E0,3.392994232E0,1.080962128E1
1.426652843E2,3.429518280E0,3.491938477E0,1.080677719E1
1.426853273E2,2.546803894E0,3.625760193E0,1.065499283E1
1.427053703E2,1.991309052E0,3.453917542E0,1.042866348E1
1.427254133E2,2.150577850E0,2.527344360E0,9.480385437E0
1.427454563E2,3.124752045E0,2.388433228E0,8.918903046E0
1.427654993E2,3.603007507E0,2.394570465E0,8.371940460E0
1.427855422E2,3.014431458E0,2.149080963E0,8.502918091E0
1.428055853E2,2.322719879E0,2.554288330E0,9.082662506E0
1.428256283E2,2.208507385E0,2.788102112E0,9.760003967E0
1.428456713E2,2.064955902E0,2.569706268E0,9.894873505E0
1.428657143E2,2.234403534E0,2.253114624E0,9.644294586E0
1.428857573E2,2.871029663E0,2.280657349E0,9.114546204E0
1.429058003E2,2.446662140E0,2.910248108E0,8.599467316E0
1.429258433E2,1.372645569E0,3.089724884E0,8.529862061E0
1.429458863E2,6.201603699E-1,3.224145355E0,9.230255585E0
1.429659293E2,-3.212319946E0,2.766397247E0,1.185384979E1
1.429859723E2,3.655398560E-1,3.824846191E0,9.125174103E0
1.430060153E2,3.522175598E-1,3.571722565E0,8.286917267E0
1.430260583E2,6.331832886E-2,3.143912201E0,8.736731873E0
1.430461013E2,6.580316162E-1,3.445534973E0,9.082512817E0
1.430661433E2,2.393522644E-1,3.187621307E0,9.245224457E0
1.430861863E2,-1.267863464E-1,3.149899750E0,9.415121155E0
1.431062293E2,-2.718347168E-1,3.266806641E0,9.736203461E0
1.431262723E2,-4.948709106E-1,3.370241547E0,9.386081543E0
1.431463153E2,-5.670208740E-1,3.521576843E0,8.829987946E0
1.431663583E2,1.646575928E-2,3.282074890E0,8.650960236E0
1.431864013E2,2.050735474E-1,3.388353882E0,9.233099670E0
1.432064443E2,5.942642212E-2,3.624862061E0,9.161099396E0
1.432264873E2,-3.622467041E-2,3.819607086E0,9.270521851E0
1.432465303E2,-6.810836792E-2,3.808530121E0,9.395811310E0
1.432665733E2,-8.038284302E-2,3.719465332E0,9.840386810E0
1.432866163E2,-1.794767761E-1,3.542832642E0,9.920320587E0
1.433066593E2,-9.909393311E-2,3.438050537E0,9.648336182E0
1.433267023E2,-2.263293457E-1,3.335513763E0,9.510622559E0
1.433467453E2,-3.207829285E-1,3.259471893E0,9.302555237E0
1.433667883E2,-3.881428528E-1,3.227737885E0,9.108558655E0
1.433868313E2,-2.866539001E-1,3.176694031E0,9.020691376E0
1.434068743E2,-9.909393311E-2,3.187920685E0,9.189839630E0
1.434269173E2,-4.640350342E-2,3.255430298E0,9.209149475E0
1.434469603E2,-6.047424316E-2,3.329975281E0,9.253457336E0
1.434670032E2,-8.711883545E-2,3.393592987E0,9.375603333E0
1.434870463E2,-2.260299683E-2,3.406915283E0,9.478289795E0
1.435070893E2,6.825805664E-2,3.450474701E0,9.408684540E0
1.435271313E2,9.610015869E-2,3.565435638E0,9.293424225E0
1.435471748E2,-2.020797729E-2,3.572620697E0,9.323661346E0
1.435672178E2,-9.969268799E-2,3.577560425E0,9.371262360E0
1.435872608E2,-9.639953613E-2,3.574416962E0,9.132808228E0
1.436073038E2,-1.636097717E-1,3.547922058E0,8.781189423E0
1.436273468E2,-1.540296936E-1,3.485352173E0,8.753197632E0
1.436473898E2,-1.091230774E-1,3.428769836E0,8.863218842E0
1.436674328E2,-6.541397095E-2,3.351231079E0,8.897347870E0
1.436874758E2,-2.204914856E-1,3.408861237E0,8.934919739E0
1.437075188E2,-2.197430420E-1,3.475173340E0,8.915609894E0
1.437275618E2,-1.691482544E-1,3.520678711E0,9.154213715E0
1.437476048E2,-2.233355713E-1,3.453019409E0,7.672445068E0
1.437676478E2,-3.385958862E-1,3.472628632E0,8.532556458E0
1.437876908E2,-2.670446777E-1,3.335663452E0,9.030720520E0
1.438077338E2,-1.600172424E-1,3.548221436E0,1.027508286E1
1.438277768E2,4.236190796E-2,3.681444397E0,9.307045898E0