time,seconds_elapsed,z,y,x
1781030597827565000,0.34156494140625,-0.646465003490448,0.1791439950466156,0.24015499651432037
1781030597971328300,0.485328369140625,-1.5970920324325562,8.858999252319336,0.8582630157470703
1781030597981091300,0.49509130859375,-1.49406898021698,8.403735160827637,1.0000180006027222
1781030598000616200,0.5146162109375,-1.385179042816162,7.823904037475586,1.232319951057434
1781030598020138000,0.534137939453125,-1.4158079624176025,7.378721237182617,1.372696042060852
1781030598039662600,0.55366259765625,-1.550379991531372,7.025263786315918,1.4697060585021973
1781030598059188700,0.573188720703125,-1.7264050245285034,6.696709156036377,1.5135020017623901
1781030598078720800,0.592720703125,-1.8795570135116577,6.378746032714844,1.4999140501022339
1781030598098252300,0.612252197265625,-1.9697469472885132,6.0822319984436035,1.4718300104141235
1781030598117778700,0.63177880859375,-1.9987640380859375,5.767674922943115,1.4148590564727783
1781030598137303000,0.651302978515625,-2.0571460723876953,5.462699890136719,1.3489329814910889
1781030598156823000,0.670822998046875,-2.120374917984009,5.18449592590332,1.298050045967102
1781030598176341500,0.690341552734375,-2.2259650230407715,4.889872074127197,1.2513370513916016
1781030598195861500,0.709861572265625,-2.310525894165039,4.574008941650391,1.1893850564956665
1781030598215387600,0.7293876953125,-2.288841962814331,4.257486820220947,1.1138759851455688
1781030598234914800,0.748914794921875,-2.2048120498657227,3.930432081222534,1.0432499647140503
1781030598254438100,0.768438232421875,-2.0834569931030273,3.610987901687622,0.9569140076637268
1781030598273967400,0.78796728515625,-1.9598779678344727,3.3281359672546387,0.908158004283905
1781030598293492500,0.807492431640625,-1.8712739944458008,3.0697920322418213,0.8543779850006104
1781030598313012700,0.8270126953125,-1.8401379585266113,2.795598030090332,0.7778760194778442
1781030598332536300,0.846536376953125,-1.8601319789886475,2.483186960220337,0.7146360278129578
1781030598352054500,0.866054443359375,-1.9628939628601074,2.1634631156921387,0.6338599920272827
1781030598371567600,0.885567626953125,-2.0367789268493652,1.7894959449768066,0.5732259750366211
1781030598391086800,0.9050869140625,-2.006314992904663,1.3577300310134888,0.5107330083847046
1781030598410609700,0.924609619140625,-1.7828669548034668,0.8731290102005005,0.4058719873428345
1781030598430133200,0.94413330078125,-1.4199119806289673,0.26424700021743774,0.296997994184494
1781030598449659100,0.9636591796875,-1.0357580184936523,-0.469868004322052,0.2313160002231598
1781030598469180200,0.98318017578125,-0.559237003326416,-1.3182439804077148,0.24149900674819946
1781030598488697300,1.002697265625,-0.06649799644947052,-2.9726550579071045,0.29308098554611206
1781030598508214800,1.02221484375,0.4455749988555908,-3.4697139263153076,0.3566429913043976
1781030598527734300,1.041734375,0.8826850056648254,-4.008975982666016,0.4292590022087097
1781030598547253000,1.0612529296875,1.2054879665374756,-4.462683200836182,0.5121700167655945
1781030598566774300,1.080774169921875,1.4379509687423706,-4.794882774353027,0.6022199988365173
1781030598586299400,1.10029931640625,1.546260952949524,-5.0209269523620605,0.6952829957008362
1781030598605819600,1.119819580078125,1.565119981765747,-5.104082107543945,0.7698619961738586
1781030598625337000,1.139337158203125,1.3658790588378906,-4.946340084075928,0.7720980048179626
1781030598644856300,1.158856201171875,1.3658790588378906,-4.946340084075928,0.7720980048179626
1781030598664379600,1.178379638671875,1.3658790588378906,-4.946340084075928,0.7720980048179626
1781030598683904800,1.19790478515625,-0.40298500657081604,-3.6444640159606934,0.8406720161437988
1781030598703426800,1.2174267578125,-0.853314995765686,-3.3012120723724365,0.8374509811401367
1781030598722952200,1.2369521484375,-0.9885050058364868,-3.138063907623291,0.8157070279121399
1781030598742482200,1.256482177734375,-0.8701850175857544,-3.1026179790496826,0.7532150149345398
1781030598762012200,1.27601220703125,-0.7105709910392761,-3.125009059906006,0.6638860106468201
1781030598781538600,1.29553857421875,-0.586654007434845,-3.170285940170288,0.537202000617981
1781030598801060400,1.315060302734375,-0.45517998933792114,-3.3104751110076904,0.35393500328063965
1781030598820584400,1.33458447265625,-0.32077598571777344,-3.564361095428467,0.14365600049495697
1781030598840110300,1.3541103515625,-0.15335600078105927,-3.886708974838257,-0.06617499887943268
1781030598859633700,1.373633544921875,-0.025860000401735306,-4.160743236541748,-0.26177099347114563
1781030598879158000,1.393157958984375,0.009390000253915787,-4.319656848907471,-0.40673598647117615
1781030598898684000,1.412683837890625,0.04539100080728531,-4.386906147003174,-0.5299829840660095
1781030598918209300,1.432209228515625,0.2232470065355301,-4.47402811050415,-0.691228985786438
1781030598937730600,1.45173046875,0.47818198800086975,-4.690553188323975,-0.8021289706230164
1781030598957251800,1.471251953125,0.6448410153388977,-4.943515777587891,-0.8080360293388367
1781030598976773600,1.490773681640625,0.6452450156211853,-5.076387882232666,-0.7396249771118164
1781030598996291300,1.510291259765625,0.6424620151519775,-5.012248992919922,-0.6914610266685486
1781030599015806700,1.529806640625,0.7112799882888794,-4.804594993591309,-0.7469620108604431
1781030599035324200,1.54932421875,0.8060610294342041,-4.5205769538879395,-0.8768500089645386
1781030599054847700,1.56884765625,0.7474139928817749,-4.1640238761901855,-1.0020480155944824
1781030599074370300,1.588370361328125,0.26501500606536865,-3.6499528884887695,-1.0009809732437134
1781030599093888300,1.60788818359375,-1.4373990297317505,-2.872541904449463,-0.9027220010757446
1781030599113409800,1.627409912109375,-1.8781839609146118,-1.9882869720458984,-0.7668600082397461
1781030599132934700,1.6469345703125,-2.202867031097412,-1.1544890403747559,-0.682623028755188
1781030599152460500,1.66646044921875,-2.2188351154327393,-0.526220977306366,-0.6645219922065735
1781030599171986700,1.685986572265625,-1.947029948234558,-0.22000199556350708,-0.6962209939956665
1781030599191509000,1.705509033203125,-1.5510090589523315,-0.135452002286911,-0.7698090076446533
1781030599211032800,1.72503271484375,-1.1353449821472168,-0.23376600444316864,-0.8440600037574768
1781030599230557200,1.74455712890625,-0.8261939883232117,-0.43252599239349365,-0.9043779969215393
1781030599250078500,1.764078369140625,-0.6360250115394592,-0.6266059875488281,-0.9569860100746155
1781030599269595600,1.783595703125,-0.6037859916687012,-0.8069199919700623,-0.9715830087661743
1781030599289108700,1.803108642578125,-0.7312449812889099,-0.961417019367218,-0.9274569749832153
1781030599308624100,1.8226240234375,-0.9180409908294678,-1.1009860038757324,-0.8472989797592163
1781030599328145400,1.8421455078125,-1.062891960144043,-1.282323956489563,-0.7315919995307922
1781030599347669500,1.86166943359375,-1.0709129571914673,-1.5218110084533691,-0.6274679899215698
1781030599367192300,1.8811923828125,-1.0365999937057495,-1.864022970199585,-0.5522750020027161
1781030599386713600,1.900713623046875,-1.0365999937057495,-1.864022970199585,-0.5522750020027161
1781030599406233600,1.920233642578125,-1.0624560117721558,-2.8885109424591064,-0.45630699396133423
1781030599425754000,1.939754150390625,-1.183887004852295,-3.315247058868408,-0.3913570046424866
1781030599445272300,1.959272216796875,-1.3215670585632324,-3.636460065841675,-0.37536799907684326
1781030599464791800,1.978791748046875,-1.4803030490875244,-3.9092719554901123,-0.36958301067352295
1781030599484313000,1.99831298828125,-1.4803030490875244,-3.9092719554901123,-0.36958301067352295
1781030599503833900,2.017833740234375,-1.7475260496139526,-4.150170803070068,-0.37203601002693176
1781030599523358000,2.03735791015625,-1.9409040212631226,-4.107237815856934,-0.3027830123901367
1781030599542882300,2.05688232421875,-2.129365921020508,-3.941589117050171,-0.24010899662971497
1781030599562406000,2.076406005859375,-2.3138089179992676,-3.7400898933410645,-0.200547993183136
1781030599581930800,2.0959306640625,-2.420412063598633,-3.505537986755371,-0.24968600273132324
1781030599601457700,2.115457763671875,-2.4080190658569336,-3.220782995223999,-0.402101993560791
1781030599620986400,2.134986328125,-2.281917095184326,-2.8830349445343018,-0.6252620220184326
1781030599640510000,2.154510009765625,-2.1070120334625244,-2.54179310798645,-0.8135020136833191
1781030599660027000,2.17402685546875,-1.9427570104599,-2.2087080478668213,-0.9623180031776428
1781030599679547400,2.19354736328125,-1.8144999742507935,-1.9091670513153076,-1.136646032333374
1781030599699073000,2.213072998046875,-1.8132840394973755,-1.7097729444503784,-1.3020800352096558
1781030599718600400,2.232600341796875,-1.949694037437439,-1.6003539562225342,-1.4932520389556885
1781030599738124000,2.2521240234375,-2.1178300380706787,-1.5656139850616455,-1.617393970489502
1781030599757644000,2.27164404296875,-2.253438949584961,-1.60145902633667,-1.5478919744491577
1781030599777171200,2.291171142578125,-2.1784560680389404,-1.6738510131835938,-1.2637829780578613
1781030599796701200,2.310701171875,-1.822463035583496,-1.6472569704055786,-0.9238979816436768
1781030599816228400,2.330228271484375,-1.822463035583496,-1.6472569704055786,-0.9238979816436768
1781030599835755000,2.349755126953125,-1.2292770147323608,-1.1036219596862793,-0.3000819981098175
1781030599855280400,2.3692802734375,-1.2548589706420898,-0.7121520042419434,-0.17589999735355377
1781030599874804200,2.38880419921875,-1.245339035987854,-0.31646299362182617,-0.07782600075006485
1781030599894330600,2.40833056640625,-0.9886239767074585,0.06561300158500671,-0.07110299915075302
1781030599913861000,2.427861083984375,-0.5090749859809875,0.3404479920864105,-0.10798999667167664
1781030599933388300,2.44738818359375,-0.12913699448108673,0.5389149785041809,-0.11044500023126602
1781030599952911000,2.4669111328125,-0.061149999499320984,0.6476039886474609,-0.0778139978647232
1781030599972434400,2.486434326171875,-0.12933500111103058,0.6092410087585449,0.01055699959397316
1781030599991958800,2.505958740234375,-0.15142199397087097,0.4718489944934845,0.1079690009355545
1781030600011483100,2.525483154296875,-0.021189000457525253,0.36136099696159363,0.13532499969005585
1781030600031006500,2.54500634765625,0.20071999728679657,0.37465599179267883,0.08528000116348267
1781030600050530800,2.56453076171875,0.2974970042705536,0.43931201100349426,0.08323399722576141
1781030600070056400,2.584056396484375,0.28801900148391724,0.6105219721794128,0.13638299703598022
1781030600089581800,2.603581787109375,0.23042400181293488,0.7897019982337952,0.19290800392627716
1781030600109105000,2.62310498046875,0.09127800166606903,0.8465359807014465,0.24428999423980713
1781030600128630800,2.642630859375,-0.01320900022983551,0.8392189741134644,0.2916249930858612
1781030600148153000,2.662153076171875,-0.022274000570178032,0.7414119839668274,0.3188540041446686
1781030600167673900,2.681673828125,0.06770499795675278,0.6465799808502197,0.37061598896980286
1781030600187200000,2.701199951171875,0.2624100148677826,0.6322309970855713,0.43050000071525574
1781030600206724400,2.720724365234375,0.2624100148677826,0.6322309970855713,0.43050000071525574
1781030600226250000,2.74025,0.11511500179767609,0.5195770263671875,0.3880639970302582
1781030600245782500,2.759782470703125,-0.15475299954414368,0.4272330105304718,0.3437829911708832
1781030600265319700,2.779319580078125,-0.15475299954414368,0.4272330105304718,0.3437829911708832
1781030600284853200,2.798853271484375,-0.29174500703811646,0.3632049858570099,0.28789201378822327
1781030600304383700,2.8183837890625,-0.2152329981327057,0.28186100721359253,0.3410159945487976
1781030600323911200,2.8379111328125,-0.2152329981327057,0.28186100721359253,0.3410159945487976
1781030600343438300,2.857438232421875,-0.06403599679470062,0.15918900072574615,0.2783629894256592
1781030600362960600,2.876960693359375,-0.02709300071001053,0.18061299622058868,0.23274199664592743
1781030600382480100,2.896480224609375,0.01758600026369095,0.339138001203537,0.1891999989748001
1781030600402005800,2.916005859375,0.1441279947757721,0.6018589735031128,0.2992199957370758
1781030600421534700,2.93553466796875,0.25644800066947937,0.7669749855995178,0.46607300639152527
1781030600441065500,2.9550654296875,0.25483599305152893,0.8367720246315002,0.5701680183410645
1781030600460594700,2.9745947265625,0.22245100140571594,0.8695390224456787,0.5655270218849182
1781030600480123400,2.994123291015625,0.21290600299835205,0.8470410108566284,0.5046229958534241
1781030600499653000,3.013653076171875,0.1368589997291565,0.7840229868888855,0.4781540036201477
1781030600519184000,3.033183837890625,0.06280600279569626,0.7261809706687927,0.4521560072898865
1781030600538713300,3.05271337890625,-0.000838999985717237,0.6808670163154602,0.3800300061702728
1781030600558240500,3.072240478515625,-0.16519099473953247,0.5523650050163269,0.28408199548721313
1781030600577761000,3.091760986328125,-0.3236289918422699,0.4634140133857727,0.18968500196933746
1781030600597282600,3.111282470703125,-0.4469670057296753,0.4091759920120239,0.12078700214624405
1781030600616808400,3.130808349609375,-0.5182719826698303,0.2754710018634796,0.13921399414539337
1781030600636331300,3.150331298828125,-0.5065640211105347,0.18014700710773468,0.1557449996471405
1781030600655853800,3.169853759765625,-0.4805450141429901,0.07843100279569626,0.11240100115537643
1781030600675380000,3.1893798828125,-0.4641590118408203,-0.07559700310230255,0.0682160034775734
1781030600694907600,3.20890771484375,-0.4038729965686798,-0.15237300097942352,0.03590099886059761
1781030600714437000,3.22843701171875,-0.3635439872741699,-0.14381800591945648,0.05793699994683266
1781030600733965000,3.247965087890625,-0.3936299979686737,-0.11942700296640396,0.10148400068283081
1781030600753491000,3.267490966796875,-0.4210189878940582,-0.06611800193786621,0.12202399969100952
1781030600773014800,3.287014892578125,-0.4918229877948761,-0.08401799947023392,0.12254700064659119
1781030600792536800,3.306536865234375,-0.527957022190094,-0.10510899871587753,0.12861500680446625
1781030600812061400,3.3260615234375,-0.5021499991416931,-0.11430399864912033,0.085657998919487
1781030600831586000,3.3455859375,-0.47315898537635803,-0.11227100342512131,-0.006974999792873859
1781030600851105800,3.365105712890625,-0.41978898644447327,-0.08088699728250504,-0.04118100181221962
1781030600870623000,3.384623046875,-0.413100004196167,-0.1042260006070137,-0.04602900147438049
1781030600890143700,3.404143798828125,-0.419064998626709,-0.17921000719070435,-0.01929900050163269
1781030600909664000,3.4236640625,-0.3733089864253998,-0.26456698775291443,0.005793000105768442
1781030600929180400,3.443180419921875,-0.2874929904937744,-0.2759130001068115,-0.041749998927116394
1781030600948695000,3.462695068359375,-0.1985500007867813,-0.2801850140094757,-0.12599900364875793
1781030600968210000,3.4822099609375,-0.2158530056476593,-0.2485470026731491,-0.16579599678516388
1781030600987726800,3.501726806640625,-0.3277760148048401,-0.19605499505996704,-0.13927699625492096
1781030601007245600,3.52124560546875,-0.47443199157714844,-0.19563700258731842,-0.0968879982829094
1781030601026764300,3.540764404296875,-0.47443199157714844,-0.19563700258731842,-0.0968879982829094
1781030601046282000,3.560281982421875,-0.5225480198860168,-0.18491899967193604,-0.14176300168037415
1781030601065799400,3.57979931640625,-0.38886600732803345,-0.17660099267959595,-0.17609399557113647
1781030601085316900,3.59931689453125,-0.3322159945964813,-0.17467699944972992,-0.21135200560092926
1781030601104835300,3.61883544921875,-0.3322159945964813,-0.17467699944972992,-0.21135200560092926
1781030601124355300,3.638355224609375,-0.3322159945964813,-0.17467699944972992,-0.21135200560092926
1781030601143873000,3.657873046875,-0.541405975818634,-0.35795700550079346,-0.0038759999442845583
1781030601163392300,3.677392333984375,-0.466948002576828,-0.333622008562088,0.05507899820804596
1781030601182912000,3.696912109375,-0.360368013381958,-0.2468319982290268,0.07697699964046478
1781030601202428700,3.7164287109375,-0.3071439862251282,-0.16416600346565247,0.14312100410461426
1781030601221944600,3.735944580078125,-0.31453800201416016,-0.11299999803304672,0.2796260118484497
1781030601241457200,3.75545703125,-0.3189910054206848,-0.08667699992656708,0.41392600536346436
1781030601260970500,3.774970458984375,-0.25068899989128113,-0.053433001041412354,0.5284109711647034
1781030601280491000,3.794490966796875,-0.1347150057554245,0.048657000064849854,0.6288790106773376
1781030601300012300,3.81401220703125,-0.045635998249053955,0.17301900684833527,0.6981279850006104
1781030601319531800,3.83353173828125,-0.05180399864912033,0.2423730045557022,0.7425540089607239
1781030601339053600,3.853053466796875,-0.1564200073480606,0.2395869940519333,0.8016039729118347
1781030601358578700,3.87257861328125,-0.24074199795722961,0.14738500118255615,0.9223290085792542
1781030601378104800,3.892104736328125,-0.25517401099205017,0.011270999908447266,1.130437970161438
1781030601397626600,3.911626708984375,-0.18705299496650696,0.0047240001149475574,1.4032440185546875
1781030601417145600,3.9311455078125,-0.12493900209665298,0.0708329975605011,1.7053420543670654
1781030601436666600,3.95066650390625,-0.2462249994277954,0.09371999651193619,1.9309309720993042
1781030601456188700,3.970188720703125,-0.3763810098171234,0.08750700205564499,2.075908899307251
1781030601475713000,3.989713134765625,-0.3549869954586029,0.13913899660110474,2.3341269493103027
1781030601495238100,4.009238037109375,-0.32524898648262024,0.10707099735736847,2.5533668994903564
1781030601514764500,4.0287646484375,-0.17376400530338287,0.2925119996070862,2.6751699447631836
1781030601534285300,4.048285400390625,-0.14563800394535065,0.5242189764976501,2.7343909740448
1781030601553801700,4.0678017578125,-0.37339600920677185,0.5277810096740723,2.5727689266204834
1781030601573320700,4.08732080078125,-0.609125018119812,0.5652639865875244,2.347892999649048
1781030601592840000,4.10683984375,-0.8332030177116394,0.5246750116348267,2.188891887664795
1781030601612361200,4.126361328125,-0.9357399940490723,0.49741700291633606,1.991834044456482
1781030601631884500,4.145884521484375,-1.0527689456939697,0.49280300736427307,1.7689930200576782
1781030601651407400,4.165407470703125,-1.1767489910125732,0.4891349971294403,1.4505490064620972
1781030601670929700,4.1849296875,-1.2482630014419556,0.4694499969482422,1.0658739805221558
1781030601690453000,4.204452880859375,-1.2550660371780396,0.47253599762916565,0.663906991481781
1781030601709979000,4.223978759765625,-1.147236943244934,0.5615569949150085,0.218967005610466
1781030601729503000,4.2435029296875,-0.9815629720687866,0.5825449824333191,-0.2298009991645813
1781030601749026300,4.2630263671875,-0.8707200288772583,0.5160769820213318,-0.7063180208206177
1781030601768553700,4.2825537109375,-0.8506940007209778,0.33210501074790955,-1.1602989435195923
1781030601788081000,4.302080810546875,-0.7698469758033752,0.06040000170469284,-1.6000189781188965
1781030601807604200,4.321604248046875,-0.5738400220870972,-0.16144299507141113,-2.0084900856018066
1781030601827128600,4.341128662109375,-0.22757600247859955,-0.29891398549079895,-2.3902249336242676
1781030601846651600,4.360651611328125,0.18611200153827667,-0.30908700823783875,-2.795948028564453
1781030601866175700,4.38017578125,0.4765099883079529,-0.21534700691699982,-3.1970338821411133
1781030601885704400,4.399704345703125,0.5922949910163879,-0.017788000404834747,-3.631819009780884
1781030601905236200,4.419236328125,0.5922949910163879,-0.017788000404834747,-3.631819009780884
1781030601924766500,4.438766357421875,0.3807780146598816,0.6281970143318176,-4.507631778717041
1781030601944296200,4.458296142578125,0.3807780146598816,0.6281970143318176,-4.507631778717041
1781030601963827200,4.4778271484375,0.32568201422691345,1.376757025718689,-5.429609775543213
1781030601983355400,4.49735546875,0.42654600739479065,1.6418670415878296,-5.794135093688965
1781030602002882800,4.5168828125,0.578046977519989,1.8436659574508667,-6.084404945373535
1781030602022414300,4.536414306640625,0.7500140070915222,1.9820810556411743,-6.248435020446777
1781030602041946000,4.555946044921875,0.9241229891777039,2.076383113861084,-6.259244918823242
1781030602061469700,4.5754697265625,0.9873149991035461,2.101917028427124,-6.118478775024414
1781030602080992800,4.59499267578125,0.8925679922103882,1.9329090118408203,-5.82449197769165
1781030602100520400,4.6145205078125,0.7859799861907959,1.6252690553665161,-5.4159159660339355
1781030602120050200,4.63405029296875,0.8508780002593994,1.2412409782409668,-4.920993804931641
1781030602139584000,4.653583984375,1.0006500482559204,0.8697260022163391,-4.391808986663818
1781030602159118000,4.6731181640625,1.1660100221633911,0.6537140011787415,-3.86236310005188
1781030602178645000,4.69264501953125,1.135172963142395,0.5427079796791077,-3.303481101989746
1781030602198168600,4.71216845703125,0.5979570150375366,0.592736005783081,-2.8252060413360596
1781030602217693000,4.73169287109375,-0.8596270084381104,0.6849939823150635,-2.3058509826660156
1781030602237217300,4.75121728515625,-0.8655509948730469,0.6908940076828003,-1.6808899641036987
1781030602256742400,4.770742431640625,-0.8394330143928528,0.642507016658783,-1.1499719619750977
1781030602276269600,4.79026953125,-0.7883080244064331,0.6827099919319153,-0.62151700258255
1781030602295798000,4.809798095703125,-0.7995039820671082,0.8370540142059326,-0.043577998876571655
1781030602315327000,4.829326904296875,-1.112807035446167,0.9859920144081116,0.5783320069313049
1781030602334853600,4.848853515625,-1.3601239919662476,1.1776319742202759,1.2203710079193115
1781030602354378800,4.868378662109375,-1.3761440515518188,1.184412956237793,1.838034987449646
1781030602373903600,4.887903564453125,-1.2959040403366089,1.026196002960205,2.427978992462158
1781030602393433900,4.907433837890625,-1.2169500589370728,0.8477740287780762,2.822283983230591
1781030602412966700,4.926966552734375,-1.2967720031738281,0.6228579878807068,3.275998115539551
1781030602432489700,4.94648974609375,-1.3894890546798706,0.38839200139045715,3.9142699241638184
1781030602452007700,4.966007568359375,-1.3366390466690063,0.2016499936580658,4.449317932128906
1781030602471531300,4.98553125,-1.2025680541992188,0.10472899675369263,4.933526039123535
1781030602491059000,5.005058837890625,-0.9865570068359375,0.047557998448610306,5.36672306060791
1781030602510585900,5.0245859375,-0.9420989751815796,-0.055125001817941666,5.709202766418457
1781030602530112500,5.044112548828125,-1.0100630521774292,-0.2427079975605011,6.031714916229248
1781030602549641200,5.06364111328125,-1.0661360025405884,-0.44048601388931274,6.267977237701416
1781030602569171000,5.0831708984375,-1.0802459716796875,-0.6010649800300598,6.446555137634277
1781030602588696300,5.1026962890625,-0.9210190176963806,-0.6907389760017395,6.534144878387451
1781030602608222200,5.12222216796875,-0.8193309903144836,-0.7348009943962097,6.538325786590576
1781030602627746000,5.14174609375,-0.8245450258255005,-0.8447070121765137,6.521026134490967
1781030602647267000,5.16126708984375,-0.8003119826316833,-0.9233649969100952,6.2146100997924805
1781030602666795000,5.180794921875,-0.8003119826316833,-0.9233649969100952,6.2146100997924805
1781030602686325200,5.2003251953125,-0.7287600040435791,-1.0630680322647095,5.3350419998168945
1781030602705853400,5.219853515625,-0.5429069995880127,-0.9864879846572876,4.161680221557617
1781030602725380000,5.239380126953125,-0.5429069995880127,-0.9864879846572876,4.161680221557617
1781030602744911000,5.2589111328125,-0.4280099868774414,-0.9598119854927063,2.854464054107666
1781030602764445200,5.278445068359375,-0.4280099868774414,-0.9598119854927063,2.854464054107666
1781030602783979800,5.297979736328125,-0.18870900571346283,-0.6373109817504883,1.391963005065918
1781030602803512300,5.31751220703125,-0.13623400032520294,-0.45887699723243713,0.9091449975967407
1781030602823039200,5.337039306640625,-0.14475899934768677,-0.3614250123500824,0.5898200273513794
1781030602842566100,5.356566162109375,-0.12471599876880646,-0.34548598527908325,0.39548400044441223
1781030602862096400,5.376096435546875,-0.03861499950289726,-0.3912079930305481,0.2278670072555542
1781030602881626600,5.395626708984375,0.148717999458313,-0.45253801345825195,0.16252799332141876
1781030602901155000,5.415155029296875,0.3451389968395233,-0.5173349976539612,0.17654000222682953
1781030602920685800,5.434685791015625,0.5062789916992188,-0.5671899914741516,0.21914899349212646
1781030602940216800,5.454216796875,0.6026110053062439,-0.5993880033493042,0.2759380042552948
1781030602959748600,5.47374853515625,0.63161700963974,-0.5798529982566833,0.30655398964881897
1781030602979279400,5.493279296875,0.6287170052528381,-0.49273499846458435,0.35050299763679504
1781030602998809300,5.512809326171875,0.5608059763908386,-0.40643200278282166,0.4691169857978821
1781030603018337300,5.532337158203125,0.44738999009132385,-0.3110170066356659,0.694474995136261
1781030603037861400,5.551861328125,0.298022985458374,-0.24769799411296844,1.031607985496521
1781030603057388500,5.571388427734375,0.1796720027923584,-0.2567349970340729,1.4149760007858276
1781030603076917000,5.5909169921875,0.17599399387836456,-0.2771550118923187,1.6901799440383911
1781030603096443600,5.610443603515625,0.3761729896068573,-0.29352301359176636,1.7355029582977295
1781030603115974700,5.629974609375,0.6934069991111755,-0.27066099643707275,1.4209719896316528
1781030603135506700,5.649506591796875,0.8407509922981262,-0.16295099258422852,0.8594059944152832
1781030603155036200,5.6690361328125,0.5884280204772949,0.0025500000920146704,0.3271920084953308
1781030603174566000,5.68856591796875,0.019063999876379967,0.2318210005760193,-0.0808200016617775
1781030603194100000,5.708099853515625,-0.5280789732933044,0.5355129837989807,-0.3541640043258667
1781030603213629000,5.72762890625,-0.7429770231246948,0.7087010145187378,-0.6057620048522949
1781030603233155800,5.74715576171875,-0.5430539846420288,0.8697469830513,-0.9458000063896179
1781030603252682200,5.76668212890625,-0.18626800179481506,1.0095820426940918,-1.3357269763946533
1781030603272203800,5.786203857421875,-0.20158499479293823,0.9581109881401062,-1.7675620317459106
1781030603291727400,5.805727294921875,-0.5213419795036316,0.9076250195503235,-3.3659911155700684
1781030603311251700,5.825251708984375,-0.772799015045166,0.90488600730896,-3.646120071411133
1781030603330774800,5.84477490234375,-0.8868460059165955,0.7527289986610413,-5.258481979370117
1781030603350294800,5.864294677734375,-0.6995400190353394,0.5328729748725891,-5.379388809204102
1781030603369816000,5.883816162109375,0.8518450260162354,0.3644320070743561,-5.57281494140625
1781030603389341200,5.903341064453125,1.0698150396347046,0.11628600209951401,-5.839113235473633
1781030603408865000,5.922864990234375,1.3780449628829956,-0.07709799706935883,-6.203479766845703
1781030603428389600,5.9423896484375,1.7338509559631348,-0.07672499865293503,-7.502433776855469
1781030603447914200,5.961914306640625,1.8766579627990723,0.07647799700498581,-7.8201398849487305
1781030603467436300,5.981436279296875,1.7469860315322876,0.37717199325561523,-8.219782829284668
1781030603486958800,6.000958740234375,1.7469860315322876,0.37717199325561523,-8.219782829284668
1781030603506480400,6.02048046875,1.5419100522994995,1.2464909553527832,-9.09577465057373
1781030603526005000,6.0400048828125,1.344472050666809,1.4334789514541626,-9.091720581054688
1781030603545534000,6.059533935546875,1.0544379949569702,1.3062679767608643,-8.526832580566406
1781030603565063700,6.079063720703125,1.0544379949569702,1.3062679767608643,-8.526832580566406
1781030603584593200,6.09859326171875,0.43019700050354004,0.7588329911231995,-7.365478038787842
1781030603604123400,6.118123291015625,0.43019700050354004,0.7588329911231995,-7.365478038787842
1781030603623655700,6.13765576171875,-0.12654100358486176,0.5854560136795044,-4.924692153930664
1781030603643188200,6.157188232421875,-0.6309430003166199,0.585578978061676,-4.0534749031066895
1781030603662724000,6.17672412109375,-1.1267499923706055,0.546521008014679,-2.2585999965667725
1781030603682260000,6.196260009765625,-1.484989047050476,0.6400899887084961,-1.530053973197937
1781030603701790700,6.215790771484375,-1.5517539978027344,0.8687059879302979,0.5699269771575928
1781030603721315800,6.23531591796875,-1.2831120491027832,1.1813230514526367,1.1086779832839966
1781030603740838100,6.254838134765625,-1.069419026374817,1.4003490209579468,1.714966058731079
1781030603760362000,6.274362060546875,-0.9934260249137878,1.5424220561981201,3.579322099685669
1781030603779887000,6.29388720703125,-1.1226979494094849,1.430575966835022,4.046379089355469
1781030603799412500,6.31341259765625,-1.341202974319458,1.184008002281189,4.6933817863464355
1781030603818940200,6.332940185546875,-1.1734570264816284,0.943651020526886,6.613154888153076
1781030603838472200,6.35247216796875,-0.8024539947509766,0.780053973197937,6.994049072265625
1781030603858002000,6.372001953125,-0.4651159942150116,0.6033300161361694,7.276692867279053
1781030603877530600,6.391530517578125,-0.29426300525665283,0.3048059940338135,7.732606887817383
1781030603897059300,6.411059326171875,-0.5063499808311462,-0.026691999286413193,8.192545890808105
1781030603916585500,6.43058544921875,-0.7611129879951477,-0.4302619993686676,8.607099533081055
1781030603936112600,6.450112548828125,-0.7533619999885559,-0.7120360136032104,8.98846435546875
1781030603955641900,6.469641845703125,-0.5937470197677612,-0.8254479765892029,9.169144630432129
1781030603975168800,6.489168701171875,-0.32354500889778137,-0.9331849813461304,8.992652893066406
1781030603994697500,6.508697509765625,-0.1141199991106987,-1.0772390365600586,8.486191749572754
1781030604014227500,6.5282275390625,0.005022000055760145,-1.2465150356292725,7.723118782043457
1781030604033760300,6.54776025390625,0.1636189967393875,-1.2445399761199951,5.538049221038818
1781030604053288700,6.567288818359375,0.3313559889793396,-1.1035419702529907,4.8962321281433105
1781030604072810200,6.586810302734375,0.35718899965286255,-0.9194219708442688,4.185125827789307
1781030604092333000,6.6063330078125,0.22475199401378632,-0.7576029896736145,3.5252699851989746
1781030604111856000,6.625856201171875,-0.012372000142931938,-0.7830560207366943,2.9868979454040527
1781030604131377200,6.645377197265625,-0.20521600544452667,-0.9102759957313538,2.534385919570923
1781030604150899500,6.6648994140625,-0.18896199762821198,-0.9831299781799316,2.170738935470581
1781030604170426600,6.684426513671875,0.038401998579502106,-0.9642109870910645,1.947182059288025
1781030604189952000,6.703951904296875,0.3041689991950989,-0.8773369789123535,1.7740299701690674
1781030604209473500,6.7234736328125,0.5159019827842712,-0.7762119770050049,1.519394040107727
1781030604228994600,6.74299462890625,0.7111430168151855,-0.689283013343811,1.0605980157852173
1781030604248516400,6.762516357421875,0.7784720063209534,-0.7304030060768127,0.6712250113487244
1781030604268041000,6.782041015625,0.7102959752082825,-0.8064990043640137,0.5454570055007935
1781030604287564800,6.801564697265625,0.5065739750862122,-0.781965970993042,0.5769370198249817
1781030604307085800,6.8210859375,0.32558199763298035,-0.7553979754447937,0.601951003074646
1781030604326609200,6.840609130859375,0.32558199763298035,-0.7553979754447937,0.601951003074646
1781030604346132700,6.8601328125,0.541890025138855,-0.5173490047454834,-0.4187690019607544
1781030604365654800,6.87965478515625,0.541890025138855,-0.5173490047454834,-0.4187690019607544
1781030604385179100,6.89917919921875,0.7575370073318481,-0.34162500500679016,-1.4942530393600464
1781030604404701700,6.91870166015625,0.7575370073318481,-0.34162500500679016,-1.4942530393600464
1781030604424222200,6.93822216796875,0.13860300183296204,0.09706500172615051,-2.3020260334014893
1781030604443745000,6.9577451171875,-0.05277299880981445,0.4115549921989441,-2.4500300884246826
1781030604463269400,6.977269287109375,-0.33889299631118774,0.562309980392456,-2.5424489974975586
1781030604482795000,6.996794921875,-0.5116590261459351,0.4751110076904297,-2.3919849395751953
1781030604502321700,7.01632177734375,-0.46955400705337524,0.47283899784088135,-2.193833112716675
1781030604521848600,7.0358486328125,-0.2585200071334839,0.43673598766326904,-2.1932549476623535
1781030604541375500,7.05537548828125,-0.10545500367879868,0.21608200669288635,-2.2197020053863525
1781030604560899300,7.0748994140625,-0.051920000463724136,0.12324900180101395,-2.3416950702667236
1781030604580423000,7.0944228515625,-0.002733000088483095,0.13272899389266968,-2.61332106590271
1781030604599946800,7.11394677734375,-0.08278699964284897,0.12702299654483795,-2.9978549480438232
1781030604619465500,7.133465576171875,-0.1275539994239807,0.25334298610687256,-3.490691900253296
1781030604638986800,7.15298681640625,-0.1064630001783371,0.3990359902381897,-3.915091037750244
1781030604658517000,7.17251708984375,-0.11564599722623825,0.41156598925590515,-4.216028213500977
1781030604678046700,7.192046630859375,-0.0692489966750145,0.3664880096912384,-4.421626091003418
1781030604697574400,7.211574462890625,0.2091190069913864,0.3395090103149414,-4.580907821655273
1781030604717099000,7.23109912109375,0.7706189751625061,0.3727079927921295,-4.789279937744141
1781030604736624400,7.250624267578125,2.1651151180267334,0.4704830050468445,-6.253129005432129
1781030604756150000,7.27014990234375,2.2870171070098877,0.7469940185546875,-6.525392055511475
1781030604775676200,7.28967626953125,2.1037769317626953,1.159085988998413,-8.12290096282959
1781030604795210000,7.3092099609375,0.4467580020427704,1.6106369495391846,-8.448962211608887
1781030604814742300,7.3287421875,0.05163799971342087,1.9949369430541992,-8.634557723999023
1781030604834271000,7.34827099609375,-0.32336100935935974,1.9926220178604126,-8.37671947479248
1781030604853798400,7.36779833984375,-0.43915900588035583,1.626634955406189,-7.766872882843018
1781030604873324500,7.387324462890625,-0.25448599457740784,1.012995958328247,-6.869123935699463
1781030604892852000,7.40685205078125,0.06933700293302536,0.3488590121269226,-5.886336803436279
1781030604912380200,7.426380126953125,0.28555500507354736,-0.05922200158238411,-4.908596038818359
1781030604931907800,7.445907958984375,0.3090589940547943,-0.11072000116109848,-3.9536728858947754
1781030604951435300,7.465435302734375,0.047832001000642776,0.03895299881696701,-3.048203945159912
1781030604970960100,7.484960205078125,-0.43271899223327637,0.3086169958114624,-2.1097750663757324
1781030604990478600,7.504478515625,-0.9534639716148376,0.6170099973678589,-1.2308510541915894
1781030605009997800,7.523997802734375,-1.417943000793457,0.8368409872055054,-0.3906109929084778
1781030605029522400,7.5435224609375,-1.6491899490356445,1.0578720569610596,0.37532100081443787
1781030605049047000,7.563047119140625,-1.709794044494629,1.218548059463501,1.1002509593963623
1781030605068575200,7.5825751953125,-1.7717479467391968,1.2845220565795898,2.7344589233398438
1781030605088098000,7.60209814453125,-1.8421000242233276,1.2604349851608276,4.516688823699951
1781030605107620600,7.62162060546875,-1.8957109451293945,1.1518750190734863,4.987849235534668
1781030605127142100,7.64114208984375,-1.9108959436416626,0.910643994808197,6.87142276763916
1781030605146663200,7.6606630859375,-1.9108959436416626,0.910643994808197,6.87142276763916
1781030605166188800,7.680188720703125,-1.8234390020370483,0.4395099878311157,8.958449363708496
1781030605185709800,7.699709716796875,-1.6715370416641235,0.24617800116539001,9.19267463684082
1781030605205229300,7.719229248046875,-1.4631450176239014,0.11586599797010422,9.61900806427002
1781030605224747300,7.738747314453125,-1.4631450176239014,0.11586599797010422,9.61900806427002
1781030605244266800,7.758266845703125,-1.3220089673995972,-0.12909899652004242,10.8723726272583
1781030605263787300,7.777787353515625,-1.3220089673995972,-0.12909899652004242,10.8723726272583
1781030605283309800,7.797309814453125,-1.4285390377044678,-0.728905975818634,10.903299331665039
1781030605302837500,7.81683740234375,-1.3422709703445435,-1.08542799949646,10.49103832244873
1781030605322363400,7.83636328125,-1.094683051109314,-1.3856149911880493,9.667043685913086
1781030605341885400,7.855885498046875,-0.7457000017166138,-1.552024006843567,7.533463954925537
1781030605361412600,7.87541259765625,-0.48962199687957764,-1.512192964553833,6.7249932289123535
1781030605380940300,7.894940185546875,-0.3398759961128235,-1.3478130102157593,4.882696151733398
1781030605400462800,7.914462890625,-0.3419080078601837,-1.1301579475402832,4.140841960906982
1781030605419986200,7.933986083984375,-0.4978860020637512,-0.9302759766578674,3.3138959407806396
1781030605439508200,7.95350830078125,-0.6349350214004517,-0.803371012210846,2.620100975036621
1781030605459026000,7.97302587890625,-0.6573200225830078,-0.7417129874229431,2.130510091781616
1781030605478549200,7.99254931640625,-0.49881601333618164,-0.7713800072669983,1.866907000541687
1781030605498080300,8.012080322265625,-0.22807100415229797,-0.8322970271110535,1.8146389722824097
1781030605517604900,8.03160498046875,0.030141999945044518,-0.973734974861145,1.7767269611358643
1781030605537122800,8.051122802734374,0.21209700405597687,-1.17011296749115,1.7421619892120361
1781030605556645600,8.070645751953125,0.42163801193237305,-1.2936890125274658,1.7359410524368286
1781030605576170500,8.09017041015625,0.6492329835891724,-1.3237199783325195,1.7388859987258911
1781030605595696400,8.1096962890625,0.8089830279350281,-1.1676199436187744,1.7250570058822632
1781030605615221800,8.1292216796875,0.8208199739456177,-0.9473419785499573,1.613266944885254
1781030605634743800,8.148743896484374,0.6646959781646729,-0.8134589791297913,1.44719398021698
1781030605654264000,8.16826416015625,0.4515810012817383,-0.688103973865509,1.0748369693756104
1781030605673790500,8.18779052734375,0.4101389944553375,-0.6299880146980286,0.5469310283660889
1781030605693318000,8.20731787109375,0.6387029886245728,-0.518409013748169,0.026629000902175903
1781030605712846300,8.226846435546875,0.8187429904937744,-0.2698970139026642,-0.5879780054092407
1781030605732374300,8.246374267578124,0.7296640276908875,-0.1286119967699051,-1.0849499702453613
1781030605751899400,8.2658994140625,0.5027769804000854,0.04390399903059006,-1.4212150573730469
1781030605771433500,8.28543359375,0.20646199584007263,0.2399519979953766,-1.8739140033721924
1781030605790969600,8.304969482421875,-0.09231899678707123,0.37934499979019165,-2.335961103439331
1781030605810498000,8.324498046875,-0.2932569980621338,0.6379200220108032,-2.8149020671844482
1781030605830022700,8.344022705078125,-0.36685800552368164,0.9097009897232056,-4.429691791534424
1781030605849545700,8.363545654296875,-0.34197500348091125,0.968222975730896,-4.558028221130371
1781030605869071600,8.383071533203125,-0.14410300552845,0.8710970282554626,-4.912477970123291
1781030605888596500,8.402596435546876,0.30424898862838745,0.7101370096206665,-6.472712993621826
1781030605908115700,8.42211572265625,0.8542519807815552,0.534267008304596,-6.52536678314209
1781030605927634400,8.441634521484374,1.3429889678955078,0.5252450108528137,-6.791820049285889
1781030605947155000,8.461155029296876,1.7746570110321045,0.7856289744377136,-8.343287467956543
1781030605966681600,8.480681640625,1.7746570110321045,0.7856289744377136,-8.343287467956543
1781030605986211600,8.500211669921875,2.0386009216308594,1.4961669445037842,-10.073188781738281
1781030606005737200,8.5197373046875,1.7907849550247192,1.9710999727249146,-9.799263000488281
1781030606025259800,8.539259765625,1.6829309463500977,2.4104909896850586,-10.07964038848877
1781030606044783900,8.558783935546876,1.6829309463500977,2.4104909896850586,-10.07964038848877
1781030606064310500,8.578310546875,1.6829309463500977,2.4104909896850586,-10.07964038848877
1781030606083833900,8.597833740234375,1.3248889446258545,2.778501033782959,-11.11217212677002
1781030606103354600,8.617354736328124,1.1690590381622314,2.4045848846435547,-10.353145599365234
1781030606122877200,8.636877197265624,1.1015880107879639,1.8909319639205933,-8.290353775024414
1781030606142404000,8.656404052734375,1.0582590103149414,1.4197789430618286,-6.142189025878906
1781030606161930200,8.67593017578125,0.8739429712295532,0.9748640060424805,-4.11314582824707
1781030606181454300,8.695454345703125,0.42801401019096375,0.6278010010719299,-3.127998113632202
1781030606200980000,8.71497998046875,-0.08990799635648727,0.4351690113544464,-1.3078629970550537
1781030606220503300,8.73450341796875,-0.6681119799613953,0.30689099431037903,-0.6986089944839478
1781030606240026000,8.754026123046875,-1.2214009761810303,0.39148300886154175,0.04710200056433678
1781030606259547400,8.77354736328125,-1.6830610036849976,0.663864016532898,1.836182951927185
1781030606279064300,8.793064208984376,-2.1140189170837402,0.9096609950065613,3.890669107437134
1781030606298585600,8.812585693359376,-2.584376096725464,1.0528420209884644,4.543888092041016
1781030606318113000,8.832113037109375,-2.954097032546997,1.0311130285263062,6.353569030761719
1781030606337634800,8.851634765625,-3.1743791103363037,0.7785660028457642,7.033446788787842
1781030606357154800,8.87115478515625,-3.2669260501861572,0.40533098578453064,8.718314170837402
1781030606376677000,8.890677001953126,-3.1244800090789795,-0.023832999169826508,10.42974853515625
1781030606396205300,8.910205322265625,-2.827730894088745,-0.4648990035057068,10.764326095581055
1781030606415736000,8.929736083984375,-2.5876340866088867,-0.980318009853363,11.281706809997559
1781030606435263200,8.94926318359375,-2.4628000259399414,-1.4697500467300415,11.662503242492676
1781030606454788900,8.968788818359375,-2.3104209899902344,-1.799888014793396,11.703022956848145
1781030606474312200,8.988312255859375,-2.105437994003296,-2.0094549655914307,11.363239288330078
1781030606493834000,9.007833984375,-1.8509479761123657,-2.0796151161193848,10.579998016357422
1781030606513357300,9.027357421875,-1.5154019594192505,-2.1073379516601562,8.672758102416992
1781030606532883700,9.0468837890625,-1.2233389616012573,-2.1001949310302734,6.5964250564575195
1781030606552411000,9.066410888671875,-1.0241010189056396,-2.0169661045074463,5.839890956878662
1781030606571936800,9.085936767578126,-0.873462975025177,-1.8976099491119385,4.935354232788086
1781030606591461400,9.10546142578125,-0.7951509952545166,-1.753620982170105,4.144443035125732
1781030606610983400,9.1249833984375,-0.7801139950752258,-1.5990500450134277,3.5899100303649902
1781030606630507500,9.144507568359375,-0.8481799960136414,-1.562716007232666,3.2421960830688477
1781030606650036000,9.164035888671876,-0.895583987236023,-1.7090510129928589,2.996325969696045
1781030606669562600,9.183562744140625,-0.7026309967041016,-1.719249963760376,2.7089691162109375
1781030606689085400,9.20308544921875,-0.30454400181770325,-1.6246769428253174,2.350147008895874
1781030606708607700,9.222607666015625,0.1379619985818863,-1.5157519578933716,2.018203020095825
1781030606728130600,9.242130615234375,0.42710599303245544,-1.321998953819275,1.6815309524536133
1781030606747654100,9.261654052734375,0.31970301270484924,-1.3306399583816528,1.3650660514831543
1781030606767175400,9.281175537109375,0.030579999089241028,-1.4264769554138184,1.01950204372406
1781030606786696000,9.300696044921875,0.030579999089241028,-1.4264769554138184,1.01950204372406
1781030606806216400,9.320216552734376,0.3797450065612793,-0.903194010257721,0.1086369976401329
1781030606825738800,9.33973876953125,0.867231011390686,-0.3676320016384125,-0.2647179961204529
1781030606845262600,9.3592626953125,0.9710140228271484,-0.018171999603509903,-0.27454400062561035
1781030606864781000,9.378781005859375,0.9710140228271484,-0.018171999603509903,-0.27454400062561035
1781030606884296200,9.398296142578126,0.5980790257453918,-0.3893199861049652,-0.6915019750595093
1781030606903815700,9.417815673828125,0.5980790257453918,-0.3893199861049652,-0.6915019750595093
1781030606923338500,9.43733837890625,1.1402260065078735,-0.2755909860134125,-4.559854030609131
1781030606942858000,9.45685791015625,1.4071470499038696,0.17356500029563904,-4.875866889953613
1781030606962376700,9.476376708984375,0.9936680197715759,0.3957430124282837,-5.079986095428467
1781030606981895700,9.495895751953125,0.42603299021720886,0.4360570013523102,-5.099534034729004
1781030607001417500,9.51541748046875,0.21641500294208527,0.4190030097961426,-5.014867782592773
1781030607020941800,9.53494189453125,0.36011600494384766,0.3868289887905121,-5.150448799133301
1781030607040461800,9.5544619140625,0.7005339860916138,0.39561399817466736,-5.493812084197998
1781030607059982600,9.573982666015626,0.9308140277862549,0.5096930265426636,-7.002553939819336
1781030607079500500,9.59350048828125,0.9359359741210938,0.6547639966011047,-7.127504825592041
1781030607099018200,9.613018310546876,0.9009789824485779,0.9121749997138977,-7.3836541175842285
1781030607118538200,9.632538330078125,1.0055309534072876,1.307083010673523,-8.780710220336914
1781030607138057200,9.65205712890625,1.309466004371643,1.7041070461273193,-8.750359535217285
1781030607157580800,9.671580810546875,1.727862000465393,1.9936109781265259,-8.845569610595703
1781030607177104000,9.691103759765625,2.1460890769958496,2.2327868938446045,-9.078857421875
1781030607196627200,9.710627197265625,2.3412089347839355,2.5173399448394775,-10.137516975402832
1781030607216153300,9.7301533203125,2.287782907485962,2.719364881515503,-10.047513961791992
1781030607235675600,9.749675537109376,2.0475149154663086,2.733959913253784,-10.061989784240723
1781030607255200300,9.7692001953125,1.7717269659042358,2.592500925064087,-9.884151458740234
1781030607274728400,9.788728515625,1.5413999557495117,2.1778390407562256,-9.192937850952148
1781030607294254800,9.8082548828125,1.3386989831924438,1.588886022567749,-6.775821208953857
1781030607313784800,9.827784912109376,1.1715699434280396,1.0773299932479858,-5.862783908843994
1781030607333316900,9.84731689453125,0.7977079749107361,0.6371080279350281,-3.96246600151062
1781030607352844500,9.866844482421875,0.31002599000930786,0.4733709990978241,-3.2498779296875
1781030607372371200,9.88637109375,-0.21860100328922272,0.5034800171852112,-2.4347429275512695
1781030607391900700,9.905900634765626,-1.7219020128250122,0.5673149824142456,-1.4866880178451538
1781030607411426000,9.925426025390625,-2.072869062423706,0.6956220269203186,0.5787910223007202
1781030607430948900,9.944948974609375,-2.2667880058288574,0.8488330245018005,2.7197461128234863
1781030607450472200,9.96447216796875,-2.30057692527771,0.9186720252037048,3.4479479789733887
1781030607469993200,9.9839931640625,-2.2183609008789062,0.9068139791488647,5.4765729904174805
1781030607489510000,10.003510009765625,-2.000739097595215,0.8362759947776794,7.410239219665527
1781030607509026800,10.02302685546875,-1.816828966140747,0.5192499756813049,9.105295181274414
1781030607528548400,10.04254833984375,-1.7586829662322998,0.1590850055217743,9.567985534667969
1781030607548068000,10.062068115234375,-1.6952069997787476,-0.0781639963388443,11.149784088134766
1781030607567591000,10.0815908203125,-1.5223569869995117,-0.31891998648643494,12.839159965515137
1781030607587116000,10.101115966796876,-1.2839690446853638,-0.5689589977264404,12.791029930114746
1781030607606635300,10.12063525390625,-1.2839690446853638,-0.5689589977264404,12.791029930114746
1781030607626156300,10.14015625,-0.7168139815330505,-1.2067910432815552,12.326396942138672
1781030607645682200,10.15968212890625,-0.5170720219612122,-1.5273799896240234,11.629410743713379
1781030607665211400,10.17921142578125,-0.3739530146121979,-1.6837400197982788,9.480375289916992
1781030607684741000,10.1987412109375,-0.3739530146121979,-1.6837400197982788,9.480375289916992
1781030607704272600,10.218272705078125,-0.3739530146121979,-1.6837400197982788,9.480375289916992
1781030607723804700,10.2378046875,-0.22202900052070618,-1.541769027709961,6.169559955596924
1781030607743332900,10.257332763671876,-0.35869500041007996,-1.4436160326004028,5.40951681137085
1781030607762859800,10.27685986328125,-0.5526739954948425,-1.398182988166809,4.740423202514648
1781030607782385200,10.29638525390625,-0.6862239837646484,-1.4359769821166992,4.363745212554932
1781030607801905400,10.315905517578125,-0.7187229990959167,-1.4947290420532227,4.212179183959961
1781030607821418800,10.335418701171875,-0.643028974533081,-1.5815010070800781,4.2201828956604
1781030607840935700,10.354935791015626,-0.41284701228141785,-1.572532057762146,4.116257190704346
1781030607860461600,10.374461669921875,-0.029133999720215797,-1.3986150026321411,3.711021900177002
1781030607879990000,10.393989990234376,0.2501380145549774,-1.260090947151184,3.1378068923950195
1781030607899520300,10.413520263671876,0.23820500075817108,-1.182325005531311,2.5666348934173584
1781030607919051500,10.433051513671876,0.10583300143480301,-1.1278330087661743,2.146512985229492
1781030607938578400,10.452578369140625,-0.010882000438869,-1.0973429679870605,1.9550050497055054
1781030607958100000,10.472099853515624,0.07460600137710571,-0.9073759913444519,1.799569010734558
1781030607977619200,10.491619140625,0.3637380003929138,-0.5955510139465332,1.313547968864441
1781030607997140000,10.511139892578125,0.7681030035018921,-0.38855600357055664,0.5842099785804749
1781030608016665600,10.53066552734375,0.9419159889221191,-0.12238600105047226,-1.4445890188217163
1781030608036193000,10.550193115234375,0.7960559725761414,0.11062800139188766,-2.0028369426727295
1781030608055721700,10.5697216796875,0.44564199447631836,0.3176969885826111,-2.4642670154571533
1781030608075250700,10.589250732421876,-0.04307600110769272,0.6084179878234863,-2.757352113723755
1781030608094777900,10.60877783203125,-0.23038700222969055,0.648514986038208,-3.014141082763672
1781030608114304000,10.628303955078126,0.04521400108933449,0.4400399923324585,-3.2071750164031982
1781030608133826800,10.647826904296876,0.5690760016441345,0.13028299808502197,-3.4150168895721436
1781030608153349400,10.667349365234376,0.8553289771080017,-0.22335700690746307,-3.68264102935791
1781030608172870700,10.68687060546875,0.5913779735565186,-0.3964709937572479,-4.117280960083008
1781030608192394000,10.70639404296875,-1.1561620235443115,-0.3059479892253876,-4.605486869812012
1781030608211918800,10.7259189453125,-1.351498007774353,-0.10606999695301056,-6.00536584854126
1781030608231442400,10.7454423828125,-1.226483941078186,0.04275200143456459,-6.310279846191406
1781030608250966500,10.764966552734375,-0.7376360297203064,0.05888799950480461,-6.589038848876953
1781030608270490400,10.784490478515625,0.8520900011062622,-0.07891499996185303,-6.795144081115723
1781030608290012200,10.80401220703125,1.2687560319900513,-0.14275899529457092,-8.185352325439453
1781030608309535200,10.82353515625,1.6449040174484253,0.07385999709367752,-8.304368019104004
1781030608329057500,10.8430576171875,1.8732340335845947,0.39560601115226746,-9.547391891479492
1781030608348579800,10.862579833984375,1.8780659437179565,0.6597480177879333,-9.755721092224121
1781030608368102000,10.882101806640625,1.784769058227539,0.7696939706802368,-9.910049438476562
1781030608387621600,10.90162158203125,1.787161946296692,0.6497660279273987,-9.76445484161377
1781030608407147500,10.9211474609375,1.8525149822235107,0.33810800313949585,-9.375815391540527
1781030608426678800,10.9406787109375,1.8525149822235107,0.33810800313949585,-9.375815391540527
1781030608446207700,10.960207763671875,1.6231340169906616,-0.018792999908328056,-8.233382225036621
1781030608465735200,10.979735107421876,1.095445990562439,-0.04411099851131439,-7.408489227294922
1781030608485263600,10.999263671875,1.095445990562439,-0.04411099851131439,-7.408489227294922
1781030608504788500,11.01878857421875,-0.7946590185165405,0.5362129807472229,-4.974691867828369
1781030608543840000,11.057840087890625,-1.2718969583511353,1.1519789695739746,-2.1507809162139893
1781030608563371500,11.07737158203125,-1.4794590473175049,1.355407953262329,-1.2283129692077637
1781030608582897200,11.096897216796876,-1.6227129697799683,1.4431849718093872,1.0166939496994019
1781030608602420700,11.116420654296874,-1.8016539812088013,1.4401099681854248,1.7631800174713135
1781030608621944000,11.135944091796874,-1.8575259447097778,1.4971469640731812,4.056072235107422
1781030608641465000,11.155465087890626,-1.9148399829864502,1.4078439474105835,6.73755407333374
1781030608660984300,11.174984375,-1.9988629817962646,1.1677360534667969,7.5104827880859375
1781030608680504800,11.1945048828125,-1.6820670366287231,0.885562002658844,9.400206565856934
1781030608700025000,11.214025146484374,-1.4347079992294312,0.5098540186882019,11.218179702758789
1781030608719547100,11.233547119140624,-1.3978550434112549,0.21490299701690674,11.393255233764648
1781030608739070700,11.25307080078125,-0.955420970916748,-0.017124999314546585,13.390822410583496
1781030608758592300,11.27259228515625,-0.6788560152053833,-0.13395200669765472,13.231844902038574
1781030608778109200,11.292109130859375,-0.3971959948539734,-0.20922300219535828,12.574112892150879
1781030608797628000,11.3116279296875,0.014798999764025211,-0.4199270009994507,11.84323501586914
1781030608817152500,11.331152587890625,0.03643300011754036,-0.5986160039901733,9.541982650756836
1781030608836679400,11.350679443359375,-0.040908001363277435,-0.7618589997291565,8.646300315856934
1781030608856206000,11.3702060546875,-0.014693999662995338,-0.8451300263404846,6.479208946228027
1781030608875727000,11.38972705078125,0.09172800183296204,-0.7606340050697327,5.62100076675415
1781030608895247400,11.409247314453125,0.03923099860548973,-0.6869339942932129,4.738325119018555
1781030608914776000,11.428776123046875,-0.16513200104236603,-0.7605080008506775,3.993527889251709
1781030608934304300,11.44830419921875,-0.37212899327278137,-0.8656119704246521,3.4736740589141846
1781030608953831200,11.4678310546875,-0.39816999435424805,-0.9890409708023071,3.103518009185791
1781030608973361400,11.487361328125,-0.18257500231266022,-1.1312580108642578,2.9435269832611084
1781030608992889600,11.5068896484375,0.1142600029706955,-1.2002949714660645,2.9391400814056396
1781030609012416000,11.526416015625,0.4684959948062897,-1.21793794631958,2.8789501190185547
1781030609031944200,11.545944091796875,0.7233489751815796,-1.2599619626998901,2.718679904937744
1781030609051469800,11.5654697265625,0.8433619737625122,-1.254757046699524,2.371427059173584
1781030609070996500,11.58499658203125,0.9422919750213623,-1.1682779788970947,1.8348289728164673
1781030609090524700,11.604524658203125,0.9722949862480164,-1.0889049768447876,1.2701719999313354
1781030609110050600,11.624050537109374,1.0832099914550781,-0.8459190130233765,0.6517429947853088
1781030609129578500,11.64357861328125,1.2190300226211548,-0.4787299931049347,0.04828900098800659
1781030609149113300,11.66311328125,1.2357369661331177,-0.17006899416446686,-0.5019749999046326
1781030609168647400,11.6826474609375,1.2526090145111084,-0.06265699863433838,-1.062633991241455
1781030609188178700,11.7021787109375,1.065585970878601,-0.03979000076651573,-1.493556022644043
1781030609207705900,11.721705810546876,0.5320780277252197,-0.05314100161194801,-1.763124942779541
1781030609227232800,11.741232666015625,0.13419100642204285,-0.08307400345802307,-2.0903871059417725
1781030609246763300,11.76076318359375,0.13419100642204285,-0.08307400345802307,-2.0903871059417725
1781030609266289200,11.7802890625,-0.2577170133590698,0.25099700689315796,-4.370819091796875
1781030609285814800,11.799814697265624,-0.2577170133590698,0.25099700689315796,-4.370819091796875
1781030609305343000,11.819343017578126,-0.25484201312065125,-0.09593299776315689,-4.947526931762695
1781030609324869400,11.838869384765625,-0.3287479877471924,-0.3985539972782135,-5.194081783294678
1781030609344397600,11.8583974609375,-0.3287479877471924,-0.3985539972782135,-5.194081783294678
1781030609363926500,11.877926513671875,0.055093999952077866,-0.5538179874420166,-6.7311811447143555
1781030609383453000,11.897452880859374,0.32771000266075134,-0.42316699028015137,-7.006504058837891
1781030609402977500,11.9169775390625,0.4674989879131317,-0.24354299902915955,-7.3160200119018555
1781030609422502000,11.936501953125,0.5783020257949829,0.02910899929702282,-7.471489906311035
1781030609442028000,11.956028076171876,0.8244519829750061,0.28191399574279785,-8.890727996826172
1781030609461554200,11.97555419921875,1.2579100131988525,0.5124170184135437,-8.91333293914795
1781030609481078500,11.99507861328125,1.7607489824295044,0.7830629944801331,-10.209127426147461
1781030609500602400,12.014602294921875,2.2036070823669434,1.0119249820709229,-10.233890533447266
1781030609520125200,12.034125244140625,2.3478429317474365,1.136262059211731,-10.408675193786621
1781030609539644700,12.053644775390625,2.1827280521392822,1.2861560583114624,-10.440086364746094
1781030609559168800,12.073168701171875,1.8008559942245483,1.3242919445037842,-10.170576095581055
1781030609578697200,12.092697265625,1.2546969652175903,1.2136199474334717,-9.410811424255371
1781030609598223600,12.1122236328125,0.8681120276451111,1.1796159744262695,-7.173966884613037
1781030609617747500,12.13174755859375,0.6263729929924011,1.0342320203781128,-6.261519908905029
1781030609637268500,12.1512685546875,0.15355199575424194,0.7296649813652039,-4.198988914489746
1781030609656790000,12.1707900390625,-0.3356429934501648,0.6972820162773132,-3.4623830318450928
1781030609676308000,12.190307861328124,-0.6350539922714233,0.8387389779090881,-2.524772882461548
1781030609695820000,12.209820068359376,-1.0806540250778198,0.9913219809532166,-0.6122530102729797
1781030609715340800,12.2293408203125,-1.5423190593719482,1.2677479982376099,0.06503999978303909
1781030609734865000,12.248864990234376,-1.9125219583511353,1.3711830377578735,2.231797933578491
1781030609754382600,12.268382568359375,-2.250209093093872,1.3576710224151611,2.8359289169311523
1781030609773899300,12.287899169921875,-2.275463104248047,1.3531960248947144,5.0341081619262695
1781030609793415000,12.307414794921876,-1.91708505153656,1.3127399682998657,7.254837989807129
1781030609812935200,12.32693505859375,-1.6725859642028809,1.035714030265808,9.318197250366211
1781030609832464100,12.346464111328125,-1.6540859937667847,0.5233780145645142,11.017816543579102
1781030609851988500,12.365988525390625,-1.5823990106582642,0.025986000895500183,12.54638957977295
1781030609871505000,12.3855048828125,-1.4538170099258423,-0.35008901357650757,12.801841735839844
1781030609891021300,12.405021240234374,-1.4538170099258423,-0.35008901357650757,12.801841735839844
1781030609910538800,12.424538818359375,-0.7431920170783997,-0.5013870000839233,13.366329193115234
1781030609930054400,12.444054443359375,-0.5322970151901245,-0.44930300116539,13.161946296691895
1781030609949567500,12.4635673828125,-0.49853500723838806,-0.503387987613678,12.432445526123047
1781030609969081600,12.48308154296875,-0.49498501420021057,-0.6384900212287903,10.25759220123291
1781030609988602400,12.502602294921875,-0.4534899890422821,-0.8244810104370117,8.188572883605957
1781030610008122400,12.522122314453124,-0.2998160123825073,-0.9181389808654785,5.859309196472168
1781030610027636500,12.541636474609374,-0.09694500267505646,-0.8914999961853027,5.21476411819458
1781030610047154400,12.561154541015625,-0.2648319900035858,-0.9269760251045227,4.642971992492676
1781030610066677500,12.580677490234375,-0.2648319900035858,-0.9269760251045227,4.642971992492676
1781030610086199600,12.600199462890625,-1.1781120300292969,-1.469817042350769,4.1666579246521
1781030610105716200,12.61971630859375,-1.087509036064148,-1.7821600437164307,3.5577259063720703
1781030610125232000,12.639232177734375,-1.087509036064148,-1.7821600437164307,3.5577259063720703
1781030610144753400,12.65875341796875,1.2923109531402588,-1.525202989578247,3.4986701011657715
1781030610164278000,12.678278076171875,1.2923109531402588,-1.525202989578247,3.4986701011657715
1781030610183800800,12.69780078125,1.0836950540542603,-1.1516350507736206,3.8155739307403564
1781030610203324000,12.717323974609375,-0.3985159993171692,-1.3536039590835571,3.3662030696868896
1781030610222847500,12.736847412109375,-0.37057799100875854,-1.4444129467010498,2.724498987197876
1781030610242366700,12.75636669921875,-0.006920999847352505,-1.1382980346679688,1.973341941833496
1781030610261888500,12.775888427734374,0.4565820097923279,0.4779919981956482,1.295814037322998
1781030610281417700,12.795417724609376,0.6067619919776917,0.6365240216255188,0.5755550265312195
1781030610300947000,12.814947021484375,0.4550909996032715,0.486844003200531,-1.5165640115737915
1781030610320475000,12.834474853515625,0.4486970007419586,0.03665199875831604,-2.156601905822754
1781030610339997700,12.853997802734375,0.6611899733543396,-0.2895810008049011,-3.801814079284668
1781030610359518500,12.8735185546875,0.5859730243682861,-0.3295370042324066,-4.144073963165283
1781030610379037700,12.89303759765625,-1.5272430181503296,0.023240000009536743,-4.153235912322998
1781030610398557200,12.91255712890625,-1.8888649940490723,0.2949399948120117,-3.9315240383148193
1781030610418080000,12.932080078125,-2.0065369606018066,0.1876949965953827,-3.9671568870544434
1781030610437603300,12.951603271484375,-0.10477200150489807,0.015103000216186047,-5.6862921714782715
1781030610457124400,12.971124267578125,2.061353921890259,-0.08118200302124023,-7.2916059494018555
1781030610496173300,13.01017333984375,1.9619109630584717,0.6965669989585876,-8.927791595458984
1781030610515694000,13.029694091796875,1.6310670375823975,0.863440990447998,-9.068365097045898
1781030610535213600,13.049213623046874,1.5350029468536377,0.9399160146713257,-10.54468059539795
1781030610554732800,13.06873291015625,1.6930999755859375,0.8693950176239014,-10.51526165008545
1781030610574252800,13.088252685546875,2.044893980026245,0.9361349940299988,-10.71523666381836
1781030610593773800,13.10777392578125,2.5144031047821045,1.3166559934616089,-10.845312118530273
1781030610613292800,13.127292724609376,2.8958630561828613,1.8214609622955322,-10.856966972351074
1781030610632809200,13.146809326171875,2.9476559162139893,2.3607869148254395,-10.80580997467041
1781030610652326700,13.16632666015625,2.549686908721924,2.7923989295959473,-10.722415924072266
1781030610671848000,13.185847900390625,0.8155159950256348,2.882798910140991,-10.546876907348633
1781030610691369500,13.205369384765625,0.4897080063819885,2.822964906692505,-10.097832679748535
1781030610710887200,13.22488720703125,0.31190499663352966,2.6686770915985107,-9.106422424316406
1781030610730406100,13.24440625,0.40936198830604553,2.3521640300750732,-6.4810028076171875
1781030610749928200,13.26392822265625,0.3692210018634796,1.9921269416809082,-4.115266799926758
1781030610769454600,13.28345458984375,0.037981998175382614,1.5549520254135132,-1.636718988418579
1781030610788983000,13.302983154296875,-1.6438360214233398,1.066167950630188,0.5888879895210266
1781030610808507000,13.3225068359375,-1.9225519895553589,0.8154670000076294,1.131322979927063
1781030610828023000,13.34202294921875,-2.0917999744415283,0.7660130262374878,1.6797239780426025
1781030610847540200,13.361540283203125,-2.174931049346924,0.6747879981994629,2.3802599906921387
1781030610867065000,13.381065185546875,-2.251091957092285,0.6346930265426636,4.293675899505615
1781030610886589200,13.400589111328125,-2.251091957092285,0.6346930265426636,4.293675899505615
1781030610906109400,13.420109375,-2.4313418865203857,0.3652839958667755,9.0582914352417
1781030610925634000,13.439634033203125,-2.4313418865203857,0.3652839958667755,9.0582914352417
1781030610945160400,13.459160400390624,-2.366576910018921,-0.2737869918346405,11.5741548538208
1781030610964684500,13.4786845703125,-2.366576910018921,-0.2737869918346405,11.5741548538208
1781030610984209400,13.49820947265625,-1.6741180419921875,-1.2455350160598755,12.4954833984375
1781030611003737600,13.517737548828125,-1.3935229778289795,-1.6716690063476562,12.6865873336792
1781030611023267300,13.537267333984374,-1.216858983039856,-2.027055025100708,12.617080688476562
1781030611042790100,13.5567900390625,-1.1047559976577759,-2.2869389057159424,12.187965393066406
1781030611062311700,13.576311767578124,-1.0216100215911865,-2.394068956375122,10.280938148498535
1781030611081836300,13.595836181640625,-0.8841230273246765,-2.3962979316711426,9.498666763305664
1781030611101361000,13.61536083984375,-0.7438089847564697,-2.237879991531372,7.511072158813477
1781030611120884500,13.634884521484375,-0.6935359835624695,-2.0575408935546875,6.64158296585083
1781030611140408000,13.654407958984375,-0.7793300151824951,-1.9604350328445435,5.8315582275390625
1781030611159935700,13.673935791015625,-0.9067729711532593,-1.9466040134429932,5.1810221672058105
1781030611179463400,13.69346337890625,-0.9264490008354187,-1.9870909452438354,4.732052803039551
1781030611198989600,13.712989501953125,-0.857778012752533,-1.991189956665039,4.500120162963867
1781030611218515200,13.73251513671875,-0.663191020488739,-1.852260947227478,4.36248779296875
1781030611238043400,13.75204345703125,-0.5136910080909729,-1.566527009010315,4.228422164916992
1781030611257570800,13.77157080078125,-0.5751100182533264,-1.31876802444458,3.9639859199523926
1781030611277094000,13.791093994140626,-0.575747013092041,-1.2481189966201782,3.576486110687256
1781030611296614700,13.81061474609375,-0.49894198775291443,-1.3303929567337036,3.198654890060425
1781030611316135200,13.83013525390625,-0.19971099495887756,-1.380782961845398,2.795746088027954
1781030611335655200,13.8496552734375,0.28169700503349304,-1.2189589738845825,2.48895001411438
1781030611355173000,13.869173095703125,0.4419589936733246,-0.8803039789199829,2.2202439308166504
1781030611374692400,13.8886923828125,0.42154601216316223,-0.5859699845314026,1.909952998161316
1781030611394216000,13.9082158203125,0.20982100069522858,-0.5092970132827759,1.625933051109314
1781030611413744400,13.927744384765624,-0.11010599881410599,-0.5675140023231506,-0.10474500060081482
1781030611433272000,13.94727197265625,0.12095999717712402,-0.48829901218414307,-2.040489912033081
1781030611452797200,13.966797119140624,0.5247330069541931,0.005903999786823988,-2.560931921005249
1781030611472321800,13.98632177734375,0.37631499767303467,0.3503110110759735,-4.193488121032715
1781030611491843800,14.00584375,0.08561199903488159,0.4980419874191284,-4.430718898773193
1781030611511370800,14.025370849609375,-0.4482029974460602,0.6339229941368103,-4.176565170288086
1781030611530899500,14.0448994140625,-1.7017509937286377,0.5031059980392456,-4.138697147369385
1781030611550426000,14.064426025390626,-1.2171590328216553,0.22253699600696564,-4.279195785522461
1781030611569948700,14.08394873046875,0.4054499864578247,0.13807199895381927,-4.470747947692871
1781030611589471700,14.1034716796875,0.678318977355957,-0.08492899686098099,-4.904941082000732
1781030611608995000,14.1229951171875,0.8477460145950317,-0.5541930198669434,-5.192903995513916
1781030611628521000,14.14252099609375,1.238095998764038,-0.4247260093688965,-5.353452205657959
1781030611648049700,14.162049560546874,2.759032964706421,-0.13436999917030334,-5.671640872955322
1781030611667574000,14.181573974609375,2.934377908706665,0.2595309913158417,-7.2331929206848145
1781030611687100700,14.2011005859375,3.267353057861328,0.9318959712982178,-8.576221466064453
1781030611706629600,14.220629638671875,3.267353057861328,0.9318959712982178,-8.576221466064453
1781030611726152700,14.240152587890625,2.585131883621216,1.5331530570983887,-9.87730598449707
1781030611745674200,14.25967431640625,2.585131883621216,1.5331530570983887,-9.87730598449707
1781030611765200100,14.2792001953125,1.9942920207977295,2.1570799350738525,-10.076680183410645
1781030611784725200,14.298725341796874,1.8852750062942505,2.5800681114196777,-9.785566329956055
1781030611804245000,14.318244873046876,1.8852750062942505,2.5800681114196777,-9.785566329956055
1781030611823766500,14.3377666015625,-0.4606640040874481,2.79705810546875,-10.149728775024414
1781030611843288300,14.357288330078125,-0.9192619919776917,2.4988019466400146,-9.47386646270752
1781030611862807300,14.376807373046875,-1.111085057258606,2.147068977355957,-7.312870025634766
1781030611882328600,14.39632861328125,-0.6753000020980835,1.7841860055923462,-4.917802810668945
1781030611901853200,14.415853271484375,0.8453310132026672,1.439985990524292,-2.8667099475860596
1781030611921379600,14.435379638671876,0.7040789723396301,1.0027329921722412,-0.8237209916114807
1781030611940905500,14.454905517578124,-1.1324189901351929,0.5775780081748962,-0.23609599471092224
1781030611960429800,14.474429931640625,-1.525607943534851,0.4419589936733246,0.42816299200057983
1781030611979951000,14.493951171875,-1.8284430503845215,0.6097620129585266,1.2789859771728516
1781030611999473400,14.513473388671875,-1.9126310348510742,0.9102770090103149,3.0238900184631348
1781030612018999300,14.532999267578125,-2.1129379272460938,1.1282479763031006,3.7480969429016113
1781030612038523000,14.55252294921875,-2.4542338848114014,1.1588549613952637,5.8680338859558105
1781030612058043100,14.572043212890625,-2.8249149322509766,0.9661669731140137,7.737649917602539
1781030612077563000,14.59156298828125,-2.9242429733276367,0.7938590049743652,9.845514297485352
1781030612097079300,14.611079345703125,-2.6301651000976562,0.760155975818634,11.334165573120117
1781030612116596000,14.630595947265626,-2.2779200077056885,0.5697669982910156,11.694464683532715
1781030612136117000,14.650116943359375,-2.153848886489868,0.2479729950428009,13.09819221496582
1781030612155642600,14.669642578125,-2.1908700466156006,-0.10801199823617935,12.629755020141602
1781030612175165400,14.68916552734375,-1.8295069932937622,-0.6989740133285522,11.97774600982666
1781030612194693000,14.708693115234375,-1.4879939556121826,-1.1636990308761597,11.331137657165527
1781030612214221000,14.728220947265624,-1.2398840188980103,-1.335373044013977,9.182175636291504
1781030612233740000,14.747739990234376,-0.8013330101966858,-1.4473069906234741,8.512211799621582
1781030612253262300,14.767262451171876,-0.808912992477417,-1.3176419734954834,6.164248943328857
1781030612272789800,14.786789794921875,-0.8094609975814819,-1.2165069580078125,5.240740776062012
1781030612292317400,14.8063173828125,-0.5854200124740601,-1.176542043685913,4.326510906219482
1781030612311841500,14.825841552734374,-0.5830109715461731,-1.1761879920959473,3.492556095123291
1781030612331367000,14.845366943359375,-0.5166969895362854,-1.1893600225448608,2.9554131031036377
1781030612350891500,14.8648916015625,-0.3248800039291382,-1.1280839443206787,2.5850539207458496
1781030612370412000,14.884412109375,-0.10500700026750565,-1.1212990283966064,2.4089009761810303
1781030612389940000,14.90393994140625,0.06494800001382828,-1.0052380561828613,2.3363680839538574
1781030612409463800,14.9234638671875,0.09494999796152115,-0.9149870276451111,2.2556159496307373
1781030612448505300,14.96250537109375,0.12351600080728531,-0.9609580039978027,2.209367036819458
1781030612468027000,14.98202685546875,0.19045600295066833,-1.0343040227890015,2.2591099739074707
1781030612487549700,15.0015498046875,0.31284600496292114,-1.1291409730911255,2.3427510261535645
1781030612507075800,15.021075927734374,0.5121849775314331,-1.173030972480774,2.3968300819396973
1781030612526600000,15.040599853515625,0.5121849775314331,-1.173030972480774,2.3968300819396973
1781030612546121000,15.060120849609374,1.1569520235061646,-0.8189219832420349,1.8793230056762695
1781030612565644300,15.079644287109375,1.390537977218628,-0.3965989947319031,1.1895500421524048
1781030612585168000,15.09916796875,1.390537977218628,-0.3965989947319031,1.1895500421524048
1781030612604692000,15.11869189453125,-0.4274359941482544,-0.158610999584198,-1.019652009010315
1781030612624214000,15.138214111328125,-0.4274359941482544,-0.158610999584198,-1.019652009010315
1781030612643734000,15.157734130859374,-2.2574729919433594,-0.26396799087524414,-2.070997953414917
1781030612663254500,15.177254638671876,-2.077004909515381,-0.19503800570964813,-3.89943790435791
1781030612682775000,15.196775146484375,-0.18704499304294586,0.10518799722194672,-4.308201789855957
1781030612702297900,15.2162978515625,0.16691599786281586,0.10998699814081192,-4.887341022491455
1781030612721824000,15.235823974609374,0.6268180012702942,-0.10587900131940842,-5.318445205688477
1781030612741345500,15.255345458984374,1.0248119831085205,-0.36267200112342834,-5.711849212646484
1781030612760865000,15.274864990234375,2.547790050506592,-0.5495330095291138,-7.218897819519043
1781030612780387300,15.29438720703125,2.8762969970703125,-0.40576601028442383,-7.2877068519592285
1781030612799912200,15.313912109375,3.3317859172821045,-0.002750999992713332,-8.944856643676758
1781030612819438000,15.33343798828125,3.5118720531463623,0.5215319991111755,-9.04694938659668
1781030612838963700,15.352963623046875,3.3136370182037354,1.0328580141067505,-10.562317848205566
1781030612858486500,15.372486572265625,3.050926923751831,1.4002519845962524,-10.651926040649414
1781030612878007300,15.39200732421875,2.9751698970794678,1.641340970993042,-11.935461044311523
1781030612897526300,15.4115263671875,3.0158770084381104,1.8176499605178833,-11.994850158691406
1781030612917046000,15.4310458984375,2.885373115539551,1.8291009664535522,-12.14421558380127
1781030612936568800,15.45056884765625,2.5172650814056396,1.7304370403289795,-12.137677192687988
1781030612956089600,15.470089599609375,1.9867379665374756,1.6017999649047852,-11.556148529052734
1781030612975609600,15.489609619140625,1.396456003189087,1.456889033317566,-9.490544319152832
1781030612995132700,15.509132568359375,0.9105240106582642,1.4189410209655762,-7.101177215576172
1781030613014657500,15.528657470703125,0.323837012052536,1.4870009422302246,-4.649381160736084
1781030613034182100,15.54818212890625,-0.34858500957489014,1.6350419521331787,-2.5786049365997314
1781030613053702100,15.5677021484375,-1.0436439514160156,1.7622350454330444,-2.0712499618530273
1781030613073227300,15.587227294921876,-2.538564920425415,1.8069889545440674,-1.387097954750061
1781030613092755200,15.606755126953125,-2.705526113510132,1.76487398147583,0.8038849830627441
1781030613112278500,15.626278564453125,-2.842374086380005,1.629336953163147,1.5618000030517578
1781030613131801000,15.645801025390625,-2.8022520542144775,1.4550700187683105,3.922434091567993
1781030613151327200,15.6653271484375,-2.6779799461364746,1.2067919969558716,6.379662990570068
1781030613170856000,15.68485595703125,-2.6518609523773193,0.8020560145378113,8.460245132446289
1781030613190381300,15.70438134765625,-2.590441942214966,0.23971599340438843,10.455342292785645
1781030613209904000,15.723904052734374,-2.4354360103607178,-0.3839389979839325,12.462745666503906
1781030613229426700,15.7434267578125,-2.1766018867492676,-0.9395760297775269,12.910013198852539
1781030613248946200,15.7629462890625,-1.802245020866394,-1.4252619743347168,13.295340538024902
1781030613268465400,15.78246533203125,-1.5253900289535522,-1.8366179466247559,13.435135841369629
1781030613287990500,15.801990478515625,-1.4178969860076904,-2.071276903152466,13.0144624710083
1781030613307513300,15.821513427734375,-1.2323369979858398,-2.257780075073242,10.960779190063477
1781030613327034000,15.8410341796875,-1.0004249811172485,-2.3373661041259766,10.127219200134277
1781030613346561800,15.860561767578124,-1.0004249811172485,-2.3373661041259766,10.127219200134277
1781030613366091300,15.88009130859375,-0.7155269980430603,-2.1357929706573486,5.9622721672058105
1781030613385613000,15.899613037109376,-0.7155269980430603,-2.1357929706573486,5.9622721672058105
1781030613405131300,15.91913134765625,-0.8346890211105347,-1.808305025100708,4.628198146820068
1781030613424655000,15.938655029296875,-0.8346890211105347,-1.808305025100708,4.628198146820068
1781030613444178700,15.9581787109375,-0.8346890211105347,-1.808305025100708,4.628198146820068
1781030613463702000,15.977701904296875,-0.5005450248718262,-1.6093829870224,4.472723007202148
1781030613483227000,15.997226806640626,-0.2191219925880432,-1.4636110067367554,4.370306015014648
1781030613502747600,16.01674755859375,0.1200300008058548,-1.1487230062484741,3.8769500255584717
1781030613522264000,16.03626416015625,0.48385900259017944,-0.7107250094413757,3.056504011154175
1781030613541785300,16.055785400390626,0.5876259803771973,-0.5273320078849792,2.3623530864715576
1781030613561309000,16.075308837890624,0.35984399914741516,-0.6589670181274414,2.181312084197998
1781030613580828200,16.094828125,0.08763500303030014,-0.7450889945030212,2.0448479652404785
1781030613600351000,16.11435107421875,0.06860999763011932,-0.7645570039749146,1.7461680173873901
1781030613619875600,16.13387548828125,0.43421700596809387,-0.5161280035972595,-0.21997900307178497
1781030613639398400,16.1533984375,1.0628260374069214,-0.09194999933242798,-0.9616699814796448
1781030613658919200,16.172919189453125,1.2702460289001465,0.08383099734783173,-1.3882349729537964
1781030613678442000,16.19244189453125,-0.4899449944496155,0.044867001473903656,-1.6632039546966553
1781030613697967900,16.2119677734375,-0.6096519827842712,-0.14101900160312653,-1.971310019493103
1781030613717497300,16.231497314453126,-0.4349069893360138,-0.06211400032043457,-2.346798896789551
1781030613737023000,16.25102294921875,-0.006779999937862158,0.22318899631500244,-3.977297067642212
1781030613756541400,16.27054150390625,0.5278210043907166,0.3716660141944885,-4.222761154174805
1781030613776061400,16.2900615234375,0.7120429873466492,0.4789069890975952,-4.335929870605469
1781030613795588000,16.309588134765626,0.27825599908828735,0.34931400418281555,-4.54292106628418
1781030613815114000,16.329114013671877,-0.060208000242710114,0.11832699924707413,-4.884744167327881
1781030613834639600,16.3486396484375,0.19071200489997864,0.13908900320529938,-5.218748092651367
1781030613854171600,16.368171630859376,1.7713030576705933,0.32428398728370667,-5.642480850219727
1781030613873700400,16.387700439453123,2.1731150150299072,0.44559699296951294,-6.933077812194824
1781030613893227000,16.40722705078125,2.504348039627075,0.5244849920272827,-8.32365894317627
1781030613912755000,16.4267548828125,2.5970659255981445,0.6902089715003967,-8.382935523986816
1781030613932280600,16.446280517578124,2.509212017059326,1.104820966720581,-9.509125709533691
1781030613951805200,16.46580517578125,2.4187428951263428,1.7188800573349,-9.69416618347168
1781030613971326700,16.48532666015625,2.242569923400879,2.3476879596710205,-9.91242790222168
1781030613990851000,16.50485107421875,1.9027700424194336,2.8634259700775146,-9.998652458190918
1781030614010376000,16.5243759765625,1.4069019556045532,3.1080820560455322,-9.878265380859375
1781030614029902000,16.543902099609376,0.9929519891738892,3.1918840408325195,-9.608757019042969
1781030614049429200,16.56342919921875,0.8956959843635559,3.1992599964141846,-9.232892036437988
1781030614068946400,16.582946533203124,1.0697660446166992,3.098599910736084,-8.663007736206055
1781030614088469200,16.60246923828125,1.2830959558486938,2.8911080360412598,-7.874393939971924
1781030614107997200,16.6219970703125,1.1740310192108154,2.4785830974578857,-6.837191104888916
1781030614127520300,16.641520263671875,0.7350029945373535,1.9950809478759766,-4.7010297775268555
1781030614147041500,16.66104150390625,0.1563279926776886,1.606160044670105,-3.698261022567749
1781030614166563300,16.680563232421875,0.1563279926776886,1.606160044670105,-3.698261022567749
1781030614186084000,16.700083984375,-0.7009339928627014,1.3944460153579712,-1.1749720573425293
1781030614205609000,16.71960888671875,-0.7009339928627014,1.3944460153579712,-1.1749720573425293
1781030614225139200,16.73913916015625,-1.5571099519729614,1.5347570180892944,-0.1256130039691925
1781030614244663000,16.7586630859375,-1.9464329481124878,1.2708829641342163,2.111027956008911
1781030614264182800,16.778182861328126,-1.9464329481124878,1.2708829641342163,2.111027956008911
1781030614283700500,16.797700439453124,-2.338534116744995,0.8013409972190857,6.129001140594482
1781030614303217700,16.8172177734375,-2.355910062789917,0.26858198642730713,8.323247909545898
1781030614322743300,16.836743408203127,-2.2954421043395996,-0.37551000714302063,10.049880981445312
1781030614342274600,16.856274658203127,-2.1928999423980713,-0.9749510288238525,10.502640724182129
1781030614371575600,16.885575439453124,-2.1928999423980713,-0.9749510288238525,10.502640724182129
1781030614400869600,16.91486962890625,-1.6864149570465088,-2.188508987426758,12.661579132080078
1781030614420400000,16.934400146484375,-1.3941400051116943,-2.341649055480957,12.678728103637695
1781030614439935500,16.953935546875,-1.1934469938278198,-2.3681180477142334,12.257173538208008
1781030614459473400,16.973473388671874,-1.0150409936904907,-2.4028470516204834,10.232221603393555
1781030614479009300,16.99300927734375,-0.8473889827728271,-2.626797914505005,9.319144248962402
1781030614498541300,17.012541259765626,-0.8196030259132385,-2.6672050952911377,7.247706890106201
1781030614518072300,17.032072265625,-0.5840700268745422,-2.5716590881347656,6.311697006225586
1781030614537604000,17.05160400390625,-0.37007999420166016,-2.409945011138916,5.366887092590332
1781030614557134300,17.07113427734375,-0.3159779906272888,-2.1396279335021973,4.437294006347656
1781030614576667000,17.0906669921875,-0.4226660132408142,-1.8956739902496338,3.6424520015716553
1781030614596203800,17.110203857421876,-0.7802640199661255,-1.8268849849700928,3.1610798835754395
1781030614615739100,17.1297392578125,-0.9144989848136902,-1.737686038017273,2.8894081115722656
1781030614635268900,17.149268798828125,-0.7336289882659912,-1.4939839839935303,2.61311411857605
1781030614654799400,17.16879931640625,-0.5480480194091797,-1.451748013496399,2.416347026824951
1781030614674331100,17.1883310546875,-0.3954020142555237,-1.4241399765014648,2.1905100345611572
1781030614693863000,17.20786279296875,-0.2135699987411499,-1.3963240385055542,1.9456919431686401
1781030614713393000,17.227392822265625,-0.008933000266551971,-1.4333230257034302,1.7851779460906982
1781030614732920800,17.2469208984375,0.21768100559711456,-1.3126959800720215,1.5947439670562744
1781030614752451800,17.266451904296876,0.4398910105228424,-1.1105120182037354,1.4354419708251953
1781030614771985200,17.285985107421876,0.43802401423454285,-0.8394669890403748,1.2633839845657349
1781030614791517700,17.305517578125,0.33208298683166504,-0.565093994140625,0.9776319861412048
1781030614811049500,17.325049560546876,0.3192879855632782,-0.24948200583457947,0.6503430008888245
1781030614830582500,17.34458251953125,0.25992101430892944,0.09700299799442291,0.08529700338840485
1781030614850115600,17.364115478515625,0.16467399895191193,0.31629499793052673,-0.6838170289993286
1781030614869641500,17.383641357421876,-0.015281000174582005,0.31972798705101013,-1.419240951538086
1781030614889167000,17.4031669921875,-0.3498759865760803,0.1921669989824295,-2.1079680919647217
1781030614908696300,17.4226962890625,-0.4312019944190979,0.03789300099015236,-2.7026500701904297
1781030614928222200,17.44222216796875,-0.1527869999408722,-0.05387600138783455,-3.159653902053833
1781030614947747800,17.461747802734376,0.16316600143909454,-0.06084800139069557,-3.6698029041290283
1781030614967279600,17.481279541015624,0.35600799322128296,-0.15840299427509308,-5.135718822479248
1781030614986815700,17.500815673828125,0.35600799322128296,-0.15840299427509308,-5.135718822479248
1781030615006353200,17.520353271484375,0.286175012588501,-0.41431498527526855,-5.802861213684082
1781030615025891000,17.53989111328125,0.6470789909362793,-0.3027009963989258,-6.179749965667725
1781030615045428700,17.5594287109375,1.953706979751587,0.036890000104904175,-7.431942939758301
1781030615064964400,17.57896435546875,1.953706979751587,0.036890000104904175,-7.431942939758301
1781030615084498200,17.598498291015623,1.953706979751587,0.036890000104904175,-7.431942939758301
1781030615104033000,17.618032958984376,2.703882932662964,0.6956470012664795,-9.374471664428711
1781030615123569000,17.63756884765625,2.8364250659942627,1.056712031364441,-9.538025856018066
1781030615143106600,17.6571064453125,3.0238840579986572,1.5100810527801514,-9.708744049072266
1781030615162640600,17.676640625,2.982513904571533,1.8968950510025024,-9.834086418151855
1781030615182173400,17.69617333984375,2.6126110553741455,2.0366249084472656,-9.703154563903809
1781030615201711900,17.7157119140625,2.0451738834381104,1.9454829692840576,-9.220001220703125
1781030615221249000,17.7352490234375,1.62581205368042,1.7013779878616333,-8.401789665222168
1781030615240784600,17.75478466796875,1.5019899606704712,1.3912039995193481,-6.088008880615234
1781030615260320000,17.774320068359376,1.519247055053711,1.0978829860687256,-5.404438018798828
1781030615279855400,17.79385546875,1.3065450191497803,0.8793960213661194,-4.545979022979736
1781030615299388000,17.813387939453126,0.6813070178031921,0.6913759708404541,-2.464740037918091
1781030615318919400,17.83291943359375,-0.9722189903259277,0.5912700295448303,-1.859874963760376
1781030615338455300,17.852455322265627,-1.3966939449310303,0.6662030220031738,-1.022779941558838
1781030615357992000,17.871991943359376,-1.680325984954834,0.7978900074958801,0.94172602891922
1781030615377524000,17.89152392578125,-1.8091739416122437,0.9622560143470764,1.7217049598693848
1781030615397055200,17.91105517578125,-2.0371439456939697,1.0719799995422363,3.8032429218292236
1781030615416590000,17.930590087890625,-2.426985025405884,0.9944909811019897,5.663765907287598
1781030615436120600,17.95012060546875,-2.9912939071655273,0.7483149766921997,7.608827114105225
1781030615455645700,17.969645751953124,-3.4986090660095215,0.30740201473236084,9.445070266723633
1781030615475176700,17.9891767578125,-3.5663199424743652,-0.23098699748516083,11.119112968444824
1781030615494715400,18.00871533203125,-3.159106969833374,-0.7337449789047241,11.478592872619629
1781030615514247200,18.0282470703125,-2.5635149478912354,-1.2129989862442017,11.868780136108398
1781030615533768200,18.047768310546875,-2.0223491191864014,-1.6263359785079956,12.005355834960938
1781030615553285400,18.067285400390624,-1.5768369436264038,-1.9941339492797852,11.73155403137207
1781030615572803600,18.086803466796876,-1.250709056854248,-2.3691840171813965,11.012442588806152
1781030615592331500,18.10633154296875,-0.9889540076255798,-2.5877718925476074,9.163873672485352
1781030615611865600,18.125865478515625,-0.7286540269851685,-2.5726170539855957,7.0316162109375
1781030615631400000,18.14539990234375,-0.6115779876708984,-2.358488082885742,6.331175804138184
1781030615650936800,18.164936767578126,-0.6450430154800415,-2.0372610092163086,4.240762233734131
1781030615670473000,18.184472900390624,-0.6969929933547974,-1.841493010520935,3.6782379150390625
1781030615690008600,18.204008544921876,-0.6770240068435669,-1.7559850215911865,3.1645491123199463
1781030615709546500,18.22354638671875,-0.605184018611908,-1.6917120218276978,2.9111199378967285
1781030615729087200,18.243087158203124,-0.5273579955101013,-1.6350860595703125,2.944058895111084
1781030615748627000,18.262626953125,-0.42246198654174805,-1.5802589654922485,3.123552083969116
1781030615768162000,18.282162109375,-0.26185399293899536,-1.5126639604568481,3.212631940841675
1781030615787697400,18.301697509765624,-0.09079500287771225,-1.4571670293807983,3.1065289974212646
1781030615807236000,18.321236083984374,0.07254800200462341,-1.449010968208313,2.927090883255005
1781030615826775800,18.34077587890625,0.2410700023174286,-1.35521399974823,2.799560070037842
1781030615846316800,18.36031689453125,0.37544798851013184,-1.1882740259170532,2.7710189819335938
1781030615865853700,18.379853759765624,0.37544798851013184,-1.1882740259170532,2.7710189819335938
1781030615885388800,18.399388916015624,0.9913939833641052,-0.7334820032119751,2.9525880813598633
1781030615904925400,18.418925537109374,0.9913939833641052,-0.7334820032119751,2.9525880813598633
1781030615924465200,18.438465087890624,1.8616540431976318,0.06436099857091904,2.2887680530548096
1781030615944008000,18.458008056640626,1.8616540431976318,0.06436099857091904,2.2887680530548096
1781030615963549200,18.477549072265624,0.05355200171470642,0.6520469784736633,-1.0303740501403809
1781030615983090700,18.497090576171875,-0.33832499384880066,0.6858350038528442,-3.0081899166107178
1781030616002631400,18.51663134765625,-1.866150975227356,0.43278199434280396,-3.445452928543091
1781030616022170400,18.53617041015625,-1.7275639772415161,0.10918399691581726,-4.000720977783203
1781030616041709000,18.555708984375,-0.05442399904131889,-0.10289599746465683,-4.586036205291748
1781030616061248800,18.575248779296874,0.2956179976463318,-0.3219679892063141,-6.215335845947266
1781030616080787700,18.59478759765625,0.7833690047264099,-0.25572600960731506,-6.607924938201904
1781030616100324900,18.614324951171874,0.9659910202026367,-0.005557999946177006,-7.059071063995361
1781030616119866000,18.6338662109375,0.9509559869766235,0.3838610053062439,-8.556742668151855
1781030616139406000,18.653406005859374,1.0861819982528687,0.9545940160751343,-8.759905815124512
1781030616158935300,18.672935302734373,1.4982860088348389,1.454656958580017,-9.985791206359863
1781030616178460700,18.692460693359376,2.810659885406494,1.85418701171875,-10.240848541259766
1781030616197983700,18.711983642578126,3.059828996658325,2.2148571014404297,-11.513824462890625
1781030616217504500,18.73150439453125,3.381990909576416,2.5754950046539307,-11.25864315032959
1781030616237031200,18.75103125,3.6003010272979736,2.9981369972229004,-11.00516414642334
1781030616256567800,18.77056787109375,3.8185958862304688,3.454158067703247,-10.762116432189941
1781030616276107800,18.790107666015626,3.9045510292053223,3.6731998920440674,-10.445860862731934
1781030616295642000,18.80964208984375,3.767472982406616,3.5144240856170654,-9.937891960144043
1781030616324952600,18.83895263671875,3.366307020187378,3.0329749584198,-9.24807357788086
1781030616354269700,18.868269775390626,1.0906139612197876,1.9934970140457153,-6.325221061706543
1781030616373814000,18.88781396484375,0.44610700011253357,1.7777680158615112,-4.292786121368408
1781030616393357800,18.90735791015625,-0.07608100026845932,1.6764349937438965,-3.33634090423584
1781030616412900000,18.926900146484375,-0.4972429871559143,1.6115009784698486,-2.35746693611145
1781030616432438000,18.94643798828125,-0.9527879953384399,1.4994349479675293,-1.5273760557174683
1781030616451977700,18.965977783203126,-1.5422840118408203,1.336089015007019,0.6599879860877991
1781030616471521000,18.98552099609375,-2.0413620471954346,1.2758289575576782,3.0906379222869873
1781030616491064800,19.00506494140625,-2.335731029510498,1.2837979793548584,5.700125217437744
1781030616510607400,19.024607421875,-2.527003049850464,1.2169699668884277,8.202882766723633
1781030616530144800,19.044144775390624,-2.4819788932800293,0.905987024307251,10.372151374816895
1781030616549680400,19.063680419921877,-2.345792055130005,0.28825899958610535,10.911795616149902
1781030616569216000,19.083216064453126,-2.1785709857940674,-1.1713759899139404,12.411203384399414
1781030616588753700,19.102753662109375,-1.715602993965149,-1.4645789861679077,12.839103698730469
1781030616608291800,19.122291748046877,-1.1605479717254639,-1.7760200500488281,13.229424476623535
1781030616627823400,19.1418232421875,-0.8276280164718628,-1.9826940298080444,13.320425987243652
1781030616647355100,19.161355224609373,-0.47363001108169556,-2.2023420333862305,12.853964805603027
1781030616666889000,19.180888916015626,-0.47363001108169556,-2.2023420333862305,12.853964805603027
1781030616686423800,19.200423828125,0.1023389995098114,-2.561846971511841,8.275839805603027
1781030616705954800,19.219954833984374,0.20354199409484863,-2.4438159465789795,6.315928936004639
1781030616725483000,19.23948291015625,0.05373699963092804,-2.288619041442871,5.661067008972168
1781030616745014000,19.259013916015626,0.05373699963092804,-2.288619041442871,5.661067008972168
1781030616764545000,19.278544921875,0.05373699963092804,-2.288619041442871,5.661067008972168
1781030616784074800,19.29807470703125,-1.0312860012054443,-2.5939269065856934,4.057919979095459
1781030616803598800,19.317598876953124,-0.7233740091323853,-2.8532791137695312,3.8983359336853027
1781030616823117800,19.337117919921877,-0.12942300736904144,-2.751539945602417,3.9729859828948975
1781030616842634800,19.356634765625,0.3726640045642853,-2.1839139461517334,4.064798831939697
1781030616862160400,19.376160400390624,0.4571239948272705,-1.6550530195236206,3.9633779525756836
1781030616881692000,19.39569189453125,0.28048500418663025,-1.5333479642868042,3.783759117126465
1781030616901223400,19.415223388671876,0.04226300120353699,-1.6632460355758667,3.5743141174316406
1781030616920754700,19.434754638671876,-0.24424099922180176,-1.8508110046386719,3.2185819149017334
1781030616940286500,19.454286376953124,-0.2809799909591675,-1.9156780242919922,2.8885269165039062
1781030616959825000,19.473824951171874,-0.15085799992084503,-1.5464869737625122,2.2902750968933105
1781030616979363300,19.49336328125,0.14915400743484497,-1.0851800441741943,1.5486119985580444
1781030616998900200,19.512900146484377,0.4883140027523041,-0.748274028301239,0.9225419759750366
1781030617018440000,19.53243994140625,0.5141819715499878,-0.26205500960350037,-1.0618319511413574
1781030617037978600,19.551978515625,0.19317300617694855,0.289002001285553,-1.6766630411148071
1781030617057521700,19.571521728515624,-1.3575600385665894,0.5915629863739014,-2.46527099609375
1781030617077065000,19.59106494140625,-1.7757409811019897,0.5093240141868591,-4.106953144073486
1781030617096601900,19.610601806640624,-1.8298089504241943,0.1022069975733757,-4.547000885009766
1781030617116134400,19.630134521484376,-0.20916800200939178,-0.4698989987373352,-4.985220909118652
1781030617135662800,19.649662841796875,1.482437014579773,-0.851606011390686,-6.529160022735596
1781030617155198700,19.66919873046875,1.8652499914169312,-0.934391975402832,-8.185484886169434
1781030617174738400,19.688738525390626,2.125601053237915,-0.8833709955215454,-9.857810020446777
1781030617194274000,19.708274169921875,2.0455639362335205,-0.683601975440979,-10.013976097106934
1781030617213804800,19.7278046875,2.0593879222869873,-0.26564499735832214,-10.227190017700195
1781030617233334000,19.747333984375,3.6861979961395264,1.5278229713439941,-10.280235290527344
1781030617252866000,19.766865966796875,3.9128530025482178,2.0293259620666504,-10.135103225708008
1781030617272395300,19.786395263671874,4.020289897918701,3.88338303565979,-9.91988754272461
1781030617291928300,19.80592822265625,3.7998759746551514,4.230936050415039,-9.824042320251465
1781030617311468500,19.825468505859376,3.404433012008667,4.6235551834106445,-11.026483535766602
1781030617331009800,19.845009765625,2.6962339878082275,4.879849910736084,-12.20181655883789
1781030617350546700,19.864546630859376,1.0247119665145874,5.044086933135986,-12.143521308898926
1781030617370085400,19.88408544921875,0.5762689709663391,5.014166831970215,-11.859925270080566
1781030617389624800,19.903624755859376,0.11897499859333038,4.868015766143799,-9.27130126953125
1781030617409164800,19.923164794921874,-0.29281800985336304,4.338507175445557,-5.119169235229492
1781030617428702200,19.9427021484375,-0.6044650077819824,2.6143789291381836,-1.3491699695587158
1781030617448229400,19.9622294921875,-0.9183890223503113,0.4509870111942291,0.9201470017433167
1781030617467752000,19.981751953125,-1.2403810024261475,-0.024992000311613083,1.3240050077438354
1781030617487273500,20.0012734375,-1.2780499458312988,-0.3095020055770874,1.3791439533233643
1781030617506804700,20.0208046875,-1.0977410078048706,-0.4569529891014099,1.6722569465637207
1781030617526343000,20.040343017578124,-1.0977410078048706,-0.4569529891014099,1.6722569465637207
1781030617545883100,20.059883056640626,-1.5644140243530273,0.10186599940061569,6.771576881408691
1781030617565426000,20.079426025390624,-3.0325379371643066,0.35095301270484924,8.751296043395996
1781030617584969500,20.098969482421875,-3.0325379371643066,0.35095301270484924,8.751296043395996
1781030617604517400,20.118517333984375,-3.7832319736480713,0.49557700753211975,12.40615463256836
1781030617624065500,20.1380654296875,-3.7832319736480713,0.49557700753211975,12.40615463256836
1781030617643608800,20.15760888671875,-3.4341928958892822,-3.020888090133667,14.30626106262207
1781030617663147800,20.177147705078124,-1.950227975845337,-3.367882013320923,14.4228515625
1781030617682686000,20.19668603515625,-1.5030529499053955,-3.7748448848724365,13.976235389709473
1781030617702225200,20.21622509765625,-1.0102310180664062,-3.9650299549102783,11.638951301574707
1781030617721761300,20.23576123046875,-0.9080449938774109,-3.8406341075897217,10.80994701385498
1781030617741295900,20.2552958984375,-1.1328589916229248,-3.4063549041748047,8.606955528259277
1781030617760829700,20.27482958984375,-1.4454740285873413,-2.882960081100464,7.70819091796875
1781030617780364800,20.29436474609375,-1.757539987564087,-2.413163900375366,6.9859700202941895
1781030617799904000,20.313904052734376,-1.8863669633865356,-2.051429033279419,6.4866251945495605
1781030617819443500,20.333443359375,-1.8804240226745605,-1.9746949672698975,6.226027965545654
1781030617838982100,20.352982177734376,-1.737665057182312,-1.988618016242981,6.190969944000244
1781030617858520300,20.372520263671873,-1.5756930112838745,-1.9300299882888794,6.134125232696533
1781030617878060500,20.392060546875,-1.4524370431900024,-1.829501986503601,5.916308879852295
1781030617897599500,20.411599609375,-1.2864760160446167,-1.582764983177185,5.438733100891113
1781030617917137000,20.431136962890626,-1.1959880590438843,-1.471187949180603,5.024870872497559
1781030617936679000,20.450678955078125,-1.2598329782485962,-1.448256015777588,4.865146160125732
1781030617956224300,20.470224365234376,-1.2943979501724243,-1.349748969078064,4.65490198135376
1781030617975769300,20.489769287109375,-1.0719109773635864,-1.1963109970092773,4.233323097229004
1781030617995315200,20.509315185546875,-0.5759750008583069,-0.7792239785194397,2.23078989982605
1781030618014855700,20.528855712890625,0.18985100090503693,-0.3164840042591095,1.4840760231018066
1781030618034387700,20.5483876953125,0.591838002204895,-0.08908999711275101,0.8245069980621338
1781030618053923800,20.567923828125,-0.8044180274009705,-0.0066109998151659966,0.29121801257133484
1781030618073461800,20.587461669921876,-2.3921070098876953,0.036285001784563065,-0.18630599975585938
1781030618092991000,20.606990966796875,-2.5279130935668945,0.1793449968099594,-1.9649399518966675
1781030618112521000,20.62652099609375,-2.2424490451812744,0.5994340181350708,-4.05072021484375
1781030618132046800,20.646046875,-0.2806040048599243,0.8101540207862854,-4.654545783996582
1781030618151569700,20.665569580078124,1.4301730394363403,0.6886469721794128,-6.497036933898926
1781030618171093000,20.685093017578126,1.746127963066101,0.4098089933395386,-6.778387069702148
1781030618190613500,20.704613525390624,1.8633270263671875,-0.09313800185918808,-7.11984920501709
1781030618210137300,20.724137451171874,1.8908699750900269,-0.36917001008987427,-8.803659439086914
1781030618229668000,20.743668212890626,2.106980085372925,-0.3746350109577179,-9.097579956054688
1781030618249206500,20.76320654296875,2.5483920574188232,-0.27414900064468384,-10.454795837402344
1781030618268745700,20.782745849609373,3.8406119346618652,-0.014081999659538269,-10.740519523620605
1781030618288283100,20.802283203125,3.8877038955688477,0.44753700494766235,-10.991127967834473
1781030618307821800,20.82182177734375,4.043543815612793,2.2399559020996094,-11.200139999389648
1781030618327360000,20.841360107421874,4.344178199768066,2.7540531158447266,-12.345033645629883
1781030618346898700,20.860898681640624,4.502528190612793,4.334449768066406,-12.282753944396973
1781030618366436000,20.88043603515625,3.9974889755249023,4.646884918212891,-12.422781944274902
1781030618385967000,20.899967041015625,1.5472520589828491,4.463597774505615,-12.40415096282959
1781030618405494300,20.919494384765624,-0.461340993642807,2.4701709747314453,-11.840459823608398
1781030618425020700,20.939020751953127,-0.461340993642807,2.4701709747314453,-11.840459823608398
1781030618444550100,20.958550048828126,-0.461340993642807,2.4701709747314453,-11.840459823608398
1781030618464077600,20.97807763671875,1.2070059776306152,0.18649999797344208,-4.179810047149658
1781030618483607300,20.997607177734373,1.3906999826431274,0.12407699972391129,-2.0704638957977295
1781030618503140400,21.017140380859374,-0.4537619948387146,0.22807399928569794,-1.3680839538574219
1781030618522667300,21.036667236328125,-2.9284369945526123,0.40026599168777466,-0.6151509881019592
1781030618542190800,21.05619091796875,-3.3284740447998047,0.6982750296592712,0.21924500167369843
1781030618561713200,21.075713134765625,-3.6949849128723145,0.9679579734802246,2.2845540046691895
1781030618581237200,21.0952373046875,-3.8954620361328125,1.1034259796142578,6.206157207489014
1781030618600758800,21.1147587890625,-3.8807930946350098,1.087568998336792,9.42166519165039
1781030618620277200,21.13427734375,-3.835645914077759,0.811028003692627,11.556339263916016
1781030618639801600,21.153801513671876,-4.081165790557861,0.33198800683021545,11.964547157287598
1781030618659326500,21.173326416015627,-4.354798793792725,-0.14539699256420135,12.313997268676758
1781030618678849800,21.192849853515625,-4.521845817565918,-0.6603969931602478,12.636223793029785
1781030618737415000,21.251414794921875,-3.5171849727630615,-1.2100269794464111,12.819353103637695
1781030618756932600,21.2709326171875,-3.136823892593384,-1.178246021270752,10.799308776855469
1781030618776457500,21.29045751953125,-2.909830093383789,-1.2349599599838257,8.894059181213379
1781030618795980500,21.30998046875,-2.7225708961486816,-1.3178759813308716,6.91156005859375
1781030618815501600,21.32950146484375,-2.444827079772949,-1.4462330341339111,6.1432600021362305
1781030618835026400,21.3490263671875,-2.0642929077148438,-1.5360130071640015,5.321987152099609
1781030618854550300,21.36855029296875,-1.8197849988937378,-1.5794899463653564,4.718958854675293
1781030618874071300,21.3880712890625,-1.7659929990768433,-1.6357430219650269,4.467167854309082
1781030618893588500,21.40758837890625,-1.7698709964752197,-1.675130009651184,4.4783101081848145
1781030618913102000,21.42710205078125,-1.5660669803619385,-1.5934779644012451,4.508824825286865
1781030618932616400,21.446616455078125,-1.1662640571594238,-1.4375239610671997,4.44148588180542
1781030618952135700,21.4661357421875,-0.7804880142211914,-1.30862295627594,4.245007038116455
1781030618971656700,21.48565673828125,-0.396928995847702,-1.1285279989242554,3.9676148891448975
1781030618991175400,21.505175537109373,-0.2327120006084442,-0.8990650177001953,3.6693320274353027
1781030619000934000,21.514933837890624,-0.2327120006084442,-0.8990650177001953,3.6693320274353027
1781030619010693000,21.524693115234374,-0.23225900530815125,-0.7067049741744995,3.338606119155884
1781030619030209500,21.54420947265625,-0.1313380002975464,-0.501130998134613,3.0390889644622803
1781030619049722400,21.563722412109374,0.07766799628734589,-0.295415997505188,2.557244062423706
1781030619069238300,21.58323828125,0.4187990128993988,-0.1696619987487793,0.5225229859352112
1781030619088754700,21.602754638671875,0.9157450199127197,-0.04640800133347511,-1.2480189800262451
1781030619108269800,21.622269775390624,1.2426949739456177,0.15178999304771423,-1.905418038368225
1781030619127787300,21.641787353515625,1.1736459732055664,0.32466500997543335,-3.7553369998931885
1781030619147304400,21.661304443359374,1.1013259887695312,0.3487440049648285,-4.2276611328125
1781030619166825500,21.680825439453123,1.1984059810638428,0.2825619876384735,-4.618919849395752
1781030619186349300,21.700349365234374,1.3468830585479736,0.17556799948215485,-6.419676780700684
1781030619205872400,21.719872314453124,1.3291130065917969,-0.20823299884796143,-6.865489959716797
1781030619225393000,21.739392822265625,1.3291130065917969,-0.20823299884796143,-6.865489959716797
1781030619244911600,21.75891162109375,1.3291130065917969,-0.20823299884796143,-6.865489959716797
1781030619264433000,21.778432861328124,2.7490720748901367,-1.549957036972046,-10.35030460357666
1781030619283957200,21.797957275390626,5.338548183441162,-1.4424920082092285,-10.541109085083008
1781030619303480000,21.81747998046875,6.9472270011901855,0.24968299269676208,-10.659466743469238
1781030619323002400,21.83700244140625,6.58274507522583,0.8830010294914246,-10.813553810119629
1781030619342524700,21.856524658203124,4.56390905380249,3.0957679748535156,-10.906271934509277
1781030619362046500,21.87604638671875,3.7683680057525635,5.091681003570557,-10.92288875579834
1781030619381567500,21.8955673828125,2.1122429370880127,6.659685134887695,-10.976421356201172
1781030619401084400,21.91508447265625,1.7878179550170898,7.213763236999512,-12.111613273620605
1781030619420597000,21.934596923828124,1.1662629842758179,8.85358715057373,-13.852663040161133
1781030619440108800,21.95410888671875,-0.822176992893219,8.688432693481445,-15.315594673156738
1781030619459625200,21.973625244140624,-2.6024930477142334,6.8125739097595215,-14.794808387756348
1781030619479146200,21.993146240234374,-1.4138339757919312,4.64982795715332,-11.71418285369873
1781030619498665200,22.012665283203123,0.32384198904037476,1.5080740451812744,-6.222192764282227
1781030619518184700,22.032184814453124,2.3453569412231445,-0.29535600543022156,-2.217313051223755
1781030619537701400,22.051701416015625,2.6769559383392334,-0.7813389897346497,-1.111045002937317
1781030619557215500,22.071215576171873,2.3808679580688477,-1.399253010749817,-0.2345840036869049
1781030619576734500,22.090734375,-0.42338499426841736,-1.5434679985046387,-0.1373170018196106
1781030619596253700,22.110253662109375,-1.9236739873886108,-1.1256279945373535,0.06539999693632126
1781030619615773400,22.1297734375,-2.130539894104004,0.41938599944114685,2.2807199954986572
1781030619635297300,22.14929736328125,-3.715251922607422,0.8842290043830872,5.650704860687256
1781030619654822000,22.16882177734375,-4.074480056762695,1.244918942451477,9.345388412475586
1781030619674340000,22.188340087890627,-4.456783771514893,1.2324589490890503,11.18908977508545
1781030619693859600,22.207859619140624,-4.369349002838135,0.9886490106582642,13.104068756103516
1781030619713382700,22.227382568359374,-2.0545830726623535,0.7455469965934753,13.677597999572754
1781030619732903200,22.246903076171876,-0.3243280053138733,0.32611098885536194,14.188504219055176
1781030619752423700,22.266423583984373,-0.2275490015745163,-1.4871360063552856,14.33141803741455
1781030619771945500,22.285945556640623,-0.356361985206604,-1.8724650144577026,13.977771759033203
1781030619791467300,22.30546728515625,-0.7175189852714539,-2.483733892440796,13.178963661193848
1781030619810991600,22.32499169921875,-0.9754869937896729,-2.878683090209961,10.828975677490234
1781030619830518800,22.344518798828126,-0.8000019788742065,-2.846872091293335,8.621233940124512
1781030619850044400,22.36404443359375,-0.5703570246696472,-2.475830078125,6.71803092956543
1781030619869570600,22.383570556640624,-0.634680986404419,-2.1098690032958984,5.82257604598999
1781030619889092600,22.403092529296874,-0.8636360168457031,-1.8710620403289795,5.047584056854248
1781030619908614400,22.422614501953124,-1.1040600538253784,-1.7935010194778442,4.578498840332031
1781030619928137700,22.4421376953125,-1.1864709854125977,-1.8416160345077515,4.393601894378662
1781030619947661000,22.4616611328125,-0.8903710246086121,-1.8578020334243774,4.446889877319336
1781030619967187700,22.481187744140627,-0.41382598876953125,-1.806365966796875,4.494120121002197
1781030619986711600,22.500711669921873,0.047981999814510345,-1.738502025604248,4.5746989250183105
1781030620006236200,22.520236083984376,0.3380720019340515,-1.5985469818115234,4.6396331787109375
1781030620025761300,22.53976123046875,0.30254799127578735,-1.440598964691162,4.574428081512451
1781030620045291300,22.559291259765626,0.30254799127578735,-1.440598964691162,4.574428081512451
1781030620064828700,22.57882861328125,0.05271799862384796,-1.1789109706878662,3.993522882461548
1781030620084362800,22.59836279296875,0.05271799862384796,-1.1789109706878662,3.993522882461548
1781030620103888400,22.617888427734375,0.07020799815654755,-0.5881279706954956,3.0396358966827393
1781030620123412200,22.637412109375,0.3601120114326477,-0.26583001017570496,0.9995049834251404
1781030620142938400,22.6569384765625,0.3535810112953186,-0.07594200223684311,-1.0172480344772339
1781030620162457600,22.67645751953125,-1.3641619682312012,-0.08765599876642227,-2.8145430088043213
1781030620181979600,22.695979736328123,-1.4875210523605347,-0.4497469961643219,-3.313110113143921
1781030620201502200,22.715502197265625,-1.4886540174484253,-0.6016460061073303,-4.02309513092041
1781030620240538000,22.7545380859375,0.7408909797668457,-0.27428799867630005,-5.46988582611084
1781030620260058000,22.77405810546875,1.1236859560012817,-0.027526000514626503,-7.182793140411377
1781030620279583200,22.793583251953127,1.5043230056762695,0.14723099768161774,-8.754646301269531
1781030620299107300,22.813107421875,1.5757139921188354,0.20747900009155273,-10.313319206237793
1781030620318629400,22.83262939453125,1.892704963684082,0.38787999749183655,-10.58098030090332
1781030620338142500,22.852142578125,3.5027120113372803,0.7515400052070618,-12.198155403137207
1781030620357653500,22.871653564453126,3.7233550548553467,1.1292539834976196,-12.3212308883667
1781030620377175000,22.891175048828124,4.020583152770996,1.6963720321655273,-13.432665824890137
1781030620396699600,22.91069970703125,4.148664951324463,2.398252010345459,-13.510011672973633
1781030620416219600,22.9302197265625,3.8457870483398438,3.0206680297851562,-14.52239990234375
1781030620435742200,22.9497421875,3.2045159339904785,3.5993590354919434,-15.562073707580566
1781030620455267300,22.969267333984376,2.3989579677581787,3.9442129135131836,-15.015754699707031
1781030620474790400,22.988790283203127,1.614326000213623,3.9699859619140625,-14.2595853805542
1781030620494312200,23.008312255859376,1.0542210340499878,3.8119659423828125,-11.518016815185547
1781030620513835800,23.027835693359375,0.6923199892044067,3.4518349170684814,-7.78830623626709
1781030620533354800,23.047354736328124,0.42782801389694214,3.0151429176330566,-4.221290111541748
1781030620552872400,23.06687255859375,0.19373400509357452,2.621778964996338,-1.3205699920654297
1781030620572395000,23.08639501953125,-0.1395999938249588,2.1990458965301514,-0.3921020030975342
1781030620591918300,23.10591845703125,-0.7015680074691772,1.8109359741210938,1.6713730096817017
1781030620611441400,23.12544140625,-1.341225028038025,1.4259610176086426,2.372653007507324
1781030620630962700,23.144962646484377,-1.9547549486160278,1.0560369491577148,4.538619041442871
1781030620650482200,23.164482177734374,-2.4166650772094727,0.7145289778709412,6.737144947052002
1781030620670000600,23.184000732421875,-2.5203449726104736,0.26818400621414185,8.9673433303833
1781030620689514500,23.203514404296875,-2.3407421112060547,-0.31634199619293213,10.728523254394531
1781030620709023700,23.223023681640626,-1.9002939462661743,-0.9333429932594299,11.331548690795898
1781030620728535800,23.242535888671874,-1.3578389883041382,-1.5799180269241333,13.060885429382324
1781030620748053500,23.262053466796875,-0.9231699705123901,-2.141650915145874,13.170372009277344
1781030620767576000,23.281576171875,-0.661234974861145,-2.5365679264068604,13.160284042358398
1781030620787098400,23.301098388671875,-0.501787006855011,-2.798675060272217,12.82984733581543
1781030620806620000,23.320619873046876,-0.34702199697494507,-2.887866973876953,10.994612693786621
1781030620826146300,23.340146240234375,-0.18030500411987305,-2.911500930786133,10.18778133392334
1781030620845672000,23.359671875,-0.18030500411987305,-2.911500930786133,10.18778133392334
1781030620865192000,23.37919189453125,0.08116299659013748,-2.635632038116455,7.580985069274902
1781030620884710400,23.39871044921875,0.03728200122714043,-2.433258056640625,6.493778228759766
1781030620904233200,23.418233154296875,0.03728200122714043,-2.433258056640625,6.493778228759766
1781030620923753700,23.437753662109376,-0.04322199895977974,-2.252979040145874,5.954628944396973
1781030620943273200,23.457273193359374,-0.1287190020084381,-2.1909940242767334,5.853753089904785
1781030620962791700,23.476791748046875,-0.1970749944448471,-2.116105079650879,5.870556831359863
1781030620982310100,23.49631005859375,-0.22054700553417206,-1.920132040977478,5.376729965209961
1781030621001833500,23.51583349609375,-0.22054700553417206,-1.920132040977478,5.376729965209961
1781030621021352700,23.535352783203123,-0.7761949896812439,-1.6848750114440918,5.22355318069458
1781030621040872000,23.554871826171876,-1.1838239431381226,-1.6288219690322876,4.811255931854248
1781030621060395000,23.57439501953125,-1.3431589603424072,-1.54072105884552,4.2982587814331055
1781030621079916500,23.59391650390625,-1.199970006942749,-1.4730889797210693,3.6996800899505615
1781030621099438600,23.6134384765625,-0.8486009836196899,-1.2765549421310425,2.846029043197632
1781030621118957800,23.632957763671875,-0.43803200125694275,-1.0738569498062134,1.920670986175537
1781030621138475300,23.652475341796876,-0.3366129994392395,-0.9177209734916687,0.9279670119285583
1781030621157996800,23.671996826171874,-0.3073180019855499,-0.7688400149345398,-0.9354209899902344
1781030621177523500,23.6915234375,-0.13262900710105896,-0.4901849925518036,-1.5236109495162964
1781030621197049900,23.7110498046875,-0.13329200446605682,-0.10081099718809128,-2.0134971141815186
1781030621216572400,23.730572509765626,-0.2966890037059784,0.1521580070257187,-2.513741970062256
1781030621236094700,23.7500947265625,-0.5558260083198547,0.2561509907245636,-3.0219171047210693
1781030621255617300,23.7696171875,-0.6637189984321594,0.2536880075931549,-3.4695420265197754
1781030621275139300,23.789139404296876,-0.5241039991378784,0.011846999637782574,-4.020007133483887
1781030621294660000,23.80866015625,-0.25543200969696045,-0.23761199414730072,-4.587591171264648
1781030621314183200,23.82818310546875,0.22400900721549988,-0.3743000030517578,-6.072306156158447
1781030621333706200,23.847706298828125,0.5339379906654358,-0.5692350268363953,-7.569271087646484
1781030621353227000,23.86722705078125,0.8703179955482483,-0.6374940276145935,-7.769411087036133
1781030621372748300,23.886748291015625,1.4052599668502808,-0.519802987575531,-9.221945762634277
1781030621392271000,23.90627099609375,1.8301759958267212,-0.2299569994211197,-9.146188735961914
1781030621411796500,23.92579638671875,2.224364995956421,0.29471901059150696,-9.306623458862305
1781030621431321600,23.945321533203124,2.6252260208129883,0.9609460234642029,-10.533331871032715
1781030621450846500,23.964846435546875,2.886807918548584,2.697913885116577,-10.640021324157715
1781030621470374000,23.984373779296874,2.87677001953125,2.879628896713257,-10.807886123657227
1781030621489900300,24.003900390625,2.588188886642456,3.062727928161621,-10.950709342956543
1781030621509430500,24.023430419921876,2.1115880012512207,3.2166359424591064,-10.993762016296387
1781030621528959200,24.042959228515624,1.5302369594573975,3.263047933578491,-10.786590576171875
1781030621548485000,24.062485107421875,0.9411669969558716,3.133984088897705,-10.220368385314941
1781030621568013600,24.082013671875,0.42454999685287476,2.8430569171905518,-9.240609169006348
1781030621587542000,24.1015419921875,-0.005865999963134527,2.421478033065796,-7.008055210113525
1781030621607068700,24.121068603515624,-0.3377639949321747,1.9994579553604126,-4.966322898864746
1781030621626595300,24.14059521484375,-0.5083479881286621,1.644307017326355,-2.7623329162597656
1781030621646126000,24.1601259765625,-0.6069719791412354,1.448928952217102,-0.82225102186203
1781030621665656000,24.179656005859375,-0.7657930254936218,1.38132905960083,1.1803560256958008
1781030621685181400,24.199181396484374,-0.7657930254936218,1.38132905960083,1.1803560256958008
1781030621704702700,24.21870263671875,-1.2786250114440918,1.2133530378341675,2.7383639812469482
1781030621724222500,24.238222412109376,-1.2786250114440918,1.2133530378341675,2.7383639812469482
1781030621743744500,24.25774462890625,-1.2786250114440918,1.2133530378341675,2.7383639812469482
1781030621763263700,24.277263671875,-2.4144320487976074,0.37493398785591125,8.17110538482666
1781030621782783000,24.296782958984377,-2.3780159950256348,-0.12077300250530243,10.088081359863281
1781030621802303700,24.3163037109375,-2.0487070083618164,-0.6166210174560547,10.501853942871094
1781030621821823700,24.33582373046875,-1.443176031112671,-1.2024530172348022,12.136539459228516
1781030621841343700,24.35534375,-0.9609779715538025,-1.8210619688034058,12.14776611328125
1781030621860864500,24.374864501953127,-0.7339249849319458,-2.29414701461792,12.033780097961426
1781030621880384500,24.394384521484376,-0.5894399881362915,-2.6202380657196045,11.900309562683105
1781030621899903200,24.4139033203125,-0.4823170006275177,-2.546612024307251,11.336432456970215
1781030621919417900,24.43341796875,-0.2635459899902344,-2.4302549362182617,9.028457641601562
1781030621938932000,24.452931884765626,-0.011640000157058239,-2.2927849292755127,6.816895008087158
1781030621958452200,24.4724521484375,0.1949719935655594,-2.130897045135498,5.958390235900879
1781030621977977600,24.4919775390625,0.2771799862384796,-2.035944938659668,4.2055277824401855
1781030621997501200,24.511501220703124,0.15330399572849274,-1.7833950519561768,3.7589991092681885
1781030622017024000,24.53102392578125,0.038630999624729156,-1.5485320091247559,3.569762945175171
1781030622036549600,24.550549560546877,-0.08098000288009644,-1.426334023475647,3.5993549823760986
1781030622056074000,24.570073974609375,-0.18642500042915344,-1.4270809888839722,3.7573189735412598
1781030622075600400,24.589600341796874,-0.1625089943408966,-1.4041869640350342,3.9091389179229736
1781030622095131000,24.609130859375,-0.09248799830675125,-1.4113529920578003,4.049856185913086
1781030622114662700,24.62866259765625,-0.049922000616788864,-1.4547359943389893,4.162806034088135
1781030622134194400,24.6481943359375,0.038318000733852386,-1.430245041847229,4.159127235412598
1781030622153724200,24.66772412109375,0.13725900650024414,-1.3944369554519653,4.0677409172058105
1781030622173249300,24.687249267578125,0.09756399691104889,-1.3119419813156128,3.9157679080963135
1781030622192775000,24.70677490234375,-0.09848800301551819,-1.1410959959030151,3.7508180141448975
1781030622231830800,24.745830810546874,-0.44370800256729126,-0.8709009885787964,2.557612895965576
1781030622251361000,24.765361083984374,-0.4604170024394989,-0.8204119801521301,0.2850799858570099
1781030622270893600,24.7848935546875,-0.4602859914302826,-0.7308250069618225,-0.4272949993610382
1781030622290422300,24.80442236328125,-0.3263069987297058,-0.7465680241584778,-1.2011150121688843
1781030622309948400,24.823948486328124,-0.3567819893360138,-0.7002159953117371,-2.9759609699249268
1781030622329472800,24.84347265625,-0.35116899013519287,-0.5360010266304016,-3.3102591037750244
1781030622348995000,24.8629951171875,-0.5091959834098816,-0.16478699445724487,-3.5961320400238037
1781030622368516600,24.8825166015625,-0.8687160015106201,0.3172839879989624,-3.8422579765319824
1781030622388040400,24.90204052734375,-0.851144015789032,0.8138039708137512,-4.30033016204834
1781030622407562800,24.921562744140626,-0.3742769956588745,1.1243489980697632,-5.967920780181885
1781030622427082000,24.94108203125,1.6896289587020874,1.2632280588150024,-7.883187770843506
1781030622446606000,24.960606201171874,1.6896289587020874,1.2632280588150024,-7.883187770843506
1781030622466131500,24.98013134765625,3.121830940246582,1.6080340147018433,-11.721410751342773
1781030622485657000,24.999656982421875,2.941610097885132,1.772143006324768,-11.59544563293457
1781030622505182700,25.0191826171875,2.8796439170837402,1.7658690214157104,-11.44223690032959
1781030622524709600,25.038709716796873,2.8796439170837402,1.7658690214157104,-11.44223690032959
1781030622544235300,25.0582353515625,4.410035133361816,1.6043410301208496,-11.310742378234863
1781030622563756300,25.07775634765625,4.410035133361816,1.6043410301208496,-11.310742378234863
1781030622583277800,25.09727783203125,4.0485100746154785,1.8019880056381226,-11.413719177246094
1781030622602803200,25.11680322265625,2.144202947616577,1.8890639543533325,-11.25558853149414
1781030622622326500,25.136326416015624,1.6442539691925049,1.963027000427246,-10.596665382385254
1781030622641846500,25.155846435546874,1.10063898563385,2.101123094558716,-8.539201736450195
1781030622661366500,25.175366455078127,0.6180570125579834,2.1078999042510986,-6.099155902862549
1781030622680886000,25.194885986328124,0.25173699855804443,2.1165409088134766,-3.760591983795166
1781030622700406000,25.214406005859374,-0.15696200728416443,2.124587059020996,-1.4639910459518433
1781030622719931600,25.233931640625,-0.7147160172462463,1.989495038986206,-0.7856720089912415
1781030622739456500,25.25345654296875,-1.3377959728240967,1.8124669790267944,1.2417980432510376
1781030622758979800,25.272979736328125,-1.8875360488891602,1.441694974899292,1.9941699504852295
1781030622778505000,25.2925048828125,-2.3522210121154785,0.9039620161056519,4.163969039916992
1781030622798024700,25.312024658203125,-2.747040033340454,0.3308880031108856,6.0609588623046875
1781030622817546200,25.331546142578127,-2.975162982940674,-0.1671369969844818,8.184062004089355
1781030622837070800,25.35107080078125,-3.0776419639587402,-0.46702298521995544,9.967890739440918
1781030622856591000,25.370591064453127,-3.1734039783477783,-0.7557610273361206,11.985584259033203
1781030622876116700,25.39011669921875,-3.3467419147491455,-1.106119990348816,12.35354995727539
1781030622895649800,25.40964990234375,-3.562098979949951,-1.54258394241333,12.665943145751953
1781030622915179800,25.4291796875,-3.708760976791382,-2.1113998889923096,12.811793327331543
1781030622934707200,25.448707275390625,-3.532515048980713,-2.6043410301208496,12.545896530151367
1781030622954232000,25.468232177734375,-2.9892539978027344,-2.9960498809814453,11.736493110656738
1781030622973756000,25.487755859375,-1.5281310081481934,-3.274228096008301,9.77110767364502
1781030622993281800,25.50728173828125,-1.2202850580215454,-3.243285894393921,7.5776190757751465
1781030623012806400,25.526806396484375,-1.0065690279006958,-2.9814329147338867,6.808505058288574
1781030623032328200,25.546328125,-0.9751960039138794,-2.6684200763702393,5.909311771392822
1781030623051849200,25.56584912109375,-0.9964640140533447,-2.205137014389038,5.0602498054504395
1781030623071373800,25.585373779296877,-1.0084730386734009,-1.7865439653396606,4.486496925354004
1781030623090902000,25.604902099609376,-1.025238037109375,-1.5660699605941772,4.3536248207092285
1781030623110428700,25.6244287109375,-0.9566140174865723,-1.3963580131530762,4.389183044433594
1781030623129955600,25.64395556640625,-0.7835789918899536,-1.3819700479507446,4.484145164489746
1781030623149480400,25.66348046875,-0.5297880172729492,-1.5035359859466553,4.4938459396362305
1781030623169001000,25.6830009765625,-0.19605900347232819,-1.6110769510269165,4.2630228996276855
1781030623188522800,25.702522705078124,0.011746999807655811,-1.6813410520553589,3.937700033187866
1781030623208045800,25.7220458984375,-0.11596199870109558,-1.7670789957046509,3.610063076019287
1781030623227567900,25.74156787109375,-0.4213539958000183,-1.750288963317871,3.2913029193878174
1781030623247097600,25.76109765625,-0.6430839896202087,-1.580909013748169,3.0149319171905518
1781030623266627800,25.7806279296875,-0.6865299940109253,-1.1446499824523926,2.5748040676116943
1781030623286152400,25.80015234375,-0.4283429980278015,-0.5696020126342773,1.9315299987792969
1781030623305679000,25.81967919921875,-0.4283429980278015,-0.5696020126342773,1.9315299987792969
1781030623325206800,25.839206787109376,-0.06574799865484238,-0.10608399659395218,-0.5639899969100952
1781030623344735500,25.858735595703124,-0.06574799865484238,-0.10608399659395218,-0.5639899969100952
1781030623364262100,25.87826220703125,0.08836100250482559,-0.18019799888134003,-4.617255210876465
1781030623383784400,25.897784423828124,0.596219003200531,0.2089969962835312,-5.033779144287109
1781030623403306200,25.91730615234375,1.1174379587173462,0.6220380067825317,-5.570755958557129
1781030623422831400,25.936831298828125,1.3414429426193237,0.892208993434906,-5.938671112060547
1781030623442360600,25.956360595703124,1.0701689720153809,0.872635006904602,-6.1385979652404785
1781030623461886700,25.97588671875,0.6425729990005493,0.5779979825019836,-6.4822998046875
1781030623481409000,25.995408935546877,0.7312269806861877,0.4117079973220825,-8.251302719116211
1781030623500931000,26.01493115234375,2.4233510494232178,0.3624480068683624,-10.23600959777832
1781030623520453400,26.034453369140625,4.077359199523926,0.5337730050086975,-12.146743774414062
1781030623539983600,26.053983642578125,4.1507248878479,0.8971729874610901,-13.264410018920898
1781030623559515000,26.073514892578125,3.836174964904785,1.383378028869629,-12.927938461303711
1781030623579039500,26.09303955078125,3.393328905105591,2.0402419567108154,-12.453460693359375
1781030623598565000,26.112565185546874,3.111268997192383,3.7541251182556152,-12.067024230957031
1781030623618093300,26.13209326171875,3.1121668815612793,4.001010894775391,-11.916345596313477
1781030623637620000,26.151619873046876,3.1616299152374268,4.262050151824951,-11.935181617736816
1781030623657143300,26.171143310546874,2.9172279834747314,4.284814834594727,-11.750778198242188
1781030623676667400,26.19066748046875,2.3505570888519287,4.043990135192871,-11.09230899810791
1781030623696198000,26.210197998046876,1.5830700397491455,3.635709047317505,-8.962593078613281
1781030623715727400,26.229727294921876,0.886559009552002,3.1760830879211426,-6.21681022644043
1781030623735256300,26.24925634765625,0.3162499964237213,2.7165780067443848,-3.565221071243286
1781030623754784300,26.2687841796875,-0.19652600586414337,2.2761759757995605,-1.3009459972381592
1781030623774311700,26.288311767578126,-0.6847040057182312,1.8568739891052246,-0.35504600405693054
1781030623793835800,26.307835693359376,-1.163254976272583,1.566648006439209,0.6380730271339417
1781030623813354000,26.32735400390625,-1.5515389442443848,1.4016220569610596,2.5269570350646973
1781030623832877300,26.346877197265623,-1.9313750267028809,1.2102739810943604,4.7165141105651855
1781030623852403200,26.3664033203125,-2.449021100997925,0.870727002620697,7.371869087219238
1781030623871926300,26.38592626953125,-3.0825018882751465,0.3102099895477295,10.411785125732422
1781030623891448600,26.405448486328126,-3.558202028274536,-0.33692800998687744,12.837828636169434
1781030623910974200,26.42497412109375,-3.7204461097717285,-0.8609709739685059,14.512454986572266
1781030623930506200,26.44450634765625,-3.5591819286346436,-1.3001270294189453,14.697183609008789
1781030623950034400,26.464034423828124,-3.240044116973877,-1.7779580354690552,14.756763458251953
1781030623969559000,26.48355908203125,-3.0189249515533447,-2.3210740089416504,14.6074857711792
1781030623989083400,26.50308349609375,-2.8665549755096436,-2.874250888824463,14.073467254638672
1781030624008607200,26.522607177734375,-2.6203129291534424,-3.2726640701293945,12.01326847076416
1781030624028134400,26.542134521484375,-2.2061140537261963,-3.356900930404663,9.91442584991455
1781030624047662300,26.561662353515626,-1.7209539413452148,-3.1330149173736572,7.850290775299072
1781030624067189800,26.581189697265625,-1.3431899547576904,-2.7750720977783203,7.065719127655029
1781030624086723800,26.600723876953126,-1.3431899547576904,-2.7750720977783203,7.065719127655029
1781030624106254800,26.6202548828125,-1.3638440370559692,-2.1630609035491943,5.900938034057617
1781030624145311000,26.65931103515625,-1.569715976715088,-2.13981294631958,5.5382399559021
1781030624164836600,26.678836669921875,-1.373818039894104,-2.167980909347534,5.149351119995117
1781030624184365000,26.698364990234374,-1.373818039894104,-2.167980909347534,5.149351119995117
1781030624203892200,26.717892333984373,-1.234395980834961,-2.233445882797241,5.735534191131592
1781030624223414500,26.73741455078125,-1.26487398147583,-2.073499917984009,5.624598026275635
1781030624242941200,26.756941162109374,-1.3715709447860718,-1.873054027557373,5.30491304397583
1781030624262469600,26.7764697265625,-1.4305909872055054,-1.7375359535217285,4.833445072174072
1781030624281995800,26.795995849609376,-1.316709041595459,-1.4903440475463867,4.149407863616943
1781030624301523500,26.8155234375,-1.0038319826126099,-0.9990609884262085,3.235682964324951
1781030624321051600,26.8350517578125,-0.6404799818992615,0.4822700023651123,2.263617992401123
1781030624340582000,26.854581787109375,-0.4150420129299164,0.9544690251350403,0.18084800243377686
1781030624360113200,26.874113037109375,-0.35079100728034973,1.178305983543396,-0.35061898827552795
1781030624379644000,26.893643798828126,-0.4959290027618408,0.822393000125885,-2.219468116760254
1781030624399174700,26.913174560546874,-0.6474480032920837,0.1498820036649704,-2.894062042236328
1781030624418704600,26.93270458984375,-0.523730993270874,-0.4427010118961334,-4.826686859130859
1781030624438230000,26.95222998046875,-0.09059199690818787,-0.80308598279953,-6.419881820678711
1781030624457758500,26.971758544921876,0.5324749946594238,-0.794359028339386,-7.057593822479248
1781030624477290000,26.9912900390625,1.0918819904327393,-0.6418989896774292,-8.50410270690918
1781030624496820700,27.01082080078125,1.34142005443573,-0.6814410090446472,-8.9414701461792
1781030624516353300,27.030353271484376,1.4077939987182617,-0.8024119734764099,-10.870830535888672
1781030624535884000,27.049884033203124,1.6291320323944092,-0.842402994632721,-12.316916465759277
1781030624555416600,27.06941650390625,3.161336898803711,-0.7842360138893127,-13.845507621765137
1781030624574950700,27.08895068359375,3.4515199661254883,-0.5957599878311157,-13.813660621643066
1781030624594481700,27.108481689453125,4.838559150695801,-0.21799500286579132,-13.779118537902832
1781030624614013400,27.128013427734373,4.936635971069336,0.26653000712394714,-13.668457984924316
1781030624633542400,27.14754248046875,4.973240852355957,0.7286689877510071,-13.615823745727539
1781030624653070800,27.16707080078125,4.71835994720459,1.3024649620056152,-13.433916091918945
1781030624672600000,27.18660009765625,4.115551948547363,1.8517940044403076,-12.88133430480957
1781030624692128800,27.206128662109375,2.4286980628967285,2.1908020973205566,-11.798539161682129
1781030624711657200,27.2256572265625,1.7851530313491821,2.370699882507324,-9.081167221069336
1781030624731183400,27.245183349609373,1.0745090246200562,2.2580959796905518,-6.274870872497559
1781030624750706700,27.264706787109375,0.4252530038356781,2.058350086212158,-3.67323899269104
1781030624770230300,27.284230224609374,-0.015402000397443771,1.8951870203018188,-1.5583209991455078
1781030624789756700,27.303756591796876,-0.3617149889469147,1.8035759925842285,-0.603659987449646
1781030624809286700,27.32328662109375,-0.6730579733848572,1.7713409662246704,1.3360650539398193
1781030624828818400,27.342818359375,-1.2342970371246338,1.5537309646606445,3.4726459980010986
1781030624848348700,27.3623486328125,-3.243760108947754,0.9621989727020264,8.37260627746582
1781030624867876400,27.38187646484375,-5.075463771820068,-0.9477769732475281,12.166481018066406
1781030624887404300,27.401404296875,-5.3256330490112305,-1.4521230459213257,14.01471996307373
1781030624906935800,27.420935791015626,-5.276315212249756,-3.2156059741973877,16.03705596923828
1781030624926465300,27.44046533203125,-5.276315212249756,-3.2156059741973877,16.03705596923828
1781030624945995500,27.45999560546875,-3.0533359050750732,-3.0170319080352783,15.899725914001465
1781030624965527600,27.479527587890626,-3.0533359050750732,-3.0170319080352783,15.899725914001465
1781030624985055000,27.499054931640625,-1.9969110488891602,-2.468061923980713,14.295373916625977
1781030625004578300,27.518578369140624,-1.9969110488891602,-2.468061923980713,14.295373916625977
1781030625024103700,27.538103759765626,-0.8428000211715698,-1.9048540592193604,7.449170112609863
1781030625043633200,27.557633056640626,-0.5179240107536316,-1.7843250036239624,5.480332851409912
1781030625063163000,27.577162841796873,-0.55246502161026,-1.6784809827804565,4.7534308433532715
1781030625082689800,27.596689697265624,-0.7627699971199036,-1.4824310541152954,4.662145137786865
1781030625102214400,27.61621435546875,-1.0608110427856445,-1.4686039686203003,6.182048797607422
1781030625121741800,27.635741943359374,-1.1461360454559326,-1.7159830331802368,7.872615814208984
1781030625141270000,27.65527001953125,-0.9119639992713928,-2.0005059242248535,8.086488723754883
1781030625160796200,27.674796142578124,-0.7143800258636475,-2.260822057723999,8.337943077087402
1781030625180328000,27.694327880859376,-0.6062300205230713,-2.2938590049743652,9.585373878479004
1781030625199858200,27.713858154296876,-0.5118319988250732,-1.9375009536743164,9.301006317138672
1781030625219384600,27.733384521484375,-1.8949689865112305,-1.355443000793457,8.809090614318848
1781030625238912300,27.752912353515626,-2.0465030670166016,-0.9387999773025513,8.018854141235352
1781030625258439700,27.772439697265625,-2.0800600051879883,-0.601203978061676,6.905357837677002
1781030625277966000,27.791966064453124,-1.8866629600524902,-0.32158300280570984,4.222167015075684
1781030625297495600,27.81149560546875,-1.2206380367279053,-0.07268700003623962,1.9419679641723633
1781030625317023200,27.831023193359375,-0.413798987865448,0.3748669922351837,-0.25338900089263916
1781030625336552400,27.850552490234374,0.03446200117468834,0.6243150234222412,-2.296099901199341
1781030625356086500,27.87008642578125,0.09066899865865707,0.6942189931869507,-3.0050950050354004
1781030625375616300,27.8896162109375,0.020098000764846802,0.9096919894218445,-4.86908483505249
1781030625395145200,27.909145263671874,0.025237999856472015,1.1168450117111206,-6.5880818367004395
1781030625414678800,27.9286787109375,0.27871501445770264,1.283378005027771,-8.305319786071777
1781030625434211300,27.94821142578125,2.0819690227508545,1.2184959650039673,-10.350616455078125
1781030625453740800,27.96774072265625,2.5214059352874756,0.7547490000724792,-12.568093299865723
1781030625473270800,27.987270751953126,4.197690010070801,-0.578702986240387,-14.608573913574219
1781030625492805000,28.00680517578125,4.258699893951416,-0.48284000158309937,-16.048242568969727
1781030625512340500,28.026340576171876,4.222914218902588,-0.1559789925813675,-16.15733528137207
1781030625531870700,28.04587060546875,4.112317085266113,0.36558300256729126,-16.22085189819336
1781030625551395600,28.0653955078125,4.044808864593506,1.1255329847335815,-16.07882308959961
1781030625570925000,28.084925048828126,4.1693291664123535,1.8525789976119995,-15.777735710144043
1781030625590454800,28.104454833984374,4.402490139007568,2.485637903213501,-15.418170928955078
1781030625609980700,28.123980712890624,4.5210041999816895,3.0727219581604004,-14.633391380310059
1781030625629506800,28.1435068359375,4.308053016662598,3.462476968765259,-11.867986679077148
1781030625649034500,28.163034423828126,2.4206960201263428,3.60111403465271,-8.782309532165527
1781030625668562700,28.182562744140625,1.753991961479187,3.573525905609131,-5.338335990905762
1781030625688090400,28.20209033203125,0.005415999796241522,3.343883991241455,-2.6549930572509766
1781030625707620400,28.221620361328124,-0.4248340129852295,3.0509610176086426,-1.813696026802063
1781030625727155000,28.241155029296873,-0.7496640086174011,2.913288116455078,0.4275229871273041
1781030625746690600,28.260690673828126,-0.7496640086174011,2.913288116455078,0.4275229871273041
1781030625766224000,28.280223876953126,-1.3392950296401978,2.77974009513855,5.457255840301514
1781030625785759000,28.299759033203124,-1.797292947769165,2.474677085876465,8.99034595489502
1781030625805294000,28.319294189453124,-1.797292947769165,2.474677085876465,8.99034595489502
1781030625824828400,28.338828369140625,-1.797292947769165,2.474677085876465,8.99034595489502
1781030625844359000,28.35835888671875,-2.006481885910034,-0.3456079959869385,15.387638092041016
1781030625863888000,28.377887939453124,-1.7433229684829712,-1.91969895362854,16.060293197631836
1781030625883421000,28.3974208984375,-1.6303859949111938,-2.2681119441986084,16.35041618347168
1781030625902955000,28.416955078125,-1.7480369806289673,-2.4824719429016113,15.907901763916016
1781030625922488000,28.436488037109374,-1.8529609441757202,-2.608009099960327,13.787535667419434
1781030625942018600,28.4560185546875,-1.858515977859497,-2.746068000793457,10.339374542236328
1781030625961547500,28.475547607421873,-1.4666110277175903,-2.9503519535064697,7.265324115753174
1781030625981078000,28.495078125,0.08103100210428238,-3.040889024734497,4.842304229736328
1781030626000611600,28.514611572265625,0.42829400300979614,-2.8706328868865967,4.4114089012146
1781030626020149000,28.53414892578125,0.5004299879074097,-2.5691208839416504,4.468220233917236
1781030626039682000,28.55368212890625,0.19052399694919586,-2.1321680545806885,6.253881931304932
1781030626059211800,28.573211669921875,-0.26761001348495483,-1.8440719842910767,8.401759147644043
1781030626078739200,28.5927392578125,-0.26761001348495483,-1.8440719842910767,8.401759147644043
1781030626117793500,28.63179345703125,-0.21394799649715424,-1.1997710466384888,8.755428314208984
1781030626137325000,28.651324951171876,-0.2920759916305542,-1.1300090551376343,8.111074447631836
1781030626156859100,28.670859130859377,-1.8923360109329224,-1.2297149896621704,7.551422119140625
1781030626176392200,28.69039208984375,-3.5740010738372803,-1.270058035850525,6.788454055786133
1781030626195926800,28.7099267578125,-3.3947360515594482,-1.1373850107192993,4.426076889038086
1781030626215460000,28.729460205078126,-2.646967887878418,-0.8765730261802673,1.6783640384674072
1781030626234988800,28.74898876953125,-1.7512340545654297,-0.4860999882221222,-1.648771047592163
1781030626254522000,28.768522216796875,-0.8365859985351562,-0.17843200266361237,-4.182511806488037
1781030626274054700,28.7880546875,-0.14404599368572235,0.13676300644874573,-4.9179158210754395
1781030626293587700,28.807587646484375,0.12481699883937836,0.3433479964733124,-5.777732849121094
1781030626313121500,28.82712158203125,0.3913699984550476,0.2643750011920929,-7.395330905914307
1781030626332649700,28.846649658203123,0.747298002243042,0.2910589873790741,-7.936819076538086
1781030626352179700,28.8661796875,1.06740403175354,0.019461000338196754,-9.534806251525879
1781030626371709700,28.885709716796875,1.1410160064697266,-1.612831950187683,-9.955345153808594
1781030626391238000,28.90523779296875,0.9679700136184692,-1.9352810382843018,-11.724449157714844
1781030626410766600,28.9247666015625,0.8902440071105957,-3.6460180282592773,-11.909062385559082
1781030626430294300,28.944294189453124,0.9362429976463318,-3.3779959678649902,-13.291897773742676
1781030626449818400,28.963818359375,2.448354959487915,-1.3643449544906616,-14.606822967529297
1781030626469341700,28.983341796875,4.456276893615723,-0.7487750053405762,-14.682700157165527
1781030626488869000,29.002869140625,5.967394828796387,1.1574259996414185,-15.608161926269531
1781030626508398000,29.022398193359376,5.827338218688965,1.8841580152511597,-15.365289688110352
1781030626527927000,29.041927001953123,4.088638782501221,2.52000093460083,-15.060906410217285
1781030626547460000,29.061460205078124,2.1902709007263184,3.009287118911743,-14.290026664733887
1781030626566990300,29.080990234375,2.1902709007263184,3.009287118911743,-14.290026664733887
1781030626586517200,29.100517333984374,0.14767900109291077,2.8566200733184814,-7.979569911956787
1781030626606044200,29.120044189453125,-0.1531279981136322,2.510754108428955,-3.901453971862793
1781030626625571600,29.139571533203124,-0.28451400995254517,2.1679060459136963,-1.2883789539337158
1781030626645101800,29.159101806640624,-0.6056560277938843,1.9527809619903564,-0.4201129972934723
1781030626664631300,29.17863134765625,-0.6056560277938843,1.9527809619903564,-0.4201129972934723
1781030626684159000,29.198158935546875,-0.6056560277938843,1.9527809619903564,-0.4201129972934723
1781030626703683800,29.217683837890625,-1.8102209568023682,1.692337989807129,6.246665954589844
1781030626723210500,29.23721044921875,-2.064591884613037,1.5177170038223267,8.871252059936523
1781030626742735600,29.256735595703127,-1.9649640321731567,1.1288690567016602,11.558113098144531
1781030626762260000,29.276260009765625,-1.7433760166168213,0.5035120248794556,13.843660354614258
1781030626781790000,29.2957900390625,-1.4753960371017456,-0.11710800230503082,14.428766250610352
1781030626801324300,29.31532421875,-1.1253540515899658,-1.8692289590835571,14.954821586608887
1781030626820857000,29.334857177734374,-0.8407970070838928,-2.041098117828369,14.941758155822754
1781030626840386300,29.35438623046875,-0.5494920015335083,-2.1897549629211426,12.781838417053223
1781030626859915500,29.37391552734375,-0.09296000003814697,-2.33193302154541,10.709531784057617
1781030626879444700,29.39344482421875,0.3323630094528198,-2.277745008468628,7.964405059814453
1781030626898977500,29.4129775390625,0.6262400150299072,-2.0748560428619385,5.6619720458984375
1781030626918512600,29.4325126953125,0.702426016330719,-1.8421720266342163,5.109454154968262
1781030626938044200,29.452044189453126,0.5199049711227417,-1.5426809787750244,4.6893181800842285
1781030626957570000,29.471570068359377,0.3093720078468323,-1.3857630491256714,6.170857906341553
1781030626977098000,29.491097900390624,0.2034599930047989,-1.2513420581817627,7.790542125701904
1781030626996626000,29.5106259765625,0.13588100671768188,-1.108983039855957,7.897624969482422
1781030627016152800,29.53015283203125,0.0317390002310276,-1.1864500045776367,8.130754470825195
1781030627035680500,29.549680419921874,-0.061546001583337784,-1.3605200052261353,8.191143989562988
1781030627055207200,29.569207275390625,-0.19527100026607513,-1.4467129707336426,7.969200134277344
1781030627074735400,29.5887353515625,-0.35847899317741394,-1.4487320184707642,7.539738178253174
1781030627094267400,29.608267333984376,-0.5412489771842957,-1.3979909420013428,6.951298236846924
1781030627113798100,29.627798095703124,-0.8408200144767761,-1.2451080083847046,4.52016019821167
1781030627133328100,29.647328125,-0.7786129713058472,-0.9497359991073608,1.6556819677352905
1781030627152860000,29.66685986328125,-0.5853909850120544,-0.5682470202445984,-0.6562759876251221
1781030627172388600,29.686388671875,-0.6683719754219055,0.8200179934501648,-3.1140670776367188
1781030627191913200,29.705913330078126,-2.077893018722534,1.1046760082244873,-3.761228084564209
1781030627211436500,29.7254365234375,-2.35463809967041,1.0665949583053589,-4.14788293838501
1781030627230962400,29.74496240234375,-2.2652149200439453,0.7897409796714783,-4.740271091461182
1781030627250490600,29.76449072265625,0.5759620070457458,0.3739979863166809,-5.454817771911621
1781030627270019600,29.78401953125,2.383819103240967,0.14343500137329102,-7.390895843505859
1781030627289550600,29.803550537109373,4.406283855438232,0.08022499829530716,-9.075751304626465
1781030627309082600,29.82308251953125,4.4615797996521,0.00918199960142374,-10.554925918579102
1781030627328612900,29.84261279296875,4.263519763946533,-0.03413299843668938,-12.890169143676758
1781030627348139300,29.86213916015625,3.9723401069641113,-0.10013800114393234,-14.826786041259766
1781030627367663000,29.8816630859375,3.7692039012908936,-0.017812000587582588,-14.970882415771484
1781030627387192800,29.90119287109375,3.7497169971466064,0.3164510130882263,-15.942673683166504
1781030627406721800,29.9207216796875,3.7497169971466064,0.3164510130882263,-15.942673683166504
1781030627426250200,29.940250244140625,3.2424049377441406,1.2352290153503418,-14.879718780517578
1781030627445784300,29.959784423828125,2.8726279735565186,1.5368599891662598,-14.364768028259277
1781030627465316600,29.979316650390626,2.8726279735565186,1.5368599891662598,-14.364768028259277
1781030627484848400,29.998848388671874,2.8726279735565186,1.5368599891662598,-14.364768028259277
1781030627504376800,30.018376953125,1.4588019847869873,1.677088975906372,-9.295432090759277
1781030627523905500,30.037905517578125,1.4588019847869873,1.677088975906372,-9.295432090759277
1781030627543436000,30.05743603515625,0.6040859818458557,1.154399037361145,-3.829685926437378
1781030627562966000,30.076966064453124,0.37251800298690796,0.9750670194625854,-1.6897679567337036
1781030627582497800,30.096497802734376,0.0029239999130368233,1.097141981124878,0.35765600204467773
1781030627602030300,30.1160302734375,-0.6012300252914429,1.3029099702835083,2.842909097671509
1781030627621566700,30.135566650390626,-2.23616099357605,1.4064249992370605,4.999732971191406
1781030627641102300,30.155102294921875,-2.72249698638916,1.3034659624099731,7.053157806396484
1781030627660633900,30.1746337890625,-3.161602020263672,0.8694559931755066,9.062807083129883
1781030627680160000,30.194159912109374,-3.2790780067443848,-1.0422509908676147,10.931792259216309
1781030627699688000,30.21368798828125,-2.9383230209350586,-1.4321529865264893,11.462379455566406
1781030627719217000,30.233216796875,-1.4210580587387085,-2.030435085296631,12.006260871887207
1781030627738742300,30.2527421875,-0.82566899061203,-2.6668860912323,12.175223350524902
1781030627758267000,30.272266845703125,-0.2033880054950714,-3.1249899864196777,12.009913444519043
1781030627777798000,30.2917978515625,0.20640699565410614,-3.2009780406951904,11.457653999328613
1781030627797333200,30.311333251953126,0.3405410051345825,-3.024019956588745,9.440293312072754
1781030627816869000,30.330869140625,0.32093900442123413,-2.615312099456787,7.504164218902588
1781030627836400600,30.350400634765624,0.2505350112915039,-2.007944107055664,5.376092910766602
1781030627855925000,30.369925048828126,0.22731700539588928,-1.6062469482421875,3.6489500999450684
1781030627875449900,30.389449951171876,0.2643600106239319,-1.4485039710998535,3.32519793510437
1781030627894979000,30.40897900390625,0.28681498765945435,-1.496973991394043,3.42044997215271
1781030627914507500,30.428507568359375,0.35051900148391724,-1.6924129724502563,5.198694229125977
1781030627934033200,30.448033203125,0.6187509894371033,-1.8253799676895142,5.40922212600708
1781030627953558000,30.46755810546875,0.8594110012054443,-1.7939339876174927,6.569584846496582
1781030627973085000,30.4870849609375,0.9162920117378235,-1.5709999799728394,6.433711051940918
1781030627992616400,30.506616455078124,0.7716580033302307,-1.415071964263916,6.335663795471191
1781030628012148000,30.52614794921875,0.3858039975166321,-1.364583969116211,6.293535232543945
1781030628070731500,30.5847314453125,0.1317089945077896,-0.6244109869003296,3.1279730796813965
1781030628090260000,30.604260009765625,0.4906820058822632,-0.21293100714683533,0.816972017288208
1781030628109784800,30.623784912109375,0.6712329983711243,-0.1503629982471466,0.05051499977707863
1781030628129311500,30.6433115234375,0.3391450047492981,-0.23209699988365173,-1.7743959426879883
1781030628148839000,30.6628388671875,-1.2411589622497559,-0.2751980125904083,-2.59716796875
1781030628168365000,30.682364990234376,-1.4074989557266235,-0.2852259874343872,-3.24058198928833
1781030628187893200,30.701893310546875,-1.253965973854065,0.026205999776721,-3.7081398963928223
1781030628207424800,30.7214248046875,-0.8084930181503296,0.2980239987373352,-4.226762771606445
1781030628226957300,30.740957275390624,-0.14604100584983826,0.4430760145187378,-5.817790985107422
1781030628246488800,30.76048876953125,-0.14604100584983826,0.4430760145187378,-5.817790985107422
1781030628266022000,30.78002197265625,0.623773992061615,0.5831320285797119,-9.62585735321045
1781030628285558300,30.799558349609374,1.0343849658966064,0.6525430083274841,-11.477465629577637
1781030628305091000,30.819091064453126,2.4325110912323,0.8832749724388123,-12.946751594543457
1781030628324622000,30.8386220703125,2.4325110912323,0.8832749724388123,-12.946751594543457
1781030628344148500,30.8581484375,2.4325110912323,0.8832749724388123,-12.946751594543457
1781030628363678200,30.87767822265625,2.8769350051879883,2.2729930877685547,-14.765602111816406
1781030628383215900,30.8972158203125,2.5214788913726807,2.892702102661133,-14.432198524475098
1781030628402749400,30.91674951171875,2.232800006866455,3.1830239295959473,-13.904205322265625
1781030628422281000,30.936281005859374,2.3415780067443848,3.0014030933380127,-13.023072242736816
1781030628441814300,30.955814208984375,2.6145548820495605,2.388253927230835,-10.652896881103516
1781030628461344300,30.97534423828125,2.760338068008423,0.7494630217552185,-8.583419799804688
1781030628480871700,30.99487158203125,2.5741539001464844,0.29428499937057495,-6.3884382247924805
1781030628500403700,31.01440380859375,0.8944799900054932,-0.2612369954586029,-5.4266228675842285
1781030628519940400,31.0339404296875,0.40803200006484985,-0.4767270088195801,-3.2968239784240723
1781030628539476500,31.0534765625,-0.12334000319242477,-0.3540700078010559,-1.2826459407806396
1781030628559003000,31.0730029296875,-0.594327986240387,-0.10920800268650055,0.9239439964294434
1781030628578528000,31.092528076171874,-1.104941964149475,0.35708799958229065,3.1650540828704834
1781030628598057700,31.1120576171875,-1.6516740322113037,0.8797770142555237,5.218677997589111
1781030628617590000,31.131590087890626,-2.2059030532836914,1.1844160556793213,7.347034931182861
1781030628637123600,31.15112353515625,-2.709446907043457,1.3686449527740479,9.259143829345703
1781030628656656100,31.17065625,-3.0625059604644775,1.2902050018310547,11.505102157592773
1781030628676190200,31.190190185546875,-2.9971261024475098,0.8034759759902954,13.238422393798828
1781030628695724800,31.209724853515624,-2.4763689041137695,-0.8622620105743408,13.521524429321289
1781030628715254300,31.229254150390624,-0.8379459977149963,-1.4379589557647705,13.631345748901367
1781030628734781200,31.24878125,-0.25651100277900696,-2.042557954788208,13.395977973937988
1781030628754305500,31.268305419921877,0.29997000098228455,-2.4595611095428467,12.648364067077637
1781030628773830700,31.28783056640625,0.5118240118026733,-2.539280891418457,10.398097038269043
1781030628793361000,31.30736083984375,0.5121679902076721,-2.409722089767456,8.048541069030762
1781030628812888800,31.326888916015626,0.4245240092277527,-2.1716148853302,5.808733940124512
1781030628832414700,31.346414794921873,0.2456039935350418,-1.8479520082473755,4.098245143890381
1781030628851940000,31.365940185546876,0.09804999828338623,-1.582846999168396,3.5756049156188965
1781030628871464000,31.3854638671875,-0.013043999671936035,-1.3689639568328857,3.4582619667053223
1781030628890995200,31.4049951171875,-0.04828200116753578,-1.286566972732544,4.821207046508789
1781030628910530600,31.424530517578123,0.08818099647760391,-1.331413984298706,4.945426940917969
1781030628930063000,31.44406298828125,0.2570840120315552,-1.4239180088043213,5.159217834472656
1781030628949592600,31.463592529296875,0.45699000358581543,-1.5821009874343872,5.285927772521973
1781030628969122800,31.483122802734375,0.6058409810066223,-1.6721279621124268,5.28481388092041
1781030628988653600,31.502653564453126,0.5742549896240234,-1.6291409730911255,5.175008773803711
1781030629008183300,31.522183349609374,0.2882879972457886,-1.467872977256775,4.877317905426025
1781030629027712000,31.5417119140625,-0.0688289999961853,-1.3758970499038696,4.383884906768799
1781030629047243300,31.5612431640625,-0.26754701137542725,-1.3788399696350098,3.7705609798431396
1781030629066773500,31.5807734375,-0.26754701137542725,-1.3788399696350098,3.7705609798431396
1781030629086299400,31.60029931640625,-0.08849699795246124,-1.1104509830474854,2.767335891723633
1781030629105828900,31.619828857421876,0.06503099948167801,-0.7152919769287109,1.6113569736480713
1781030629125362400,31.639362548828124,-1.731618046760559,0.7888820171356201,-0.6097639799118042
1781030629144897000,31.65889697265625,-1.731618046760559,0.7888820171356201,-0.6097639799118042
1781030629164430800,31.678430908203126,-2.015048027038574,0.7487779855728149,-3.1333189010620117
1781030629183966000,31.697966064453126,-2.015048027038574,0.7487779855728149,-3.1333189010620117
1781030629203498000,31.717498046875,1.367738962173462,0.20803500711917877,-6.781786918640137
1781030629223028000,31.737028076171875,1.6567100286483765,0.04181300103664398,-7.306046962738037
1781030629242562000,31.75656201171875,1.6383800506591797,0.2040340006351471,-8.89904499053955
1781030629262093800,31.77609375,1.284343957901001,0.2916240096092224,-9.119213104248047
1781030629281619200,31.795619140625,1.1284550428390503,0.2784160077571869,-10.611061096191406
1781030629301147600,31.815147705078125,1.473459005355835,0.1913059949874878,-12.190568923950195
1781030629320678100,31.83467822265625,3.0658791065216064,0.08373700082302094,-13.634991645812988
1781030629340208600,31.854208740234377,3.3569889068603516,0.18678100407123566,-13.671401977539062
1781030629359741000,31.873740966796873,3.586711883544922,0.6151710152626038,-13.745439529418945
1781030629379270700,31.893270751953125,3.702526092529297,2.376291036605835,-13.623117446899414
1781030629398801000,31.91280078125,3.7538340091705322,2.7905828952789307,-13.507101058959961
1781030629418336000,31.9323359375,3.625688076019287,3.3344900608062744,-13.165953636169434
1781030629437869000,31.951869140625,3.2076499462127686,3.7368009090423584,-12.232449531555176
1781030629457400000,31.971400146484374,2.5012168884277344,3.828381061553955,-9.690110206604004
1781030629476929300,31.99092919921875,0.7580479979515076,3.6371700763702393,-6.945888996124268
1781030629496460500,32.01046044921875,0.3726480007171631,3.400728940963745,-4.175429821014404
1781030629515994400,32.02999438476562,0.09302099794149399,3.026535987854004,-1.8064359426498413
1781030629535529000,32.04952905273438,-0.1819400042295456,2.514024019241333,-0.8847360014915466
1781030629555060200,32.06906030273438,-0.5416420102119446,1.9220390319824219,1.2691349983215332
1781030629574589400,32.08858935546875,-1.0444719791412354,1.2478020191192627,2.0068750381469727
1781030629594122500,32.10812255859375,-1.6713110208511353,0.7127950191497803,4.286574840545654
1781030629613659600,32.12765966796875,-2.325305938720703,0.3096179962158203,6.556902885437012
1781030629633197000,32.147197021484374,-2.746783971786499,-0.08633100241422653,9.279106140136719
1781030629652733000,32.16673291015625,-2.9145209789276123,-0.5010619759559631,11.849369049072266
1781030629672268500,32.1862685546875,-3.0778210163116455,-1.006943941116333,13.545633316040039
1781030629691804400,32.205804443359376,-3.082237958908081,-1.5554070472717285,14.129816055297852
1781030629711335400,32.22533544921875,-3.034796953201294,-2.055025100708008,14.608692169189453
1781030629730863900,32.24486376953125,-2.9529199600219727,-2.518062114715576,14.529449462890625
1781030629750396400,32.264396484375,-2.529263973236084,-2.870073080062866,13.879589080810547
1781030629769930800,32.2839306640625,-0.8941730260848999,-3.093674898147583,11.66344928741455
1781030629789465000,32.30346508789062,-0.6568560004234314,-3.2488160133361816,8.917959213256836
1781030629808994600,32.32299462890625,-0.354310005903244,-3.277843952178955,6.26616907119751
1781030629828522500,32.3425224609375,-0.2728950083255768,-3.167768955230713,4.283199787139893
1781030629848053500,32.36205346679687,-0.3189049959182739,-2.919377088546753,3.789680004119873
1781030629867582000,32.38158203125,-0.3702310025691986,-2.5763020515441895,3.802872896194458
1781030629887112000,32.40111181640625,-0.2967660129070282,-2.1944620609283447,5.014594078063965
1781030629906644000,32.42064404296875,-0.2967660129070282,-2.1944620609283447,5.014594078063965
1781030629926176300,32.44017626953125,-0.1252869963645935,-1.748818039894104,6.342189788818359
1781030629945711900,32.4597119140625,-0.26153498888015747,-1.7234679460525513,6.271125793457031
1781030629965248300,32.47924829101562,-0.26153498888015747,-1.7234679460525513,6.271125793457031
1781030629984785000,32.49878491210937,-0.49314799904823303,-2.0340371131896973,6.354246139526367
1781030630004318700,32.518318603515624,-0.49314799904823303,-2.0340371131896973,6.354246139526367
1781030630023847700,32.53784765625,-0.17097200453281403,-1.8798480033874512,5.462837219238281
1781030630043375400,32.55737524414062,-0.2930609881877899,-1.3744410276412964,4.776381015777588
1781030630062909200,32.5769091796875,-0.4202139973640442,-0.9117599725723267,3.866903066635132
1781030630082442000,32.59644189453125,-0.568526029586792,-0.7513419985771179,1.2910209894180298
1781030630101975800,32.61597583007813,-0.6645740270614624,-0.6697670221328735,-1.0539100170135498
1781030630121511400,32.63551147460937,-0.7685970067977905,-0.7197219729423523,-3.3763439655303955
1781030630141044700,32.655044677734374,-0.8824149966239929,-0.6094279885292053,-4.141450881958008
1781030630160576800,32.67457666015625,-1.0294489860534668,1.1649459600448608,-5.808409214019775
1781030630180109600,32.694109619140626,-1.0089709758758545,1.294450044631958,-5.990149974822998
1781030630199645200,32.71364526367187,-0.667792022228241,1.239524006843567,-6.272188186645508
1781030630219176700,32.7331767578125,-0.14675599336624146,0.8884180188179016,-8.59562873840332
1781030630238706400,32.75270654296875,1.4882869720458984,0.40624499320983887,-10.974087715148926
1781030630258238000,32.772238037109375,2.0357179641723633,0.016392000019550323,-13.08714771270752
1781030630277769000,32.79176904296875,3.396198034286499,-0.039351001381874084,-14.622509002685547
1781030630297299500,32.81129956054688,3.5266740322113037,0.30257800221443176,-14.608990669250488
1781030630316829700,32.83082958984375,3.5941529273986816,0.6615059971809387,-14.737543106079102
1781030630336357600,32.850357666015626,3.5802080631256104,1.0577360391616821,-15.693838119506836
1781030630355882000,32.86988208007813,3.618330955505371,1.6420279741287231,-15.364130973815918
1781030630375406800,32.88940673828125,3.6430740356445312,2.108915090560913,-14.966508865356445
1781030630394935000,32.90893505859375,3.462740898132324,2.3682570457458496,-14.13329792022705
1781030630414466000,32.928466064453126,3.1164660453796387,2.361274003982544,-11.742860794067383
1781030630433994800,32.94799487304687,2.6560420989990234,2.149648904800415,-9.346567153930664
1781030630453524700,32.967524658203125,1.9844189882278442,1.9133249521255493,-6.564591884613037
1781030630473053200,32.98705322265625,0.3734849989414215,1.7859569787979126,-4.176907062530518
1781030630492582400,33.00658251953125,-0.1988919973373413,1.7707730531692505,-2.2068569660186768
1781030630512113400,33.02611352539063,-1.7307039499282837,1.8270540237426758,-1.3747049570083618
1781030630531640800,33.04564086914063,-1.968904972076416,1.9547040462493896,0.9737539887428284
1781030630551166200,33.065166259765626,-2.074204921722412,1.8326760530471802,4.87569522857666
1781030630570695700,33.08469580078125,-2.1101789474487305,1.5146900415420532,7.879426956176758
1781030630590225200,33.10422509765625,-2.019455909729004,0.9785249829292297,10.86613655090332
1781030630609750500,33.12375048828125,-1.6978410482406616,-0.6042960286140442,13.388862609863281
1781030630629277000,33.14327685546875,-1.2545720338821411,-1.1705130338668823,13.90835952758789
1781030630648806100,33.16280615234375,-0.6734780073165894,-2.7637600898742676,14.538884162902832
1781030630668335600,33.18233569335938,0.8043379783630371,-3.2155508995056152,14.998247146606445
1781030630687864800,33.20186474609375,0.9789469838142395,-3.4907350540161133,14.771044731140137
1781030630707393300,33.22139331054687,1.201179027557373,-3.5990149974823,12.354928970336914
1781030630726924500,33.24092456054687,1.201179027557373,-3.5990149974823,12.354928970336914
1781030630746457900,33.26045776367187,1.531978964805603,-3.1129379272460938,6.61329984664917
1781030630765992000,33.27999194335938,1.531978964805603,-3.1129379272460938,6.61329984664917
1781030630785523000,33.29952294921875,0.8790389895439148,-2.496612071990967,4.355305194854736
1781030630805052700,33.319052734375,0.3680639863014221,-2.3224070072174072,4.441368103027344
1781030630824584700,33.33858471679687,0.2096319943666458,-2.2753241062164307,5.975576877593994
1781030630844115000,33.35811499023438,0.2096319943666458,-2.2753241062164307,5.975576877593994
1781030630863646000,33.37764599609375,0.6891049742698669,-2.0489070415496826,8.509583473205566
1781030630883183000,33.39718310546875,0.7223880290985107,-1.8313210010528564,8.798574447631836
1781030630902721800,33.4167216796875,0.3697659969329834,-1.7620359659194946,8.913359642028809
1781030630922254800,33.4362548828125,-1.4360220432281494,-1.7693829536437988,8.691641807556152
1781030630941791700,33.45579174804688,-1.4341449737548828,-1.7136800289154053,8.213212966918945
1781030630961327600,33.47532763671875,-1.3919440507888794,-1.5702979564666748,7.350608825683594
1781030630980862500,33.494862548828124,-1.1546599864959717,-1.2985589504241943,4.624391078948975
1781030631000400100,33.51440014648438,-0.7847939729690552,-0.8632389903068542,3.5382440090179443
1781030631019939300,33.53393920898438,-0.7072889804840088,-0.41623398661613464,1.0385040044784546
1781030631039478500,33.553478515625,-0.7634400129318237,-0.2226489931344986,-0.9468640089035034
1781030631059015200,33.57301513671875,-1.0214170217514038,-0.30259498953819275,-3.0238759517669678
1781030631078554400,33.592554443359376,-1.3389229774475098,-0.3206700086593628,-3.6732869148254395
1781030631098092000,33.61209204101562,-1.550184965133667,-0.01690099947154522,-4.4647111892700195
1781030631117625000,33.631625,-1.6672760248184204,0.36559998989105225,-6.2258148193359375
1781030631137158700,33.65115869140625,-1.126013994216919,0.5389519929885864,-8.601530075073242
1781030631156691000,33.67069091796875,0.635021984577179,0.6484429836273193,-11.326992988586426
1781030631176223200,33.69022314453125,2.561573028564453,0.5433750152587891,-13.445201873779297
1781030631195754200,33.70975415039062,2.7089359760284424,0.5451779961585999,-14.975503921508789
1781030631215285200,33.72928515625,2.6143229007720947,1.085453987121582,-15.097029685974121
1781030631234820900,33.74882080078125,2.6864590644836426,1.617179036140442,-15.104440689086914
1781030631254355700,33.768355712890624,4.323591232299805,2.0520029067993164,-15.153996467590332
1781030631273890600,33.787890625,4.59531307220459,2.64198899269104,-16.138580322265625
1781030631293420300,33.807420166015625,4.84395694732666,3.163896083831787,-15.886719703674316
1781030631312943400,33.826943359375,4.451687812805176,3.4537320137023926,-15.531679153442383
1781030631332468200,33.84646826171875,2.588650941848755,3.578990936279297,-14.658379554748535
1781030631351996400,33.86599633789063,0.3895210027694702,3.584721088409424,-12.249923706054688
1781030631371524400,33.8855244140625,-0.15675100684165955,3.3478119373321533,-7.74888277053833
1781030631391052500,33.905052490234375,-0.7575259804725647,2.9480230808258057,-5.4400410652160645
1781030631410583600,33.92458349609375,-1.2719850540161133,2.389636993408203,-2.846611976623535
1781030631430112500,33.94411254882812,-1.7796629667282104,1.7441810369491577,-0.706833004951477
1781030631449639000,33.963638916015626,-1.9167089462280273,1.366839051246643,1.3925479650497437
1781030631469164300,33.983164306640624,-1.7622469663619995,1.1686160564422607,5.172112941741943
1781030631488690000,34.00268994140625,-1.5630919933319092,0.9416120052337646,8.666680335998535
1781030631508219400,34.022219482421875,-1.3996150493621826,0.5034869909286499,12.077054023742676
1781030631527752400,34.04175244140625,-1.293025016784668,-1.546064019203186,13.968786239624023
1781030631547284000,34.061283935546875,-1.0687710046768188,-2.1291279792785645,16.33502197265625
1781030631566816300,34.08081616210937,-0.7139800190925598,-3.6243069171905518,16.86988067626953
1781030631586346000,34.10034594726562,-0.7139800190925598,-3.6243069171905518,16.86988067626953
1781030631605876500,34.11987646484375,0.24603299796581268,-3.7338180541992188,16.735496520996094
1781030631625410000,34.13941015625,0.24603299796581268,-3.7338180541992188,16.735496520996094
1781030631644948000,34.15894799804688,0.8453789949417114,-3.4733760356903076,10.672051429748535
1781030631664484900,34.17848486328125,1.0324690341949463,-3.3417530059814453,7.070772171020508
1781030631684017200,34.19801708984375,1.0324690341949463,-3.3417530059814453,7.070772171020508
1781030631703548400,34.21754833984375,1.08515202999115,-2.8375980854034424,4.845848083496094
1781030631723076400,34.237076416015626,0.7750300168991089,-2.483067035675049,6.903554916381836
1781030631742606600,34.25660668945312,0.4343079924583435,-2.1645491123199463,9.407262802124023
1781030631762140400,34.276140380859374,0.188618004322052,-2.079780101776123,11.342706680297852
1781030631781670700,34.29567065429688,0.055640000849962234,-1.9415500164031982,11.237275123596191
1781030631801197300,34.315197265625,-0.05869299918413162,-1.8272169828414917,11.014847755432129
1781030631820723200,34.33472314453125,-0.3479369878768921,-1.7013740539550781,10.480792045593262
1781030631840249000,34.3542490234375,-0.6422010064125061,-1.6311089992523193,9.76823902130127
1781030631859779300,34.373779296875,-1.0856850147247314,-1.6061149835586548,8.851641654968262
1781030631879308800,34.39330883789062,-1.5052239894866943,-1.3765079975128174,6.467129230499268
1781030631898840800,34.4128408203125,-1.6782259941101074,-0.9763950109481812,5.381986141204834
1781030631918376200,34.43237622070313,-1.90181303024292,-0.5351750254631042,2.8760299682617188
1781030631957443000,34.47144311523437,-2.417124032974243,-0.07273499667644501,-2.719106912612915
1781030631976974800,34.490974853515624,-2.059762954711914,0.15200400352478027,-5.500960826873779
1781030631996504600,34.510504638671875,-1.3978389501571655,0.3617449998855591,-7.702754020690918
1781030632016038700,34.53003857421875,-0.7003129720687866,0.48937198519706726,-9.503998756408691
1781030632035572500,34.549572509765625,-0.060561999678611755,0.28225499391555786,-10.160479545593262
1781030632055101200,34.56910107421875,0.5801299810409546,-1.540457010269165,-12.45129680633545
1781030632074627300,34.58862744140625,2.311846971511841,-1.758963942527771,-14.759638786315918
1781030632094155500,34.608155517578126,4.429228782653809,-1.7390300035476685,-16.47951889038086
1781030632113687000,34.62768701171875,6.017420768737793,-1.2147959470748901,-17.928600311279297
1781030632133221400,34.647221435546875,6.027309894561768,0.6067929863929749,-17.986536026000977
1781030632152757800,34.6667578125,5.651763916015625,2.5060789585113525,-17.937910079956055
1781030632172293400,34.68629345703125,3.748265027999878,2.7450690269470215,-17.64365577697754
1781030632191827500,34.70582739257812,3.093398094177246,2.8352599143981934,-16.826982498168945
1781030632211363600,34.72536352539063,1.1407320499420166,2.5678510665893555,-14.391648292541504
1781030632230898000,34.74489794921875,0.7921029925346375,2.063662052154541,-10.065070152282715
1781030632250429700,34.7644296875,0.6412919759750366,1.6199959516525269,-7.668086051940918
1781030632269959700,34.78395971679687,0.49421098828315735,1.318140983581543,-4.465449810028076
1781030632289486000,34.803486083984374,0.05745600163936615,1.0665580034255981,-1.7244579792022705
1781030632309017900,34.823017822265626,-1.7968080043792725,1.0206249952316284,0.6483839750289917
1781030632328554500,34.842554443359376,-2.136636972427368,1.1400619745254517,3.1613690853118896
1781030632348090600,34.86209057617187,-2.4833180904388428,1.330278992652893,7.035735130310059
1781030632367629300,34.88162939453125,-2.636406898498535,1.5060579776763916,9.793780326843262
1781030632387164200,34.9011640625,-2.619054079055786,1.232578992843628,12.642382621765137
1781030632406698800,34.92069873046875,-2.619054079055786,1.232578992843628,12.642382621765137
1781030632426233300,34.9402333984375,-1.7703889608383179,-1.1960639953613281,15.626022338867188
1781030632445769200,34.959769287109374,-1.7703889608383179,-1.1960639953613281,15.626022338867188
1781030632465312000,34.97931201171875,1.795045018196106,-2.282905101776123,15.571170806884766
1781030632484851700,34.99885180664062,1.795045018196106,-2.282905101776123,15.571170806884766
1781030632504384300,35.01838427734375,1.594146966934204,-2.86682391166687,10.767376899719238
1781030632523916300,35.03791625976562,1.594146966934204,-2.86682391166687,10.767376899719238
1781030632543450600,35.05745068359375,0.7030159831047058,-2.782366991043091,6.0508527755737305
1781030632562985000,35.07698486328125,0.3151560127735138,-2.393554925918579,4.465052127838135
1781030632582523600,35.096523681640626,0.12381699681282043,-2.0205318927764893,4.491921901702881
1781030632602069000,35.116069091796874,0.05506400018930435,-1.8876739740371704,6.721736907958984
1781030632621613800,35.13561376953125,0.06380199640989304,-1.8708469867706299,9.067054748535156
1781030632641152000,35.155152099609374,0.09474100172519684,-1.88469398021698,10.707977294921875
1781030632660692000,35.17469189453125,0.05823500081896782,-1.9153590202331543,10.595114707946777
1781030632680230000,35.19422998046875,0.1690160036087036,-1.8552720546722412,10.339847564697266
1781030632699766300,35.213766357421875,0.2467000037431717,-1.7375110387802124,9.8916654586792
1781030632719303000,35.233302978515624,-0.10252299904823303,-1.5908130407333374,9.337671279907227
1781030632738842000,35.252842041015626,-1.7204090356826782,-1.4665319919586182,8.567498207092285
1781030632758383000,35.27238305664063,-2.182003974914551,-1.287153959274292,5.835766792297363
1781030632777922300,35.29192236328125,-2.3008179664611816,-1.011572003364563,3.257544994354248
1781030632797462300,35.31146215820313,-1.9840320348739624,-0.6380119919776917,0.9641600251197815
1781030632817001000,35.3310009765625,-1.6756609678268433,-0.25405800342559814,-1.861525058746338
1781030632836535800,35.35053588867188,-1.4534540176391602,0.004757000133395195,-4.2991251945495605
1781030632856066800,35.37006689453125,-1.1658920049667358,0.2631300091743469,-5.11447286605835
1781030632875600000,35.38959985351563,-0.8292359709739685,0.426488995552063,-5.997122764587402
1781030632895133200,35.40913330078125,-0.36497199535369873,0.4853619933128357,-8.001839637756348
1781030632914666500,35.42866650390625,1.5259109735488892,0.3920629918575287,-9.642613410949707
1781030632934200800,35.448200927734376,1.8339849710464478,0.011731999926269054,-12.385047912597656
1781030632953732900,35.46773291015625,3.6501150131225586,-0.4795979857444763,-15.636479377746582
1781030632973267000,35.487266845703125,5.253840923309326,-0.7018280029296875,-17.28375244140625
1781030632992800300,35.50680029296875,5.225832939147949,-0.3961479961872101,-17.10369110107422
1781030633012331000,35.5263310546875,4.859251976013184,1.3973629474639893,-16.640094757080078
1781030633031857700,35.54585766601563,4.346550941467285,1.9676350355148315,-16.02475929260254
1781030633051384300,35.56538427734375,3.726241111755371,3.5772039890289307,-15.538652420043945
1781030633070912800,35.58491284179688,3.010171890258789,4.030463218688965,-15.113682746887207
1781030633090440700,35.60444067382812,2.291353940963745,4.277623176574707,-14.567646980285645
1781030633109970700,35.623970703125,1.5995240211486816,4.255198001861572,-13.461942672729492
1781030633129503200,35.64350317382812,0.8341760039329529,3.8183441162109375,-9.092732429504395
1781030633149032700,35.66303271484375,0.06267700344324112,2.0307610034942627,-5.253824234008789
1781030633168561200,35.68256103515625,-0.6618559956550598,1.642259955406189,-2.993968963623047
1781030633188091600,35.70209155273437,-1.2748379707336426,1.001142978668213,-0.4749250113964081
1781030633207620400,35.72162036132813,-1.5260369777679443,0.5338360071182251,1.9247640371322632
1781030633227150800,35.74115087890625,-1.5302189588546753,0.2274630069732666,4.206971168518066
1781030633246691600,35.760691650390626,-1.5302189588546753,0.2274630069732666,4.206971168518066
1781030633266233600,35.780233642578125,-2.199004888534546,-0.09164600074291229,10.466017723083496
1781030633285767400,35.79976733398438,-4.027342796325684,-0.24793599545955658,12.69483757019043
1781030633305299500,35.819299560546874,-4.027342796325684,-0.24793599545955658,12.69483757019043
1781030633324833000,35.8388330078125,-4.049496173858643,-0.760109007358551,15.171870231628418
1781030633344364300,35.8583642578125,-4.049496173858643,-0.760109007358551,15.171870231628418
1781030633363897900,35.87789794921875,-1.8047339916229248,-2.8722310066223145,15.086249351501465
1781030633383432400,35.897432373046875,-0.1660660058259964,-3.243983030319214,13.152667999267578
1781030633402962700,35.91696264648437,0.02323799952864647,-3.5023839473724365,11.007431030273438
1781030633422493700,35.93649365234375,0.13240399956703186,-3.498677968978882,8.773715019226074
1781030633442026800,35.95602685546875,0.1254349946975708,-3.159282922744751,6.93501615524292
1781030633461560800,35.975560791015624,-0.027659999206662178,-2.6010310649871826,6.382322788238525
1781030633481089800,35.99508984375,-0.2258789986371994,-2.074554920196533,5.892971992492676
1781030633500619800,36.014619873046875,-0.42907801270484924,-1.8189170360565186,5.871789932250977
1781030633520155100,36.034155029296876,-0.5297629833221436,-1.8513259887695312,6.246232986450195
1781030633539694000,36.05369409179688,-0.3923259973526001,-1.9467509984970093,6.5588860511779785
1781030633559231500,36.0732314453125,-0.15296800434589386,-1.9856339693069458,6.429831027984619
1781030633578764800,36.092764892578124,0.04599199816584587,-1.9802249670028687,5.971733093261719
1781030633598296600,36.112296630859376,0.07252400368452072,-1.8224990367889404,5.42802619934082
1781030633617830400,36.13183032226563,-0.1433420032262802,-1.5747530460357666,4.738046169281006
1781030633637364200,36.1513642578125,-0.4886170029640198,-1.3730729818344116,3.9436779022216797
1781030633656893200,36.17089306640625,-0.6034250259399414,-0.9873729944229126,1.5218559503555298
1781030633676423000,36.1904228515625,-0.3648169934749603,-0.40240898728370667,-0.6860960125923157
1781030633695955200,36.209955078125,-0.10683400183916092,0.0828389972448349,-1.447232961654663
1781030633715483000,36.22948291015625,0.03474399819970131,0.6017929911613464,-2.115277051925659
1781030633735007700,36.2490078125,0.13136200606822968,1.0049829483032227,-2.699496030807495
1781030633754535000,36.268534912109374,0.18670499324798584,1.0609749555587769,-3.2909209728240967
1781030633774066700,36.288066650390626,0.2927590012550354,1.0652530193328857,-3.922905921936035
1781030633793591800,36.307591796875,0.6496059894561768,1.16252601146698,-4.619946002960205
1781030633813113000,36.32711303710938,0.9141420125961304,1.4012809991836548,-5.076019763946533
1781030633832642300,36.34664233398438,0.748865008354187,1.6100460290908813,-5.319498062133789
1781030633852177000,36.366177001953126,0.4971739947795868,1.515212059020996,-5.585940837860107
1781030633871711000,36.3857109375,0.8369160294532776,1.1913559436798096,-5.575408935546875
1781030633930296800,36.444296875,2.875159978866577,0.16883599758148193,-4.524494171142578
1781030633949820700,36.46382055664063,0.4780310094356537,0.31047800183296204,-4.608220100402832
1781030633969350400,36.48335034179688,0.005716999992728233,0.5316299796104431,-5.957636833190918
1781030633988881200,36.50288110351563,-0.2786569893360138,0.7864069938659668,-5.903246879577637
1781030634008410600,36.52241064453125,-0.18793100118637085,1.0511820316314697,-5.588636875152588
1781030634027937300,36.541937255859374,0.13875000178813934,1.401379942893982,-5.150083065032959
1781030634047465200,36.56146533203125,0.4590120017528534,1.8962010145187378,-4.7364277839660645
1781030634066997200,36.58099731445313,0.5646190047264099,2.3900349140167236,-4.398611068725586
1781030634086528800,36.60052880859375,0.5646190047264099,2.3900349140167236,-4.398611068725586
1781030634106058500,36.62005859375,0.8036900162696838,2.752031087875366,-4.481551170349121
1781030634125587700,36.63958764648437,1.2154500484466553,2.689049005508423,-4.558135986328125
1781030634145113900,36.65911376953125,1.408463954925537,2.581178903579712,-4.37497615814209
1781030634164640800,36.67864086914062,1.408463954925537,2.581178903579712,-4.37497615814209
1781030634184168400,36.69816845703125,1.408463954925537,2.581178903579712,-4.37497615814209
1781030634203693000,36.717693115234376,0.7867389917373657,2.528944969177246,-4.160231113433838
1781030634223217000,36.737216796875,0.5880450010299683,2.4135289192199707,-3.905548095703125
1781030634242745900,36.75674584960937,0.6327419877052307,2.2882399559020996,-3.626945972442627
1781030634262276900,36.77627685546875,0.8291959762573242,2.344197988510132,-3.264357089996338
1781030634281803000,36.795802978515624,0.9309960007667542,2.553704023361206,-2.7693428993225098
1781030634301326600,36.81532666015625,0.6529589891433716,2.466902017593384,-2.0076310634613037
1781030634320851700,36.83485180664063,0.4351249933242798,2.2600769996643066,-1.1043219566345215
1781030634340379600,36.85437963867187,0.4723910093307495,2.0354859828948975,-0.26148301362991333
1781030634359904500,36.87390454101563,0.5693680047988892,1.8625750541687012,0.5013480186462402
1781030634379427300,36.89342724609375,0.6512320041656494,1.8671610355377197,1.1640169620513916
1781030634398956300,36.91295629882813,0.5132539868354797,1.830955982208252,1.6075910329818726
1781030634418490000,36.93248999023437,0.30270901322364807,1.6074659824371338,1.9288289546966553
1781030634438020600,36.9520205078125,0.2276269942522049,1.2774200439453125,2.1758909225463867
1781030634457550300,36.97155029296875,0.3874030113220215,1.0391310453414917,2.4161970615386963
1781030634477085000,36.9910849609375,0.7125959992408752,1.0883489847183228,2.7256920337677
1781030634496620800,37.010620849609374,0.7799260020256042,1.2210849523544312,3.060688018798828
1781030634516153300,37.0301533203125,0.5984399914741516,1.2952150106430054,3.3159821033477783
1781030634535684600,37.0496845703125,0.3388429880142212,1.2603240013122559,3.4317269325256348
1781030634555211000,37.0692109375,0.04933499917387962,1.0814800262451172,3.367767095565796
1781030634574734600,37.088734619140624,-0.003425000002607703,0.8744459748268127,3.203911066055298
1781030634594262300,37.10826220703125,0.10916999727487564,0.7353739738464355,3.0698459148406982
1781030634613793500,37.12779345703125,0.16526299715042114,0.5302519798278809,3.0698740482330322
1781030634633328400,37.147328369140624,0.03714499995112419,0.09917499870061874,3.278923988342285
1781030634652860200,37.166860107421876,-0.2026360034942627,-0.41765499114990234,3.5298190116882324
1781030634672388400,37.18638842773437,-0.26403000950813293,-0.8868650197982788,3.715437889099121
1781030634691921700,37.20592163085937,-0.18448500335216522,-1.1433930397033691,3.66581392288208
1781030634711453400,37.225453369140624,0.018868999555706978,-1.0420509576797485,3.3471219539642334
1781030634730981000,37.244981201171875,0.07782399654388428,-0.6799060106277466,2.9894680976867676
1781030634750512000,37.26451220703125,-0.16676299273967743,-0.3048979938030243,2.696687936782837
1781030634770046000,37.2840458984375,-0.5335879921913147,-0.10035599768161774,2.48384690284729
1781030634789578200,37.303578125,-0.6455910205841064,0.04028699919581413,2.260770082473755
1781030634809113000,37.32311303710937,-0.5073649883270264,0.11757999658584595,1.9330799579620361
1781030634828649500,37.3426494140625,-0.3636139929294586,0.06571599841117859,1.5820430517196655
1781030634848180000,37.362179931640625,-0.185916006565094,-0.10549499839544296,1.2465039491653442
1781030634867707100,37.38170703125,-0.13726599514484406,-0.3467009961605072,0.9753959774971008
1781030634887234300,37.401234375,-0.21596600115299225,-0.6360399723052979,0.8774979710578918
1781030634906757000,37.420757080078126,-0.21596600115299225,-0.6360399723052979,0.8774979710578918
1781030634926282000,37.44028198242187,-0.276418000459671,-0.7066860198974609,0.6459050178527832
1781030634945811200,37.45981127929687,-0.276418000459671,-0.7066860198974609,0.6459050178527832
1781030634965338600,37.47933862304688,-0.5059490203857422,-0.2742699980735779,0.2868179976940155
1781030634984867300,37.498867431640626,-0.6538649797439575,-0.0016370000084862113,0.00954199954867363
1781030635004398600,37.518398681640626,-0.6538649797439575,-0.0016370000084862113,0.00954199954867363
1781030635023929900,37.537929931640626,-0.798350989818573,0.32989099621772766,-0.0787149965763092
1781030635043462100,37.55746215820312,-0.618170976638794,0.4766010046005249,-0.21670499444007874
1781030635062994200,37.576994140625,-0.3749229907989502,0.5478309988975525,-0.4857040047645569
1781030635082525400,37.596525390625,-0.24635900557041168,0.4793829917907715,-0.7591019868850708
1781030635102061300,37.61606127929687,-0.3434079885482788,0.2525649964809418,-0.8178930282592773
1781030635121592000,37.63559204101563,-0.38461101055145264,0.1074960008263588,-0.8662089705467224
1781030635141118200,37.6551181640625,-0.2723250091075897,0.12265700101852417,-0.9618179798126221
1781030635160648000,37.67464794921875,-0.3687160015106201,0.14731700718402863,-0.980197012424469
1781030635180177200,37.69417724609375,-0.553138017654419,0.2429009974002838,-1.0073009729385376
1781030635199705900,37.71370581054688,-0.6078559756278992,0.30084800720214844,-0.9707289934158325
1781030635219238000,37.73323779296875,-0.6638389825820923,0.2607010006904602,-0.9293850064277649
1781030635238770400,37.7527705078125,-0.5336329936981201,0.24048100411891937,-0.9769600033760071
1781030635258302700,37.772302734375,-0.17404299974441528,0.3740510046482086,-1.1167550086975098
1781030635277836300,37.791836181640626,-0.0013269999762997031,0.4974589943885803,-1.1973119974136353
1781030635297367000,37.811366943359374,-0.06032299995422363,0.3899630010128021,-1.0750080347061157
1781030635316898000,37.83089794921875,-0.08412700146436691,0.2728399932384491,-0.9028159976005554
1781030635336433000,37.85043286132812,-0.159169003367424,0.07853300124406815,-0.7634479999542236
1781030635355965000,37.86996484375,-0.31186598539352417,-0.2046079933643341,-0.6946790218353271
1781030635375496400,37.88949633789063,-0.2831679880619049,-0.1880200058221817,-0.7530990242958069
1781030635395026700,37.90902661132812,-0.257656991481781,-0.062199998646974564,-0.7452030181884766
1781030635414553600,37.9285537109375,-0.3516939878463745,-0.10989700257778168,-0.6373310089111328
1781030635434084400,37.94808447265625,-0.29122599959373474,-0.08281499892473221,-0.5282390117645264
1781030635453612000,37.96761206054688,-0.15524500608444214,-0.011721000075340271,-0.4684300124645233
1781030635473137400,37.987137451171876,-0.03387200087308884,0.015323000028729439,-0.4138599932193756
1781030635492670700,38.006670654296876,0.06163400039076805,0.18597500026226044,-0.4203839898109436
1781030635512203800,38.026203857421876,-0.06008699908852577,0.30367401242256165,-0.3884910047054291
1781030635531730200,38.04573022460937,-0.27332600951194763,0.2729339897632599,-0.22376500070095062
1781030635551257900,38.0652578125,-0.341156005859375,0.20458799600601196,-0.09363800287246704
1781030635570789600,38.08478955078125,-0.3266099989414215,0.09060399979352951,-0.035583000630140305
1781030635590319400,38.1043193359375,-0.26318201422691345,0.11505299806594849,-0.08161900192499161
1781030635609846800,38.1238466796875,-0.269335001707077,0.22401200234889984,-0.15891000628471375
1781030635629375000,38.143375,-0.4031180143356323,0.29237401485443115,-0.1006930023431778
1781030635648901600,38.162901611328124,-0.4286400079727173,0.3869749903678894,0.00004600000102072954
1781030635668426200,38.18242626953125,-0.3469510078430176,0.39777299761772156,0.15197399258613586
1781030635687948500,38.20194848632813,-0.24925099313259125,0.3494429886341095,0.21210600435733795
1781030635707472000,38.221471923828126,-0.17893999814987183,0.3732289969921112,0.16316799819469452
1781030635726997200,38.240997314453125,-0.2330629974603653,0.3630659878253937,0.1650560051202774
1781030635746520600,38.2605205078125,-0.2330629974603653,0.3630659878253937,0.1650560051202774
1781030635766046000,38.2800458984375,-0.309116005897522,0.319023996591568,0.15528200566768646
1781030635785568500,38.299568603515624,-0.23525799810886383,0.32075199484825134,0.2158910036087036
1781030635805091000,38.319091064453126,-0.15708500146865845,0.3070850074291229,0.2931770086288452
1781030635824621300,38.33862133789062,-0.15601399540901184,0.30817100405693054,0.3660919964313507
1781030635844152600,38.35815258789062,-0.15601399540901184,0.30817100405693054,0.3660919964313507
1781030635863681300,38.37768139648438,-0.2454420030117035,0.29219698905944824,0.42874300479888916
1781030635883209000,38.397208984375,-0.274946004152298,0.29100099205970764,0.36780500411987305
1781030635902736400,38.416736328125,-0.2369139939546585,0.32778701186180115,0.31219199299812317
1781030635922264600,38.4362646484375,-0.16732700169086456,0.20660300552845,0.26999399065971375
1781030635941798700,38.455798583984375,-0.3081260025501251,0.16357700526714325,0.23212499916553497
1781030635961330200,38.475330078125,-0.4250499904155731,0.18923500180244446,0.24431900680065155
