time,seconds_elapsed,z,y,x
1781034504151938000,0.03393798828125,2.0085530281066895,9.372184753417969,2.041533946990967
1781034504585815800,0.46781591796875,2.2955729961395264,9.350408554077148,1.8276230096817017
1781034504595574000,0.477573974609375,2.4638900756835938,9.319755554199219,1.7639139890670776
1781034504615087600,0.497087646484375,2.9016480445861816,9.21377944946289,1.6512739658355713
1781034504634595300,0.51659521484375,2.9016480445861816,9.21377944946289,1.6512739658355713
1781034504654106400,0.5361064453125,3.1346399784088135,9.144886016845703,1.6078239679336548
1781034504673623300,0.555623291015625,3.363032102584839,9.068907737731934,1.5763649940490723
1781034504693142500,0.575142578125,3.5852110385894775,8.98707103729248,1.555251955986023
1781034504712661500,0.59466162109375,3.799631118774414,8.901984214782715,1.5354119539260864
1781034504732177200,0.61417724609375,4.005678176879883,8.814760208129883,1.5147769451141357
1781034504751693000,0.633693115234375,4.204827785491943,8.72523021697998,1.4932379722595215
1781034504771207200,0.653207275390625,4.398436069488525,8.633013725280762,1.4713410139083862
1781034504790719500,0.672719482421875,4.592665195465088,8.534714698791504,1.4512319564819336
1781034504810232600,0.692232666015625,4.79064416885376,8.4281587600708,1.4338339567184448
1781034504829749200,0.711749267578125,5.001364231109619,8.307172775268555,1.4202879667282104
1781034504849268000,0.73126806640625,5.226272106170654,8.168946266174316,1.412227988243103
1781034504868783400,0.750783447265625,5.465470790863037,8.011112213134766,1.410925030708313
1781034504888300800,0.77030078125,5.716280937194824,7.832985877990723,1.4172040224075317
1781034504907819500,0.789819580078125,5.969638824462891,7.639153957366943,1.4306440353393555
1781034504927339000,0.809339111328125,6.214381217956543,7.437018871307373,1.4533439874649048
1781034504946857000,0.82885693359375,6.441676139831543,7.2342939376831055,1.486536979675293
1781034504966370600,0.84837060546875,6.650084972381592,7.033853054046631,1.530122995376587
1781034504985884700,0.867884765625,6.840755939483643,6.836268901824951,1.5841310024261475
1781034505005403000,0.88740283203125,7.018311977386475,6.638394832611084,1.6477270126342773
1781034505024923000,0.9069228515625,7.188179016113281,6.435221195220947,1.7198840379714966
1781034505044436700,0.926436767578125,7.357387065887451,6.218523979187012,1.7996690273284912
1781034505063948500,0.945948486328125,7.5255022048950195,5.986575126647949,1.8888440132141113
1781034505083462100,0.965462158203125,7.689249038696289,5.738828182220459,1.995318055152893
1781034505102978800,0.984978759765625,7.845461845397949,5.476858139038086,2.1196069717407227
1781034505122493400,1.004493408203125,7.9708452224731445,5.22678279876709,2.2773590087890625
1781034505142010400,1.02401025390625,8.06340503692627,4.9924187660217285,2.469261884689331
1781034505161532000,1.043531982421875,8.122421264648438,4.776280879974365,2.6932170391082764
1781034505181051000,1.06305078125,8.150099754333496,4.580824851989746,2.9380099773406982
1781034505200569900,1.08256982421875,8.148935317993164,4.4079270362854,3.1945319175720215
1781034505220085500,1.10208544921875,8.11971664428711,4.2581868171691895,3.460927963256836
1781034505239601700,1.1216015625,8.11971664428711,4.2581868171691895,3.460927963256836
1781034505259121000,1.141120849609375,8.03751277923584,3.9639201164245605,3.9655659198760986
1781034505278640400,1.160640380859375,8.03751277923584,3.9639201164245605,3.9655659198760986
1781034505298163200,1.1801630859375,7.988926887512207,3.8155879974365234,4.202180862426758
1781034505317688000,1.19968798828125,7.934045791625977,3.662856101989746,4.435582160949707
1781034505337214000,1.2192138671875,7.871349811553955,3.505573034286499,4.668274879455566
1781034505356735700,1.23873583984375,7.871349811553955,3.505573034286499,4.668274879455566
1781034505376255700,1.258255859375,7.677849769592285,3.2042839527130127,5.179110050201416
1781034505395775200,1.277775146484375,7.538678169250488,3.074979066848755,5.454615116119385
1781034505415296300,1.297296142578125,7.146568775177002,2.88692307472229,6.052455902099609
1781034505434819600,1.316819580078125,7.146568775177002,2.88692307472229,6.052455902099609
1781034505454340900,1.3363408203125,6.887185096740723,2.828685998916626,6.372221946716309
1781034505473861000,1.355861083984375,6.6034321784973145,2.7831180095672607,6.684978008270264
1781034505493380000,1.375380126953125,6.298326015472412,2.7440989017486572,6.98863410949707
1781034505512900600,1.394900634765625,5.979829788208008,2.695678949356079,7.2811360359191895
1781034505532422000,1.414421875,5.659917831420898,2.630826950073242,7.5553998947143555
1781034505551942100,1.433942138671875,5.348852157592773,2.543487071990967,7.8077168464660645
1781034505571462000,1.4534619140625,5.049191951751709,2.4352540969848633,8.03835678100586
1781034505590979800,1.472979736328125,4.761922836303711,2.3094899654388428,8.24804973602295
1781034505610497800,1.492497802734375,4.486546039581299,2.1724181175231934,8.437505722045898
1781034505630017000,1.51201708984375,4.222582817077637,2.0332350730895996,8.60672664642334
1781034505649538600,1.53153857421875,3.9638469219207764,1.9024850130081177,8.758337020874023
1781034505669063400,1.5510634765625,3.7145938873291016,1.7888790369033813,8.89054012298584
1781034505688588300,1.57058837890625,3.4808530807495117,1.7004790306091309,9.001779556274414
1781034505708109800,1.59010986328125,3.2629919052124023,1.640118956565857,9.09411334991455
1781034505727633000,1.6096328125,3.060230016708374,1.606389045715332,9.170305252075195
1781034505747156700,1.62915673828125,2.869870901107788,1.594254970550537,9.233753204345703
1781034505766684200,1.64868408203125,2.6887240409851074,1.5953129529953003,9.287935256958008
1781034505786207000,1.66820703125,2.513962984085083,1.5997710227966309,9.335990905761719
1781034505805719600,1.687719482421875,2.3550119400024414,1.5971280336380005,9.377798080444336
1781034505825231400,1.7072314453125,2.2157070636749268,1.5823040008544922,9.414189338684082
1781034505844746800,1.726746826171875,2.0985960960388184,1.5539120435714722,9.445700645446777
1781034505864264200,1.74626416015625,2.0051400661468506,1.5128329992294312,9.472631454467773
1781034505883784000,1.765783935546875,1.922948956489563,1.4618170261383057,9.497650146484375
1781034505903304700,1.7853046875,1.8480620384216309,1.4025529623031616,9.52142333984375
1781034505922824200,1.80482421875,1.7668620347976685,1.3357130289077759,9.546416282653809
1781034505942346800,1.8243466796875,1.6981910467147827,1.2597030401229858,9.569184303283691
1781034505961870300,1.843870361328125,1.6403859853744507,1.174772024154663,9.590049743652344
1781034505981391600,1.8633916015625,1.5944639444351196,1.0795810222625732,9.608963966369629
1781034506000915200,1.882915283203125,1.5944639444351196,1.0795810222625732,9.608963966369629
1781034506020435700,1.902435791015625,1.5721789598464966,0.9745299816131592,9.623852729797363
1781034506039957800,1.921957763671875,1.5739070177078247,0.8612319827079773,9.634370803833008
1781034506059483600,1.941483642578125,1.5936919450759888,0.7465029954910278,9.6406888961792
1781034506079008500,1.961008544921875,1.6114410161972046,0.5376200079917908,9.651642799377441
1781034506098536000,1.980535888671875,1.6114410161972046,0.5376200079917908,9.651642799377441
1781034506118063400,2.0000634765625,1.6114410161972046,0.5376200079917908,9.651642799377441
1781034506137587200,2.019587158203125,1.6130720376968384,0.3763279914855957,9.659005165100098
1781034506157110000,2.039110107421875,1.6170309782028198,0.31947800517082214,9.660390853881836
1781034506176631600,2.058631591796875,1.630573034286499,0.27782899141311646,9.659401893615723
1781034506196153900,2.07815380859375,1.6555110216140747,0.25105100870132446,9.655892372131348
1781034506215679200,2.09767919921875,1.6915429830551147,0.23747199773788452,9.649989128112793
1781034506235205600,2.11720556640625,1.7267309427261353,0.2344440072774887,9.643828392028809
1781034506254733600,2.136733642578125,1.7581579685211182,0.23525699973106384,9.638129234313965
1781034506274257400,2.15625732421875,1.782562017440796,0.2323320060968399,9.633716583251953
1781034506293776400,2.1757763671875,1.799862027168274,0.2167849987745285,9.63086223602295
1781034506313295400,2.19529541015625,1.81467604637146,0.1795700043439865,9.6288480758667
1781034506332815000,2.214815185546875,1.8337769508361816,0.11443500220775604,9.626222610473633
1781034506352334800,2.2343349609375,1.8656469583511353,0.019360000267624855,9.620758056640625
1781034506371856400,2.2538564453125,1.916363000869751,-0.10198300331830978,9.610262870788574
1781034506391378000,2.2733779296875,1.9879870414733887,-0.24052299559116364,9.593229293823242
1781034506410898700,2.292898681640625,2.065176010131836,-0.38380399346351624,9.572237968444824
1781034506430419500,2.31241943359375,2.1380279064178467,-0.5135290026664734,9.550138473510742
1781034506449939000,2.33193896484375,2.1976161003112793,-0.6233559846878052,9.53005313873291
1781034506469454600,2.35145458984375,2.236387014389038,-0.7086269855499268,9.515063285827637
1781034506488971500,2.370971435546875,2.2615880966186523,-0.7690029740333557,9.504412651062012
1781034506508493800,2.390493896484375,2.2760050296783447,-0.8078789710998535,9.497743606567383
1781034506528020000,2.41002001953125,2.2964580059051514,-0.8300619721412659,9.490904808044434
1781034506547542000,2.4295419921875,2.329063892364502,-0.8478710055351257,9.481380462646484
1781034506567062500,2.4490625,2.377326011657715,-0.8641690015792847,9.467921257019043
1781034506586587100,2.468587158203125,2.442962884902954,-0.8823649883270264,9.449516296386719
1781034506606112800,2.48811279296875,2.516982078552246,-0.9059879779815674,9.427830696105957
1781034506625638700,2.507638671875,2.5982139110565186,-0.9375630021095276,9.40267276763916
1781034506645161700,2.52716162109375,2.6853508949279785,-0.9785680174827576,9.373969078063965
1781034506664683800,2.546683837890625,2.7762949466705322,-1.0269650220870972,9.342244148254395
1781034506684212000,2.5662119140625,2.870400905609131,-1.0791189670562744,9.307862281799316
1781034506703741200,2.5857412109375,2.959404945373535,-1.129431962966919,9.273958206176758
1781034506723266600,2.6052666015625,3.0405619144439697,-1.1733169555664062,9.242201805114746
1781034506742790700,2.624790771484375,3.1099228858947754,-1.2083179950714111,9.21457290649414
1781034506762312000,2.64431201171875,3.1658871173858643,-1.2340810298919678,9.192072868347168
1781034506781834500,2.66383447265625,3.2091848850250244,-1.2536449432373047,9.174393653869629
1781034506801359600,2.683359619140625,3.2405149936676025,-1.2711219787597656,9.160965919494629
1781034506820882200,2.702882080078125,3.2405149936676025,-1.2711219787597656,9.160965919494629
1781034506840404000,2.722404052734375,3.2939510345458984,-1.3093630075454712,9.136489868164062
1781034506859928000,2.741927978515625,3.31783390045166,-1.3266849517822266,9.12534236907959
1781034506879451100,2.761451171875,3.31783390045166,-1.3266849517822266,9.12534236907959
1781034506898972700,2.78097265625,3.3479700088500977,-1.3360940217971802,9.112955093383789
1781034506918495700,2.800495849609375,3.3479700088500977,-1.3360940217971802,9.112955093383789
1781034506938016800,2.820016845703125,3.3468658924102783,-1.319100022315979,9.115836143493652
1781034506957534500,2.839534423828125,3.3468658924102783,-1.319100022315979,9.115836143493652
1781034506977056300,2.85905615234375,3.292294979095459,-1.2248070240020752,9.148805618286133
1781034506996580600,2.87858056640625,3.2345800399780273,-1.150473952293396,9.17899227142334
1781034507016105200,2.898105224609375,3.1587541103363037,-1.0666279792785645,9.215453147888184
1781034507035632400,2.91763232421875,3.069295883178711,-0.9867429733276367,9.254499435424805
1781034507055158000,2.937157958984375,2.976741075515747,-0.9173280000686646,9.291797637939453
1781034507074675000,2.956675048828125,2.8899130821228027,-0.8669490218162537,9.323990821838379
1781034507094190000,2.976190185546875,2.8136680126190186,-0.840578019618988,9.349688529968262
1781034507113712000,2.995712158203125,2.7510170936584473,-0.8393740057945251,9.368423461914062
1781034507133237800,3.01523779296875,2.7020928859710693,-0.8601009845733643,9.380773544311523
1781034507152760800,3.0347607421875,2.6645309925079346,-0.8898320198059082,9.388740539550781
1781034507172284700,3.05428466796875,2.6344029903411865,-0.9223350286483765,9.394104957580566
1781034507191809300,3.073809326171875,2.6078219413757324,-0.9496970176696777,9.398794174194336
1781034507211337000,3.0933369140625,2.58139705657959,-0.9646790027618408,9.404561996459961
1781034507230863000,3.112863037109375,2.552294969558716,-0.9632980227470398,9.412643432617188
1781034507250387200,3.13238720703125,2.5193989276885986,-0.9459490180015564,9.423258781433105
1781034507269908700,3.15190869140625,2.4831459522247314,-0.9180629849433899,9.43563175201416
1781034507289427200,3.17142724609375,2.4454429149627686,-0.8880500197410583,9.448342323303223
1781034507308948500,3.190948486328125,2.4098949432373047,-0.8646569848060608,9.459639549255371
1781034507328475000,3.210474853515625,2.3813650608062744,-0.8550779819488525,9.467731475830078
1781034507348001000,3.2300009765625,2.363554000854492,-0.8620610237121582,9.471559524536133
1781034507367524600,3.249524658203125,2.356890916824341,-0.8840929865837097,9.471190452575684
1781034507387047200,3.269047119140625,2.3588449954986572,-0.9169059991836548,9.467582702636719
1781034507406570800,3.28857080078125,2.3651978969573975,-0.9539399743080139,9.4623384475708
1781034507426095400,3.308095458984375,2.371572971343994,-0.989503026008606,9.457088470458984
1781034507445616400,3.327616455078125,2.374082088470459,-1.0215790271759033,9.453047752380371
1781034507465138400,3.347138427734375,2.3716630935668945,-1.051061987876892,9.450422286987305
1781034507484661800,3.366661865234375,2.3681089878082275,-1.0814570188522339,9.447883605957031
1781034507504180000,3.386179931640625,2.365963935852051,-1.1140270233154297,9.444636344909668
1781034507523695600,3.405695556640625,2.373080015182495,-1.15038001537323,9.438491821289062
1781034507543213800,3.4252138671875,2.394392967224121,-1.1916229724884033,9.427986145019531
1781034507562730800,3.444730712890625,2.429456949234009,-1.2364660501480103,9.413228988647461
1781034507582248000,3.464248046875,2.4761290550231934,-1.2856090068817139,9.394465446472168
1781034507601769500,3.48376953125,2.5301260948181152,-1.3375409841537476,9.372803688049316
1781034507621289500,3.50328955078125,2.5893490314483643,-1.3910549879074097,9.348810195922852
1781034507640812000,3.52281201171875,2.5893490314483643,-1.3910549879074097,9.348810195922852
1781034507660338000,3.542337890625,2.7029080390930176,-1.4915380477905273,9.301054000854492
1781034507679867400,3.561867431640625,2.7509140968322754,-1.5325850248336792,9.28028392791748
1781034507699395800,3.581395751953125,2.7509140968322754,-1.5325850248336792,9.28028392791748
1781034507718916400,3.600916259765625,2.8193199634552,-1.5822559595108032,9.251372337341309
1781034507738439000,3.62043896484375,2.8193199634552,-1.5822559595108032,9.251372337341309
1781034507757961200,3.639961181640625,2.839107036590576,-1.5931669473648071,9.24344539642334
1781034507777481700,3.659481689453125,2.847482919692993,-1.6017060279846191,9.23939323425293
1781034507797002800,3.679002685546875,2.847744941711426,-1.6120330095291138,9.237515449523926
1781034507816524800,3.69852490234375,2.836493968963623,-1.6554919481277466,9.23328971862793
1781034507836045800,3.7180458984375,2.836493968963623,-1.6554919481277466,9.23328971862793
1781034507855567400,3.7375673828125,2.8287670612335205,-1.6877779960632324,9.229814529418945
1781034507875089400,3.75708935546875,2.8173251152038574,-1.7201459407806396,9.227338790893555
1781034507894615000,3.776614990234375,2.8001980781555176,-1.7462879419326782,9.227642059326172
1781034507914143000,3.79614306640625,2.7744979858398438,-1.762395977973938,9.232340812683105
1781034507933667000,3.8156669921875,2.7380900382995605,-1.766829013824463,9.24235725402832
1781034507953189000,3.835189208984375,2.689742088317871,-1.7602299451828003,9.257801055908203
1781034507972710700,3.854710693359375,2.633857011795044,-1.7468899488449097,9.276376724243164
1781034507992234500,3.874234375,2.574855089187622,-1.7300970554351807,9.29606819152832
1781034508011761700,3.89376171875,2.517102003097534,-1.7132760286331177,9.314981460571289
1781034508031289300,3.913289306640625,2.464085102081299,-1.6992709636688232,9.331707000732422
1781034508050815500,3.9328154296875,2.4201109409332275,-1.6887710094451904,9.345110893249512
1781034508070339600,3.952339599609375,2.387769937515259,-1.6813360452651978,9.354766845703125
1781034508089865500,3.971865478515625,2.3676838874816895,-1.6758869886398315,9.360847473144531
1781034508109388800,3.991388916015625,2.3591909408569336,-1.672247052192688,9.363642692565918
1781034508128911000,4.0109111328125,2.3600640296936035,-1.6710070371627808,9.363643646240234
1781034508148437500,4.0304375,2.3684840202331543,-1.6731840372085571,9.361128807067871
1781034508167965000,4.04996484375,2.3840770721435547,-1.6799559593200684,9.355956077575684
1781034508187488500,4.069488525390625,2.405846118927002,-1.6900880336761475,9.348557472229004
1781034508207008000,4.089008056640625,2.430567979812622,-1.7021880149841309,9.339962005615234
1781034508226528000,4.108528076171875,2.4530749320983887,-1.715965986251831,9.33155345916748
1781034508246051600,4.128051513671875,2.466989040374756,-1.7312899827957153,9.325052261352539
1781034508265575000,4.147574951171875,2.4705541133880615,-1.745798945426941,9.321402549743652
1781034508285095200,4.16709521484375,2.46219801902771,-1.759374976158142,9.321061134338379
1781034508304615400,4.186615478515625,2.446815013885498,-1.7731260061264038,9.322505950927734
1781034508324136200,4.20613623046875,2.4352059364318848,-1.7878049612045288,9.322742462158203
1781034508343654100,4.225654052734375,2.4331910610198975,-1.8022429943084717,9.320487976074219
1781034508363171600,4.245171630859375,2.4470629692077637,-1.8141989707946777,9.314535140991211
1781034508382693600,4.264693603515625,2.476077079772949,-1.8238680362701416,9.304973602294922
1781034508402218200,4.28421826171875,2.5178918838500977,-1.8300139904022217,9.2925386428833
1781034508421740500,4.303740478515625,2.56412410736084,-1.8323910236358643,9.2794189453125
1781034508441262300,4.323262451171875,2.6088531017303467,-1.8349130153656006,9.266444206237793
1781034508460787200,4.342787109375,2.6088531017303467,-1.8349130153656006,9.266444206237793
1781034508480309000,4.36230908203125,2.6991140842437744,-1.8634999990463257,9.234832763671875
1781034508499828200,4.381828125,2.6991140842437744,-1.8634999990463257,9.234832763671875
1781034508519348000,4.401347900390625,2.7884199619293213,-1.9339649677276611,9.193719863891602
1781034508538872000,4.4208720703125,2.7884199619293213,-1.9339649677276611,9.193719863891602
1781034508558398000,4.44039794921875,2.7884199619293213,-1.9339649677276611,9.193719863891602
1781034508577921800,4.459921875,2.8710439205169678,-2.023228883743286,9.148969650268555
1781034508597445400,4.4794453125,2.90214204788208,-2.0617189407348633,9.130546569824219
1781034508616969700,4.4989697265625,2.9412119388580322,-2.112678050994873,9.106363296508789
1781034508636497700,4.51849755859375,2.9412119388580322,-2.112678050994873,9.106363296508789
1781034508656025600,4.538025634765625,2.9523189067840576,-2.1244750022888184,9.100022315979004
1781034508675552500,4.557552490234375,2.9593300819396973,-2.134700059890747,9.095351219177246
1781034508695080000,4.577079833984375,2.9605660438537598,-2.1433839797973633,9.09290599822998
1781034508714604000,4.59660400390625,2.9558589458465576,-2.151423931121826,9.092538833618164
1781034508734128000,4.616128173828125,2.9456589221954346,-2.158639907836914,9.094139099121094
1781034508753652700,4.63565283203125,2.9296679496765137,-2.164907932281494,9.097813606262207
1781034508773175800,4.65517578125,2.9077200889587402,-2.169090986251831,9.103857040405273
1781034508792700700,4.67470068359375,2.879823923110962,-2.1710360050201416,9.112256050109863
1781034508812226600,4.6942265625,2.84810209274292,-2.1709389686584473,9.12224292755127
1781034508831761000,4.713760986328125,2.8156750202178955,-2.1693389415740967,9.132684707641602
1781034508851300900,4.73330078125,2.78481388092041,-2.1680428981781006,9.142450332641602
1781034508870833000,4.7528330078125,2.756964921951294,-2.1694231033325195,9.15056037902832
1781034508890363100,4.772363037109375,2.7322020530700684,-2.174999952316284,9.156661987304688
1781034508909894100,4.79189404296875,2.7074930667877197,-2.184830904006958,9.161659240722656
1781034508929422800,4.8114228515625,2.6715118885040283,-2.198885917663574,9.168855667114258
1781034508948947700,4.83094775390625,2.6121649742126465,-2.2170209884643555,9.18157958984375
1781034508968471800,4.850471923828125,2.524724006652832,-2.2391929626464844,9.200640678405762
1781034508987996700,4.86999658203125,2.419771909713745,-2.2639670372009277,9.22275161743164
1781034509007517000,4.889516845703125,2.308896064758301,-2.2898950576782227,9.24474811553955
1781034509027038000,4.909037841796875,2.2073869705200195,-2.3171699047088623,9.26272964477539
1781034509046564000,4.928564208984375,2.129196882247925,-2.345160961151123,9.273982048034668
1781034509066086700,4.948086669921875,2.0760209560394287,-2.370116949081421,9.279691696166992
1781034509085611800,4.96761181640625,2.047494888305664,-2.391990900039673,9.280417442321777
1781034509105139700,4.9871396484375,2.034308910369873,-2.40834903717041,9.279085159301758
1781034509124665000,5.0066650390625,2.0265519618988037,-2.4179248809814453,9.278292655944824
1781034509144188000,5.02618798828125,2.0159881114959717,-2.4261350631713867,9.278450965881348
1781034509163707100,5.04570703125,1.9998409748077393,-2.431976079940796,9.280415534973145
1781034509183227600,5.0652275390625,1.986685037612915,-2.438601016998291,9.281503677368164
1781034509202752000,5.084751953125,1.9771169424057007,-2.4444379806518555,9.282011032104492
1781034509222274800,5.10427490234375,1.9657440185546875,-2.450131893157959,9.28292465209961
1781034509241795600,5.123795654296875,1.9498460292816162,-2.454572916030884,9.285104751586914
1781034509261316000,5.143316162109375,1.925150990486145,-2.4511849880218506,9.291150093078613
1781034509280837400,5.16283740234375,1.925150990486145,-2.4511849880218506,9.291150093078613
1781034509300358400,5.1823583984375,1.8621690273284912,-2.4255919456481934,9.310684204101562
1781034509319880000,5.2018798828125,1.827172040939331,-2.4054439067840576,9.322835922241211
1781034509339402500,5.221402587890625,1.827172040939331,-2.4054439067840576,9.322835922241211
1781034509358922000,5.240921875,1.7677199840545654,-2.3594560623168945,9.34602165222168
1781034509378442500,5.2604423828125,1.7677199840545654,-2.3594560623168945,9.34602165222168
1781034509397964000,5.279964111328125,1.748075008392334,-2.335045099258423,9.355843544006348
1781034509417484500,5.299484619140625,1.7268619537353516,-2.279026985168457,9.373578071594238
1781034509437004000,5.319004150390625,1.7268619537353516,-2.279026985168457,9.373578071594238
1781034509456525000,5.338525146484375,1.7265650033950806,-2.245297908782959,9.381769180297852
1781034509476047600,5.358047607421875,1.7322720289230347,-2.2067630290985107,9.38985824584961
1781034509495568000,5.37756787109375,1.7452820539474487,-2.1639249324798584,9.397415161132812
1781034509515082800,5.397082763671875,1.766724944114685,-2.120347023010254,9.403339385986328
1781034509534598700,5.4165986328125,1.7983230352401733,-2.0786330699920654,9.406662940979004
1781034509554116400,5.436116455078125,1.849943995475769,-2.0398690700531006,9.405138969421387
1781034509573638000,5.455637939453125,1.9241570234298706,-2.0043320655822754,9.397886276245117
1781034509593160700,5.47516064453125,2.0090439319610596,-1.971796989440918,9.386999130249023
1781034509612681700,5.494681640625,2.0940070152282715,-1.941964030265808,9.374641418457031
1781034509632199400,5.514199462890625,2.1656908988952637,-1.9138020277023315,9.364141464233398
1781034509651712500,5.53371240234375,2.2182300090789795,-1.8869129419326782,9.35729694366455
1781034509671229400,5.5532294921875,2.248389959335327,-1.8615920543670654,9.355171203613281
1781034509690751000,5.5727509765625,2.253757953643799,-1.838399052619934,9.358465194702148
1781034509710269700,5.592269775390625,2.2436869144439697,-1.817849040031433,9.364896774291992
1781034509729785900,5.611785888671875,2.224769115447998,-1.8004239797592163,9.372773170471191
1781034509749303800,5.6313037109375,2.2080368995666504,-1.7864739894866943,9.379396438598633
1781034509768825000,5.6508251953125,2.2055869102478027,-1.7766189575195312,9.381845474243164
1781034509788341500,5.670341552734375,2.215728998184204,-1.7728290557861328,9.380171775817871
1781034509807854600,5.6898544921875,2.242779016494751,-1.778236985206604,9.372715950012207
1781034509827371000,5.70937109375,2.2899460792541504,-1.795362949371338,9.35803508758545
1781034509846890800,5.728890869140625,2.357213020324707,-1.8249499797821045,9.335582733154297
1781034509866409000,5.748408935546875,2.4405529499053955,-1.8666000366210938,9.305885314941406
1781034509885928400,5.767928466796875,2.5250790119171143,-1.9182480573654175,9.272771835327148
1781034509905450800,5.78745068359375,2.6043810844421387,-1.978140950202942,9.238190650939941
1781034509924971000,5.806970947265625,2.6713569164276123,-2.0451440811157227,9.204414367675781
1781034509944494600,5.82649462890625,2.7203218936920166,-2.1204190254211426,9.172986030578613
1781034509964016000,5.84601611328125,2.7523019313812256,-2.205854892730713,9.143250465393066
1781034509983537200,5.865537109375,2.7702269554138184,-2.3055949211120605,9.113182067871094
1781034510003061800,5.885061767578125,2.78045392036438,-2.421757936477661,9.079876899719238
1781034510022585600,5.904585693359375,2.785162925720215,-2.5525779724121094,9.042522430419922
1781034510042111700,5.92411181640625,2.786432981491089,-2.6938869953155518,9.001041412353516
1781034510061635000,5.943635009765625,2.7869560718536377,-2.8379058837890625,8.956515312194824
1781034510081153500,5.963153564453125,2.7869560718536377,-2.8379058837890625,8.956515312194824
1781034510100675800,5.98267578125,2.788201093673706,-2.9747140407562256,8.911622047424316
1781034510120199700,6.00219970703125,2.7991669178009033,-3.200014114379883,8.829754829406738
1781034510139724500,6.021724609375,2.7991669178009033,-3.200014114379883,8.829754829406738
1781034510159254500,6.041254638671875,2.8257529735565186,-3.3455939292907715,8.767104148864746
1781034510178781400,6.060781494140625,2.8257529735565186,-3.3455939292907715,8.767104148864746
1781034510198299100,6.080299072265625,2.8257529735565186,-3.3455939292907715,8.767104148864746
1781034510217814300,6.099814208984375,2.8817460536956787,-3.452569007873535,8.707198143005371
1781034510237331700,6.119331787109375,2.8817460536956787,-3.452569007873535,8.707198143005371
1781034510256853200,6.138853271484375,2.901737928390503,-3.4702439308166504,8.693520545959473
1781034510276373800,6.158373779296875,2.9229729175567627,-3.4826819896698,8.681426048278809
1781034510295895300,6.177895263671875,2.9500529766082764,-3.4892499446868896,8.669621467590332
1781034510315418000,6.197418212890625,2.9850759506225586,-3.4914259910583496,8.656746864318848
1781034510334937300,6.216937255859375,3.028498888015747,-3.490463972091675,8.642040252685547
1781034510354460700,6.236460693359375,3.0770270824432373,-3.4886701107025146,8.625606536865234
1781034510373988600,6.255988525390625,3.1201870441436768,-3.489211082458496,8.609868049621582
1781034510393512000,6.275511962890625,3.1512060165405273,-3.494999885559082,8.596212387084961
1781034510413033500,6.295033447265625,3.163724899291992,-3.507875919342041,8.586363792419434
1781034510432556800,6.314556884765625,3.152482032775879,-3.528949022293091,8.581862449645996
1781034510452085800,6.334085693359375,3.116300106048584,-3.558643102645874,8.582817077636719
1781034510471612700,6.35361279296875,3.057904005050659,-3.5972959995269775,8.587705612182617
1781034510491132200,6.373132080078125,2.989125967025757,-3.6440420150756836,8.592211723327637
1781034510510650400,6.392650390625,2.9182679653167725,-3.697387933731079,8.593778610229492
1781034510530168600,6.41216845703125,2.851715087890625,-3.7529261112213135,8.592046737670898
1781034510549687600,6.4316875,2.794748067855835,-3.804215908050537,8.588207244873047
1781034510569208000,6.4512080078125,2.7478020191192627,-3.844959020614624,8.585212707519531
1781034510588727300,6.470727294921875,2.7015650272369385,-3.8701179027557373,8.588581085205078
1781034510608244500,6.490244384765625,2.6523330211639404,-3.8766770362854004,8.600958824157715
1781034510627764700,6.5097646484375,2.5967180728912354,-3.8651909828186035,8.62307071685791
1781034510647285000,6.529284912109375,2.543086051940918,-3.8405869007110596,8.650005340576172
1781034510666802700,6.548802734375,2.4989280700683594,-3.812074899673462,8.675450325012207
1781034510686319000,6.568319091796875,2.4654359817504883,-3.79842209815979,8.691007614135742
1781034510705838600,6.587838623046875,2.453165054321289,-3.8080780506134033,8.690254211425781
1781034510725362000,6.60736181640625,2.463287115097046,-3.8419880867004395,8.672447204589844
1781034510744883500,6.626883544921875,2.49042010307312,-3.9004900455474854,8.638517379760742
1781034510764407800,6.64640771484375,2.52266001701355,-3.9721999168395996,8.596383094787598
1781034510783932200,6.66593212890625,2.547178030014038,-4.052732944488525,8.551445960998535
1781034510803453000,6.685452880859375,2.564115047454834,-4.121522903442383,8.513421058654785
1781034510822972200,6.70497216796875,2.5740859508514404,-4.172670841217041,8.485450744628906
1781034510842492200,6.7244921875,2.587477922439575,-4.20302677154541,8.466375350952148
1781034510862014500,6.744014404296875,2.617244005203247,-4.20828914642334,8.454604148864746
1781034510881537300,6.763537353515625,2.6678929328918457,-4.195790767669678,8.444979667663574
1781034510901059000,6.78305908203125,2.6678929328918457,-4.195790767669678,8.444979667663574
1781034510920580400,6.802580322265625,2.7492918968200684,-4.167064189910889,8.433087348937988
1781034510940103200,6.822103271484375,3.002800941467285,-4.089391231536865,8.384512901306152
1781034510959630600,6.841630615234375,3.002800941467285,-4.089391231536865,8.384512901306152
1781034510979161900,6.861161865234375,3.2971138954162598,-4.012695789337158,8.310673713684082
1781034510998692900,6.88069287109375,3.2971138954162598,-4.012695789337158,8.310673713684082
1781034511018218200,6.90021826171875,3.2971138954162598,-4.012695789337158,8.310673713684082
1781034511037741600,6.919741455078125,3.553942918777466,-3.9426469802856445,8.238022804260254
1781034511057265400,6.939265380859375,3.664324998855591,-3.900986909866333,8.209446907043457
1781034511076789500,6.95878955078125,3.765662908554077,-3.8525149822235107,8.186445236206055
1781034511096313600,6.978313720703125,3.8678910732269287,-3.7932770252227783,8.166421890258789
1781034511115838200,6.997838134765625,3.9679269790649414,-3.7264211177825928,8.149191856384277
1781034511135363600,7.017363525390625,4.071166038513184,-3.657953977584839,8.129265785217285
1781034511154886100,7.03688623046875,4.172399044036865,-3.5937659740448,8.106534957885742
1781034511174409000,7.056408935546875,4.267838954925537,-3.540339946746826,8.080315589904785
1781034511193934000,7.07593408203125,4.359749794006348,-3.50190806388855,8.047931671142578
1781034511213454300,7.095454345703125,4.44643497467041,-3.481123924255371,8.009429931640625
1781034511232969500,7.114969482421875,4.526791095733643,-3.4785349369049072,7.9654221534729
1781034511252488400,7.134488525390625,4.593321800231934,-3.4932870864868164,7.920754909515381
1781034511272009700,7.154009765625,4.640895843505859,-3.5213849544525146,7.8804779052734375
1781034511291528700,7.17352880859375,4.669666767120361,-3.5511651039123535,7.850059986114502
1781034511311044600,7.193044677734375,4.672171115875244,-3.576993942260742,7.836832046508789
1781034511330563000,7.21256298828125,4.650836944580078,-3.5947799682617188,7.841381072998047
1781034511350084900,7.2320849609375,4.611367225646973,-3.602350950241089,7.861192226409912
1781034511369606700,7.251606689453125,4.566656112670898,-3.6046769618988037,7.8861870765686035
1781034511389129000,7.27112890625,4.5295000076293945,-3.602947950363159,7.908374786376953
1781034511408649500,7.2906494140625,4.502281188964844,-3.613615036010742,7.919043064117432
1781034511428164900,7.310164794921875,4.48724889755249,-3.6406729221343994,7.9151811599731445
1781034511447681300,7.329681396484375,4.475024223327637,-3.6875550746917725,7.900385856628418
1781034511467204000,7.3492041015625,4.455379962921143,-3.755147933959961,7.879621982574463
1781034511486731000,7.36873095703125,4.423664093017578,-3.8347110748291016,7.8591461181640625
1781034511506255400,7.38825537109375,4.371233940124512,-3.9228360652923584,7.844976902008057
1781034511525778400,7.4077783203125,4.296438217163086,-4.0089898109436035,7.842741966247559
1781034511545303600,7.427303466796875,4.200262069702148,-4.091639995574951,7.852151870727539
1781034511564829700,7.44682958984375,4.100982189178467,-4.161118030548096,7.868101119995117
1781034511584352300,7.466352294921875,4.005348205566406,-4.214991092681885,7.8886637687683105
1781034511603875000,7.485875,3.925786018371582,-4.254134178161621,7.907625198364258
1781034511623400200,7.505400146484375,3.8669989109039307,-4.282092094421387,7.92149019241333
1781034511642924800,7.5249248046875,3.8283588886260986,-4.305045127868652,7.927814960479736
1781034511662450700,7.54445068359375,3.807050943374634,-4.32468318939209,7.9273881912231445
1781034511681977000,7.56397705078125,3.788072109222412,-4.34627103805542,7.9246721267700195
1781034511701504500,7.58350439453125,3.7695159912109375,-4.366527080535889,7.922383785247803
1781034511721036800,7.603036865234375,3.7405059337615967,-4.380616188049316,7.928353786468506
1781034511740564700,7.622564697265625,3.7028110027313232,-4.384586811065674,7.943839073181152
1781034511760086800,7.642086669921875,3.659179925918579,-4.373901844024658,7.969904899597168
1781034511779609000,7.661609130859375,3.659179925918579,-4.373901844024658,7.969904899597168
1781034511799133400,7.681133544921875,3.5469400882720947,-4.310118198394775,8.05494213104248
1781034511818659800,7.700659912109375,3.5469400882720947,-4.310118198394775,8.05494213104248
1781034511838185200,7.720185302734375,3.4872798919677734,-4.261094093322754,8.106907844543457
1781034511857710000,7.7397099609375,3.428086042404175,-4.206010818481445,8.160741806030273
1781034511877239300,7.7592392578125,3.3686790466308594,-4.14837121963501,8.214803695678711
1781034511896770000,7.77877001953125,3.306619882583618,-4.090417861938477,8.268902778625488
1781034511916296000,7.7982958984375,3.245897054672241,-4.031065940856934,8.321937561035156
1781034511935819000,7.817819091796875,3.176316022872925,-3.9736859798431396,8.376206398010254
1781034511955340500,7.837340576171875,3.089871883392334,-3.9181430339813232,8.434502601623535
1781034511974862800,7.85686279296875,2.978976011276245,-3.864814043045044,8.498759269714355
1781034511994386400,7.876386474609375,2.841054916381836,-3.8130040168762207,8.569095611572266
1781034512013910300,7.89591015625,2.6835498809814453,-3.761125087738037,8.642480850219727
1781034512033430500,7.915430419921875,2.6835498809814453,-3.761125087738037,8.642480850219727
1781034512052950000,7.934949951171875,2.3354220390319824,-3.654881000518799,8.78792667388916
1781034512072473300,7.954473388671875,2.158963918685913,-3.6035430431365967,8.85400104522705
1781034512091999500,7.97399951171875,1.9884059429168701,-3.557262897491455,8.912469863891602
1781034512111524000,7.993524169921875,1.8264410495758057,-3.5194809436798096,8.961996078491211
1781034512131044900,8.013044921875,1.6690829992294312,-3.494072914123535,9.002533912658691
1781034512150563600,8.0325634765625,1.5244770050048828,-3.483323097229004,9.032299995422363
1781034512170083800,8.052083740234375,1.3973139524459839,-3.487178087234497,9.051358222961426
1781034512189605600,8.071605712890625,1.2934340238571167,-3.504157066345215,9.060237884521484
1781034512209123600,8.09112353515625,1.2240949869155884,-3.5311779975891113,9.059379577636719
1781034512228642300,8.110642333984375,1.1897269487380981,-3.56536602973938,9.05056381225586
1781034512248166400,8.13016650390625,1.1904770135879517,-3.602231025695801,9.035856246948242
1781034512267689700,8.149689697265625,1.2185629606246948,-3.6386070251464844,9.017518997192383
1781034512287213300,8.16921337890625,1.2730159759521484,-3.6729159355163574,8.996061325073242
1781034512306738700,8.18873876953125,1.3507139682769775,-3.7047109603881836,8.971660614013672
1781034512326263600,8.208263671875,1.440086007118225,-3.734544038772583,8.945352554321289
1781034512345789700,8.227789794921875,1.53751802444458,-3.7621419429779053,8.917529106140137
1781034512365316600,8.247316650390625,1.6395269632339478,-3.7882070541381836,8.888276100158691
1781034512384839400,8.26683935546875,1.7525689601898193,-3.8118019104003906,8.856560707092285
1781034512404364000,8.286364013671875,1.872020959854126,-3.8340940475463867,8.822428703308105
1781034512423889000,8.305888916015626,1.9988939762115479,-3.854088068008423,8.785807609558105
1781034512443414300,8.325414306640624,2.1350181102752686,-3.8718390464782715,8.745888710021973
1781034512462942700,8.344942626953125,2.2831668853759766,-3.8886430263519287,8.700896263122559
1781034512482468600,8.364468505859374,2.444622039794922,-3.9072670936584473,8.648530960083008
1781034512501996300,8.383996337890625,2.6098039150238037,-3.932542085647583,8.58859920501709
1781034512521530000,8.403530029296874,2.7708969116210938,-3.9653160572052,8.522815704345703
1781034512541059000,8.42305908203125,2.7708969116210938,-3.9653160572052,8.522815704345703
1781034512560586500,8.44258642578125,2.927541971206665,-4.004885196685791,8.451650619506836
1781034512580115700,8.46211572265625,3.231597900390625,-4.104101181030273,8.29175090789795
1781034512599643000,8.481642822265625,3.231597900390625,-4.104101181030273,8.29175090789795
1781034512619172000,8.501172119140625,3.504589080810547,-4.207493782043457,8.127412796020508
1781034512638703000,8.520703125,3.504589080810547,-4.207493782043457,8.127412796020508
1781034512658230800,8.540230712890626,3.504589080810547,-4.207493782043457,8.127412796020508
1781034512677754000,8.559754150390624,3.7570760250091553,-4.2982587814331055,7.96550989151001
1781034512697279700,8.57927978515625,3.875351905822754,-4.337985992431641,7.886919975280762
1781034512716809200,8.598809326171875,3.9968650341033936,-4.372179985046387,7.806991100311279
1781034512736338400,8.61833837890625,4.12124490737915,-4.403916835784912,7.724042892456055
1781034512755864000,8.637864013671875,4.243813991546631,-4.431515216827393,7.641446113586426
1781034512775387600,8.6573876953125,4.363855838775635,-4.455638885498047,7.559368133544922
1781034512794911200,8.6769111328125,4.4761738777160645,-4.476183891296387,7.4811530113220215
1781034512814435300,8.696435302734375,4.570130825042725,-4.495166778564453,7.412649154663086
1781034512833958100,8.715958251953126,4.570130825042725,-4.495166778564453,7.412649154663086
1781034512853484000,8.735484130859374,4.683481216430664,-4.53602409362793,7.316384792327881
1781034512873011500,8.755011474609375,4.711597919464111,-4.556629180908203,7.285462856292725
1781034512892537000,8.774537109375,4.729800224304199,-4.571243762969971,7.264482021331787
1781034512912062500,8.7940625,4.743780136108398,-4.57929801940918,7.250281810760498
1781034512931591000,8.8135908203125,4.756711959838867,-4.580930233001709,7.240769863128662
1781034512951116500,8.833116455078125,4.770199775695801,-4.577107906341553,7.234312057495117
1781034512970641200,8.85264111328125,4.7848381996154785,-4.5682220458984375,7.230260848999023
1781034512990166800,8.872166748046874,4.79927396774292,-4.555731773376465,7.228572845458984
1781034513009690400,8.8916904296875,4.811657905578613,-4.544119834899902,7.227649211883545
1781034513029213400,8.91121337890625,4.822052955627441,-4.532113075256348,7.2282609939575195
1781034513048741400,8.930741455078126,4.834599018096924,-4.516115188598633,7.229893207550049
1781034513068268300,8.950268310546875,4.845729827880859,-4.492922782897949,7.236886024475098
1781034513087790300,8.969790283203125,4.852031230926514,-4.4592180252075195,7.253493785858154
1781034513107310800,8.989310791015624,4.8517937660217285,-4.412295818328857,7.282289981842041
1781034513126831600,9.00883154296875,4.849856853485107,-4.349145889282227,7.321463108062744
1781034513146353400,9.028353515625,4.838058948516846,-4.272789001464844,7.374040126800537
1781034513165878000,9.0478779296875,4.811638832092285,-4.182735919952393,7.442636966705322
1781034513185408000,9.067407958984376,4.774155139923096,-4.080780029296875,7.522943019866943
1781034513204936200,9.086936279296875,4.725890159606934,-3.975898027420044,7.609086036682129
1781034513224458000,9.1064580078125,4.67064094543457,-3.8717520236968994,7.696403980255127
1781034513243983600,9.125983642578126,4.604787826538086,-3.7756009101867676,7.7833638191223145
1781034513263513000,9.14551318359375,4.536310195922852,-3.6882131099700928,7.865046977996826
1781034513283039700,9.165039794921874,4.468266010284424,-3.6120870113372803,7.938981056213379
1781034513302565000,9.184565185546875,4.392058849334717,-3.5490760803222656,8.009611129760742
1781034513322084000,9.204083984375,4.311047077178955,-3.49310302734375,8.0779390335083
1781034513341603800,9.223603759765625,4.223837852478027,-3.443782091140747,8.144909858703613
1781034513361131300,9.24313134765625,4.223837852478027,-3.443782091140747,8.144909858703613
1781034513380659700,9.26265966796875,4.130266189575195,-3.3980109691619873,8.211846351623535
1781034513400186600,9.2821865234375,3.9390790462493896,-3.3098390102386475,8.340780258178711
1781034513419711200,9.301711181640625,3.9390790462493896,-3.3098390102386475,8.340780258178711
1781034513439236400,9.321236328125,3.851738929748535,-3.2633860111236572,8.399666786193848
1781034513458762000,9.340761962890625,3.6903440952301025,-3.1664369106292725,8.508526802062988
1781034513478283800,9.36028369140625,3.6903440952301025,-3.1664369106292725,8.508526802062988
1781034513497802800,9.379802734375,3.6039950847625732,-3.127485990524292,8.559793472290039
1781034513517321500,9.399321533203125,3.5059080123901367,-3.098875045776367,8.610782623291016
1781034513536842500,9.418842529296874,3.399806022644043,-3.079418897628784,8.660167694091797
1781034513556364300,9.4383642578125,3.289155960083008,-3.0688459873199463,8.706528663635254
1781034513575889000,9.457888916015625,3.176964044570923,-3.0655910968780518,8.749231338500977
1781034513595412700,9.477412841796875,3.0662200450897217,-3.0667788982391357,8.788240432739258
1781034513614933800,9.496933837890625,2.960845947265625,-3.065310001373291,8.824809074401855
1781034513634458400,9.516458251953125,2.8616108894348145,-3.061429023742676,8.858827590942383
1781034513653985500,9.535985595703124,2.7613959312438965,-3.0570731163024902,8.892074584960938
1781034513673511700,9.55551171875,2.6614530086517334,-3.0541350841522217,8.923503875732422
1781034513693035800,9.575035888671875,2.563524007797241,-3.0536680221557617,8.952287673950195
1781034513712560600,9.594560546875,2.4702980518341064,-3.0553550720214844,8.977885246276855
1781034513732084700,9.614084716796874,2.386507034301758,-3.058892011642456,8.999319076538086
1781034513751606000,9.63360595703125,2.321655035018921,-3.063668966293335,9.014646530151367
1781034513771127300,9.653127197265626,2.2760250568389893,-3.069891929626465,9.02415943145752
1781034513790654200,9.672654296875,2.2468860149383545,-3.076859951019287,9.029088020324707
1781034513810186000,9.69218603515625,2.2284560203552246,-3.0835490226745605,9.031373023986816
1781034513829714400,9.71171435546875,2.2151880264282227,-3.0889039039611816,9.032807350158691
1781034513849239000,9.731239013671875,2.202115058898926,-3.0906319618225098,9.035412788391113
1781034513868764000,9.750763916015625,2.179992914199829,-3.0866200923919678,9.042145729064941
1781034513888295200,9.770295166015625,2.1486380100250244,-3.0751900672912598,9.05353832244873
1781034513907827000,9.789826904296875,2.110266923904419,-3.056178092956543,9.068988800048828
1781034513927353900,9.809353759765624,2.068363904953003,-3.031151056289673,9.08702278137207
1781034513946878500,9.82887841796875,2.026186943054199,-3.003048896789551,9.105835914611816
1781034513966403000,9.848403076171875,1.9850850105285645,-2.97652006149292,9.12358283996582
1781034513985928200,9.86792822265625,1.946146011352539,-2.9558520317077637,9.138678550720215
1781034514005448700,9.88744873046875,1.909896969795227,-2.9438400268554688,9.150196075439453
1781034514024969000,9.906968994140625,1.8803520202636719,-2.9433979988098145,9.156455039978027
1781034514044487700,9.92648779296875,1.8588000535964966,-2.954827070236206,9.157174110412598
1781034514064009500,9.946009521484376,1.8458900451660156,-2.978066921234131,9.152256965637207
1781034514083537200,9.965537109375,1.84524405002594,-3.0115370750427246,9.14142894744873
1781034514103066400,9.98506640625,1.8585790395736694,-3.054007053375244,9.124621391296387
1781034514122589700,10.004589599609375,1.887992024421692,-3.104430913925171,9.101537704467773
1781034514142108000,10.02410791015625,1.9303339719772339,-3.1602048873901367,9.073417663574219
1781034514161633300,10.04363330078125,1.9836549758911133,-3.220165967941284,9.040776252746582
1781034514181159400,10.063159423828125,1.9836549758911133,-3.220165967941284,9.040776252746582
1781034514200679000,10.082678955078125,2.0433309078216553,-3.28310489654541,9.004777908325195
1781034514220198700,10.10219873046875,2.160749912261963,-3.411355972290039,8.9293794631958
1781034514239718700,10.12171875,2.160749912261963,-3.411355972290039,8.9293794631958
1781034514259238100,10.141238037109375,2.2084100246429443,-3.473371982574463,8.893739700317383
1781034514278759400,10.160759521484374,2.2674560546875,-3.5895650386810303,8.832534790039062
1781034514298283300,10.180283203125,2.2674560546875,-3.5895650386810303,8.832534790039062
1781034514317805800,10.199805908203125,2.2804980278015137,-3.642918109893799,8.807296752929688
1781034514337327900,10.219327880859375,2.2846620082855225,-3.692868947982788,8.785387992858887
1781034514356852200,10.238852294921875,2.280384063720703,-3.7404050827026367,8.76636791229248
1781034514376377000,10.258377197265625,2.271419048309326,-3.7859530448913574,8.749126434326172
1781034514395898600,10.277898681640625,2.259131908416748,-3.8301920890808105,8.733037948608398
1781034514415418400,10.29741845703125,2.2448220252990723,-3.873033046722412,8.717820167541504
1781034514434937300,10.316937255859376,2.2296619415283203,-3.916685104370117,8.702194213867188
1781034514454457900,10.336457763671875,2.21376895904541,-3.9629549980163574,8.685287475585938
1781034514473980200,10.355980224609375,2.197166919708252,-4.01301383972168,8.666496276855469
1781034514493497600,10.37549755859375,2.1797099113464355,-4.067627906799316,8.645419120788574
1781034514513012200,10.39501220703125,2.160902976989746,-4.127169132232666,8.621889114379883
1781034514532530000,10.414530029296875,2.1406049728393555,-4.1909918785095215,8.596128463745117
1781034514552049200,10.434049072265625,2.1196789741516113,-4.257875919342041,8.568398475646973
1781034514571572700,10.45357275390625,2.0986030101776123,-4.325326919555664,8.539754867553711
1781034514591099400,10.473099365234376,2.0780301094055176,-4.3909149169921875,8.511265754699707
1781034514610627600,10.492627685546875,2.0591039657592773,-4.4525909423828125,8.483779907226562
1781034514630155000,10.512155029296874,2.043104887008667,-4.508162975311279,8.458260536193848
1781034514649676500,10.531676513671876,2.030566930770874,-4.55617618560791,8.43552303314209
1781034514669198000,10.551197998046876,2.021204948425293,-4.594758987426758,8.416823387145996
1781034514688724500,10.570724365234375,2.015069007873535,-4.622734069824219,8.40296459197998
1781034514708252400,10.59025244140625,2.012021064758301,-4.640330791473389,8.393991470336914
1781034514727780400,10.6097802734375,2.0123860836029053,-4.648698806762695,8.389272689819336
1781034514747304200,10.62930419921875,2.0169589519500732,-4.6500091552734375,8.38744831085205
1781034514766825000,10.648824951171875,2.026988983154297,-4.64611291885376,8.387188911437988
1781034514786350300,10.668350341796875,2.0468759536743164,-4.637876987457275,8.386918067932129
1781034514805881300,10.68788134765625,2.0774919986724854,-4.62626314163208,8.385804176330566
1781034514825415000,10.707414794921876,2.117189884185791,-4.611257076263428,8.384140014648438
1781034514844945400,10.7269453125,2.1660969257354736,-4.593078136444092,8.38162612915039
1781034514864467500,10.746467529296876,2.2202510833740234,-4.572801113128662,8.378541946411133
1781034514883988000,10.765988037109375,2.274660110473633,-4.550405025482178,8.376139640808105
1781034514903513000,10.78551318359375,2.3239669799804688,-4.528793811798096,8.37431812286377
1781034514923032000,10.805031982421875,2.367448091506958,-4.509188175201416,8.37271785736084
1781034514942546700,10.824546630859375,2.406920909881592,-4.493031978607178,8.370148658752441
1781034514962063000,10.84406298828125,2.4409379959106445,-4.482449054718018,8.365970611572266
1781034514981584000,10.863583984375,2.469897985458374,-4.478447914123535,8.359610557556152
1781034515001107700,10.883107666015626,2.469897985458374,-4.478447914123535,8.359610557556152
1781034515020634400,10.90263427734375,2.492034912109375,-4.4829487800598145,8.350624084472656
1781034515040161500,10.92216162109375,2.5153450965881348,-4.508060932159424,8.330089569091797
1781034515059684000,10.94168408203125,2.517496109008789,-4.524415969848633,8.320569038391113
1781034515079204900,10.961204833984375,2.517496109008789,-4.524415969848633,8.320569038391113
1781034515098725600,10.9807255859375,2.517496109008789,-4.524415969848633,8.320569038391113
1781034515118246400,11.000246337890625,2.523336887359619,-4.544680118560791,8.307746887207031
1781034515137768700,11.019768798828125,2.540776014328003,-4.542427062988281,8.303662300109863
1781034515157291300,11.039291259765625,2.573122024536133,-4.530198097229004,8.300381660461426
1781034515176814600,11.058814697265625,2.6200079917907715,-4.509043216705322,8.297232627868652
1781034515196342000,11.078342041015626,2.679508924484253,-4.482241153717041,8.29275131225586
1781034515215870200,11.0978701171875,2.806096076965332,-4.42785120010376,8.280094146728516
1781034515235395000,11.11739501953125,2.806096076965332,-4.42785120010376,8.280094146728516
1781034515254923500,11.136923583984375,2.8517379760742188,-4.405188083648682,8.276586532592773
1781034515274449700,11.15644970703125,2.877319097518921,-4.386467933654785,8.27767562866211
1781034515293972000,11.175971923828126,2.880798101425171,-4.370264053344727,8.2850341796875
1781034515313493800,11.19549365234375,2.8611838817596436,-4.353778839111328,8.300495147705078
1781034515333014500,11.2150146484375,2.8189139366149902,-4.333495140075684,8.325535774230957
1781034515352537900,11.234537841796875,2.752516984939575,-4.30716609954834,8.361336708068848
1781034515372062000,11.25406201171875,2.671725034713745,-4.271740913391113,8.405600547790527
1781034515391585000,11.2735849609375,2.577414035797119,-4.228128910064697,8.456941604614258
1781034515411111000,11.29311083984375,2.4721128940582275,-4.177967071533203,8.513121604919434
1781034515430636800,11.31263671875,2.358609914779663,-4.123302936553955,8.571775436401367
1781034515450161200,11.3321611328125,2.2404799461364746,-4.066213130950928,8.630535125732422
1781034515469686000,11.35168603515625,2.1223011016845703,-4.008277893066406,8.687320709228516
1781034515489209900,11.3712099609375,2.009239912033081,-3.950953960418701,8.740303039550781
1781034515508730000,11.390730224609374,1.9045729637145996,-3.895746946334839,8.788387298583984
1781034515528251000,11.4102509765625,1.8096129894256592,-3.8444581031799316,8.830936431884766
1781034515547776800,11.42977685546875,1.7355259656906128,-3.796211004257202,8.866606712341309
1781034515567304000,11.449303955078125,1.682973027229309,-3.7491040229797363,8.896730422973633
1781034515586829300,11.468829345703124,1.6533520221710205,-3.701328992843628,8.92225170135498
1781034515606352600,11.4883525390625,1.658843994140625,-3.651020050048828,8.941940307617188
1781034515625873000,11.507872802734376,1.698428988456726,-3.5992469787597656,8.955487251281738
1781034515645390800,11.527390869140625,1.7697290182113647,-3.5458850860595703,8.962965965270996
1781034515664909300,11.546909423828126,1.8619439601898193,-3.4926769733428955,8.96517562866211
1781034515684432600,11.5664326171875,1.9682279825210571,-3.4431118965148926,8.96164321899414
1781034515703956200,11.585956298828124,2.0883190631866455,-3.3982460498809814,8.951583862304688
1781034515723479300,11.605479248046874,2.2027769088745117,-3.360029935836792,8.938566207885742
1781034515743004700,11.625004638671875,2.3194730281829834,-3.3267059326171875,8.92149543762207
1781034515762531000,11.644531005859376,2.438015937805176,-3.2972280979156494,8.90080738067627
1781034515782056000,11.664055908203125,2.556126117706299,-3.270801067352295,8.87739086151123
1781034515801576400,11.683576416015624,2.6779229640960693,-3.2464489936828613,8.850383758544922
1781034515821096200,11.70309619140625,2.791203022003174,-3.2266979217529297,8.822561264038086
1781034515840617000,11.722616943359375,2.9094669818878174,-3.2094480991363525,8.790587425231934
1781034515860141300,11.742141357421875,3.0193119049072266,-3.192866086959839,8.759529113769531
1781034515879669500,11.76166943359375,3.1052870750427246,-3.1744298934936523,8.7361421585083
1781034515899198500,11.781198486328124,3.1052870750427246,-3.1744298934936523,8.7361421585083
1781034515918723000,11.80072314453125,3.1052870750427246,-3.1744298934936523,8.7361421585083
1781034515938246100,11.82024609375,3.281440019607544,-3.148806095123291,8.6808500289917
1781034515957773600,11.839773681640626,3.398164987564087,-3.14513897895813,8.637162208557129
1781034515977296000,11.8592958984375,3.541435956954956,-3.1489500999450684,8.57801628112793
1781034515996816600,11.878816650390625,3.7111101150512695,-3.159693956375122,8.501998901367188
1781034516016338700,11.898338623046875,3.913055896759033,-3.180126905441284,8.403260231018066
1781034516035858700,11.917858642578125,4.115762233734131,-3.206281900405884,8.295798301696777
1781034516055381000,11.937381103515625,4.316530227661133,-3.2371718883514404,8.180971145629883
1781034516074905300,11.9569052734375,4.496715068817139,-3.268127918243408,8.0708646774292
1781034516094432000,11.976431884765624,4.651805877685547,-3.299053907394409,7.969750881195068
1781034516113957400,11.995957275390625,4.789759159088135,-3.3287949562072754,7.875107765197754
1781034516133480700,12.015480712890625,4.919684886932373,-3.3525819778442383,7.784400939941406
1781034516153005300,12.03500537109375,5.042328834533691,-3.3688809871673584,7.698412895202637
1781034516172527000,12.054527099609375,5.158602237701416,-3.3772048950195312,7.617304801940918
1781034516192045000,12.074045166015624,5.267381191253662,-3.3785529136657715,7.541888236999512
1781034516211562800,12.093562744140625,5.361007213592529,-3.3769938945770264,7.4763312339782715
1781034516231082000,12.11308203125,5.437644958496094,-3.37601900100708,7.421220779418945
1781034516250603000,12.13260302734375,5.496327877044678,-3.3785860538482666,7.3766889572143555
1781034516270122800,12.152122802734375,5.5411601066589355,-3.3846371173858643,7.3402838706970215
1781034516289642500,12.171642578125,5.571671009063721,-3.393979072570801,7.3128228187561035
1781034516309162000,12.191161865234376,5.5875349044799805,-3.405427932739258,7.295375823974609
1781034516328681200,12.21068115234375,5.591573238372803,-3.4164750576019287,7.287110805511475
1781034516348202500,12.230202392578125,5.576547145843506,-3.4276158809661865,7.293391227722168
1781034516367728600,12.249728759765626,5.5419487953186035,-3.437947988510132,7.314868927001953
1781034516387256600,12.269256591796875,5.49036979675293,-3.4455630779266357,7.350097179412842
1781034516406788400,12.288788330078125,5.425418853759766,-3.447499990463257,7.397266864776611
1781034516426320100,12.308320068359375,5.356380939483643,-3.440095901489258,7.450832843780518
1781034516445849000,12.32784912109375,5.288479804992676,-3.4230659008026123,7.506969928741455
1781034516465374500,12.34737451171875,5.2366251945495605,-3.3979029655456543,7.554601192474365
1781034516484899000,12.366899169921876,5.217711925506592,-3.3679099082946777,7.581071853637695
1781034516504422700,12.386422607421874,5.209146976470947,-3.3330368995666504,7.602344036102295
1781034516523945000,12.405945068359374,5.207088947296143,-3.296462059020996,7.619682788848877
1781034516543468500,12.425468505859374,5.186686038970947,-3.2590980529785156,7.649610996246338
1781034516562987300,12.4449873046875,5.142733097076416,-3.223407030105591,7.69428014755249
1781034516582499800,12.464499755859375,5.0749831199646,-3.1893649101257324,7.753224849700928
1781034516602015700,12.484015625,4.9751877784729,-3.152837038040161,7.8324408531188965
1781034516621535700,12.50353564453125,4.872453212738037,-3.113703966140747,7.912271976470947
1781034516641056500,12.523056396484375,4.872453212738037,-3.113703966140747,7.912271976470947
1781034516660582100,12.54258203125,4.768918991088867,-3.069849967956543,7.992084980010986
1781034516680102700,12.5621025390625,4.619103908538818,-2.974416971206665,8.115215301513672
1781034516699618600,12.58161865234375,4.619103908538818,-2.974416971206665,8.115215301513672
1781034516719137800,12.6011376953125,4.513881206512451,-2.8721940517425537,8.210685729980469
1781034516738656800,12.62065673828125,4.513881206512451,-2.8721940517425537,8.210685729980469
1781034516758176300,12.64017626953125,4.4536237716674805,-2.8251760005950928,8.259758949279785
1781034516777695000,12.659695068359374,4.385513782501221,-2.782716989517212,8.310460090637207
1781034516797212200,12.679212158203125,4.309271812438965,-2.743818998336792,8.363109588623047
1781034516816725500,12.6987255859375,4.137619972229004,-2.6635069847106934,8.475011825561523
1781034516836238600,12.718238525390625,4.137619972229004,-2.6635069847106934,8.475011825561523
1781034516855755000,12.737755126953125,4.048315048217773,-2.615048885345459,8.53303337097168
1781034516875274800,12.757274658203125,3.959439992904663,-2.5600059032440186,8.591227531433105
1781034516894794200,12.776794189453126,3.871380090713501,-2.4999868869781494,8.648842811584473
1781034516914314000,12.79631396484375,3.7845299243927,-2.4382519721984863,8.704726219177246
1781034516933837000,12.815837158203125,3.7007150650024414,-2.3783390522003174,8.757181167602539
1781034516953357300,12.835357421875,3.6208178997039795,-2.323028087615967,8.805294036865234
1781034516972876000,12.8548759765625,3.5446550846099854,-2.2742650508880615,8.848905563354492
1781034516992397800,12.874397705078126,3.4690449237823486,-2.2325799465179443,8.889392852783203
1781034517011919600,12.893919677734376,3.3918519020080566,-2.197840929031372,8.927756309509277
1781034517031438300,12.913438232421875,3.3134419918060303,-2.1691689491271973,8.964139938354492
1781034517050955500,12.93295556640625,3.234860897064209,-2.145627021789551,8.998441696166992
1781034517070475000,12.95247509765625,3.1575849056243896,-2.1269989013671875,9.030256271362305
1781034517090000400,12.97200048828125,3.0853021144866943,-2.113574981689453,9.058350563049316
1781034517109524000,12.99152392578125,3.0237579345703125,-2.1057260036468506,9.080903053283691
1781034517129047600,13.011047607421874,2.9786429405212402,-2.1032590866088867,9.096372604370117
1781034517148568600,13.030568603515626,2.951080083847046,-2.105410099029541,9.104854583740234
1781034517168091400,13.05009130859375,2.937290906906128,-2.1109070777893066,9.108039855957031
1781034517187616500,13.069616455078124,2.9312551021575928,-2.1183810234069824,9.10824966430664
1781034517207134500,13.089134521484375,2.9279439449310303,-2.1268489360809326,9.107340812683105
1781034517226652000,13.10865185546875,2.9241011142730713,-2.1365139484405518,9.10631275177002
1781034517246170600,13.128170654296875,2.9195029735565186,-2.149106025695801,9.104825019836426
1781034517265689300,13.147689453125,2.9156079292297363,-2.1656858921051025,9.102143287658691
1781034517285208300,13.167208251953125,2.9130630493164062,-2.1872429847717285,9.097803115844727
1781034517304728800,13.186728759765625,2.9172608852386475,-2.2150259017944336,9.08973217010498
1781034517324248600,13.20624853515625,2.927401065826416,-2.249105930328369,9.078096389770508
1781034517343765800,13.225765869140625,2.940635919570923,-2.289889097213745,9.06361198425293
1781034517363286500,13.24528662109375,2.951383113861084,-2.33712100982666,9.048048973083496
1781034517382809300,13.264809326171875,2.9578120708465576,-2.3913590908050537,9.031763076782227
1781034517402333000,13.2843330078125,2.9623680114746094,-2.4533650875091553,9.01362133026123
1781034517421857800,13.30385791015625,2.9623959064483643,-2.522761106491089,8.994436264038086
1781034517441383700,13.3233837890625,2.962225914001465,-2.599292039871216,8.972675323486328
1781034517460913000,13.342912841796876,2.962225914001465,-2.599292039871216,8.972675323486328
1781034517480439300,13.362439208984375,2.9618239402770996,-2.682090997695923,8.948406219482422
1781034517499962400,13.38196240234375,2.9624478816986084,-2.769568920135498,8.921512603759766
1781034517519485200,13.401485107421875,2.9644570350646973,-2.8598990440368652,8.892298698425293
1781034517539009000,13.421009033203125,2.969327926635742,-3.0417559146881104,8.830107688903809
1781034517558535400,13.440535400390624,2.969327926635742,-3.0417559146881104,8.830107688903809
1781034517578057700,13.4600576171875,2.9735970497131348,-3.130964994430542,8.797430038452148
1781034517597576200,13.479576171875,2.982728958129883,-3.2170629501342773,8.763208389282227
1781034517617095200,13.49909521484375,3.0170750617980957,-3.3761239051818848,8.691319465637207
1781034517636618000,13.518617919921875,3.0170750617980957,-3.3761239051818848,8.691319465637207
1781034517656146400,13.538146484375,3.0399560928344727,-3.4483330249786377,8.654921531677246
1781034517675679200,13.55767919921875,3.0663270950317383,-3.515302896499634,8.618600845336914
1781034517695207700,13.577207763671876,3.0930910110473633,-3.5761868953704834,8.583919525146484
1781034517714726100,13.59672607421875,3.118602991104126,-3.6297149658203125,8.552162170410156
1781034517734243300,13.616243408203125,3.1425769329071045,-3.674751043319702,8.524106979370117
1781034517753766400,13.635766357421875,3.168581008911133,-3.7091588973999023,8.499542236328125
1781034517773288400,13.655288330078125,3.1978440284729004,-3.7338740825653076,8.477733612060547
1781034517792808000,13.674807861328125,3.23274302482605,-3.749613046646118,8.457528114318848
1781034517812328400,13.694328369140624,3.2717349529266357,-3.7580020427703857,8.438789367675781
1781034517831848200,13.71384814453125,3.3034400939941406,-3.7632930278778076,8.424066543579102
1781034517851369000,13.733368896484375,3.323470115661621,-3.7686939239501953,8.41376781463623
1781034517870889500,13.752889404296875,3.3266050815582275,-3.776776075363159,8.408903121948242
1781034517890408400,13.772408447265626,3.311368942260742,-3.7891829013824463,8.409335136413574
1781034517909928200,13.79192822265625,3.281512975692749,-3.806668996810913,8.413141250610352
1781034517929447200,13.811447265625,3.250214099884033,-3.8291730880737305,8.415078163146973
1781034517948961800,13.8309619140625,3.232508897781372,-3.855752944946289,8.409760475158691
1781034517968479500,13.8504794921875,3.2324740886688232,-3.8855679035186768,8.396039009094238
1781034517987998500,13.86999853515625,3.244291067123413,-3.9181199073791504,8.37632942199707
1781034518007522000,13.88952197265625,3.2592179775238037,-3.9519081115722656,8.354634284973145
1781034518027047200,13.909047119140626,3.2632648944854736,-3.986154079437256,8.336767196655273
1781034518046569500,13.928569580078126,3.245311975479126,-4.01955509185791,8.32773208618164
1781034518066089500,13.94808935546875,3.20409893989563,-4.048879146575928,8.329485893249512
1781034518085607200,13.967607177734376,3.140381097793579,-4.072054862976074,8.342443466186523
1781034518105128000,13.9871279296875,3.063370943069458,-4.087098121643066,8.36369514465332
1781034518124652500,14.006652587890626,2.981445074081421,-4.093790054321289,8.389986038208008
1781034518144178000,14.026177978515625,2.9050369262695312,-4.0926618576049805,8.417296409606934
1781034518163699700,14.04569970703125,2.832463026046753,-4.08586311340332,8.44528579711914
1781034518183222000,14.065221923828124,2.7614738941192627,-4.077302932739258,8.47288990020752
1781034518202743000,14.084742919921876,2.6890580654144287,-4.070898056030273,8.499220848083496
1781034518222260500,14.104260498046875,2.6131389141082764,-4.067984104156494,8.524259567260742
1781034518241778400,14.1237783203125,2.5282440185546875,-4.070217132568359,8.548761367797852
1781034518261298700,14.143298583984375,2.430685043334961,-4.076641082763672,8.573959350585938
1781034518280818000,14.16281787109375,2.3210840225219727,-4.086172103881836,8.599754333496094
1781034518300329700,14.182329833984374,2.199350118637085,-4.098351001739502,8.6259126663208
1781034518319846000,14.201845947265625,2.199350118637085,-4.098351001739502,8.6259126663208
1781034518339366100,14.2213662109375,1.926524043083191,-4.131887912750244,8.675021171569824
1781034518358878700,14.240878662109376,1.926524043083191,-4.131887912750244,8.675021171569824
1781034518378389200,14.26038916015625,1.926524043083191,-4.131887912750244,8.675021171569824
1781034518397906400,14.279906494140626,1.6158770322799683,-4.178521156311035,8.71601390838623
1781034518417425200,14.299425048828125,1.2908539772033691,-4.230618953704834,8.745030403137207
1781034518436935200,14.31893505859375,1.2908539772033691,-4.230618953704834,8.745030403137207
1781034518456446700,14.33844677734375,1.1338859796524048,-4.2502570152282715,8.7572603225708
1781034518475967200,14.35796728515625,0.9828799962997437,-4.260676860809326,8.770438194274902
1781034518495487700,14.37748779296875,0.8427450060844421,-4.259332180023193,8.785661697387695
1781034518515007200,14.39700732421875,0.7205439805984497,-4.242706775665283,8.804558753967285
1781034518534532400,14.416532470703125,0.620203971862793,-4.209465026855469,8.828123092651367
1781034518554057200,14.43605712890625,0.5320510268211365,-4.159555912017822,8.85748291015625
1781034518573577700,14.45557763671875,0.46355700492858887,-4.097060203552246,8.890398979187012
1781034518593095000,14.475094970703125,0.4283309876918793,-4.0279998779296875,8.923662185668945
1781034518612613000,14.494613037109374,0.4369159936904907,-3.965578079223633,8.95116138458252
1781034518632131600,14.514131591796875,0.49498799443244934,-3.920093059539795,8.968157768249512
1781034518651650000,14.533650146484375,0.5998250246047974,-3.896207094192505,8.972167015075684
1781034518671168500,14.55316845703125,0.7489569783210754,-3.8958370685577393,8.961111068725586
1781034518690681900,14.572681884765625,0.9363390207290649,-3.917588949203491,8.933966636657715
1781034518710190300,14.5921904296875,1.146049976348877,-3.957479953765869,8.891845703125
1781034518729700600,14.61170068359375,1.3643100261688232,-4.005374908447266,8.839435577392578
1781034518749215700,14.6312158203125,1.576550006866455,-4.054873943328857,8.781371116638184
1781034518768728600,14.650728515625,1.7705949544906616,-4.105947971343994,8.72044563293457
1781034518788241000,14.670240966796875,1.9316010475158691,-4.166118144989014,8.657504081726074
1781034518807756000,14.689756103515625,2.0587949752807617,-4.234994888305664,8.59454345703125
1781034518827271400,14.709271484375,2.1551079750061035,-4.3125739097595215,8.53212833404541
1781034518846787000,14.728787109375,2.236893892288208,-4.39703893661499,8.467723846435547
1781034518866305800,14.748305908203125,2.3242390155792236,-4.4845452308654785,8.398021697998047
1781034518885826000,14.767825927734375,2.4391040802001953,-4.570093154907227,8.318955421447754
1781034518905345800,14.787345703125,2.5938079357147217,-4.644863128662109,8.230273246765137
1781034518924863000,14.806863037109375,2.786259889602661,-4.708439826965332,8.13064193725586
1781034518944378000,14.826378173828125,3.013166904449463,-4.7605299949646,8.018614768981934
1781034518963890200,14.84589013671875,3.25646710395813,-4.8050079345703125,7.896030902862549
1781034518983400700,14.865400634765624,3.4877030849456787,-4.848537921905518,7.769659042358398
1781034519002912800,14.884912841796876,3.690635919570923,-4.8961100578308105,7.645083904266357
1781034519022428200,14.90442822265625,3.8654589653015137,-4.94852876663208,7.523979187011719
1781034519041948200,14.9239482421875,4.021073818206787,-5.009097099304199,7.4013447761535645
1781034519061469700,14.9434697265625,4.15963077545166,-5.077723026275635,7.276963233947754
1781034519080994300,14.962994384765626,4.15963077545166,-5.077723026275635,7.276963233947754
1781034519100520700,14.982520751953125,4.403684139251709,-5.238793849945068,7.014455795288086
1781034519120048400,15.00204833984375,4.5114359855651855,-5.331998825073242,6.874352931976318
1781034519139570400,15.0215703125,4.5114359855651855,-5.331998825073242,6.874352931976318
1781034519159090700,15.041090576171875,4.5114359855651855,-5.331998825073242,6.874352931976318
1781034519178614500,15.060614501953125,4.675262928009033,-5.52993106842041,6.60316276550293
1781034519198139100,15.08013916015625,4.724510192871094,-5.629373073577881,6.4829888343811035
1781034519217659400,15.099659423828125,4.7519211769104,-5.722561836242676,6.380558013916016
1781034519237180000,15.119179931640625,4.761957168579102,-5.803235054016113,6.299699783325195
1781034519256704500,15.13870458984375,4.763436794281006,-5.868603229522705,6.237720966339111
1781034519276223700,15.1582236328125,4.764942169189453,-5.922039985656738,6.185850143432617
1781034519295743000,15.177742919921876,4.768418788909912,-5.963982105255127,6.142727851867676
1781034519315263700,15.197263671875,4.776084899902344,-5.9956278800964355,6.105854034423828
1781034519334784300,15.2167841796875,4.787808895111084,-6.020679950714111,6.071926116943359
1781034519354306300,15.236306396484375,4.805692195892334,-6.0415730476379395,6.036946773529053
1781034519373824800,15.25582470703125,4.834456920623779,-6.054431915283203,6.000988960266113
1781034519393342500,15.275342529296875,4.8824782371521,-6.05068302154541,5.965789794921875
1781034519412864500,15.294864501953125,4.9475321769714355,-6.030060768127441,5.932981014251709
1781034519432386600,15.314386474609375,5.02621603012085,-5.993135929107666,5.904189109802246
1781034519451905500,15.333905517578126,5.107759952545166,-5.944753170013428,5.883083820343018
1781034519471424000,15.353424072265625,5.17505407333374,-5.893682956695557,5.87565279006958
1781034519490944000,15.372944091796874,5.213734149932861,-5.847929954528809,5.887162208557129
1781034519510464500,15.392464599609376,5.21317720413208,-5.816151142120361,5.919051170349121
1781034519529989600,15.41198974609375,5.171879768371582,-5.798492908477783,5.9723639488220215
1781034519549514000,15.431513916015625,5.094735145568848,-5.791728973388672,6.044795036315918
1781034519569036800,15.451036865234375,4.99196195602417,-5.7896552085876465,6.131900787353516
1781034519588558800,15.470558837890625,4.888998031616211,-5.780088901519775,6.223203182220459
1781034519608084500,15.49008447265625,4.804043769836426,-5.756385803222656,6.310719966888428
1781034519627609000,15.509609130859374,4.7423810958862305,-5.717695236206055,6.3920087814331055
1781034519647129900,15.5291298828125,4.704532146453857,-5.660820007324219,6.470122814178467
1781034519666649300,15.5486494140625,4.684761047363281,-5.588432788848877,6.546938896179199
1781034519686174200,15.56817431640625,4.676559925079346,-5.502495765686035,6.625129222869873
1781034519705704400,15.587704345703125,4.667966842651367,-5.407501220703125,6.708876132965088
1781034519725232400,15.607232421875,4.6511921882629395,-5.306705951690674,6.800386905670166
1781034519744755000,15.6267548828125,4.632461071014404,-5.2047529220581055,6.891359806060791
1781034519764276000,15.64627587890625,4.613274097442627,-5.1058268547058105,6.977694988250732
1781034519783799800,15.6657998046875,4.5948920249938965,-5.0118560791015625,7.057497024536133
1781034519803325000,15.685324951171875,4.580154895782471,-4.924178123474121,7.128438949584961
1781034519822851000,15.70485107421875,4.567911148071289,-4.843396186828613,7.191361904144287
1781034519842379000,15.72437890625,4.554262161254883,-4.769465923309326,7.249197959899902
1781034519861907200,15.7439072265625,4.5276007652282715,-4.698710918426514,7.311835765838623
1781034519881435000,15.763434814453126,4.485548973083496,-4.630462169647217,7.380967140197754
1781034519900961800,15.7829619140625,4.485548973083496,-4.630462169647217,7.380967140197754
1781034519920483300,15.8024833984375,4.425321102142334,-4.562405109405518,7.459288120269775
1781034519940000300,15.822000244140625,4.246065139770508,-4.425238132476807,7.643833160400391
1781034519959517000,15.841516845703126,4.246065139770508,-4.425238132476807,7.643833160400391
1781034519979036200,15.8610361328125,3.999774932861328,-4.28797721862793,7.852071762084961
1781034519998550800,15.88055078125,3.999774932861328,-4.28797721862793,7.852071762084961
1781034520018062600,15.9000625,3.7180159091949463,-4.155934810638428,8.058818817138672
1781034520037578800,15.919578857421875,3.7180159091949463,-4.155934810638428,8.058818817138672
1781034520057097200,15.93909716796875,3.575122117996216,-4.097235202789307,8.152984619140625
1781034520076618200,15.9586181640625,3.4407598972320557,-4.0445380210876465,8.236678123474121
1781034520096141600,15.9781416015625,3.321187973022461,-3.999000072479248,8.30768871307373
1781034520115661800,15.997661865234376,3.217082977294922,-3.960984945297241,8.366658210754395
1781034520135180500,16.0171806640625,3.128048896789551,-3.9306719303131104,8.414576530456543
1781034520154699500,16.036699462890624,3.0437428951263428,-3.9092319011688232,8.455384254455566
1781034520174218000,16.056218017578125,2.96264910697937,-3.8944199085235596,8.490948677062988
1781034520193735700,16.075735595703126,2.8751699924468994,-3.8846371173858643,8.525432586669922
1781034520213257500,16.095257568359376,2.7776288986206055,-3.877255916595459,8.561054229736328
1781034520232783400,16.114783447265626,2.6679670810699463,-3.870361089706421,8.598967552185059
1781034520252307200,16.13430712890625,2.5468928813934326,-3.8632099628448486,8.63880443572998
1781034520271830500,16.15383056640625,2.4240500926971436,-3.854965925216675,8.677742004394531
1781034520291357200,16.173357177734374,2.3024399280548096,-3.8465380668640137,8.714523315429688
1781034520310881800,16.1928818359375,2.1856460571289062,-3.8394570350646973,8.747657775878906
1781034520330405600,16.212405517578127,2.075993061065674,-3.8355391025543213,8.776040077209473
1781034520349932000,16.23193212890625,1.9754910469055176,-3.836150884628296,8.798941612243652
1781034520369459200,16.251459228515625,1.8866519927978516,-3.8410589694976807,8.816280364990234
1781034520388987600,16.270987548828124,1.810845971107483,-3.8482730388641357,8.829022407531738
1781034520408515600,16.290515625,1.7479209899902344,-3.855634927749634,8.83848762512207
1781034520428040200,16.310040283203126,1.6977150440216064,-3.861496925354004,8.845710754394531
1781034520447561200,16.329561279296875,1.6610690355300903,-3.864737033843994,8.851251602172852
1781034520467078000,16.349077880859376,1.6356090307235718,-3.8657279014587402,8.855559349060059
1781034520486597600,16.36859765625,1.6154600381851196,-3.866199016571045,8.859051704406738
1781034520506122800,16.388122802734376,1.5963150262832642,-3.869887113571167,8.86091136932373
1781034520525646300,16.407646240234374,1.5765620470046997,-3.879297971725464,8.860331535339355
1781034520545173500,16.427173583984374,1.5539319515228271,-3.8950328826904297,8.857426643371582
1781034520564699100,16.44669921875,1.5327479839324951,-3.9183850288391113,8.850815773010254
1781034520584217300,16.46621728515625,1.514206051826477,-3.9491970539093018,8.840306282043457
1781034520603739100,16.4857392578125,1.5023770332336426,-3.9859769344329834,8.8258056640625
1781034520623261400,16.505261474609377,1.4988939762115479,-4.0260090827941895,8.808210372924805
1781034520642780400,16.524780517578126,1.5057339668273926,-4.066893100738525,8.788238525390625
1781034520662302200,16.54430224609375,1.5229909420013428,-4.108367919921875,8.765945434570312
1781034520681827000,16.5638271484375,1.5438640117645264,-4.149345874786377,8.742962837219238
1781034520701350000,16.583349853515625,1.566431999206543,-4.189035892486572,8.719991683959961
1781034520720872200,16.6028720703125,1.5870699882507324,-4.226673126220703,8.69806957244873
1781034520740391700,16.6223916015625,1.5870699882507324,-4.226673126220703,8.69806957244873
1781034520759910700,16.64191064453125,1.6186740398406982,-4.292600154876709,8.659876823425293
1781034520779430700,16.6614306640625,1.6186740398406982,-4.292600154876709,8.659876823425293
1781034520798950000,16.680949951171876,1.633147954940796,-4.3499979972839355,8.628461837768555
1781034520818469600,16.7004697265625,1.633147954940796,-4.3499979972839355,8.628461837768555
1781034520837987000,16.719987060546874,1.6352070569992065,-4.378334045410156,8.613726615905762
1781034520857504300,16.739504150390626,1.6348049640655518,-4.40765380859375,8.598836898803711
1781034520877027600,16.759027587890625,1.6321990489959717,-4.437842845916748,8.583791732788086
1781034520896554200,16.77855419921875,1.6294540166854858,-4.4680399894714355,8.568634033203125
1781034520916079600,16.79807958984375,1.6276930570602417,-4.495942115783691,8.554363250732422
1781034520935606500,16.8176064453125,1.6287180185317993,-4.520400047302246,8.541268348693848
1781034520955130400,16.83713037109375,1.6325949430465698,-4.540102958679199,8.530070304870605
1781034520974652000,16.85665185546875,1.6392619609832764,-4.555552005767822,8.520549774169922
1781034520994174700,16.8761748046875,1.6487679481506348,-4.567947864532471,8.51207447052002
1781034521013698000,16.895697998046874,1.6608010530471802,-4.578139781951904,8.504255294799805
1781034521033218300,16.91521826171875,1.6608010530471802,-4.578139781951904,8.504255294799805
1781034521052737300,16.9347373046875,1.708055019378662,-4.585296154022217,8.491031646728516
1781034521072260900,16.9542607421875,1.7540229558944702,-4.57977294921875,8.484638214111328
1781034521091786200,16.9737861328125,1.8224990367889404,-4.565540790557861,8.477872848510742
1781034521111308800,16.993308837890623,1.9151320457458496,-4.542356967926025,8.469902992248535
1781034521130832100,17.01283203125,2.0295400619506836,-4.511622905731201,8.45968246459961
1781034521150354000,17.03235400390625,2.1499009132385254,-4.478750228881836,8.447409629821777
1781034521169873200,17.051873046875,2.2743051052093506,-4.443533897399902,8.433417320251465
1781034521189395000,17.07139501953125,2.3902790546417236,-4.408454895019531,8.419743537902832
1781034521208918000,17.09091796875,2.493338108062744,-4.374229907989502,8.407697677612305
1781034521228439600,17.110439453125,2.5817339420318604,-4.340699195861816,8.398391723632812
1781034521247961900,17.1299619140625,2.6557629108428955,-4.307436943054199,8.392431259155273
1781034521267480800,17.149480712890625,2.72235107421875,-4.2734270095825195,8.388482093811035
1781034521287001300,17.16900146484375,2.780435085296631,-4.240248203277588,8.386265754699707
1781034521306524200,17.188524169921877,2.8242859840393066,-4.210346221923828,8.386677742004395
1781034521326043400,17.20804345703125,2.854404926300049,-4.18518590927124,8.389076232910156
1781034521345561300,17.227561279296875,2.8697540760040283,-4.165627956390381,8.393572807312012
1781034521365079000,17.2470791015625,2.8706469535827637,-4.150965213775635,8.400527954101562
1781034521384600000,17.26660009765625,2.8568360805511475,-4.139100074768066,8.411084175109863
1781034521404121300,17.286121337890624,2.8301749229431152,-4.128606796264648,8.42524242401123
1781034521423644400,17.30564453125,2.7970969676971436,-4.116323947906494,8.442281723022461
1781034521443168500,17.32516845703125,2.758970022201538,-4.10134220123291,8.462096214294434
1781034521462687700,17.344687744140625,2.7181990146636963,-4.082974910736084,8.48414421081543
1781034521482204700,17.36420458984375,2.6763789653778076,-4.060884952545166,8.508008003234863
1781034521501725200,17.38372509765625,2.6364669799804688,-4.035155773162842,8.532674789428711
1781034521521249800,17.403249755859374,2.6364669799804688,-4.035155773162842,8.532674789428711
1781034521540772900,17.42277294921875,2.5691070556640625,-3.962735891342163,8.586991310119629
1781034521560297000,17.442296875,2.540889024734497,-3.9161009788513184,8.616729736328125
1781034521579822000,17.461822021484377,2.540889024734497,-3.9161009788513184,8.616729736328125
1781034521599345700,17.481345703125,2.490885019302368,-3.7969179153442383,8.684405326843262
1781034521618866400,17.500866455078125,2.490885019302368,-3.7969179153442383,8.684405326843262
1781034521638386400,17.520386474609374,2.459336996078491,-3.7300119400024414,8.722308158874512
1781034521657906000,17.539906005859375,2.417124032974243,-3.664565086364746,8.761761665344238
1781034521677425000,17.5594248046875,2.3526880741119385,-3.604296922683716,8.804198265075684
1781034521696946000,17.57894580078125,2.261918067932129,-3.553813934326172,8.848397254943848
1781034521716471000,17.598470947265625,2.143057107925415,-3.515031099319458,8.893359184265137
1781034521735997700,17.617997802734376,2.0011448860168457,-3.4855310916900635,8.9379243850708
1781034521755524900,17.63752490234375,1.8529620170593262,-3.459192991256714,8.980006217956543
1781034521775051800,17.6570517578125,1.7134310007095337,-3.4348371028900146,9.016986846923828
1781034521794572500,17.676572509765624,1.5980559587478638,-3.408914089202881,9.047956466674805
1781034521814094600,17.696094482421874,1.5136510133743286,-3.3788859844207764,9.073697090148926
1781034521833618200,17.7156181640625,1.5136510133743286,-3.3788859844207764,9.073697090148926
1781034521853137000,17.735136962890625,1.452767014503479,-3.30330491065979,9.111401557922363
1781034521872657700,17.75465771484375,1.4665759801864624,-3.2600810527801514,9.124748229980469
1781034521892179500,17.774179443359376,1.5011650323867798,-3.2154250144958496,9.134963035583496
1781034521911700200,17.7937001953125,1.5654939413070679,-3.1708760261535645,9.139735221862793
1781034521931219200,17.81321923828125,1.6618260145187378,-3.128174066543579,9.137442588806152
1781034521950737400,17.8327373046875,1.7889659404754639,-3.0895309448242188,9.12657642364502
1781034521970256000,17.852255859375,1.9489079713821411,-3.05720591545105,9.104682922363281
1781034521989768700,17.871768798828125,2.1383299827575684,-3.0325679779052734,9.070341110229492
1781034522009288700,17.891288818359374,2.3503708839416504,-3.016961097717285,9.022954940795898
1781034522028813000,17.91081298828125,2.573551893234253,-3.0108768939971924,8.963896751403809
1781034522048334300,17.930334228515626,2.800740957260132,-3.014686107635498,8.894240379333496
1781034522067856100,17.949856201171876,3.0246429443359375,-3.0286600589752197,8.815823554992676
1781034522087381200,17.96938134765625,3.238358974456787,-3.0529890060424805,8.731110572814941
1781034522106904800,17.98890478515625,3.4375109672546387,-3.0888071060180664,8.64192008972168
1781034522126423300,18.00842333984375,3.6197400093078613,-3.138434886932373,8.549134254455566
1781034522145943000,18.027943115234375,3.785973072052002,-3.1993649005889893,8.454021453857422
1781034522165468200,18.04746826171875,3.9382259845733643,-3.271122932434082,8.356440544128418
1781034522184994300,18.066994384765625,4.078744888305664,-3.3530828952789307,8.255948066711426
1781034522204517400,18.086517333984375,4.210746765136719,-3.444056987762451,8.151569366455078
1781034522224043000,18.10604296875,4.336383819580078,-3.542396068572998,8.042835235595703
1781034522243568000,18.125568115234376,4.459338188171387,-3.6428020000457764,7.929961204528809
1781034522263089000,18.1450888671875,4.581949234008789,-3.7437539100646973,7.812171936035156
1781034522282611000,18.16461083984375,4.707880973815918,-3.8408560752868652,7.689191818237305
1781034522302131000,18.184130859375,4.838708877563477,-3.9302380084991455,7.561752796173096
1781034522321649700,18.203649658203126,4.973230838775635,-4.010810852050781,7.431039810180664
1781034522341168000,18.223168212890624,4.973230838775635,-4.010810852050781,7.431039810180664
1781034522360688000,18.242688232421877,5.234393119812012,-4.146602153778076,7.172643184661865
1781034522380213800,18.2622138671875,5.349616050720215,-4.207956790924072,7.050864219665527
1781034522399741200,18.2817412109375,5.349616050720215,-4.207956790924072,7.050864219665527
1781034522419266300,18.301266357421873,5.536170959472656,-4.331212997436523,6.828718185424805
1781034522438789600,18.32078955078125,5.536170959472656,-4.331212997436523,6.828718185424805
1781034522458312400,18.3403125,5.536170959472656,-4.331212997436523,6.828718185424805
1781034522477833200,18.359833251953123,5.664858818054199,-4.459693908691406,6.637807846069336
1781034522497352400,18.3793525390625,5.715503215789795,-4.521282196044922,6.552175998687744
1781034522516875300,18.398875244140626,5.758531093597412,-4.578158855438232,6.474547863006592
1781034522536402000,18.41840185546875,5.792769908905029,-4.629502773284912,6.407145977020264
1781034522555929000,18.43792919921875,5.820870876312256,-4.672399044036865,6.350287914276123
1781034522575457800,18.457457763671876,5.841882228851318,-4.707043170928955,6.305247783660889
1781034522594985500,18.4769853515625,5.857446193695068,-4.732128143310547,6.271944999694824
1781034522614513200,18.49651318359375,5.870518207550049,-4.746175765991211,6.24906587600708
1781034522634041900,18.516041748046874,5.870518207550049,-4.746175765991211,6.24906587600708
1781034522653567200,18.535567138671876,5.897823810577393,-4.7359771728515625,6.2310662269592285
1781034522673090000,18.555090087890626,5.914445877075195,-4.7121357917785645,6.23338508605957
1781034522692613400,18.57461328125,5.934177875518799,-4.676511764526367,6.241454124450684
1781034522712137500,18.594137451171875,5.9566521644592285,-4.6298909187316895,6.254790782928467
1781034522731666700,18.613666748046874,5.9802398681640625,-4.573768138885498,6.273543834686279
1781034522751197700,18.63319775390625,6.001755237579346,-4.511627197265625,6.297947883605957
1781034522770725400,18.652725341796874,6.018019199371338,-4.444674015045166,6.329954147338867
1781034522790252500,18.67225244140625,6.025643825531006,-4.3743791580200195,6.371530055999756
1781034522809784800,18.691784912109377,6.021711826324463,-4.3010969161987305,6.424915790557861
1781034522829319400,18.7113193359375,6.003909111022949,-4.225549221038818,6.491364002227783
1781034522848854800,18.730854736328126,5.97109317779541,-4.148820877075195,6.5706400871276855
1781034522868390000,18.750389892578124,5.922224044799805,-4.071355819702148,6.662680149078369
1781034522887918300,18.76991845703125,5.856372833251953,-3.9936959743499756,6.767073154449463
1781034522907442400,18.7894423828125,5.7741379737854,-3.9163029193878174,6.881998062133789
1781034522926967800,18.8089677734375,5.677645206451416,-3.838984966278076,7.004749774932861
1781034522946494500,18.828494384765627,5.5714921951293945,-3.76159405708313,7.130839824676514
1781034522966021000,18.848021240234374,5.457801818847656,-3.683403968811035,7.258437156677246
1781034522985547500,18.867547607421876,5.340127944946289,-3.6032419204711914,7.385097980499268
1781034523005076500,18.887076416015624,5.220411777496338,-3.521826982498169,7.5089287757873535
1781034523024607500,18.906607421875,5.10041618347168,-3.439023017883301,7.628818035125732
1781034523044136400,18.926136474609375,4.978830814361572,-3.3576290607452393,7.744517803192139
1781034523063662300,18.945662353515626,4.852124214172363,-3.2772250175476074,7.858541011810303
1781034523083183400,18.965183349609376,4.719934940338135,-3.196587085723877,7.971452236175537
1781034523102706200,18.9847060546875,4.58085823059082,-3.1161060333251953,8.083663940429688
1781034523122235400,19.0042353515625,4.436264991760254,-3.0363879203796387,8.193893432617188
1781034523141762600,19.023762451171876,4.2866010665893555,-2.9597558975219727,8.300895690917969
1781034523161287200,19.043287109375,4.133995056152344,-2.887010097503662,8.403287887573242
1781034523180809700,19.062809814453125,4.133995056152344,-2.887010097503662,8.403287887573242
1781034523200332000,19.08233203125,3.8316988945007324,-2.760885000228882,8.586942672729492
1781034523219857000,19.10185693359375,3.8316988945007324,-2.760885000228882,8.586942672729492
1781034523239379000,19.12137890625,3.682183027267456,-2.7147738933563232,8.666690826416016
1781034523258900500,19.140900390625,3.390263080596924,-2.6553170680999756,8.803147315979004
1781034523278427000,19.160427001953124,3.390263080596924,-2.6553170680999756,8.803147315979004
1781034523297958000,19.1799580078125,3.2514169216156006,-2.6386489868164062,8.860350608825684
1781034523317490000,19.199489990234376,3.1181180477142334,-2.628571033477783,8.911113739013672
1781034523337018000,19.21901806640625,2.993058919906616,-2.623624086380005,8.955344200134277
1781034523356543700,19.238543701171874,2.878070116043091,-2.618501901626587,8.994452476501465
1781034523376068600,19.258068603515625,2.776772975921631,-2.612051010131836,9.028107643127441
1781034523395592400,19.277592529296875,2.692979097366333,-2.6024649143218994,9.056215286254883
1781034523415116500,19.297116455078125,2.6281440258026123,-2.5894179344177246,9.078973770141602
1781034523434640400,19.316640380859376,2.582703113555908,-2.5733470916748047,9.096567153930664
1781034523454167600,19.33616748046875,2.557218074798584,-2.5546159744262695,9.109038352966309
1781034523473696300,19.3556962890625,2.552072048187256,-2.5339479446411133,9.116250991821289
1781034523493221600,19.3752216796875,2.566365957260132,-2.512265920639038,9.11823844909668
1781034523512743000,19.394742919921875,2.597493886947632,-2.490061044692993,9.11551570892334
1781034523532263400,19.414263427734376,2.641386032104492,-2.4676930904388428,9.108983039855957
1781034523551786500,19.433786376953126,2.693242073059082,-2.445420026779175,9.099800109863281
1781034523571309300,19.453309326171876,2.748931884765625,-2.4232540130615234,9.089070320129395
1781034523590834000,19.472833984375,2.804353952407837,-2.4014739990234375,9.077913284301758
1781034523610361900,19.49236181640625,2.8551979064941406,-2.3808488845825195,9.06749153137207
1781034523629890600,19.511890625,2.8982269763946533,-2.362394094467163,9.058663368225098
1781034523649418000,19.53141796875,2.931688070297241,-2.3469650745391846,9.05190372467041
1781034523668940300,19.550940185546875,2.9559459686279297,-2.336664915084839,9.046677589416504
1781034523688466000,19.5704658203125,2.971813917160034,-2.3355109691619873,9.041775703430176
1781034523707992300,19.589992431640624,2.9812750816345215,-2.3464550971984863,9.035825729370117
1781034523727517200,19.60951708984375,2.9871370792388916,-2.371619939804077,9.027316093444824
1781034523747046700,19.629046630859374,2.992487907409668,-2.4131040573120117,9.01453971862793
1781034523766574800,19.648574951171874,3.000044107437134,-2.472126007080078,8.996017456054688
1781034523786098200,19.66809814453125,3.0068559646606445,-2.5492019653320312,8.972200393676758
1781034523805623800,19.687623779296874,3.012303113937378,-2.6417129039764404,8.943567276000977
1781034523825152300,19.70715234375,3.012176990509033,-2.7450690269470215,8.91242790222168
1781034523844678400,19.726678466796876,3.0024380683898926,-2.855562925338745,8.880941390991211
1781034523864196400,19.7461962890625,2.9798460006713867,-2.9693260192871094,8.85119342803955
1781034523883713800,19.7657138671875,2.941206932067871,-3.0826430320739746,8.825339317321777
1781034523903231700,19.785231689453123,2.890589952468872,-3.191287040710449,8.803418159484863
1781034523922752500,19.80475244140625,2.832418918609619,-3.2919681072235107,8.785234451293945
1781034523942280000,19.824280029296876,2.7749369144439697,-3.3838329315185547,8.768659591674805
1781034523961808400,19.843808349609375,2.7246289253234863,-3.466494083404541,8.752131462097168
1781034523981337600,19.863337646484375,2.690139055252075,-3.539557933807373,8.733537673950195
1781034524000862700,19.88286279296875,2.690139055252075,-3.539557933807373,8.733537673950195
1781034524020385500,19.902385498046876,2.6789588928222656,-3.653223991394043,8.690059661865234
1781034524039910000,19.921909912109374,2.6999669075012207,-3.6954500675201416,8.665669441223145
1781034524059439400,19.941439453125,2.6999669075012207,-3.6954500675201416,8.665669441223145
1781034524078972700,19.96097265625,2.6999669075012207,-3.6954500675201416,8.665669441223145
1781034524098500400,19.980500244140625,2.785367012023926,-3.7664759159088135,8.607867240905762
1781034524118023400,20.0000234375,2.8409199714660645,-3.80074405670166,8.5745849609375
1781034524137547800,20.0195478515625,2.9019100666046143,-3.840456962585449,8.536381721496582
1781034524157077500,20.039077392578125,2.9672980308532715,-3.8855020999908447,8.493410110473633
1781034524176608800,20.05860888671875,3.0263419151306152,-3.936444044113159,8.449003219604492
1781034524196136400,20.078136474609376,3.0701189041137695,-3.9839329719543457,8.410865783691406
1781034524215670500,20.09767041015625,3.0986509323120117,-4.026797771453857,8.379931449890137
1781034524235202300,20.117202392578125,3.110114097595215,-4.061952114105225,8.358692169189453
1781034524254728400,20.136728515625,3.1040360927581787,-4.089755058288574,8.347387313842773
1781034524274258400,20.156258544921876,3.0817880630493164,-4.118389129638672,8.34154987335205
1781034524293790200,20.175790283203124,3.0566298961639404,-4.148759841918945,8.335755348205566
1781034524313320700,20.19532080078125,3.044558048248291,-4.185298919677734,8.321894645690918
1781034524332846000,20.21484619140625,3.0465118885040283,-4.22711706161499,8.300013542175293
1781034524352366600,20.23436669921875,3.061755895614624,-4.272179126739502,8.271284103393555
1781034524371890200,20.25389013671875,3.08670711517334,-4.316514015197754,8.23892879486084
1781034524391417300,20.273417236328125,3.118872880935669,-4.350021839141846,8.209136962890625
1781034524410944300,20.2929443359375,3.15287709236145,-4.369697093963623,8.185665130615234
1781034524430468600,20.312468505859375,3.1722609996795654,-4.374855041503906,8.1754150390625
1781034524449989600,20.33198974609375,3.1785049438476562,-4.360476970672607,8.180668830871582
1781034524469511200,20.35151123046875,3.172797918319702,-4.3293070793151855,8.199417114257812
1781034524489029600,20.371029541015623,3.1574549674987793,-4.2854509353637695,8.228327751159668
1781034524508548000,20.390548095703124,3.1326780319213867,-4.234156131744385,8.264273643493652
1781034524528065800,20.410065673828125,3.0976150035858154,-4.18186092376709,8.304022789001465
1781034524547586000,20.4295859375,3.0573370456695557,-4.135142803192139,8.34225845336914
1781034524567112000,20.44911181640625,3.007143974304199,-4.104620933532715,8.375510215759277
1781034524586636500,20.468636474609376,2.940351963043213,-4.092449188232422,8.40512752532959
1781034524606155000,20.488155029296873,2.855984926223755,-4.099002838134766,8.430985450744629
1781034524625667600,20.50766748046875,2.7551379203796387,-4.118982791900635,8.454771995544434
1781034524645184300,20.527184326171874,2.6387739181518555,-4.147986888885498,8.477680206298828
1781034524664702500,20.546702392578126,2.5085060596466064,-4.176787853240967,8.503047943115234
1781034524684216000,20.566216064453126,2.368828058242798,-4.201760768890381,8.530759811401367
1781034524703731500,20.5857314453125,2.2277109622955322,-4.217806816101074,8.560806274414062
1781034524723249000,20.605248779296875,2.0892651081085205,-4.220694065093994,8.59422492980957
1781034524742764000,20.624763916015624,1.9583319425582886,-4.21274995803833,8.628885269165039
1781034524762282500,20.644282470703125,1.8494360446929932,-4.197306156158447,8.660381317138672
1781034524781800200,20.66380029296875,1.774873971939087,-4.188558101654053,8.680195808410645
1781034524801319200,20.683319091796875,1.7371799945831299,-4.188870906829834,8.687666893005371
1781034524820841700,20.702841796875,1.7371799945831299,-4.188870906829834,8.687666893005371
1781034524840359700,20.722359619140626,1.7772380113601685,-4.2168121337890625,8.666020393371582
1781034524859877600,20.741877685546875,1.851511001586914,-4.228291034698486,8.644851684570312
1781034524879395800,20.761395751953124,1.851511001586914,-4.228291034698486,8.644851684570312
1781034524898915800,20.780915771484374,2.090816020965576,-4.19137716293335,8.608184814453125
1781034524918438700,20.800438720703124,2.090816020965576,-4.19137716293335,8.608184814453125
1781034524937961500,20.81996142578125,2.38146710395813,-4.0361008644104,8.60688591003418
1781034524957484500,20.839484619140624,2.38146710395813,-4.0361008644104,8.60688591003418
1781034524977006600,20.859006591796874,2.5387299060821533,-3.9148659706115723,8.617926597595215
1781034524996526800,20.87852685546875,2.701508045196533,-3.778769016265869,8.629180908203125
1781034525016050000,20.8980498046875,3.0255470275878906,-3.5030341148376465,8.63798713684082
1781034525035571700,20.91757177734375,3.0255470275878906,-3.5030341148376465,8.63798713684082
1781034525055089200,20.937089111328124,3.2014169692993164,-3.384265899658203,8.621930122375488
1781034525074609700,20.956609619140625,3.388577938079834,-3.286457061767578,8.588174819946289
1781034525094136300,20.97613623046875,3.5960099697113037,-3.212368965148926,8.531669616699219
1781034525113660700,20.99566064453125,3.8216190338134766,-3.16098690032959,8.45241928100586
1781034525133178000,21.01517822265625,4.061584949493408,-3.1276140213012695,8.352337837219238
1781034525152696600,21.034696533203125,4.305304050445557,-3.109787940979004,8.236112594604492
1781034525172217300,21.05421728515625,4.552247047424316,-3.0965030193328857,8.107324600219727
1781034525191737000,21.073737060546875,4.797637939453125,-3.089181900024414,7.967410087585449
1781034525211254300,21.093254150390624,5.03224515914917,-3.0921740531921387,7.820162773132324
1781034525230774300,21.112774169921874,5.254872798919678,-3.1077990531921387,7.666022777557373
1781034525250297900,21.1322978515625,5.464996814727783,-3.1369550228118896,7.505552768707275
1781034525269820200,21.151820068359374,5.662182807922363,-3.1792190074920654,7.339770793914795
1781034525289341700,21.171341796875,5.847662925720215,-3.2310569286346436,7.169734954833984
1781034525308863000,21.190863037109374,6.023749828338623,-3.2865779399871826,6.996629238128662
1781034525328384300,21.21038427734375,6.191758155822754,-3.339777946472168,6.822609901428223
1781034525347904800,21.22990478515625,6.353508949279785,-3.3851048946380615,6.649357795715332
1781034525367427000,21.249427001953126,6.511081218719482,-3.418621063232422,6.477563858032227
1781034525386950100,21.2689501953125,6.665507793426514,-3.438668966293335,6.3076581954956055
1781034525406472200,21.28847216796875,6.8158860206604,-3.4460809230804443,6.140700817108154
1781034525425997300,21.307997314453125,6.962592124938965,-3.443613052368164,5.9752678871154785
1781034525445521000,21.32752099609375,7.105228900909424,-3.4330830574035645,5.811165809631348
1781034525465036000,21.3470361328125,7.242903232574463,-3.418534994125366,5.6474738121032715
1781034525484555500,21.366555419921873,7.3685431480407715,-3.4078269004821777,5.48919677734375
1781034525504076800,21.386076904296875,7.483242034912109,-3.4020140171051025,5.335484981536865
1781034525523598000,21.40559814453125,7.584405899047852,-3.406330108642578,5.187840938568115
1781034525543121200,21.42512109375,7.671451091766357,-3.4209680557250977,5.048346042633057
1781034525562647800,21.444647705078125,7.7456560134887695,-3.4471778869628906,4.91546106338501
1781034525582175700,21.46417578125,7.808612823486328,-3.481626033782959,4.78997278213501
1781034525601700400,21.483700439453123,7.866517066955566,-3.516279935836792,4.668371200561523
1781034525621229000,21.50322900390625,7.866517066955566,-3.516279935836792,4.668371200561523
1781034525640753700,21.522753662109373,7.919094085693359,-3.5509490966796875,4.5517802238464355
1781034525660272400,21.5422724609375,8.020899772644043,-3.593614101409912,4.334871768951416
1781034525679794700,21.561794677734376,8.067723274230957,-3.599771022796631,4.2418742179870605
1781034525699316700,21.581316650390626,8.067723274230957,-3.599771022796631,4.2418742179870605
1781034525718839600,21.600839599609376,8.067723274230957,-3.599771022796631,4.2418742179870605
1781034525738364700,21.62036474609375,8.133455276489258,-3.5879058837890625,4.124782085418701
1781034525757887700,21.6398876953125,8.15216064453125,-3.5704379081726074,4.10295295715332
1781034525777411800,21.659411865234375,8.160353660583496,-3.5477359294891357,4.106358051300049
1781034525796936700,21.678936767578126,8.15723705291748,-3.5179169178009033,4.138082981109619
1781034525816462000,21.698462158203125,8.127838134765625,-3.4235999584198,4.2728447914123535
1781034525835988500,21.717988525390624,8.127838134765625,-3.4235999584198,4.2728447914123535
1781034525855511000,21.737510986328125,8.105730056762695,-3.356812000274658,4.366799831390381
1781034525875035600,21.75703564453125,8.077336311340332,-3.2796289920806885,4.476679801940918
1781034525894557400,21.776557373046874,8.04031753540039,-3.1970839500427246,4.601296901702881
1781034525914078000,21.796077880859375,7.9925642013549805,-3.115480899810791,4.73842716217041
1781034525933606700,21.815606689453126,7.932762145996094,-3.040998935699463,4.885037899017334
1781034525953130500,21.835130615234377,7.858391761779785,-2.9796290397644043,5.04058313369751
1781034525972650500,21.854650390625,7.767518997192383,-2.9337270259857178,5.205659866333008
1781034525992171500,21.874171630859376,7.658793926239014,-2.9028520584106445,5.381105899810791
1781034526011692800,21.89369287109375,7.533134937286377,-2.883800983428955,5.565567970275879
1781034526031214300,21.91321435546875,7.392183780670166,-2.873342990875244,5.756691932678223
1781034526050736000,21.932736083984373,7.237415790557861,-2.8685550689697266,5.952408790588379
1781034526070256000,21.952256103515627,7.070638179779053,-2.866705894470215,6.150452136993408
1781034526089775000,21.971775146484376,6.893803119659424,-2.86594295501709,6.348373889923096
1781034526109293600,21.99129345703125,6.709658145904541,-2.8650588989257812,6.543082237243652
1781034526128814000,22.01081396484375,6.521062850952148,-2.862473964691162,6.7321600914001465
1781034526148338700,22.030338623046877,6.32884407043457,-2.856822967529297,6.915511131286621
1781034526167869200,22.049869140625,6.131641864776611,-2.8487141132354736,7.09420919418335
1781034526187400700,22.069400634765625,5.928067207336426,-2.8383960723876953,7.2692179679870605
1781034526206926800,22.0889267578125,5.718845844268799,-2.8247580528259277,7.440130233764648
1781034526226448600,22.10844873046875,5.5047101974487305,-2.8088200092315674,7.605832099914551
1781034526245972500,22.127972412109376,5.286026954650879,-2.7923951148986816,7.765336036682129
1781034526265496300,22.147496337890626,5.0629730224609375,-2.7761690616607666,7.918281078338623
1781034526285017900,22.167017822265624,4.838045120239258,-2.7617390155792236,8.062636375427246
1781034526304542000,22.1865419921875,4.6251540184021,-2.7502601146698,8.190483093261719
1781034526324069400,22.2060693359375,4.424627780914307,-2.742753028869629,8.303010940551758
1781034526343593700,22.22559375,4.2366461753845215,-2.739448070526123,8.401561737060547
1781034526363116300,22.2451162109375,4.061395168304443,-2.740025043487549,8.487480163574219
1781034526382645800,22.264645751953125,3.900818109512329,-2.745347023010254,8.560763359069824
1781034526402172000,22.284171875,3.755556106567383,-2.7539079189300537,8.622748374938965
1781034526421693200,22.303693115234374,3.6133980751037598,-2.7643070220947266,8.679974555969238
1781034526441216800,22.323216796875,3.6133980751037598,-2.7643070220947266,8.679974555969238
1781034526460741000,22.3427412109375,3.4736900329589844,-2.7751240730285645,8.733394622802734
1781034526480264000,22.362263916015625,3.3342559337615967,-2.7841920852661133,8.784703254699707
1781034526499785200,22.38178515625,3.193655014038086,-2.789639949798584,8.835070610046387
1781034526519307500,22.4013076171875,3.193655014038086,-2.789639949798584,8.835070610046387
1781034526538827000,22.420826904296874,2.9072930812835693,-2.784632921218872,8.934958457946777
1781034526558344700,22.4403447265625,2.9072930812835693,-2.784632921218872,8.934958457946777
1781034526577868300,22.459868408203125,2.633436918258667,-2.7641239166259766,9.025775909423828
1781034526597397000,22.47939697265625,2.513477087020874,-2.7545530796051025,9.06282901763916
1781034526616924000,22.498923828125,2.324652910232544,-2.7543840408325195,9.113141059875488
1781034526636443100,22.518443115234376,2.324652910232544,-2.7543840408325195,9.113141059875488
1781034526655958500,22.53795849609375,2.266972064971924,-2.7670960426330566,9.123815536499023
1781034526675477800,22.557477783203126,2.235093116760254,-2.788465976715088,9.125175476074219
1781034526695002000,22.577002197265625,2.224951982498169,-2.820725917816162,9.117734909057617
1781034526714525400,22.596525390625,2.2306299209594727,-2.863914966583252,9.102872848510742
1781034526734050300,22.61605029296875,2.245594024658203,-2.917407989501953,9.082181930541992
1781034526753573000,22.635572998046875,2.2668991088867188,-2.9814369678497314,9.056058883666992
1781034526773086200,22.655086181640623,2.2800240516662598,-3.0537850856781006,9.028614044189453
1781034526792601300,22.674601318359375,2.2818710803985596,-3.1316020488739014,9.001450538635254
1781034526812121600,22.69412158203125,2.2710070610046387,-3.2107620239257812,8.976275444030762
1781034526831638800,22.713638671875,2.247391939163208,-3.286539077758789,8.954768180847168
1781034526851152600,22.733152587890626,2.2128560543060303,-3.3554189205169678,8.937808990478516
1781034526870669800,22.752669921875,2.168539047241211,-3.416050910949707,8.925695419311523
1781034526890186500,22.7721865234375,2.1158909797668457,-3.4692459106445312,8.917808532714844
1781034526909700000,22.7917001953125,2.0578320026397705,-3.5169930458068848,8.912692070007324
1781034526929216800,22.811216796875,1.9967329502105713,-3.561367988586426,8.908967971801758
1781034526948734200,22.830734130859376,1.9354870319366455,-3.6045079231262207,8.905134201049805
1781034526968252000,22.850251953125,1.8763220310211182,-3.647634983062744,8.90023422241211
1781034526987773000,22.86977294921875,1.820647954940796,-3.6907479763031006,8.894021034240723
1781034527007292700,22.889292724609376,1.7695839405059814,-3.733499050140381,8.886481285095215
1781034527026813400,22.9088134765625,1.723323941230774,-3.775408983230591,8.877861976623535
1781034527046334700,22.928334716796876,1.682608962059021,-3.8165509700775146,8.868075370788574
1781034527065853400,22.947853515625,1.6497830152511597,-3.8570830821990967,8.856698989868164
1781034527085376500,22.96737646484375,1.6283730268478394,-3.8969359397888184,8.843205451965332
1781034527104897300,22.986897216796876,1.62267005443573,-3.9363350868225098,8.826788902282715
1781034527124413700,23.00641357421875,1.6410269737243652,-3.974674940109253,8.80618953704834
1781034527143931400,23.025931396484374,1.6856729984283447,-4.010128974914551,8.78165054321289
1781034527163448600,23.045448486328127,1.757876992225647,-4.042446136474609,8.752628326416016
1781034527182966300,23.06496630859375,1.8565000295639038,-4.0699639320373535,8.719449043273926
1781034527202485800,23.08448583984375,1.976464033126831,-4.091726779937744,8.682819366455078
1781034527222002200,23.104002197265626,2.1126859188079834,-4.109656810760498,8.642180442810059
1781034527241517600,23.123517578125,2.243016004562378,-4.125314235687256,8.601781845092773
1781034527261033700,23.14303369140625,2.3622829914093018,-4.138851165771484,8.563265800476074
1781034527280549600,23.162549560546875,2.4588000774383545,-4.14710807800293,8.532045364379883
1781034527300067300,23.1820673828125,2.4588000774383545,-4.14710807800293,8.532045364379883
1781034527319587800,23.201587890625,2.523279905319214,-4.138317108154297,8.517475128173828
1781034527339107300,23.221107421875,2.5644710063934326,-4.063751220703125,8.54104232788086
1781034527358631700,23.240631591796873,2.5644710063934326,-4.063751220703125,8.54104232788086
1781034527378157600,23.260157470703124,2.555860996246338,-3.9977409839630127,8.574708938598633
1781034527397676000,23.279676025390625,2.5357749462127686,-3.9194159507751465,8.616728782653809
1781034527417192700,23.299192626953126,2.517258882522583,-3.837104082107544,8.659100532531738
1781034527436713500,23.31871337890625,2.5138280391693115,-3.769753932952881,8.689626693725586
1781034527456234500,23.338234375,2.527925968170166,-3.7228829860687256,8.705728530883789
1781034527475755300,23.35775537109375,2.558056116104126,-3.699047088623047,8.707088470458984
1781034527495275300,23.377275146484376,2.6034910678863525,-3.6941730976104736,8.695682525634766
1781034527514794500,23.39679443359375,2.658392906188965,-3.7030880451202393,8.675256729125977
1781034527534313000,23.41631298828125,2.7144739627838135,-3.7201919555664062,8.65053653717041
1781034527553828600,23.43582861328125,2.7627029418945312,-3.740291118621826,8.626569747924805
1781034527573345500,23.455345458984375,2.796854019165039,-3.75998592376709,8.606980323791504
1781034527592863000,23.474863037109376,2.816011905670166,-3.777250051498413,8.593162536621094
1781034527612382700,23.4943828125,2.8227450847625732,-3.791253089904785,8.584783554077148
1781034527631897300,23.5138974609375,2.82220196723938,-3.8021199703216553,8.580155372619629
1781034527651407000,23.533406982421877,2.8186209201812744,-3.8107941150665283,8.577484130859375
1781034527670921700,23.552921630859377,2.8140249252319336,-3.818816900253296,8.575424194335938
1781034527690439400,23.572439453125,2.807677984237671,-3.827425003051758,8.5736665725708
1781034527709949200,23.59194921875,2.7950439453125,-3.837891101837158,8.573115348815918
1781034527729460500,23.61146044921875,2.763801097869873,-3.851883888244629,8.5769681930542
1781034527748974600,23.630974609375,2.708914041519165,-3.86860990524292,8.586945533752441
1781034527768491800,23.65049169921875,2.628308057785034,-3.885512113571167,8.604347229003906
1781034527788012500,23.670012451171875,2.5223228931427,-3.899329900741577,8.629780769348145
1781034527807530500,23.689530517578124,2.3942530155181885,-3.9071319103240967,8.662671089172363
1781034527827048400,23.70904833984375,2.2482450008392334,-3.905586004257202,8.702401161193848
1781034527846570000,23.728570068359375,2.0939218997955322,-3.892235040664673,8.746769905090332
1781034527866091000,23.748091064453124,1.936745047569275,-3.869508981704712,8.792946815490723
1781034527885610000,23.76760986328125,1.7919379472732544,-3.8420090675354004,8.83560562133789
1781034527905132300,23.78713232421875,1.674056053161621,-3.8264729976654053,8.865418434143066
1781034527924653600,23.806653564453125,1.5867960453033447,-3.8271260261535645,8.881168365478516
1781034527944170000,23.826169921875,1.532742977142334,-3.8470590114593506,8.882051467895508
1781034527963684600,23.8456845703125,1.5168609619140625,-3.8835229873657227,8.868900299072266
1781034527983203800,23.865203857421875,1.5361340045928955,-3.931626081466675,8.844354629516602
1781034528002726000,23.884725830078125,1.5751969814300537,-3.9855990409851074,8.813272476196289
1781034528022250800,23.904250732421875,1.6172740459442139,-4.030284881591797,8.785284042358398
1781034528041774000,23.923774169921874,1.6549769639968872,-4.064321041107178,8.762554168701172
1781034528061297000,23.943296875,1.6860640048980713,-4.088424205780029,8.745396614074707
1781034528080819200,23.962819091796874,1.6860640048980713,-4.088424205780029,8.745396614074707
1781034528100338000,23.982337890625,1.741657018661499,-4.137193202972412,8.711501121520996
1781034528119853000,24.00185302734375,1.741657018661499,-4.137193202972412,8.711501121520996
1781034528139368700,24.02136865234375,1.8600070476531982,-4.201341152191162,8.656160354614258
1781034528158888000,24.040887939453125,1.8600070476531982,-4.201341152191162,8.656160354614258
1781034528178409000,24.060408935546874,1.8600070476531982,-4.201341152191162,8.656160354614258
1781034528197927000,24.079927001953124,2.0983219146728516,-4.299190044403076,8.553011894226074
1781034528217441300,24.099441162109375,2.4149749279022217,-4.416889190673828,8.408268928527832
1781034528236955000,24.118954833984375,2.4149749279022217,-4.416889190673828,8.408268928527832
1781034528256466400,24.138466552734375,2.568819046020508,-4.483890056610107,8.32681655883789
1781034528275979800,24.157979736328127,2.7075579166412354,-4.556778907775879,8.24286937713623
1781034528295496200,24.17749609375,2.829211950302124,-4.632877826690674,8.15916633605957
1781034528315013400,24.197013427734376,2.943258047103882,-4.7098212242126465,8.074329376220703
1781034528334534100,24.2165341796875,3.0545899868011475,-4.785559177398682,7.9879841804504395
1781034528354055700,24.2360556640625,3.1659810543060303,-4.862062931060791,7.8979058265686035
1781034528373576700,24.25557666015625,3.281403064727783,-4.938687801361084,7.802676200866699
1781034528393096200,24.27509619140625,3.400041103363037,-5.016765117645264,7.701414108276367
1781034528412617500,24.294617431640624,3.5130889415740967,-5.097925186157227,7.596667766571045
1781034528432142000,24.31414208984375,3.613615036010742,-5.183426856994629,7.490918159484863
1781034528451662300,24.333662353515624,3.701371908187866,-5.272356033325195,7.3852620124816895
1781034528471180800,24.353180908203125,3.7745931148529053,-5.362726211547852,7.2824177742004395
1781034528490702600,24.37270263671875,3.833254098892212,-5.452460765838623,7.184485912322998
1781034528510224100,24.39222412109375,3.8804850578308105,-5.538699150085449,7.092576026916504
1781034528529742000,24.4117421875,3.925168991088867,-5.618120193481445,7.00498104095459
1781034528549261800,24.43126171875,3.969583034515381,-5.690583229064941,6.920958995819092
1781034528568783600,24.45078369140625,4.015419960021973,-5.756359100341797,6.8396430015563965
1781034528588300800,24.47030078125,4.066981792449951,-5.814356803894043,6.759653091430664
1781034528607819500,24.489819580078127,4.126574993133545,-5.863640785217285,6.6805009841918945
1781034528627340500,24.509340576171876,4.193778038024902,-5.904245853424072,6.6024298667907715
1781034528646859000,24.52885888671875,4.2678399085998535,-5.935451984405518,6.526557922363281
1781034528666378800,24.548378662109375,4.346138000488281,-5.956265926361084,6.455537796020508
1781034528685896400,24.567896484375,4.422732830047607,-5.962470054626465,6.397529125213623
1781034528705412000,24.587412109375,4.501609802246094,-5.952752113342285,6.35139799118042
1781034528724930000,24.606929931640625,4.575733184814453,-5.9315619468688965,6.3181657791137695
1781034528744447700,24.62644775390625,4.647098064422607,-5.898831844329834,6.296686172485352
1781034528763964700,24.645964599609375,4.717034816741943,-5.854704856872559,6.285858154296875
1781034528783483600,24.665483642578124,4.78664493560791,-5.7999491691589355,6.283998012542725
1781034528803005200,24.685005126953126,4.860142230987549,-5.736969947814941,6.285394191741943
1781034528822519800,24.704519775390626,4.929886817932129,-5.667893886566162,6.2937421798706055
1781034528842033200,24.724033203125,5.003705024719238,-5.585988998413086,6.3086981773376465
1781034528861549600,24.743549560546874,5.079451084136963,-5.49068021774292,6.331792831420898
1781034528881065500,24.7630654296875,5.079451084136963,-5.49068021774292,6.331792831420898
1781034528900580000,24.782580078125,5.2168121337890625,-5.264701843261719,6.411534786224365
1781034528920094200,24.80209423828125,5.270030975341797,-5.139904975891113,6.4690141677856445
1781034528939610400,24.8216103515625,5.270030975341797,-5.139904975891113,6.4690141677856445
1781034528959125000,24.841125,5.311665058135986,-4.887166976928711,6.6288628578186035
1781034528978639000,24.86063916015625,5.294806003570557,-4.76508092880249,6.730454921722412
1781034528998151700,24.880151611328124,5.294806003570557,-4.76508092880249,6.730454921722412
1781034529017667600,24.89966748046875,5.219404220581055,-4.533441066741943,6.945913791656494
1781034529037182700,24.9191826171875,5.219404220581055,-4.533441066741943,6.945913791656494
1781034529056696800,24.93869677734375,5.174591064453125,-4.419802188873291,7.051875114440918
1781034529076214800,24.95821484375,5.141384124755859,-4.300973892211914,7.148971080780029
1781034529095734500,24.977734619140627,5.121149063110352,-4.1769890785217285,7.236475944519043
1781034529115251700,24.997251708984376,5.113653182983398,-4.046171188354492,7.315670967102051
1781034529134764800,25.016764892578124,5.108047008514404,-3.9084300994873047,7.394052028656006
1781034529154278100,25.036278076171875,5.099789142608643,-3.762294054031372,7.47511100769043
1781034529173791700,25.055791748046875,5.081377029418945,-3.6096088886260986,7.562427997589111
1781034529193309200,25.07530908203125,5.04876184463501,-3.4525699615478516,7.657005786895752
1781034529212834300,25.094834228515627,5.000354766845703,-3.2923240661621094,7.758676052093506
1781034529232360400,25.1143603515625,4.937671184539795,-3.1288599967956543,7.865725040435791
1781034529251880200,25.133880126953127,4.8635029792785645,-2.9629759788513184,7.975406169891357
1781034529271392800,25.153392822265626,4.781585216522217,-2.796452045440674,8.08432388305664
1781034529290910700,25.17291064453125,4.694383144378662,-2.631287097930908,8.190180778503418
1781034529310435000,25.19243505859375,4.596785068511963,-2.4708290100097656,8.294852256774902
1781034529329959000,25.211958984375,4.488627910614014,-2.3175549507141113,8.397686958312988
1781034529349479400,25.2314794921875,4.368838787078857,-2.174370050430298,8.498550415039062
1781034529369002200,25.251002197265624,4.237252235412598,-2.0441789627075195,8.596919059753418
1781034529388520400,25.2705205078125,4.094791889190674,-1.9284329414367676,8.692170143127441
1781034529408040700,25.290040771484374,3.9446260929107666,-1.827468991279602,8.782954216003418
1781034529427564000,25.30956396484375,3.7969110012054443,-1.7401260137557983,8.865406036376953
1781034529447080200,25.329080078125,3.6547811031341553,-1.6652699708938599,8.939208030700684
1781034529466593800,25.34859375,3.522104024887085,-1.6012359857559204,9.00393295288086
1781034529486107000,25.36810693359375,3.403801918029785,-1.546286940574646,9.058870315551758
1781034529505623300,25.387623291015625,3.298858880996704,-1.497298002243042,9.105801582336426
1781034529525145600,25.4071455078125,3.20723295211792,-1.4512460231781006,9.145902633666992
1781034529544668700,25.426668701171874,3.1395070552825928,-1.4021669626235962,9.17700481414795
1781034529564191200,25.446191162109375,3.092617988586426,-1.3484740257263184,9.20094108581543
1781034529583715800,25.4657158203125,3.064655065536499,-1.2869230508804321,9.219096183776855
1781034529603238100,25.485238037109376,3.0484728813171387,-1.215309977531433,9.234166145324707
1781034529622761000,25.504760986328126,3.0437510013580322,-1.1348600387573242,9.245953559875488
1781034529642283500,25.524283447265624,3.0438830852508545,-1.0523159503936768,9.255668640136719
1781034529661806600,25.543806640625,3.0354440212249756,-0.9757620096206665,9.266820907592773
1781034529681326800,25.563326904296876,3.019195079803467,-0.9084569811820984,9.278963088989258
1781034529700843300,25.58284326171875,3.019195079803467,-0.9084569811820984,9.278963088989258
1781034529720364300,25.6023642578125,2.9937210083007812,-0.8581089973449707,9.292000770568848
1781034529739887400,25.621887451171876,2.9613358974456787,-0.8286719918251038,9.305041313171387
1781034529759405600,25.641405517578125,2.880819082260132,-0.8382520079612732,9.329426765441895
1781034529778925300,25.66092529296875,2.880819082260132,-0.8382520079612732,9.329426765441895
1781034529798445800,25.68044580078125,2.880819082260132,-0.8382520079612732,9.329426765441895
1781034529817963500,25.699963623046877,2.7853190898895264,-0.9318900108337402,9.349522590637207
1781034529837488600,25.719488525390624,2.7331769466400146,-1.0050129890441895,9.357333183288574
1781034529857014500,25.7390146484375,2.6801280975341797,-1.091737985610962,9.362959861755371
1781034529876534300,25.7585341796875,2.628387928009033,-1.1882319450378418,9.365878105163574
1781034529896054300,25.77805419921875,2.578902006149292,-1.2929099798202515,9.36577033996582
1781034529915573800,25.79757373046875,2.5336380004882812,-1.4010469913482666,9.362571716308594
1781034529935097900,25.817097900390625,2.4934449195861816,-1.5108400583267212,9.35628604888916
1781034529954627300,25.83662744140625,2.4577369689941406,-1.6200799942016602,9.347452163696289
1781034529974157300,25.8561572265625,2.4256489276885986,-1.7272679805755615,9.33663558959961
1781034529993689300,25.875689453125,2.3961849212646484,-1.8323899507522583,9.324196815490723
1781034530013217300,25.89521728515625,2.369818925857544,-1.935426950454712,9.310105323791504
1781034530032740900,25.914740966796874,2.3482658863067627,-2.0368990898132324,9.293906211853027
1781034530052265500,25.934265380859376,2.3322489261627197,-2.137336015701294,9.275365829467773
1781034530071789600,25.95378955078125,2.3223729133605957,-2.236721992492676,9.254385948181152
1781034530091311000,25.97331103515625,2.318070888519287,-2.335566997528076,9.231017112731934
1781034530110830800,25.992830810546874,2.317991018295288,-2.4340031147003174,9.205571174621582
1781034530130351000,26.01235107421875,2.3213579654693604,-2.531351089477539,9.178428649902344
1781034530149877200,26.031877197265626,2.3281829357147217,-2.6267778873443604,9.14984130859375
1781034530169406700,26.05140673828125,2.3393850326538086,-2.7197279930114746,9.119778633117676
1781034530188935700,26.070935791015625,2.3565850257873535,-2.8102340698242188,9.087854385375977
1781034530208464400,26.09046435546875,2.3827340602874756,-2.898250102996826,9.053326606750488
1781034530227988200,26.10998828125,2.419358968734741,-2.9827349185943604,9.016096115112305
1781034530247514000,26.12951416015625,2.4637439250946045,-3.061903953552246,8.977455139160156
1781034530267040800,26.149040771484376,2.511742115020752,-3.13360595703125,8.939332008361816
1781034530286567000,26.16856689453125,2.553273916244507,-3.196969985961914,8.905064582824707
1781034530306093000,26.188093017578126,2.5873019695281982,-3.2502028942108154,8.875924110412598
1781034530325619200,26.207619140625,2.615051031112671,-3.2942700386047363,8.851512908935547
1781034530345148400,26.2271484375,2.639894962310791,-3.3312559127807617,8.830270767211914
1781034530364676900,26.2466767578125,2.667289972305298,-3.3657100200653076,8.808947563171387
1781034530384204300,26.266204345703127,2.7039120197296143,-3.399493932723999,8.784775733947754
1781034530403730200,26.285730224609374,2.758439064025879,-3.4351959228515625,8.753881454467773
1781034530423254300,26.305254150390624,2.8278019428253174,-3.475583076477051,8.71572494506836
1781034530442776300,26.3247763671875,2.905208110809326,-3.519136905670166,8.672683715820312
1781034530462297000,26.344297119140624,2.9824159145355225,-3.5632119178771973,8.628366470336914
1781034530481819000,26.36381884765625,3.0531411170959473,-3.60391902923584,8.586624145507812
1781034530501343000,26.383343017578124,3.1117169857025146,-3.640604019165039,8.550041198730469
1781034530520871400,26.402871337890623,3.1555659770965576,-3.671057939529419,8.520899772644043
1781034530540398600,26.422398681640626,3.1844429969787598,-3.6942999362945557,8.500086784362793
1781034530559925800,26.44192578125,3.19913911819458,-3.7105789184570312,8.487467765808105
1781034530579452700,26.46145263671875,3.19913911819458,-3.7105789184570312,8.487467765808105
1781034530598978300,26.480978271484375,3.189668893814087,-3.724661111831665,8.48486328125
1781034530618501000,26.500501220703125,3.166351079940796,-3.724932909011841,8.493474006652832
1781034530638023200,26.520023193359375,3.166351079940796,-3.724932909011841,8.493474006652832
1781034530657548800,26.539548828125,3.130985975265503,-3.71950101852417,8.508950233459473
1781034530677075200,26.5590751953125,3.0850870609283447,-3.7082040309906006,8.530618667602539
1781034530696605200,26.578605224609376,3.030867099761963,-3.690859079360962,8.557534217834473
1781034530716138000,26.598137939453125,2.9720120429992676,-3.6686699390411377,8.587665557861328
1781034530735666700,26.617666748046876,2.910550117492676,-3.641540050506592,8.62020206451416
1781034530755189800,26.637189697265626,2.848642110824585,-3.6105029582977295,8.653871536254883
1781034530774713900,26.6567138671875,2.78765606880188,-3.577605962753296,8.68733024597168
1781034530794236200,26.676236083984374,2.7266039848327637,-3.5434250831604004,8.72065258026123
1781034530813761500,26.695761474609377,2.6612699031829834,-3.508513927459717,8.7548828125
1781034530833290000,26.7152900390625,2.6612699031829834,-3.508513927459717,8.7548828125
1781034530852814300,26.734814453125,2.506290912628174,-3.444084882736206,8.825915336608887
1781034530872333000,26.7543330078125,2.4223101139068604,-3.4167768955230713,8.859911918640137
1781034530891855000,26.773855224609374,2.345989942550659,-3.392287015914917,8.889810562133789
1781034530911379200,26.793379150390624,2.2790699005126953,-3.3686399459838867,8.916171073913574
1781034530930903800,26.81290380859375,2.220310926437378,-3.34391188621521,8.940272331237793
1781034530950430500,26.832430419921874,2.166728973388672,-3.315037965774536,8.964139938354492
1781034530969955300,26.851955322265624,2.1078150272369385,-3.2798500061035156,8.991089820861816
1781034530989476600,26.8714765625,2.03458309173584,-3.2361669540405273,9.02372932434082
1781034531009002000,26.891001953125,1.9346270561218262,-3.18322491645813,9.064452171325684
1781034531028526800,26.91052685546875,1.8087780475616455,-3.121846914291382,9.111661911010742
1781034531048051700,26.9300517578125,1.6651079654693604,-3.054003953933716,9.161903381347656
1781034531067580200,26.949580078125,1.5140949487686157,-2.982095956802368,9.211655616760254
1781034531087103700,26.969103759765623,1.3676600456237793,-2.908700942993164,9.257912635803223
1781034531106625300,26.988625244140625,1.2416529655456543,-2.8358991146087646,9.29817008972168
1781034531126151000,27.00815087890625,1.1415510177612305,-2.765889883041382,9.332025527954102
1781034531145676800,27.0276767578125,1.0780470371246338,-2.6998279094696045,9.358885765075684
1781034531165201700,27.04720166015625,1.049759030342102,-2.638577938079834,9.379548072814941
1781034531184731100,27.066731201171876,1.0555490255355835,-2.5832760334014893,9.394278526306152
1781034531204261600,27.08626171875,1.100970983505249,-2.5324299335479736,9.40290641784668
1781034531223789600,27.10578955078125,1.1766760349273682,-2.4868040084838867,9.405914306640625
1781034531243317200,27.125317138671875,1.2798969745635986,-2.4490129947662354,9.402350425720215
1781034531262843000,27.1448427734375,1.3996280431747437,-2.4209749698638916,9.392545700073242
1781034531282363600,27.16436376953125,1.5319550037384033,-2.4039719104766846,9.376248359680176
1781034531301884700,27.183884765625,1.6696809530258179,-2.3976409435272217,9.354329109191895
1781034531321405700,27.20340576171875,1.7931339740753174,-2.4031670093536377,9.33003044128418
1781034531340925700,27.22292578125,1.7931339740753174,-2.4031670093536377,9.33003044128418
1781034531360445200,27.242445068359373,1.9528650045394897,-2.446674108505249,9.286555290222168
1781034531379969500,27.261969482421875,1.9865189790725708,-2.482167959213257,9.269983291625977
1781034531399498000,27.281498046875,1.9865189790725708,-2.482167959213257,9.269983291625977
1781034531419022800,27.30102294921875,1.9865189790725708,-2.482167959213257,9.269983291625977
1781034531438545700,27.320545654296875,1.9728050231933594,-2.590235948562622,9.243307113647461
1781034531458068000,27.34006787109375,1.9409890174865723,-2.65920090675354,9.230450630187988
1781034531477590000,27.359590087890624,1.9098130464553833,-2.7375340461730957,9.21403980255127
1781034531497116200,27.3791162109375,1.8789589405059814,-2.8251700401306152,9.193906784057617
1781034531516645000,27.39864501953125,1.851086974143982,-2.9210739135742188,9.16955852508545
1781034531536169700,27.418169677734376,1.8271650075912476,-3.018805980682373,9.142662048339844
1781034531555689500,27.437689453125,1.808127999305725,-3.118459939956665,9.11294937133789
1781034531575213000,27.457213134765624,1.8055750131607056,-3.216315984725952,9.07938289642334
1781034531594733300,27.4767333984375,1.8230149745941162,-3.30957293510437,9.04230785369873
1781034531614246700,27.49624658203125,1.8640249967575073,-3.39581298828125,9.001880645751953
1781034531633763600,27.515763671875,1.8640249967575073,-3.39581298828125,9.001880645751953
1781034531653284400,27.535284423828124,2.018894910812378,-3.541378974914551,8.911940574645996
1781034531672802000,27.554802001953124,2.1254689693450928,-3.603192090988159,8.862244606018066
1781034531692316400,27.57431640625,2.2370619773864746,-3.661120891571045,8.810888290405273
1781034531711836200,27.593836181640626,2.343322992324829,-3.7176029682159424,8.759467124938965
1781034531731357000,27.61335693359375,2.440696954727173,-3.77367901802063,8.70875072479248
1781034531750872300,27.632872314453124,2.5185511112213135,-3.830806016921997,8.661513328552246
1781034531770391000,27.65239111328125,2.575840950012207,-3.887237071990967,8.61942195892334
1781034531789913300,27.671913330078127,2.6107780933380127,-3.940567970275879,8.584623336791992
1781034531809434400,27.691434326171876,2.613724946975708,-3.990478038787842,8.560637474060059
1781034531828955000,27.710954833984374,2.587754011154175,-4.036067008972168,8.547144889831543
1781034531848478500,27.730478515625,2.531790018081665,-4.077065944671631,8.544445991516113
1781034531868003600,27.750003662109375,2.45381498336792,-4.111936092376709,8.550484657287598
1781034531887525400,27.769525390625,2.357496976852417,-4.139294147491455,8.564371109008789
1781034531907041800,27.789041748046873,2.250148057937622,-4.158033847808838,8.584148406982422
1781034531926559200,27.808559326171874,2.1518421173095703,-4.1663432121276855,8.60529899597168
1781034531946079700,27.828079833984376,2.077976942062378,-4.164017200469971,8.624555587768555
1781034531965597200,27.84759716796875,2.0296030044555664,-4.1518330574035645,8.641931533813477
1781034531985113600,27.867113525390625,2.009903907775879,-4.130526065826416,8.656734466552734
1781034532004633900,27.8866337890625,2.0183229446411133,-4.09726095199585,8.670572280883789
1781034532024157000,27.906156982421876,2.0510129928588867,-4.053834915161133,8.683302879333496
1781034532043680300,27.92568017578125,2.099281072616577,-3.9998230934143066,8.696805953979492
1781034532063200000,27.945199951171876,2.1518919467926025,-3.934164047241211,8.71388053894043
1781034532082726100,27.96472607421875,2.210891008377075,-3.8557889461517334,8.73412036895752
1781034532102250000,27.98425,2.2756450176239014,-3.7644848823547363,8.75728702545166
1781034532121769200,28.003769287109375,2.3462910652160645,-3.6648108959198,8.780893325805664
1781034532141290000,28.0232900390625,2.4214670658111572,-3.5570530891418457,8.804763793945312
1781034532160812000,28.04281201171875,2.4214670658111572,-3.5570530891418457,8.804763793945312
1781034532180335000,28.062335205078124,2.4914729595184326,-3.444545030593872,8.829930305480957
1781034532199858700,28.081858642578126,2.5531818866729736,-3.330396890640259,8.85605525970459
1781034532219382800,28.1013828125,2.5531818866729736,-3.330396890640259,8.85605525970459
1781034532238904000,28.120904052734375,2.6367459297180176,-3.1086549758911133,8.912004470825195
1781034532258423600,28.140423583984376,2.6367459297180176,-3.1086549758911133,8.912004470825195
1781034532277941200,28.159941162109376,2.6493709087371826,-2.9066200256347656,8.976213455200195
1781034532297459200,28.179459228515626,2.634855031967163,-2.8120129108428955,9.0105562210083
1781034532316976000,28.19897607421875,2.608881950378418,-2.72019100189209,9.046231269836426
1781034532336491300,28.2184912109375,2.572726011276245,-2.630300998687744,9.083094596862793
1781034532356007200,28.238007080078123,2.527890920639038,-2.54113507270813,9.120985984802246
1781034532375523300,28.2575234375,2.477505922317505,-2.453900098800659,9.158620834350586
1781034532395037700,28.27703759765625,2.4234800338745117,-2.3699779510498047,9.195104598999023
1781034532414554400,28.296554443359376,2.370850086212158,-2.2905020713806152,9.228903770446777
1781034532434074000,28.31607421875,2.370850086212158,-2.2905020713806152,9.228903770446777
1781034532453593300,28.33559326171875,2.287329912185669,-2.144906997680664,9.284798622131348
1781034532473111000,28.355111083984376,2.2596099376678467,-2.0789859294891357,9.30655574798584
1781034532492630500,28.374630615234373,2.2394590377807617,-2.0189640522003174,9.324623107910156
1781034532512150500,28.394150634765627,2.224745035171509,-1.9656920433044434,9.339516639709473
1781034532531673300,28.41367333984375,2.2132370471954346,-1.9187730550765991,9.351998329162598
1781034532551196700,28.43319677734375,2.2031500339508057,-1.8777129650115967,9.36270809173584
1781034532570722000,28.45272216796875,2.1922008991241455,-1.8420039415359497,9.372367858886719
1781034532590243600,28.47224365234375,2.179150104522705,-1.8102450370788574,9.381593704223633
1781034532609763800,28.491763916015625,2.163382053375244,-1.7807680368423462,9.390880584716797
1781034532629286000,28.511285888671875,2.144813060760498,-1.7523150444030762,9.400486946105957
1781034532648806700,28.530806640625,2.1237680912017822,-1.7248480319976807,9.410340309143066
1781034532668328000,28.550327880859374,2.100368022918701,-1.6995929479599,9.420182228088379
1781034532687850200,28.569850341796876,2.074928045272827,-1.678104043006897,9.429668426513672
1781034532707375400,28.589375244140626,2.0476748943328857,-1.6617759466171265,9.438512802124023
1781034532726899200,28.608899169921877,2.0187509059906006,-1.6514739990234375,9.446548461914062
1781034532746419200,28.628419189453126,1.9885029792785645,-1.6471070051193237,9.453722953796387
1781034532765942000,28.64794189453125,1.9573839902877808,-1.6489050388336182,9.459901809692383
1781034532785468000,28.667468017578123,1.925737977027893,-1.6565409898757935,9.465062141418457
1781034532804993300,28.6869931640625,1.8949240446090698,-1.669579029083252,9.468989372253418
1781034532824519700,28.706519775390625,1.8650660514831543,-1.6869920492172241,9.471830368041992
1781034532844044300,28.726044189453123,1.8374810218811035,-1.70871901512146,9.47332763671875
1781034532863567000,28.745567138671873,1.811331033706665,-1.7348309755325317,9.47361946105957
1781034532883086000,28.765086181640626,1.7851150035858154,-1.7644970417022705,9.473115921020508
1781034532902601200,28.784601318359375,1.7559490203857422,-1.796839952468872,9.472485542297363
1781034532922120000,28.804119873046876,1.720566987991333,-1.830718994140625,9.472492218017578
1781034532941638700,28.823638671875,1.678285002708435,-1.8660520315170288,9.473183631896973
1781034532961155000,28.843155029296874,1.678285002708435,-1.8660520315170288,9.473183631896973
1781034532980675300,28.86267529296875,1.5788040161132812,-1.9413419961929321,9.475154876708984
1781034533000198400,28.882198486328125,1.5788040161132812,-1.9413419961929321,9.475154876708984
1781034533019723800,28.901723876953124,1.5275219678878784,-1.9815109968185425,9.47524642944336
1781034533039248600,28.92124853515625,1.4801360368728638,-2.023813009262085,9.47382640838623
1781034533058773500,28.9407734375,1.402683973312378,-2.1154520511627197,9.46558666229248
1781034533078297300,28.96029736328125,1.402683973312378,-2.1154520511627197,9.46558666229248
1781034533097820400,28.9798203125,1.3701449632644653,-2.1626338958740234,9.459689140319824
1781034533117344000,28.999343994140624,1.338763952255249,-2.210160970687866,9.453195571899414
1781034533136867600,29.01886767578125,1.3055020570755005,-2.258481979370117,9.446423530578613
1781034533156388000,29.03838818359375,1.2707810401916504,-2.309087038040161,9.438920974731445
1781034533175910000,29.057909912109373,1.238495945930481,-2.3634860515594482,9.429743766784668
1781034533195433700,29.077433837890624,1.211148977279663,-2.4237658977508545,9.417986869812012
1781034533214953200,29.096953125,1.1920429468154907,-2.49088191986084,9.402900695800781
1781034533234473200,29.11647314453125,1.181854009628296,-2.5650429725646973,9.384230613708496
1781034533253992400,29.135992431640624,1.1779940128326416,-2.6449809074401855,9.362500190734863
1781034533273513500,29.155513427734373,1.175454020500183,-2.7283759117126465,9.338857650756836
1781034533293039000,29.1750390625,1.169042944908142,-2.8132119178771973,9.314460754394531
1781034533312562700,29.194562744140626,1.1554620265960693,-2.8980929851531982,9.29010009765625
1781034533332078600,29.21407861328125,1.134958028793335,-2.982151985168457,9.26599407196045
1781034533351591700,29.233591796875,1.1101789474487305,-3.064990997314453,9.24193286895752
1781034533371109000,29.253109130859375,1.083935022354126,-3.1464080810546875,9.217657089233398
1781034533390628600,29.272628662109376,1.058877944946289,-3.2256879806518555,9.193134307861328
1781034533410153700,29.29215380859375,1.0362160205841064,-3.3019120693206787,9.168622016906738
1781034533429680400,29.311680419921874,1.016211986541748,-3.3737990856170654,9.144659042358398
1781034533449205200,29.331205322265625,0.9996439814567566,-3.4398930072784424,9.121832847595215
1781034533468724000,29.350723876953126,0.987159013748169,-3.4992001056671143,9.100610733032227
1781034533488237000,29.370237060546874,0.9813129901885986,-3.5517029762268066,9.08088207244873
1781034533507755000,29.389755126953126,0.9854419827461243,-3.598794937133789,9.061874389648438
1781034533527276000,29.409276123046876,1.0020020008087158,-3.6422550678253174,9.042675018310547
1781034533546800000,29.428800048828126,1.0311859846115112,-3.6838629245758057,9.022516250610352
1781034533566328600,29.44832861328125,1.0685319900512695,-3.724874973297119,9.001306533813477
1781034533585854200,29.467854248046876,1.1119730472564697,-3.766136884689331,8.978849411010742
1781034533605376500,29.48737646484375,1.1562119722366333,-3.807682991027832,8.955709457397461
1781034533624897500,29.5068974609375,1.198693037033081,-3.848994016647339,8.93243408203125
1781034533644423200,29.526423095703127,1.2391430139541626,-3.8892290592193604,8.909456253051758
1781034533663952000,29.545951904296874,1.2779539823532104,-3.9281740188598633,8.886859893798828
1781034533683478800,29.565478759765625,1.3208099603652954,-3.9653680324554443,8.864046096801758
1781034533703003000,29.5850029296875,1.3691960573196411,-4.000510215759277,8.840883255004883
1781034533722528300,29.6045283203125,1.425549030303955,-4.033512115478516,8.816948890686035
1781034533742054400,29.624054443359373,1.4886280298233032,-4.063948154449463,8.79251480102539
1781034533761577000,29.643576904296875,1.5560530424118042,-4.090528964996338,8.768481254577637
1781034533781099800,29.663099853515625,1.5560530424118042,-4.090528964996338,8.768481254577637
1781034533800620000,29.6826201171875,1.6258620023727417,-4.110379219055176,8.746504783630371
1781034533820137200,29.70213720703125,1.6950830221176147,-4.12332010269165,8.727251052856445
1781034533839655200,29.7216552734375,1.8322789669036865,-4.132720947265625,8.695019721984863
1781034533859175200,29.741175048828126,1.8322789669036865,-4.132720947265625,8.695019721984863
1781034533878694100,29.760694091796875,1.9893709421157837,-4.131548881530762,8.660987854003906
1781034533898214400,29.78021435546875,1.9893709421157837,-4.131548881530762,8.660987854003906
1781034533917736000,29.79973583984375,2.0702919960021973,-4.130875110626221,8.642324447631836
1781034533937256400,29.81925634765625,2.145936965942383,-4.130431175231934,8.624064445495605
1781034533956773600,29.838773681640625,2.202467918395996,-4.130814075469971,8.609617233276367
1781034533976292600,29.858292724609374,2.2362749576568604,-4.132989883422852,8.599854469299316
1781034533995813600,29.877813720703124,2.229995012283325,-4.138095855712891,8.599027633666992
1781034534015335700,29.897335693359373,2.073901891708374,-4.165266990661621,8.624933242797852
1781034534034861600,29.916861572265624,2.073901891708374,-4.165266990661621,8.624933242797852
1781034534054387200,29.93638720703125,1.9309040307998657,-4.188135147094727,8.6470308303833
1781034534073909200,29.9559091796875,1.754721999168396,-4.214204788208008,8.671875
1781034534093428000,29.975427978515626,1.5597259998321533,-4.240181922912598,8.696442604064941
1781034534112948700,29.99494873046875,1.3678059577941895,-4.262298107147217,8.717907905578613
1781034534132471000,30.014470947265625,1.1917760372161865,-4.278685092926025,8.735703468322754
1781034534151988000,30.033988037109374,1.0358190536499023,-4.2880048751831055,8.751006126403809
1781034534171502600,30.053502685546874,0.909961998462677,-4.2919921875,8.763033866882324
1781034534191020300,30.073020263671875,0.8260759711265564,-4.292142868041992,8.771265983581543
1781034534210543000,30.092543212890625,0.7726849913597107,-4.290400981903076,8.776982307434082
1781034534230068200,30.112068115234376,0.7514129877090454,-4.286721229553223,8.780625343322754
1781034534249590800,30.1315908203125,0.7610599994659424,-4.280306816101074,8.78292465209961
1781034534269111300,30.151111328125,0.7966070175170898,-4.27053689956665,8.784527778625488
1781034534288632300,30.17063232421875,0.8524919748306274,-4.255879878997803,8.786395072937012
1781034534308154600,30.190154541015627,0.9140390157699585,-4.235252857208252,8.790173530578613
1781034534327684000,30.20968408203125,0.9748640060424805,-4.208596229553223,8.796440124511719
1781034534347211000,30.2292109375,1.0193639993667603,-4.177235126495361,8.8063383102417
1781034534366733300,30.2487333984375,1.0291550159454346,-4.144851207733154,8.820490837097168
1781034534386258700,30.2682587890625,1.0006940364837646,-4.115408897399902,8.83753490447998
1781034534405781200,30.28778125,0.9321839809417725,-4.090069770812988,8.856768608093262
1781034534425307000,30.307306884765627,0.8225989937782288,-4.068088054656982,8.877724647521973
1781034534444835000,30.3268349609375,0.6763730049133301,-4.048233985900879,8.899118423461914
1781034534464359200,30.346359130859376,0.5004050135612488,-4.027347087860107,8.920206069946289
1781034534483886000,30.365885986328124,0.3267410099506378,-4.005080223083496,8.938263893127441
1781034534503414000,30.3854140625,0.17852400243282318,-3.9915010929107666,8.948521614074707
1781034534522940400,30.4049404296875,0.0677580013871193,-3.989267110824585,8.951042175292969
1781034534542468900,30.42446875,0.016594000160694122,-4.001997947692871,8.945598602294922
1781034534561997300,30.443997314453124,0.036256998777389526,-4.03196382522583,8.932074546813965
1781034534581520600,30.463520751953126,0.14195099472999573,-4.08046293258667,8.908966064453125
1781034534601042200,30.483042236328124,0.14195099472999573,-4.08046293258667,8.908966064453125
1781034534620565800,30.502565673828126,0.351485013961792,-4.145421981811523,8.873102188110352
1781034534640094500,30.522094482421874,0.6455069780349731,-4.212666988372803,8.824780464172363
1781034534659620900,30.541620849609377,1.0213600397109985,-4.280773162841797,8.756242752075195
1781034534679147300,30.561147216796876,1.920820951461792,-4.410572052001953,8.537991523742676
1781034534698676200,30.58067626953125,1.920820951461792,-4.410572052001953,8.537991523742676
1781034534718200800,30.600200927734374,2.3781399726867676,-4.47189998626709,8.389669418334961
1781034534737726200,30.619726318359376,2.794877052307129,-4.533505916595459,8.226540565490723
1781034534757256400,30.63925634765625,3.1666080951690674,-4.597301006317139,8.054651260375977
1781034534776787000,30.658786865234376,3.1666080951690674,-4.597301006317139,8.054651260375977
1781034534796311800,30.678311767578126,3.722938060760498,-4.7459540367126465,7.72370719909668
1781034534815835400,30.69783544921875,3.9144020080566406,-4.838747978210449,7.569939136505127
1781034534835360800,30.71736083984375,4.0538458824157715,-4.947546005249023,7.424830913543701
1781034534854889000,30.736888916015626,4.144228935241699,-5.074071884155273,7.288288116455078
1781034534874420700,30.756420654296875,4.193778038024902,-5.217593193054199,7.157440185546875
1781034534893952300,30.7759521484375,4.22534704208374,-5.370707035064697,7.0243821144104
1781034534913480700,30.795480712890626,4.255583763122559,-5.532224178314209,6.879280090332031
1781034534933010400,30.815010498046874,4.298013210296631,-5.694880962371826,6.718288898468018
1781034534952538600,30.83453857421875,4.365006923675537,-5.851271152496338,6.538296222686768
1781034534972066000,30.854066162109376,4.464140892028809,-5.991891860961914,6.341032028198242
1781034534991592700,30.8735927734375,4.593459129333496,-6.115116119384766,6.12743616104126
1781034535011116000,30.893115966796874,4.744015216827393,-6.222783088684082,5.900108814239502
1781034535030642700,30.912642578125,4.909101963043213,-6.313222885131836,5.6642680168151855
1781034535050165000,30.9321650390625,5.080586910247803,-6.386857032775879,5.425466060638428
1781034535069684200,30.951684326171875,5.254358768463135,-6.446992874145508,5.183434009552002
1781034535089206300,30.971206298828125,5.426965236663818,-6.49916410446167,4.9344611167907715
1781034535108729300,30.990729248046875,5.602241039276123,-6.538702011108398,4.679769992828369
1781034535128254200,31.010254150390626,5.7809882164001465,-6.5640459060668945,4.419669151306152
1781034535147776800,31.02977685546875,5.962221145629883,-6.573582172393799,4.156912803649902
1781034535167296800,31.049296875,6.14129114151001,-6.567821025848389,3.8972129821777344
1781034535186817300,31.0688173828125,6.31486177444458,-6.547699928283691,3.6455628871917725
1781034535206339000,31.088339111328125,6.469192028045654,-6.522832870483398,3.4120659828186035
1781034535225860000,31.107860107421875,6.597486972808838,-6.501942157745361,3.1996729373931885
1781034535245380600,31.127380615234376,6.697751045227051,-6.4890971183776855,3.0119309425354004
1781034535264901600,31.146901611328126,6.771107196807861,-6.4865241050720215,2.849052906036377
1781034535284429000,31.166428955078125,6.824149131774902,-6.492064952850342,2.706299066543579
1781034535303957200,31.185957275390624,6.864035129547119,-6.5001959800720215,2.5831120014190674
1781034535323484400,31.205484375,6.903416156768799,-6.500857830047607,2.474203109741211
1781034535343014400,31.225014404296875,6.946218967437744,-6.490937232971191,2.3786048889160156
1781034535362540300,31.244540283203126,6.995438098907471,-6.4673919677734375,2.297102928161621
1781034535382060500,31.264060546875,7.049574851989746,-6.431943893432617,2.2301530838012695
1781034535401583000,31.2835830078125,7.106672763824463,-6.3850321769714355,2.1832449436187744
1781034535421109000,31.30310888671875,7.163946151733398,-6.329981803894043,2.1561989784240723
1781034535440636000,31.322635986328127,7.220553874969482,-6.268383026123047,2.1473159790039062
1781034535460161000,31.3421611328125,7.275856018066406,-6.201345920562744,2.1552751064300537
1781034535479686000,31.361685791015624,7.325016975402832,-6.134016036987305,2.181273937225342
1781034535499209500,31.38120947265625,7.325016975402832,-6.134016036987305,2.181273937225342
1781034535518734600,31.400734619140625,7.3916192054748535,-5.9998979568481445,2.3249049186706543
1781034535538261200,31.42026123046875,7.3916192054748535,-5.9998979568481445,2.3249049186706543
1781034535557785900,31.439785888671874,7.394903182983398,-5.941236972808838,2.4611170291900635
1781034535577309200,31.45930908203125,7.373006820678711,-5.892488956451416,2.637676954269409
1781034535596834000,31.478833984375,7.326226234436035,-5.850560188293457,2.852607011795044
1781034535616360000,31.49835986328125,7.266172885894775,-5.799924850463867,3.0989670753479004
1781034535635886000,31.517885986328125,7.20095682144165,-5.737965106964111,3.355886936187744
1781034535655417600,31.53741748046875,7.134623050689697,-5.662942886352539,3.615001916885376
1781034535674951700,31.55695166015625,7.077173233032227,-5.5725297927856445,3.8601200580596924
1781034535694482000,31.57648193359375,7.0190582275390625,-5.472034931182861,4.102395057678223
1781034535714007600,31.596007568359376,6.954230785369873,-5.36705207824707,4.344351768493652
1781034535733534700,31.61553466796875,6.8694891929626465,-5.271429061889648,4.58935022354126
1781034535753065500,31.6350654296875,6.758265972137451,-5.187295913696289,4.843324184417725
1781034535772595000,31.654594970703126,6.619888782501221,-5.114964962005615,5.104331970214844
1781034535792123000,31.674122802734374,6.458270072937012,-5.05014705657959,5.369056224822998
1781034535811646700,31.693646728515624,6.286322116851807,-4.981933116912842,5.630496978759766
1781034535831168500,31.71316845703125,6.1114630699157715,-4.903256893157959,5.886261940002441
1781034535850697200,31.732697265625,5.938435077667236,-4.809523105621338,6.135427951812744
1781034535870225400,31.752225341796876,5.769136905670166,-4.698338985443115,6.3782958984375
1781034535889744100,31.771744140625,5.600976943969727,-4.5717668533325195,6.615738868713379
1781034535909261000,31.791260986328126,5.427626132965088,-4.436407089233398,6.848295211791992
1781034535928784600,31.81078466796875,5.2424540519714355,-4.300116062164307,7.075708866119385
1781034535948309800,31.830309814453123,5.041371822357178,-4.169464111328125,7.296584129333496
1781034535967838200,31.849838134765626,4.83048677444458,-4.046518802642822,7.505469799041748
1781034535987364900,31.86936474609375,4.61222505569458,-3.9329750537872314,7.700590133666992
1781034536006890000,31.888889892578124,4.39811897277832,-3.8258519172668457,7.877779006958008
1781034536026414000,31.9084140625,4.194014072418213,-3.7221601009368896,8.037148475646973
1781034536045931300,31.92793115234375,4.005022048950195,-3.6194679737091064,8.17919635772705
1781034536065449000,31.947448974609376,3.8344368934631348,-3.5176010131835938,8.304430961608887
1781034536084971500,31.966971435546874,3.676063060760498,-3.420037031173706,8.416050910949707
1781034536104492300,31.9864921875,3.535132884979248,-3.331307888031006,8.511475563049316
1781034536124017200,32.00601708984375,3.404496908187866,-3.2544751167297363,8.594056129455566
1781034536143545000,32.025545166015625,3.3019089698791504,-3.191598892211914,8.657429695129395
1781034536163070200,32.0450703125,3.2271480560302734,-3.141097068786621,8.70396614074707
1781034536182597400,32.06459741210937,3.175441026687622,-3.1033360958099365,8.736468315124512
1781034536202122000,32.0841220703125,3.131520986557007,-3.086134910583496,8.758386611938477
1781034536221644300,32.103644287109375,3.0839219093322754,-3.0833001136779785,8.776256561279297
1781034536241169000,32.1231689453125,3.0839219093322754,-3.0833001136779785,8.776256561279297
1781034536260694500,32.14269458007813,3.0288660526275635,-3.09089994430542,8.792741775512695
1781034536280221200,32.16222119140625,2.8459579944610596,-3.121079921722412,8.84304141998291
1781034536299751200,32.18175122070313,2.8459579944610596,-3.121079921722412,8.84304141998291
1781034536319278600,32.201278564453126,2.5970780849456787,-3.146306037902832,8.910438537597656
1781034536338800600,32.220800537109376,2.5970780849456787,-3.146306037902832,8.910438537597656
1781034536358324700,32.24032470703125,2.5970780849456787,-3.146306037902832,8.910438537597656
1781034536377851400,32.259851318359374,2.3564159870147705,-3.1510279178619385,8.975428581237793
1781034536397379000,32.279379150390625,2.2438480854034424,-3.1548540592193604,9.002890586853027
1781034536416910300,32.298910400390625,2.132499933242798,-3.1638779640197754,9.026755332946777
1781034536436443400,32.318443359375,2.0199549198150635,-3.1773838996887207,9.047872543334961
1781034536455974700,32.337974609375,1.9072719812393188,-3.1955668926239014,9.065906524658203
1781034536475502000,32.357502197265624,1.7931809425354004,-3.215532064437866,9.082117080688477
1781034536495029000,32.37702905273437,1.6796510219573975,-3.2367749214172363,9.09626579284668
1781034536514549000,32.39654907226563,1.5708969831466675,-3.2585089206695557,9.107930183410645
1781034536534070000,32.416070068359375,1.4720669984817505,-3.280284881591797,9.116619110107422
1781034536553597200,32.43559716796875,1.3867379426956177,-3.3021481037139893,9.122103691101074
1781034536573125000,32.455125,1.3168729543685913,-3.3245630264282227,9.12431526184082
1781034536592656600,32.47465673828125,1.262992024421692,-3.3481650352478027,9.123302459716797
1781034536612187100,32.49418725585937,1.224491000175476,-3.374023914337158,9.119023323059082
1781034536631716000,32.51371606445313,1.2002170085906982,-3.4034910202026367,9.111296653747559
1781034536651243800,32.53324389648437,1.1880279779434204,-3.4377338886260986,9.100030899047852
1781034536670770000,32.55277001953125,1.1853400468826294,-3.477492094039917,9.085264205932617
1781034536690297600,32.57229760742187,1.1906440258026123,-3.52201509475708,9.067401885986328
1781034536709822000,32.591822021484376,1.2023160457611084,-3.5698819160461426,9.047119140625
1781034536729344300,32.61134423828125,1.2178659439086914,-3.6196439266204834,9.025240898132324
1781034536748863000,32.63086303710938,1.2350560426712036,-3.669572114944458,9.002715110778809
1781034536768385300,32.65038525390625,1.252174973487854,-3.718575954437256,8.980215072631836
1781034536787909400,32.66990942382812,1.270095944404602,-3.7660880088806152,8.957869529724121
1781034536807430700,32.6894306640625,1.2904759645462036,-3.812640905380249,8.935235977172852
1781034536826955800,32.708955810546875,1.3153469562530518,-3.8594610691070557,8.911476135253906
1781034536846479600,32.728479736328126,1.348276972770691,-3.909435987472534,8.88473129272461
1781034536866001700,32.748001708984376,1.3891099691390991,-3.9623920917510986,8.854931831359863
1781034536885525800,32.76752587890625,1.4376189708709717,-4.0174150466918945,8.82233715057373
1781034536905051600,32.7870517578125,1.4905669689178467,-4.071381092071533,8.78874683380127
1781034536924575000,32.806574951171875,1.5463130474090576,-4.123110771179199,8.754934310913086
1781034536944097300,32.82609716796875,1.6028590202331543,-4.168488025665283,8.72321891784668
1781034536963619800,32.84561987304688,1.6598550081253052,-4.204244136810303,8.695355415344238
1781034536983143000,32.865142822265625,1.7201249599456787,-4.230641841888428,8.670804023742676
1781034537002668300,32.884668212890624,1.7860349416732788,-4.24876594543457,8.648587226867676
1781034537022198000,32.904197998046875,1.8598990440368652,-4.261585235595703,8.626683235168457
1781034537041726200,32.92372631835938,1.9407570362091064,-4.270136833190918,8.6046142578125
1781034537061250300,32.94325024414063,2.027829885482788,-4.2774658203125,8.580862045288086
1781034537080773000,32.962773193359375,2.027829885482788,-4.2774658203125,8.580862045288086
1781034537100300800,32.98230078125,2.2079811096191406,-4.287677764892578,8.531156539916992
1781034537119831800,33.001831787109374,2.2079811096191406,-4.287677764892578,8.531156539916992
1781034537139358200,33.02135815429688,2.3800790309906006,-4.28760290145874,8.484790802001953
1781034537158883300,33.04088330078125,2.3800790309906006,-4.28760290145874,8.484790802001953
1781034537178407200,33.0604072265625,2.3800790309906006,-4.28760290145874,8.484790802001953
1781034537197930800,33.0799306640625,2.5272350311279297,-4.271094799041748,8.450492858886719
1781034537217455400,33.09945532226563,2.6469221115112305,-4.241337776184082,8.428810119628906
1781034537236977400,33.118977294921876,2.6469221115112305,-4.241337776184082,8.428810119628906
1781034537256500700,33.138500732421875,2.6915230751037598,-4.226208209991455,8.422284126281738
1781034537276024600,33.158024658203125,2.7147018909454346,-4.216746807098389,8.419586181640625
1781034537295543800,33.17754370117188,2.7175440788269043,-4.2157721519470215,8.419157981872559
1781034537315067400,33.1970673828125,2.6961960792541504,-4.226183891296387,8.420801162719727
1781034537334594800,33.2165947265625,2.6515049934387207,-4.247890949249268,8.42406940460205
1781034537354124300,33.23612426757813,2.58353590965271,-4.279600143432617,8.429137229919434
1781034537373655600,33.25565551757813,2.508186101913452,-4.313269138336182,8.434732437133789
1781034537393185300,33.27518530273438,2.436660051345825,-4.342268943786621,8.440816879272461
1781034537412717300,33.29471728515625,2.372136116027832,-4.36150598526001,8.449275016784668
1781034537432247000,33.3142470703125,2.317111015319824,-4.368103981018066,8.461126327514648
1781034537451775700,33.33377563476562,2.2708590030670166,-4.362671852111816,8.476454734802246
1781034537471305200,33.35330517578125,2.2318639755249023,-4.3490891456604,8.493773460388184
1781034537490834200,33.37283422851562,2.190509080886841,-4.333118915557861,8.512681007385254
1781034537510365400,33.39236547851562,2.1554219722747803,-4.317036151885986,8.529791831970215
1781034537529893600,33.4118935546875,2.1290740966796875,-4.30259895324707,8.543692588806152
1781034537549417500,33.43141748046875,2.113503932952881,-4.290077209472656,8.553849220275879
1781034537568940500,33.4509404296875,2.110352039337158,-4.278217792510986,8.560564041137695
1781034537588463400,33.47046337890625,2.117280960083008,-4.265221118927002,8.565337181091309
1781034537607991600,33.489991455078126,2.1280460357666016,-4.250233173370361,8.57011890411377
1781034537627519700,33.50951977539062,2.1286659240722656,-4.2344770431518555,8.577760696411133
1781034537647043000,33.52904296875,2.113003969192505,-4.218594074249268,8.589451789855957
1781034537666565000,33.54856518554688,2.078697919845581,-4.203277111053467,8.605317115783691
1781034537686086400,33.56808642578125,2.025254964828491,-4.189755916595459,8.624632835388184
1781034537705609200,33.58760913085938,1.9587440490722656,-4.1794209480285645,8.64498519897461
1781034537725136400,33.607136474609376,1.8810319900512695,-4.173285961151123,8.665184020996094
1781034537744666400,33.62666625976563,1.7995840311050415,-4.172704219818115,8.682744026184082
1781034537764196000,33.64619604492187,1.7278239727020264,-4.178410053253174,8.694567680358887
1781034537783722500,33.665722412109375,1.6707040071487427,-4.1916937828063965,8.699336051940918
1781034537803247000,33.6852470703125,1.6344859600067139,-4.211888790130615,8.69646167755127
1781034537822775000,33.70477514648437,1.616076946258545,-4.238855838775635,8.68679428100586
1781034537842304000,33.72430395507813,1.6241459846496582,-4.26766300201416,8.671170234680176
1781034537861831700,33.74383178710937,1.6763509511947632,-4.291193962097168,8.649595260620117
1781034537881362400,33.76336254882813,1.768504023551941,-4.3053789138793945,8.624157905578613
1781034537900890000,33.78289013671875,1.9111340045928955,-4.304407119750977,8.594162940979004
1781034537920413700,33.80241357421875,2.1013870239257812,-4.284887790679932,8.559432983398438
1781034537939939000,33.82193896484375,2.1013870239257812,-4.284887790679932,8.559432983398438
1781034537959463700,33.84146362304688,2.336199998855591,-4.248610019683838,8.51654052734375
1781034537978986200,33.860986328125,2.8593180179595947,-4.162080764770508,8.39889144897461
1781034537998509800,33.880509765625,2.8593180179595947,-4.162080764770508,8.39889144897461
1781034538018030300,33.9000302734375,3.126734972000122,-4.1333231925964355,8.317400932312012
1781034538037550600,33.91955053710937,3.390410900115967,-4.1286540031433105,8.21579647064209
1781034538057075000,33.939074951171875,3.651916027069092,-4.151691913604736,8.091164588928223
1781034538076600300,33.958600341796874,3.914721965789795,-4.200234889984131,7.941849231719971
1781034538096128800,33.97812866210938,4.188188076019287,-4.268643856048584,7.7638750076293945
1781034538115659500,33.997659423828125,4.4673261642456055,-4.356982231140137,7.556434154510498
1781034538135187700,34.01718774414063,4.743738174438477,-4.45609188079834,7.326676845550537
1781034538154712300,34.03671240234375,5.008133888244629,-4.561009883880615,7.082074165344238
1781034538174240500,34.056240478515626,5.250442028045654,-4.671428203582764,6.830124855041504
1781034538193766400,34.07576635742188,5.469273090362549,-4.7855610847473145,6.5746049880981445
1781034538213291300,34.095291259765624,5.665548801422119,-4.901476860046387,6.317996978759766
1781034538232819200,34.114819091796875,5.846334934234619,-5.0142951011657715,6.059473037719727
1781034538252348200,34.13434814453125,6.0167388916015625,-5.120431900024414,5.798277854919434
1781034538271875300,34.15387524414062,6.182715892791748,-5.216948986053467,5.531497001647949
1781034538291399400,34.1733994140625,6.351140022277832,-5.30029821395874,5.254507064819336
1781034538310922200,34.192922119140626,6.5216450691223145,-5.36998176574707,4.967034816741943
1781034538330446600,34.21244653320313,6.692652225494385,-5.425446033477783,4.670431137084961
1781034538349973200,34.23197314453125,6.861282825469971,-5.466874122619629,4.367617130279541
1781034538369501200,34.251501220703126,7.023706912994385,-5.495989799499512,4.062219142913818
1781034538389030000,34.27102978515625,7.176399230957031,-5.514729022979736,3.758599042892456
1781034538408557800,34.290557861328125,7.316978931427002,-5.524172782897949,3.4619810581207275
1781034538428083500,34.31008349609375,7.4443511962890625,-5.5252861976623535,3.176923990249634
1781034538447605500,34.32960546875,7.557772159576416,-5.520116806030273,2.906611919403076
1781034538467129600,34.349129638671876,7.653658866882324,-5.51535177230835,2.653752088546753
1781034538486657800,34.36865771484375,7.731390953063965,-5.514668941497803,2.419508934020996
1781034538506183200,34.38818310546875,7.7882537841796875,-5.524566173553467,2.2050559520721436
1781034538525709300,34.40770922851563,7.82410192489624,-5.548600196838379,2.0090959072113037
1781034538545236000,34.427236083984376,7.838580131530762,-5.5893120765686035,1.8320080041885376
1781034538564758800,34.4467587890625,7.834592819213867,-5.644285202026367,1.6736730337142944
1781034538584280300,34.4662802734375,7.817454814910889,-5.708033084869385,1.5315840244293213
1781034538603802400,34.48580224609375,7.79042911529541,-5.774560928344727,1.4155019521713257
1781034538623326000,34.505325927734376,7.759102821350098,-5.836350917816162,1.3316659927368164
1781034538642850800,34.52485083007812,7.729849815368652,-5.886631965637207,1.2794519662857056
1781034538662373000,34.544373046875,7.710415840148926,-5.9171271324157715,1.2558180093765259
1781034538681890600,34.563890625,7.701953887939453,-5.927657127380371,1.258092999458313
1781034538701408500,34.583408447265626,7.704316139221191,-5.918667793273926,1.2856489419937134
1781034538720935400,34.60293530273437,7.704316139221191,-5.918667793273926,1.2856489419937134
1781034538740465400,34.62246533203125,7.734921932220459,-5.859149932861328,1.3716219663619995
1781034538759989000,34.641989013671875,7.734921932220459,-5.859149932861328,1.3716219663619995
1781034538779511000,34.661510986328125,7.759161949157715,-5.814827919006348,1.4223829507827759
1781034538799029000,34.681029052734374,7.80254602432251,-5.719927787780762,1.5629099607467651
1781034538818547700,34.700547607421875,7.8194499015808105,-5.672023773193359,1.6505600214004517
1781034538838072000,34.72007202148438,7.8194499015808105,-5.672023773193359,1.6505600214004517
1781034538857597000,34.739596923828124,7.829593181610107,-5.627686023712158,1.751175045967102
1781034538877120300,34.75912036132812,7.830595970153809,-5.5892109870910645,1.8661390542984009
1781034538896643300,34.778643310546876,7.821399211883545,-5.558051109313965,1.9934300184249878
1781034538916166400,34.79816650390625,7.802762031555176,-5.535105228424072,2.12591290473938
1781034538935684000,34.81768408203125,7.773322105407715,-5.521008014678955,2.2658228874206543
1781034538955206400,34.83720629882812,7.7330098152160645,-5.514953136444092,2.41367506980896
1781034538974733600,34.85673364257813,7.683885097503662,-5.513099193572998,2.569753885269165
1781034538994257400,34.87625732421875,7.62653112411499,-5.512743949890137,2.735996961593628
1781034539013782300,34.8957822265625,7.561398029327393,-5.511660099029541,2.913222074508667
1781034539033307100,34.91530712890625,7.561398029327393,-5.511660099029541,2.913222074508667
1781034539052833500,34.93483349609375,7.409286022186279,-5.498164176940918,3.303431987762451
1781034539072358700,34.95435864257813,7.324047088623047,-5.482385158538818,3.513087034225464
1781034539091883300,34.97388330078125,7.236050128936768,-5.456573963165283,3.7289910316467285
1781034539111403800,34.99340380859375,7.148223876953125,-5.419097900390625,3.9466779232025146
1781034539130924500,35.01292456054688,7.0629987716674805,-5.369494915008545,4.162036895751953
1781034539150447000,35.03244702148437,6.98643684387207,-5.305819988250732,4.367834091186523
1781034539169969000,35.05196899414062,6.919808864593506,-5.228487968444824,4.562800884246826
1781034539189493800,35.07149365234375,6.863515853881836,-5.139944076538086,4.744800090789795
1781034539209017900,35.09101782226563,6.814589977264404,-5.044303894042969,4.914910793304443
1781034539228540200,35.1105400390625,6.768828868865967,-4.944579124450684,5.076818943023682
1781034539248061700,35.13006176757813,6.717449188232422,-4.844695091247559,5.238779067993164
1781034539267584000,35.149583984375,6.647308826446533,-4.750700950622559,5.411481857299805
1781034539287105000,35.16910498046875,6.553947925567627,-4.662644863128662,5.598704814910889
1781034539306622700,35.18862280273437,6.434508800506592,-4.578995227813721,5.802576065063477
1781034539326148600,35.20814868164062,6.290032863616943,-4.497260093688965,6.020806789398193
1781034539345677000,35.227677001953126,6.120942115783691,-4.416385173797607,6.25056791305542
1781034539365200100,35.2472001953125,5.93845796585083,-4.3340020179748535,6.4800567626953125
1781034539384721200,35.26672119140625,5.756591796875,-4.2512431144714355,6.695414066314697
1781034539404243700,35.28624365234375,5.576777935028076,-4.168675899505615,6.896496772766113
1781034539423771400,35.305771484375,5.402468204498291,-4.08817720413208,7.08096981048584
1781034539443298300,35.32529833984375,5.241718769073486,-4.011433124542236,7.243809223175049
1781034539462821000,35.34482104492187,5.09792423248291,-3.9395151138305664,7.384537220001221
1781034539482344200,35.36434423828125,4.9669718742370605,-3.874319076538086,7.507252216339111
1781034539501864000,35.383864013671875,4.845009803771973,-3.8134050369262695,7.617337226867676
1781034539521382100,35.403382080078124,4.733303070068359,-3.758312940597534,7.7143330574035645
1781034539540900900,35.42290087890625,4.733303070068359,-3.758312940597534,7.7143330574035645
1781034539560420600,35.442420654296875,4.6277618408203125,-3.708890914916992,7.801791191101074
1781034539579946500,35.461946533203125,4.518896102905273,-3.6640260219573975,7.886347770690918
1781034539599471900,35.481471923828124,4.404955863952637,-3.6240100860595703,7.968870162963867
1781034539618992000,35.5009921875,4.404955863952637,-3.6240100860595703,7.968870162963867
1781034539638512000,35.52051220703125,4.15859317779541,-3.55780291557312,8.129460334777832
1781034539658036200,35.5400361328125,4.027856826782227,-3.531709909439087,8.206300735473633
1781034539677564000,35.55956396484375,3.8953518867492676,-3.5107970237731934,8.278921127319336
1781034539697092000,35.57909204101563,3.7615768909454346,-3.4969089031219482,8.346386909484863
1781034539716614100,35.5986142578125,3.627289056777954,-3.490549087524414,8.408260345458984
1781034539736138000,35.61813793945313,3.4948039054870605,-3.4910058975219727,8.463994979858398
1781034539755665200,35.6376650390625,3.3614509105682373,-3.4970200061798096,8.515368461608887
1781034539775187500,35.6571875,3.2274229526519775,-3.5095229148864746,8.561949729919434
1781034539794711600,35.67671166992187,3.089672088623047,-3.528412103652954,8.60489559173584
1781034539814240500,35.69624047851563,2.9468939304351807,-3.5525898933410645,8.644936561584473
1781034539833767400,35.715767333984374,2.9468939304351807,-3.5525898933410645,8.644936561584473
1781034539853289500,35.73528955078125,2.6452200412750244,-3.613523006439209,8.716951370239258
1781034539872811000,35.75481103515625,2.489147901535034,-3.650347948074341,8.747518539428711
1781034539892334800,35.7743349609375,2.3320300579071045,-3.6899778842926025,8.774148941040039
1781034539911858200,35.79385815429688,2.177825927734375,-3.730846881866455,8.796467781066895
1781034539931382000,35.81338208007813,2.031100034713745,-3.7717199325561523,8.81412124633789
1781034539950907600,35.83290771484375,1.896569013595581,-3.811944007873535,8.8267822265625
1781034539970429400,35.85242944335938,1.7767449617385864,-3.8501689434051514,8.835121154785156
1781034539989951000,35.871950927734375,1.6738669872283936,-3.885751962661743,8.839632034301758
1781034540009474300,35.89147436523437,1.5899009704589844,-3.918889045715332,8.84050464630127
1781034540028990700,35.91099072265625,1.5263739824295044,-3.949486017227173,8.83808422088623
1781034540048509700,35.930509765625,1.4827460050582886,-3.978066921234131,8.832691192626953
1781034540068034600,35.95003466796875,1.4577670097351074,-4.005064964294434,8.824645042419434
1781034540087554300,35.96955419921875,1.4508830308914185,-4.030080795288086,8.814385414123535
1781034540107072000,35.989072021484375,1.4610530138015747,-4.053069114685059,8.802154541015625
1781034540126592000,36.008592041015625,1.4885250329971313,-4.073855876922607,8.787945747375488
1781034540146109700,36.02810961914062,1.5345640182495117,-4.092953205108643,8.771136283874512
1781034540165626400,36.04762646484375,1.599861979484558,-4.111189842224121,8.750917434692383
1781034540185147000,36.06714697265625,1.6863709688186646,-4.129007816314697,8.726250648498535
1781034540204670700,36.086670654296874,1.796167016029358,-4.146946907043457,8.695781707763672
1781034540224193800,36.10619384765625,1.9270819425582886,-4.164959907531738,8.65906810760498
1781034540243714600,36.125714599609374,2.0762720108032227,-4.1820597648620605,8.616233825683594
1781034540263240000,36.14523999023437,2.2371559143066406,-4.196633815765381,8.568745613098145
1781034540282768100,36.16476806640625,2.402406930923462,-4.20702600479126,8.518766403198242
1781034540302294300,36.18429418945313,2.558350086212158,-4.2127509117126465,8.470393180847168
1781034540321821400,36.203821533203126,2.697316884994507,-4.213363170623779,8.426864624023438
1781034540341348900,36.223348876953125,2.81623911857605,-4.2089338302612305,8.390092849731445
1781034540360873200,36.24287329101563,2.81623911857605,-4.2089338302612305,8.390092849731445
1781034540380392400,36.26239233398437,2.991446018218994,-4.188572883605957,8.33949089050293
1781034540399913000,36.281912841796874,3.0571060180664062,-4.1747660636901855,8.322585105895996
1781034540419436300,36.30143627929687,3.0571060180664062,-4.1747660636901855,8.322585105895996
1781034540438960400,36.32096044921875,3.1212449073791504,-4.160909175872803,8.305700302124023
1781034540458481700,36.34048168945313,3.2504799365997314,-4.140498161315918,8.266234397888184
1781034540478002200,36.36000219726562,3.2504799365997314,-4.140498161315918,8.266234397888184
1781034540497520600,36.37952075195312,3.314150094985962,-4.136263847351074,8.243041038513184
1781034540517042000,36.3990419921875,3.372225046157837,-4.13769006729126,8.218734741210938
1781034540536568300,36.418568359375,3.420358896255493,-4.144715785980225,8.195269584655762
1781034540556095700,36.438095703125,3.4538469314575195,-4.155732154846191,8.17562484741211
1781034540575621600,36.45762158203125,3.4621050357818604,-4.171792030334473,8.163944244384766
1781034540595144400,36.47714453125,3.4415531158447266,-4.193171977996826,8.161680221557617
1781034540614666500,36.49666650390625,3.3934550285339355,-4.2187299728393555,8.168645858764648
1781034540634189800,36.51618994140625,3.3934550285339355,-4.2187299728393555,8.168645858764648
1781034540653715000,36.53571484375,3.220797061920166,-4.286923885345459,8.202971458435059
1781034540673238500,36.55523852539063,3.106879949569702,-4.329153060913086,8.224701881408691
1781034540692766000,36.57476586914063,2.989511013031006,-4.37693977355957,8.242888450622559
1781034540712294700,36.594294677734375,2.8726449012756348,-4.430312156677246,8.255921363830566
1781034540731819300,36.6138193359375,2.7594799995422363,-4.487235069274902,8.263775825500488
1781034540751345700,36.633345703125,2.6478919982910156,-4.542859077453613,8.269890785217285
1781034540770876200,36.65287622070313,2.5284159183502197,-4.59594202041626,8.277947425842285
1781034540790406100,36.67240625,2.387573003768921,-4.6438307762146,8.293028831481934
1781034540809930800,36.6919306640625,2.2213668823242188,-4.6819682121276855,8.317733764648438
1781034540829450500,36.711450439453124,2.0264461040496826,-4.707308769226074,8.353128433227539
1781034540848975000,36.73097509765625,1.8012330532073975,-4.719405174255371,8.397783279418945
1781034540868502500,36.75050244140625,1.5499240159988403,-4.71919584274292,8.447895050048828
1781034540888026400,36.7700263671875,1.290017008781433,-4.707609176635742,8.49789810180664
1781034540907547100,36.78954711914062,1.0395350456237793,-4.687267780303955,8.543353080749512
1781034540927072800,36.80907275390625,0.8191009759902954,-4.66168212890625,8.581247329711914
1781034540946603000,36.82860302734375,0.6375799775123596,-4.634714126586914,8.61120891571045
1781034540966131700,36.84813159179687,0.5021520256996155,-4.610170841217041,8.633316993713379
1781034540985658400,36.867658447265626,0.4226900041103363,-4.589815139770508,8.648405075073242
1781034541005183200,36.88718334960937,0.39492499828338623,-4.573448181152344,8.658382415771484
1781034541024707300,36.90670727539062,0.4071680009365082,-4.559325218200684,8.665261268615723
1781034541044230000,36.92622998046875,0.44731301069259644,-4.546884059906006,8.669818878173828
1781034541063750400,36.94575048828125,0.5152260065078735,-4.536378860473633,8.671551704406738
1781034541083275500,36.965275634765625,0.6197609901428223,-4.526887893676758,8.669670104980469
1781034541102805800,36.9848056640625,0.7525680065155029,-4.518134117126465,8.66372299194336
1781034541122337000,37.0043369140625,0.9214379787445068,-4.509590148925781,8.651851654052734
1781034541141871400,37.023871337890625,1.1252399682998657,-4.502551078796387,8.631389617919922
1781034541161403600,37.04340356445312,1.3697669506072998,-4.496592998504639,8.599091529846191
1781034541180931600,37.062931640625,1.6488250494003296,-4.489405155181885,8.553749084472656
1781034541200461600,37.08246166992188,1.6488250494003296,-4.489405155181885,8.553749084472656
1781034541219992300,37.101992431640625,2.214566946029663,-4.457578182220459,8.441901206970215
1781034541239518200,37.121518310546875,2.214566946029663,-4.457578182220459,8.441901206970215
1781034541259041500,37.14104150390625,2.7415430545806885,-4.418082237243652,8.306893348693848
1781034541278565600,37.160565673828124,2.7415430545806885,-4.418082237243652,8.306893348693848
1781034541298094600,37.18009448242187,2.9743399620056152,-4.401047229766846,8.235536575317383
1781034541317620700,37.199620849609374,3.1909539699554443,-4.387701988220215,8.161243438720703
1781034541337145900,37.21914575195313,3.4074530601501465,-4.379879951477051,8.077492713928223
1781034541356676400,37.23867626953125,3.638766050338745,-4.379151821136475,7.976365089416504
1781034541376204800,37.25820483398437,3.8888630867004395,-4.3795647621154785,7.857235908508301
1781034541395727400,37.277727294921874,4.167759895324707,-4.383274078369141,7.710815906524658
1781034541415250400,37.29725048828125,4.465095043182373,-4.389153957366943,7.539113998413086
1781034541434776000,37.31677612304688,4.7760701179504395,-4.399057865142822,7.340126037597656
1781034541454303000,37.336302978515626,5.0981340408325195,-4.412942886352539,7.111608028411865
1781034541473824800,37.35582470703125,5.422348976135254,-4.4284868240356445,6.857595920562744
1781034541493344300,37.37534423828125,5.744870185852051,-4.444139003753662,6.579216003417969
1781034541512865300,37.394865234375,6.069570064544678,-4.451758861541748,6.275519847869873
1781034541532386600,37.41438647460937,6.390504837036133,-4.447279930114746,5.951735019683838
1781034541551908600,37.43390869140625,6.705602169036865,-4.425405025482178,5.611656188964844
1781034541571432200,37.45343212890625,7.007346153259277,-4.385788917541504,5.263265132904053
1781034541590953500,37.472953369140626,7.278014183044434,-4.343761920928955,4.919577121734619
1781034541610476800,37.492476806640624,7.506392002105713,-4.312339782714844,4.593232154846191
1781034541630002000,37.512001953125,7.69103479385376,-4.2979350090026855,4.291355133056641
1781034541649526000,37.53152612304687,7.838534832000732,-4.299746990203857,4.013669013977051
1781034541669051400,37.55105151367187,7.955471992492676,-4.315461158752441,3.7586240768432617
1781034541688579000,37.5705791015625,8.048938751220703,-4.341887950897217,3.5217299461364746
1781034541708104000,37.59010400390625,8.132402420043945,-4.365335941314697,3.2936089038848877
1781034541727629600,37.609629638671876,8.21308708190918,-4.37772798538208,3.069314956665039
1781034541747153700,37.62915356445313,8.293023109436035,-4.378292083740234,2.8454060554504395
1781034541766674000,37.648673828125,8.372381210327148,-4.368317127227783,2.6193580627441406
1781034541786196200,37.6681962890625,8.448575019836426,-4.353514194488525,2.389241933822632
1781034541805720600,37.68772045898437,8.523795127868652,-4.3349928855896,2.14306902885437
1781034541825243400,37.70724340820313,8.594694137573242,-4.315585136413574,1.8833409547805786
1781034541844763600,37.726763671875,8.659173965454102,-4.292879104614258,1.621698021888733
1781034541864282600,37.74628271484375,8.71683120727539,-4.267316818237305,1.3589890003204346
1781034541883802600,37.765802734375,8.764759063720703,-4.2403388023376465,1.112889051437378
1781034541903323000,37.78532299804687,8.803584098815918,-4.212246894836426,0.8910099864006042
1781034541922842600,37.80484252929688,8.832697868347168,-4.186659812927246,0.7037870287895203
1781034541942366000,37.824365966796876,8.853316307067871,-4.165747165679932,0.5525659918785095
1781034541961891800,37.843891845703126,8.867514610290527,-4.1498308181762695,0.4313969910144806
1781034541981415000,37.86341479492187,8.876482963562012,-4.1383280754089355,0.3496910035610199
1781034542000934400,37.88293432617188,8.876482963562012,-4.1383280754089355,0.3496910035610199
1781034542020452900,37.90245288085937,8.882226943969727,-4.130444049835205,0.29234299063682556
1781034542039970300,37.92197021484375,8.885601043701172,-4.125665187835693,0.254940003156662
1781034542059488000,37.94148803710937,8.886590957641602,-4.124402046203613,0.24043899774551392
1781034542079005200,37.961005126953125,8.880306243896484,-4.134899139404297,0.28768599033355713
1781034542098526200,37.98052612304687,8.880306243896484,-4.134899139404297,0.28768599033355713
1781034542118044200,38.00004418945313,8.880306243896484,-4.134899139404297,0.28768599033355713
1781034542137557500,38.0195576171875,8.846338272094727,-4.194818019866943,0.43105798959732056
1781034542157073700,38.03907373046875,8.814226150512695,-4.2499871253967285,0.5357509851455688
1781034542176596500,38.058596435546875,8.771913528442383,-4.318737030029297,0.6648560166358948
1781034542196121900,38.07812182617187,8.72594165802002,-4.385952949523926,0.8132370114326477
1781034542215645000,38.09764501953125,8.651893615722656,-4.460643768310547,1.134626030921936
1781034542235165200,38.11716528320313,8.651893615722656,-4.460643768310547,1.134626030921936
1781034542254687200,38.13668725585938,8.632088661193848,-4.45422887802124,1.2988009452819824
1781034542274209000,38.156208984375,8.623702049255371,-4.419027805328369,1.464223027229309
1781034542293730800,38.175730712890626,8.622991561889648,-4.362057209014893,1.629868984222412
1781034542313255700,38.19525561523437,8.621429443359375,-4.296586990356445,1.8028600215911865
1781034542332777200,38.21477709960938,8.610265731811523,-4.235752105712891,1.9904099702835083
1781034542352296400,38.23429638671875,8.586971282958984,-4.180234909057617,2.1976261138916016
1781034542371817200,38.25381713867188,8.548904418945312,-4.131807804107666,2.4257729053497314
1781034542391337000,38.2733369140625,8.497471809387207,-4.085558891296387,2.6722989082336426
1781034542410861800,38.29286181640625,8.435540199279785,-4.0365190505981445,2.930556058883667
1781034542430391300,38.31239135742187,8.363601684570312,-3.9849789142608643,3.195322036743164
1781034542449919700,38.331919677734376,8.283415794372559,-3.930171012878418,3.4610331058502197
1781034542469445600,38.35144555664063,8.195438385009766,-3.872699022293091,3.7251830101013184
1781034542488966400,38.37096630859375,8.095682144165039,-3.8165640830993652,3.991710901260376
1781034542508483600,38.390483642578126,7.981523036956787,-3.7627999782562256,4.26340389251709
1781034542528001500,38.41000146484375,7.849335193634033,-3.7131431102752686,4.543181896209717
1781034542547520000,38.42952001953125,7.695557117462158,-3.66908597946167,4.832825183868408
1781034542567035600,38.44903564453125,7.518308162689209,-3.6306159496307373,5.1316328048706055
1781034542586552300,38.46855224609375,7.316104888916016,-3.6013801097869873,5.435500144958496
1781034542606076000,38.48807592773438,7.093574047088623,-3.578782081604004,5.737030982971191
1781034542625603300,38.50760327148438,6.852435111999512,-3.5616860389709473,6.033117771148682
1781034542645128700,38.52712866210938,6.596851825714111,-3.54707407951355,6.319794178009033
1781034542664655000,38.54665502929687,6.334644794464111,-3.529526948928833,6.59201717376709
1781034542684185300,38.566185302734375,6.07273006439209,-3.502624034881592,6.847887992858887
1781034542703710500,38.58571044921875,5.820423126220703,-3.4587368965148926,7.085182189941406
1781034542723236400,38.605236328125,5.578942775726318,-3.3955790996551514,7.306532859802246
1781034542742765800,38.624765869140624,5.352437973022461,-3.3129079341888428,7.511062145233154
1781034542762288600,38.64428857421875,5.150934219360352,-3.213284969329834,7.693027019500732
1781034542781808000,38.66380810546875,4.9727349281311035,-3.1027638912200928,7.853963851928711
1781034542801324800,38.68332470703125,4.813639163970947,-2.991278886795044,7.995068073272705
1781034542820845600,38.70284545898438,4.813639163970947,-2.991278886795044,7.995068073272705
1781034542840367600,38.72236767578125,4.553437232971191,-2.791145086288452,8.21679401397705
1781034542859885600,38.74188549804688,4.553437232971191,-2.791145086288452,8.21679401397705
1781034542879407000,38.761406982421875,4.447693824768066,-2.713839054107666,8.300186157226562
1781034542898933000,38.78093310546875,4.257873058319092,-2.6232728958129883,8.42786693572998
1781034542918457300,38.80045727539063,4.257873058319092,-2.6232728958129883,8.42786693572998
1781034542937986000,38.819986083984375,4.176699161529541,-2.6116979122161865,8.471966743469238
1781034542957515300,38.839515380859375,4.098622798919678,-2.6225180625915527,8.506684303283691
1781034542977040000,38.85903979492188,4.026442050933838,-2.6550750732421875,8.531022071838379
1781034542996570000,38.87857006835937,3.9515719413757324,-2.705873966217041,8.550046920776367
1781034543016097000,38.89809692382813,3.798556089401245,-2.847214937210083,8.573466300964355
1781034543035620600,38.91762060546875,3.798556089401245,-2.847214937210083,8.573466300964355
1781034543055144200,38.937144287109376,3.724000930786133,-2.9290199279785156,8.57861614227295
1781034543074668500,38.95666845703125,3.64957594871521,-3.013390064239502,8.581378936767578
1781034543094197800,38.97619775390625,3.575571060180664,-3.097301959991455,8.582656860351562
1781034543113726500,38.9957265625,3.4986460208892822,-3.1780240535736084,8.58484935760498
1781034543133251600,39.01525146484375,3.4190990924835205,-3.252211093902588,8.589113235473633
1781034543152773400,39.0347734375,3.3347060680389404,-3.3187038898468018,8.596855163574219
1781034543172298200,39.05429833984375,3.2475221157073975,-3.3770720958709717,8.607495307922363
1781034543191828000,39.073827880859376,3.166727066040039,-3.4255640506744385,8.618430137634277
1781034543211357200,39.093357177734376,3.094978094100952,-3.4625160694122314,8.629721641540527
1781034543230887200,39.11288720703125,3.0440049171447754,-3.487428903579712,8.637816429138184
1781034543250416600,39.13241674804687,3.0132429599761963,-3.5037219524383545,8.642007827758789
1781034543269940000,39.15193994140625,2.995997905731201,-3.5170860290527344,8.642574310302734
1781034543289459000,39.171458984375,2.9850590229034424,-3.532927989959717,8.639898300170898
1781034543308979500,39.1909794921875,2.9771289825439453,-3.555133104324341,8.633523941040039
1781034543328507100,39.21050708007812,2.9699289798736572,-3.5869839191436768,8.622820854187012
1781034543348034300,39.23003442382812,2.9623661041259766,-3.6301610469818115,8.607340812683105
1781034543367556900,39.249556884765624,2.946362018585205,-3.6858038902282715,8.589167594909668
1781034543387078700,39.26907861328125,2.922574996948242,-3.7508749961853027,8.569100379943848
1781034543406602200,39.28860229492187,2.8951010704040527,-3.819540023803711,8.548069953918457
1781034543426125300,39.308125244140626,2.851315975189209,-3.886996030807495,8.532364845275879
1781034543445644000,39.32764404296875,2.793426036834717,-3.952605962753296,8.521366119384766
1781034543465166000,39.347166015625,2.7201449871063232,-4.011353969573975,8.517619132995605
1781034543484694800,39.36669482421875,2.6406519412994385,-4.0588788986206055,8.520120620727539
1781034543504218600,39.386218505859375,2.5548040866851807,-4.097178936004639,8.527960777282715
1781034543523738400,39.40573828125,2.4642200469970703,-4.124252796173096,8.54155445098877
1781034543543260000,39.42526000976562,2.3753890991210938,-4.143404006958008,8.5574369430542
1781034543562777600,39.44477758789063,2.288252115249634,-4.152994155883789,8.57651138305664
1781034543582293800,39.464293701171876,2.211858034133911,-4.154401779174805,8.59584903717041
1781034543601812000,39.48381201171875,2.145474910736084,-4.147943019866943,8.61577033996582
1781034543621329400,39.50332934570312,2.086353063583374,-4.1319899559021,8.637927055358887
1781034543640849200,39.52284912109375,2.086353063583374,-4.1319899559021,8.637927055358887
1781034543660369700,39.54236962890625,1.9902119636535645,-4.083316802978516,8.683637619018555
1781034543679891000,39.561890869140626,1.9902119636535645,-4.083316802978516,8.683637619018555
1781034543699414800,39.581414794921876,1.959020972251892,-4.053743839263916,8.704561233520508
1781034543718939100,39.60093920898437,1.9391969442367554,-4.0034499168396,8.732233047485352
1781034543738461200,39.62046118164063,1.9391969442367554,-4.0034499168396,8.732233047485352
1781034543757985500,39.63998559570312,1.9558329582214355,-3.9906399250030518,8.734386444091797
1781034543777516300,39.65951635742187,1.9953160285949707,-3.988939046859741,8.726228713989258
1781034543797045500,39.67904541015625,2.0551109313964844,-3.997814893722534,8.708271026611328
1781034543816569000,39.69856909179688,2.208240032196045,-4.040928840637207,8.650697708129883
1781034543836091100,39.71809106445313,2.208240032196045,-4.040928840637207,8.650697708129883
1781034543855615000,39.73761499023438,2.285588026046753,-4.068756103515625,8.617499351501465
1781034543875140600,39.757140625,2.3563859462738037,-4.093581199645996,8.58661937713623
1781034543894672400,39.77667236328125,2.4154319763183594,-4.111979007720947,8.561385154724121
1781034543914204700,39.79620458984375,2.454092025756836,-4.123513221740723,8.544827461242676
1781034543933734100,39.815734130859376,2.4730019569396973,-4.129075050354004,8.5366849899292
1781034543953261000,39.83526098632812,2.472752094268799,-4.129271030426025,8.536663055419922
1781034543972789500,39.85478955078125,2.4573380947113037,-4.128367900848389,8.541549682617188
1781034543992319500,39.87431958007812,2.4304521083831787,-4.129337787628174,8.5487699508667
1781034544011850200,39.89385034179688,2.395634889602661,-4.135046005249023,8.555835723876953
1781034544031382800,39.9133828125,2.361285924911499,-4.146708965301514,8.559739112854004
1781034544050911000,39.93291088867188,2.3270161151885986,-4.1654510498046875,8.560023307800293
1781034544070434600,39.9524345703125,2.29353404045105,-4.190287113189697,8.556938171386719
1781034544089963800,39.9719638671875,2.2615909576416016,-4.21917200088501,8.551244735717773
1781034544109497900,39.99149780273437,2.231847047805786,-4.249166011810303,8.544204711914062
1781034544129036000,40.0110361328125,2.2044460773468018,-4.277190208435059,8.537332534790039
1781034544148570400,40.0305703125,2.1800460815429688,-4.300580024719238,8.53184700012207
1781034544168101000,40.05010107421875,2.1605429649353027,-4.317039966583252,8.528493881225586
1781034544187629000,40.069629150390625,2.1479249000549316,-4.325741767883301,8.527271270751953
1781034544207153200,40.089153076171876,2.1443440914154053,-4.326930046081543,8.527570724487305
1781034544226676700,40.1086767578125,2.1516480445861816,-4.322114944458008,8.528173446655273
1781034544246202600,40.12820263671875,2.1742630004882812,-4.31294584274292,8.527078628540039
1781034544265729000,40.14772900390625,2.2118520736694336,-4.3014421463012695,8.523221015930176
1781034544285254000,40.16725390625,2.26755690574646,-4.289008140563965,8.51484489440918
1781034544304775700,40.186775634765624,2.3385050296783447,-4.275641918182373,8.502368927001953
1781034544324298200,40.20629833984375,2.413322925567627,-4.261902809143066,8.488348007202148
1781034544343825000,40.22582495117187,2.4860129356384277,-4.245561122894287,8.475550651550293
1781034544363350500,40.2453505859375,2.547734022140503,-4.226243019104004,8.46687126159668
1781034544382878700,40.264878662109375,2.5963990688323975,-4.2044148445129395,8.462955474853516
1781034544402407200,40.2844072265625,2.6272330284118652,-4.182082176208496,8.46450424194336
1781034544421934000,40.30393408203125,2.6411869525909424,-4.160583972930908,8.47075366973877
1781034544441460700,40.32346069335937,2.6485400199890137,-4.143998146057129,8.47658634185791
1781034544460986600,40.34298657226562,2.6485400199890137,-4.143998146057129,8.47658634185791
1781034544480513500,40.36251342773438,2.665395975112915,-4.147439956665039,8.469615936279297
1781034544500041000,40.382041015625,2.665395975112915,-4.147439956665039,8.469615936279297
1781034544519566300,40.40156640625,2.6878669261932373,-4.162792205810547,8.454970359802246
1781034544539088400,40.42108837890625,2.7580339908599854,-4.202653884887695,8.412546157836914
1781034544558606800,40.44060693359375,2.7580339908599854,-4.202653884887695,8.412546157836914
1781034544578128400,40.46012841796875,2.7775421142578125,-4.220695972442627,8.39708137512207
1781034544597651000,40.47965087890625,2.7805020809173584,-4.23170280456543,8.390559196472168
1781034544617169700,40.49916967773437,2.7805020809173584,-4.23170280456543,8.390559196472168
1781034544636693500,40.51869360351562,2.7990479469299316,-4.251791954040527,8.374222755432129
1781034544656220400,40.53822045898438,2.8090620040893555,-4.266386032104492,8.363438606262207
1781034544675744800,40.55774487304687,2.8176109790802,-4.281836032867432,8.3526611328125
1781034544695268000,40.57726806640625,2.847019910812378,-4.301380157470703,8.332621574401855
1781034544714790400,40.59679028320313,2.8887031078338623,-4.322658061981201,8.30722713470459
1781034544734312400,40.6163125,2.909518003463745,-4.331361770629883,8.295419692993164
1781034544753835300,40.63583520507812,2.911345958709717,-4.320968151092529,8.30019760131836
1781034544773356000,40.65535595703125,2.893049955368042,-4.293415069580078,8.320867538452148
1781034544792873000,40.674873046875,2.8578619956970215,-4.2516632080078125,8.354397773742676
1781034544812387800,40.69438793945312,2.8069639205932617,-4.196369171142578,8.399490356445312
1781034544831900200,40.71390014648438,2.743506908416748,-4.130608081817627,8.452882766723633
1781034544851413800,40.733413818359374,2.6851799488067627,-4.063109874725342,8.504172325134277
1781034544870933000,40.75293310546875,2.6343109607696533,-4.004300117492676,8.54786491394043
1781034544890452000,40.77245190429687,2.596005916595459,-3.9552409648895264,8.582354545593262
1781034544909968400,40.79196850585937,2.5747408866882324,-3.9153330326080322,8.607025146484375
1781034544929488600,40.81148852539062,2.578829050064087,-3.8813281059265137,8.621191024780273
1781034544949011000,40.831010986328124,2.6072089672088623,-3.849703073501587,8.626832962036133
1781034544968529000,40.85052880859375,2.650516986846924,-3.8174870014190674,8.627951622009277
1781034544988044000,40.8700439453125,2.6972711086273193,-3.78240704536438,8.628911972045898
1781034545007553000,40.889552978515624,2.7420248985290527,-3.7430779933929443,8.631956100463867
1781034545027063800,40.909063720703124,2.780177116394043,-3.700321912765503,8.638184547424316
1781034545046580000,40.928580078125,2.80704402923584,-3.65664005279541,8.648091316223145
1781034545066095000,40.94809521484375,2.8326148986816406,-3.612596035003662,8.658258438110352
1781034545085616000,40.9676162109375,2.859128952026367,-3.5715739727020264,8.666559219360352
1781034545105137700,40.9871376953125,2.8866939544677734,-3.544990062713623,8.6683349609375
1781034545124655000,41.00665502929687,2.910609006881714,-3.536578893661499,8.663772583007812
1781034545144174000,41.026174072265626,2.9310998916625977,-3.543459892272949,8.654047966003418
1781034545163694300,41.0456943359375,2.967747926712036,-3.560694932937622,8.634461402893066
1781034545183211300,41.06521118164063,2.9999420642852783,-3.584376096725464,8.61351203918457
1781034545202728200,41.08472827148437,2.9966111183166504,-3.6049458980560303,8.606082916259766
1781034545222246000,41.10424584960938,2.9646520614624023,-3.6116371154785156,8.61434268951416
1781034545241763600,41.123763671875,2.908828020095825,-3.600680112838745,8.637929916381836
1781034545261280500,41.14328051757813,2.835115909576416,-3.572438955307007,8.674087524414062
1781034545280803600,41.16280346679687,2.835115909576416,-3.572438955307007,8.674087524414062
1781034545300333300,41.182333251953125,2.5895230770111084,-3.4561851024627686,8.797110557556152
1781034545319860000,41.20185986328125,2.5895230770111084,-3.4561851024627686,8.797110557556152
1781034545339380700,41.221380615234374,2.3785688877105713,-3.3155388832092285,8.91008472442627
1781034545358899700,41.240899658203126,2.3785688877105713,-3.3155388832092285,8.91008472442627
1781034545378420500,41.26042041015625,2.3785688877105713,-3.3155388832092285,8.91008472442627
1781034545397944800,41.27994482421875,2.3408150672912598,-3.1665658950805664,8.974042892456055
1781034545417470200,41.29947021484375,2.4908809661865234,-2.9853498935699463,8.995731353759766
1781034545436995600,41.31899560546875,2.4908809661865234,-2.9853498935699463,8.995731353759766
1781034545456520200,41.338520263671874,2.6118040084838867,-2.8672029972076416,8.99986743927002
1781034545476039700,41.35803979492187,2.7549729347229004,-2.711656093597412,9.005389213562012
1781034545495561700,41.37756176757812,2.89365291595459,-2.5157859325408936,9.0187349319458
1781034545515088600,41.397088623046876,3.027630090713501,-2.2775490283966064,9.038043022155762
1781034545534620200,41.4166201171875,3.1569650173187256,-2.005570888519287,9.058215141296387
1781034545554149400,41.4361494140625,3.289141893386841,-1.6994160413742065,9.073781967163086
1781034545573672000,41.455671875,3.4366519451141357,-1.363420009613037,9.075820922851562
1781034545593194000,41.47519409179687,3.6121408939361572,-0.9994620084762573,9.05502700805664
1781034545612720600,41.494720703125,3.818876028060913,-0.6156200170516968,9.004287719726562
1781034545632242000,41.51424194335937,4.055863857269287,-0.20770099759101868,8.918902397155762
1781034545651762700,41.5337626953125,4.314136028289795,0.22794100642204285,8.796378135681152
1781034545671289000,41.5532890625,4.571931838989258,0.6934469938278198,8.640403747558594
1781034545690816800,41.57281665039063,4.813811779022217,1.1874829530715942,8.453229904174805
1781034545710342700,41.5923427734375,5.023427963256836,1.7043219804763794,8.24017333984375
1781034545729864700,41.61186474609375,5.202573776245117,2.233078956604004,7.9991607666015625
1781034545749386200,41.63138623046875,5.3502020835876465,2.760500907897949,7.732720851898193
1781034545768911400,41.650911376953125,5.471827983856201,3.273284912109375,7.4420881271362305
1781034545788436200,41.67043627929687,5.583310127258301,3.758121967315674,7.123423099517822
1781034545807955700,41.68995581054688,5.6918559074401855,4.207821846008301,6.777684211730957
1781034545827473400,41.709473388671874,5.800586223602295,4.6208600997924805,6.406312942504883
1781034545846996000,41.728995849609376,5.902375221252441,5.000951766967773,6.01601505279541
1781034545866520300,41.74852026367188,5.993483066558838,5.350766181945801,5.611368179321289
1781034545886045400,41.76804541015625,6.07050085067749,5.672054767608643,5.1977691650390625
1781034545905569800,41.78756982421875,6.1309919357299805,5.9665961265563965,4.780235767364502
1781034545925091300,41.80709130859375,6.17334508895874,6.2335028648376465,4.3672919273376465
1781034545944612900,41.82661279296875,6.198267936706543,6.473880767822266,3.963625907897949
1781034545964136000,41.84613598632812,6.197305202484131,6.691628932952881,3.585455894470215
1781034545983658800,41.86565869140625,6.174414157867432,6.889908790588379,3.2319910526275635
1781034546003179500,41.88517944335938,6.135519981384277,7.0672149658203125,2.906864881515503
1781034546022697200,41.904697265625,6.08308219909668,7.227519989013672,2.6075010299682617
1781034546042216700,41.924216796875,6.018520832061768,7.372468948364258,2.33754301071167
1781034546061741800,41.94374194335938,5.943779945373535,7.503815174102783,2.0986249446868896
1781034546081268200,41.96326831054687,5.872258186340332,7.616511821746826,1.882902979850769
