Time (s),Acc_X,Acc_Y,Acc_Z,Gyro_X,Gyro_Y,Gyro_Z,activity_label
4.859464083,-0.1176553345,9.786199493,-0.8039781189,-0.01436388679,-0.009176701307,0.001626594807,5
4.879508083,-0.107177124,9.765243073,-0.7451504517,-0.01180461794,-0.003684440395,-0.003019629978,5
4.899552083,-0.1022373962,9.738748169,-0.7448510742,-0.009236113168,0.005473955534,0.001175585669,5
4.919597083,-0.07619155884,9.749076691,-0.7095245361,-0.003940049559,0.003281291574,0.002249535872,5
4.939640583,-0.08277786255,9.773475952,-0.7134164429,-0.002389479196,0.004218836315,0.002034445759,5
4.959684583,-0.0860710144,9.794132996,-0.7200027466,-0.00431231223,0.007454114035,0.001112395199,5
4.979729583,-0.1050814819,9.778265991,-0.730480957,-0.004789357539,0.01218954101,0.004581860267,5
4.999773583,-0.1104702759,9.766141205,-0.6777905273,-0.006010354962,0.02707274444,0.0008042711997,5
5.019817583,-0.07828720093,9.769883423,-0.7158114624,-0.007121571805,0.02361448482,0.002136501018,5
5.039862583,-0.1119671631,9.752968597,-0.7298822021,-0.00601981394,0.007239631377,0.002542626113,5
5.059906583,-0.1097218323,9.76314743,-0.7432044983,-0.006884851027,0.007391422056,0.003213290591,5
5.079950583,-0.1113684082,9.756561127,-0.7551795959,-0.004238195252,0.01271605305,0.002694508294,5
5.099994583,-0.1065783691,9.748178558,-0.7442523193,-8.271960542e-05,0.01065144874,0.00287225144,5
5.120039583,-0.1122665405,9.767338715,-0.7680528259,0.001700835768,0.004487133119,0.001145919552,5
5.140083583,-0.117355957,9.756860504,-0.7491920471,0.001128598349,-0.001161006046,0.001110237325,5
5.160127583,-0.1068777466,9.75506424,-0.7322772217,0.003917541821,0.003332876833,-0.0008243753109,5
5.180172583,-0.1044827271,9.786498871,-0.7382647705,0.001305782818,-0.0006762926932,-0.0009356904775,5
5.200216583,-0.09550140381,9.765392761,-0.734223175,-0.0009336024523,-0.0001617365051,0.0002703570062,5
5.220260583,-0.07529342651,9.760153656,-0.730480957,-6.163027138e-06,0.003943819553,0.0009661156218,5
5.240305583,-0.07948471069,9.766440582,-0.749790802,0.0001188816968,-0.00459168572,0.001369358739,5
5.260349583,-0.1414558411,9.771679688,-0.7455995178,-0.001422362635,-0.008533636108,0.0008326664101,5
5.280393583,-0.1260379028,9.787846069,-0.75353302,0.002165372716,0.001784622553,-0.00139428582,5
5.300437583,-0.1282832336,9.769434357,-0.7667056274,0.001893466804,0.002406956395,-0.0009829252958,5
5.320482583,-0.09939331055,9.744136963,-0.7640112305,0.0005345647223,-0.003210673807,-0.0001210442279,5
5.340526583,-0.1010398865,9.752818909,-0.7879614258,0.004422359169,-0.004969429225,-0.002155721886,5
5.360570583,-0.1127156067,9.780211945,-0.8044271851,0.009442006238,-0.006795171648,-0.002961500082,5
5.380615583,-0.1091230774,9.790241089,-0.7596702576,0.006230917759,-0.004886965267,-0.0004236542154,5
5.400659583,-0.1025367737,9.785750427,-0.7414082336,0.002816324588,0.004201866221,-0.002377851633,5
5.420703583,-0.1091230774,9.791588287,-0.7458988953,0.002200066112,-0.006334350444,-0.002604704583,5
5.440748583,-0.07649093628,9.767787781,-0.7861651611,-0.001532662194,-0.01175442524,-0.0006313466001,5
5.460792583,-0.08397537231,9.783205719,-0.7729925537,-0.0003861233126,-0.006854560226,5.942513235e-05,5
5.480836583,-0.1002914429,9.760602722,-0.7391629028,0.003356144298,-0.004216073081,-0.0004350272939,5
5.500880583,-0.08337661743,9.780062256,-0.735869751,0.004806813784,-0.001380376751,0.0001207710011,5
5.520925583,-0.1046324158,9.804311829,-0.7831713867,-0.0003208478447,-0.0101989815,-0.002616231563,5
5.540969583,-0.08577163696,9.741292877,-0.7758366394,-0.006108575501,-0.01177411899,-0.001167773502,5
5.561013583,-0.08128097534,9.783654785,-0.765358429,-0.003759474028,0.002810210688,-0.001988576958,5
5.581058583,-0.07708969116,9.809251556,-0.7478448486,-0.003523257561,-0.00038841879,-0.0008300051559,5
5.601102583,-0.04400848389,9.77138031,-0.7611671448,-0.004243521485,-0.007308255881,-0.0008968850598,5
5.621146583,-0.05688171387,9.740394745,-0.7463479614,0.0004835864529,-0.002234886633,-0.0008635472041,5
5.641191583,-0.109871521,9.735455017,-0.7747888184,0.009244324639,0.002500167117,4.87313373e-05,5
5.661235583,-0.08861572266,9.765243073,-0.7918533325,0.002744943602,0.00118970545,-0.004683479667,5
5.681279583,-0.09086105347,9.796677704,-0.7044351196,0.003221125109,0.005339035764,-0.005750067998,5
5.701323583,-0.1028361511,9.763446808,-0.7093748474,0.004634356126,0.004436981399,-0.004888124764,5
5.721368583,-0.08397537231,9.762249298,-0.7197033691,9.011011571e-06,0.001872773166,-0.0009482235182,5
5.741412583,-0.1249900818,9.819131012,-0.7635621643,-0.003675469197,-0.01150939241,-0.001895741327,5
5.761456583,-0.1354682922,9.80760498,-0.7777825928,-0.00593470782,-0.00947005488,-0.0002848422155,5
5.781500583,-0.1116677856,9.765991516,-0.7571255493,-0.006077065133,0.001592038083,-0.0003211908042,5
5.801545583,-0.09430389404,9.745783539,-0.7364685059,-0.00127873919,0.00779990945,-0.001779219601,5
5.821589583,-0.1133143616,9.761351166,-0.7729925537,0.002921144245,-0.01527387276,0.0008704796201,5
5.841633583,-0.1306782532,9.760303345,-0.7821235657,-8.251680993e-05,-0.02579532191,0.002305443864,5
5.861678583,-0.1278341675,9.769733734,-0.7420069885,-0.00253115152,0.00317953038,-0.001241563819,5
5.881722583,-0.08816665649,9.757459259,-0.750838623,0.0006113515701,0.005112741608,-0.001756108133,5
5.901766583,-0.09669891357,9.774673462,-0.7511380005,0.003233684227,-0.01472547743,-0.001587896375,5
5.921811583,-0.1068777466,9.767189026,-0.7822732544,0.004292251542,-0.01305333432,-0.001271548681,5
5.941856042,-0.1139131165,9.768236847,-0.7634124756,0.001935012173,0.007997464389,-0.001413911581,5
5.961900042,-0.07933502197,9.772128754,-0.7164102173,0.00581226591,0.01503778808,-0.001897769282,5
5.981944042,-0.1287322998,9.782307587,-0.7454498291,0.007782593369,-0.002921384526,-0.0001027637627,5
6.001989042,-0.120050354,9.774523773,-0.7569758606,-0.0009106569923,-0.001367873279,-0.002111567417,5
6.022033042,-0.1199006653,9.780361633,-0.7667056274,-0.001016408205,0.008193649352,-0.0009709356818,5
6.042077042,-0.09385482788,9.760602722,-0.7571255493,0.003276715521,0.01503854897,-0.001105753938,5
6.062121042,-0.1342707825,9.762698364,-0.7694000244,0.007086906582,0.005579705816,0.0007589930901,5
6.082166042,-0.1552272034,9.778265991,-0.7598199463,0.005720738322,0.001454086276,0.0004775222624,5
6.102210042,-0.1294807434,9.766440582,-0.7490423584,0.006845427211,0.007369868923,-0.002206187695,5
6.122254042,-0.1196012878,9.747579803,-0.7430548096,0.005413027946,0.002064534463,0.0002158725401,5
6.142299042,-0.1269360352,9.781409454,-0.7411088562,0.006797838956,-0.001987881726,0.001301260549,5
6.162343042,-0.1212478638,9.7900914,-0.7593708801,0.004945715889,0.005656811874,-0.0006127394736,5
6.182387042,-0.1128652954,9.785900116,-0.7505392456,0.002829044824,0.007186390925,0.0007922322256,5
6.202431042,-0.1118174744,9.777367859,-0.7334747314,0.001004621619,0.006431959569,0.0001753320685,5
6.222476042,-0.09550140381,9.745334473,-0.758921814,0.001607331214,0.004362786189,0.0006102819461,5
6.242520042,-0.1011895752,9.737550659,-0.7882608032,0.001839404693,0.004118570127,0.00092558912,5
6.262564042,-0.1133143616,9.782457275,-0.7899073792,0.004134911578,0.005137789063,0.001719965599,5
6.282609042,-0.1258882141,9.768536224,-0.7942483521,0.004626136273,0.01538134459,0.001368014375,5
6.302653042,-0.1118174744,9.771230621,-0.7761360168,0.003902858123,0.01061865035,0.0005906169536,5
6.322697042,-0.1070274353,9.77138031,-0.8095166016,0.0002548238263,-0.005385452881,0.0006139385514,5
6.342741042,-0.1053808594,9.733359375,-0.8330177307,-0.0009453871753,-0.007776546292,0.002061302308,5
6.362786042,-0.1157093811,9.796977081,-0.8243357849,0.001918273512,0.003155627288,7.960421499e-05,5
6.382830042,-0.1179547119,9.818532257,-0.8322692871,-0.001075681997,-0.0007857817691,0.000496216584,5
6.402874042,-0.1016386414,9.770482178,-0.841999054,-0.005883835256,-0.009546848014,-0.001364100957,5
6.422919042,-0.1155596924,9.738149414,-0.7966433716,-0.002612789627,-0.01145894639,-0.001993175596,5
6.442963042,-0.1139131165,9.744885406,-0.8171507263,0.00436097756,-0.01111851539,-0.002021552995,5
6.463007042,-0.0549357605,9.751771088,-0.8431965637,0.001574988943,-0.01912779361,-0.003813897958,5
6.483051042,-0.06840774536,9.763297119,-0.7593708801,0.007800515741,-0.009814332239,-0.002932066098,5
6.503096042,-0.08397537231,9.763297119,-0.7568261719,0.01099155471,0.0003299708478,-0.00286448421,5
6.523140042,-0.08637039185,9.772877197,-0.7409591675,0.006504049525,-0.005002056248,-0.003185193753,5
6.543184042,-0.1101708984,9.815538483,-0.7520361328,0.001979453722,-0.01185069233,-0.002794842236,5
6.563229042,-0.1029858398,9.787397003,-0.7807763672,-0.001799874473,-0.008085085079,-0.001149802934,5
6.583273042,-0.08996292114,9.788744202,-0.7467970276,-0.003735311795,0.005476361141,-0.0006572445855,5
6.603317042,-0.09430389404,9.791438599,-0.7241940308,-0.003609538078,0.005523705389,-0.002089042682,5
6.623361042,-0.09610015869,9.774523773,-0.7432044983,-0.006106175948,-0.004421710968,-0.0004998063669,5
6.643406042,-0.1128652954,9.769733734,-0.7860154724,-0.005618278403,-0.01288399938,0.000833694241,5
6.663450042,-0.1008901978,9.778565369,-0.8178991699,-0.005852715112,-0.01031416096,0.001107687596,5
6.683494042,-0.0802331543,9.751322021,-0.7920030212,-0.003125855466,-0.004018533044,-0.0005702909548,5
6.703538042,-0.0817300415,9.741292877,-0.7650590515,0.000295615755,-0.00234629144,-0.0001215215307,5
6.723583042,-0.09056167603,9.783954163,-0.7646099854,-0.002780565526,-0.01012528222,-0.002360177226,5
6.743627042,-0.08637039185,9.784103851,-0.772842865,-0.003646161407,-0.01093620062,0.0009789707838,5
6.763671042,-0.06571334839,9.754914551,-0.7541317749,-0.003488041693,7.017143071e-05,-0.002274476225,5
6.783716042,-0.06511459351,9.775421906,-0.7679031372,-0.00124285277,0.0004570079036,-0.001788248308,5
6.803760042,-0.07828720093,9.769284668,-0.7831713867,-0.001614906127,0.003623913508,-0.001155674458,5
6.823804042,-0.08711883545,9.770781555,-0.7961943054,-0.001247218112,0.00646927068,-0.0003512466792,5
6.843848042,-0.1222956848,9.780062256,-0.7858657837,-0.003436498577,0.004912210163,-4.877196625e-05,5
6.863893042,-0.1103205872,9.777667236,-0.7749385071,-0.004951232113,0.002834351035,0.001331039122,5
6.883937042,-0.1077758789,9.760752411,-0.7548802185,-0.007357474416,0.003183066845,-0.001250841655,5
6.903981042,-0.1065783691,9.773176575,-0.7695497131,-0.006051689386,-0.001062442316,-0.003478397382,5
6.924025042,-0.1100212097,9.752818909,-0.7777825928,-0.003420410911,-0.0001490849536,-0.003127628006,5
6.944070208,-0.1019380188,9.760602722,-0.7670050049,-0.0007126207929,0.002660820959,-0.0005148034543,5
6.964114208,-0.1073268127,9.775421906,-0.7752378845,-0.001017473405,0.007966215722,-0.0001930049621,5
6.984158208,-0.1064286804,9.770332489,-0.762664032,-0.0004910028074,0.003511443269,-0.001329052728,5
7.004202208,-0.09924362183,9.767937469,-0.7638615417,-0.0004871990532,-0.001750271069,-0.001926150173,5
7.024247208,-0.1112187195,9.758806458,-0.7659571838,-0.002673420357,5.972920917e-05,-0.002011167351,5
7.044291208,-0.1414558411,9.786798248,-0.7607180786,-0.0001213196665,0.00247850595,-0.000290166121,5
7.064335208,-0.1209484863,9.764494629,-0.7397616577,0.0006661338266,7.446133532e-05,-0.0004777011927,5
7.084380208,-0.1130149841,9.76554245,-0.7708969116,-0.0016355142,-0.001504405634,-0.001601700904,5
7.104424208,-0.09550140381,9.766141205,-0.7794291687,0.0002001170069,-0.008399347775,0.0007352648536,5
7.124468208,-0.1032852173,9.735455017,-0.780327301,0.002135215793,-0.005176427774,-0.001527568791,5
7.144512208,-0.1127156067,9.776170349,-0.7545808411,0.00343187293,0.005396484397,-0.001207371941,5
7.164557208,-0.09340576172,9.818831635,-0.7512876892,0.002424251521,-0.005445076153,-0.00207701046,5
7.184601208,-0.09385482788,9.782606964,-0.776585083,-0.001170151867,-0.01333252713,-0.0003547836095,5
7.204645208,-0.1179547119,9.765093384,-0.7756869507,-0.004467484076,-0.002344796201,-0.003202404827,5
7.224689208,-0.1284329224,9.760153656,-0.729433136,-6.083329208e-05,0.005668856669,-0.001273323782,5
7.244734208,-0.08921447754,9.771829376,-0.7641609192,-0.001198647777,-0.005053823814,-0.002785006072,5
7.264778208,-0.05284011841,9.740095367,-0.7506889343,0.003018852556,-0.007367410697,-0.0007502436638,5
7.284822208,-0.1010398865,9.766290894,-0.759969635,0.004898021929,0.004998720251,0.0002762795193,5
7.304866208,-0.1092727661,9.789941711,-0.7607180786,-0.0004857126623,0.009983621538,0.001946814009,5
7.324911208,-0.1300794983,9.812095642,-0.7268884277,-0.004655197263,0.007886059582,0.002517706715,5
7.344955208,-0.1378633118,9.768685913,-0.7635621643,-0.003849018831,0.0006982437335,0.0003219717182,5
7.364999208,-0.1046324158,9.740694122,-0.7746391296,-0.00384973851,0.003421969945,-0.004174175672,5
7.385044208,-0.1046324158,9.781259766,-0.8117619324,0.001897892216,-0.004946433939,-0.002079097787,5
7.405088208,-0.1143621826,9.773326263,-0.8208929443,0.0002170922235,-0.006200628355,-0.0001573225018,5
7.425132208,-0.1246907043,9.775721283,-0.7490423584,0.002123083919,0.004090474918,0.0005072578788,5
7.445176208,-0.1281335449,9.774673462,-0.7670050049,-0.0003078170121,0.001522006001,0.00306330435,5
7.465221208,-0.09610015869,9.774823151,-0.7563771057,-0.004732882604,-0.01392937917,0.0001024692319,5
7.485265208,-0.1038839722,9.789492645,-0.7776329041,-0.005194821861,-0.0129089551,-0.001111055026,5
7.505309208,-0.08322692871,9.769733734,-0.7671546936,-0.003602446057,-0.001049958402,-0.003303010715,5
7.525353208,-0.06496490479,9.746981049,-0.742306366,-0.001798121957,0.001063942211,-0.002425205428,5
7.545398208,-0.08367599487,9.75266922,-0.7381150818,0.0001218658872,-0.005895215087,2.371473238e-05,5
7.565442208,-0.06167175293,9.759405212,-0.7426057434,-0.001674202038,-0.001746160211,0.001021942357,5
7.585486208,-0.08592132568,9.772278442,-0.7702981567,-0.001735310769,0.003311860608,-5.551846698e-06,5
7.605530208,-0.07170089722,9.779164124,-0.7735913086,-0.001085611293,0.004163810518,0.001064540353,5
7.625575208,-0.09879455566,9.775721283,-0.7491920471,-0.001119159861,0.004228697624,0.0003134976141,5
7.645619208,-0.1040336609,9.764045563,-0.7441026306,-0.001309579471,0.001997015439,-0.0008657108992,5
7.665663208,-0.07888595581,9.768386536,-0.7219487,-0.007238452323,0.0003105562646,-0.0005120977294,5
7.685707208,-0.09804611206,9.78305603,-0.7322772217,0.0003159348853,-0.003595468355,0.001471236348,5
7.705752208,-0.09370513916,9.761650543,-0.7511380005,-0.004245336168,-0.0002813232131,0.0007827247027,5
7.725796208,-0.06676116943,9.763297119,-0.7560777283,-0.004706171341,0.005289967172,-0.00113451574,5
7.745840208,-0.08382568359,9.760303345,-0.7476951599,-0.002188120037,0.009279266,-0.0008002086543,5
7.765884208,-0.08382568359,9.779463501,-0.7484436035,0.001067518489,0.005290224217,-0.0001733810641,5
7.785929208,-0.09894424438,9.764195251,-0.7714956665,0.0008584999014,0.001094203675,0.0004103129031,5
7.805973208,-0.09684860229,9.759255524,-0.7538323975,0.0001937032212,0.007785722613,-2.745632082e-05,5
7.826017208,-0.09250762939,9.789193268,-0.7640112305,0.001257031574,0.005963115953,-0.0007379830349,5
7.846061208,-0.1107696533,9.780211945,-0.7650590515,-0.003901280928,-0.001034443034,-0.0009051132947,5
7.866106208,-0.1181044006,9.773176575,-0.759969635,-0.00243943953,-0.0007219037507,-0.001455200603,5
7.886150208,-0.1152603149,9.763297119,-0.7539820862,-0.00117234746,0.004584921524,-1.991982572e-05,5
7.906194208,-0.09056167603,9.782756653,-0.7596702576,-0.001275026239,0.002968816087,-0.002866351744,5
7.926238208,-0.1016386414,9.777367859,-0.7713459778,-0.003270918503,-0.008756184019,-0.0009349791799,5
7.946283542,-0.08666976929,9.735455017,-0.7429051208,-0.004114675336,-0.005980624817,-0.002167900326,5
7.966327542,-0.1184037781,9.752968597,-0.7252418518,0.007749731652,0.003071171464,-0.0003220250364,5
7.986371542,-0.09699829102,9.772428131,-0.8003855896,0.0046832636,-0.01091717184,-0.002508522011,5
8.006415542,-0.0983454895,9.775122528,-0.7611671448,0.002846096409,-0.01916434988,-0.002689381596,5
8.026460542,-0.09894424438,9.751621399,-0.7140151978,0.005855882075,0.00088828546,-0.003494088305,5
8.046504542,-0.09654922485,9.766141205,-0.7231462097,0.00537792407,0.005458648317,-0.001488671638,5
8.066548542,-0.1002914429,9.80296463,-0.7065307617,0.003252721392,-0.01007983182,0.0002809107536,5
8.086592542,-0.132923584,9.811347198,-0.7457492065,-0.0009137543384,-0.01635418274,-0.0001567609143,5
8.106637542,-0.1182540894,9.774523773,-0.7583230591,-0.003898812458,-0.002266215393,-0.002029509516,5
8.126681542,-0.08921447754,9.761500854,-0.7283853149,-0.002246022457,0.009004432708,-0.003099068301,5
8.146725542,-0.08831634521,9.757608948,-0.7385641479,0.0005409831647,-0.0004171270411,-0.002577135572,5
8.166769542,-0.08696914673,9.759105835,-0.7601193237,-0.001059695613,-0.009571643546,6.239325739e-05,5
8.186814542,-0.09699829102,9.77961319,-0.7834707642,-0.0007584562991,-0.004401546903,0.0004741419107,5
8.206858542,-0.08577163696,9.767338715,-0.7530839539,-0.0006817930844,0.006978836842,-0.002377903555,5
8.226902542,-0.06346801758,9.767787781,-0.7375163269,0.002868348034,0.005865999497,-0.001226491295,5
8.246946542,-0.1002914429,9.80880249,-0.7686515808,0.0004737959243,-0.009342869744,0.0009580180049,5
8.266991542,-0.1001417542,9.807006226,-0.7378157043,-0.003215524368,-0.008407842368,0.000208659796,5
8.287035542,-0.09520202637,9.788444824,-0.7214996338,0.002748769009,-0.0006693506148,0.003669013269,5
8.307079542,-0.0722996521,9.763746185,-0.7557783508,-0.002326438203,-0.001795359654,0.00492618978,5
8.327123542,-0.0975970459,9.809401245,-0.7750881958,-0.01035613474,-0.01148899924,0.007012640592,5
8.347168542,-0.1128652954,9.793085175,-0.7723937988,-0.01151857711,-0.005850091577,0.009504796937,5
8.367212542,-0.07125183105,9.81583786,-0.8038284302,-0.008193084039,0.009898730554,0.01181344409,5
8.387256542,-0.09370513916,9.81,-0.866098938,-0.008475216106,0.01233037282,0.01449344307,5
8.407300542,-0.1392105103,9.798473969,-0.882714386,-0.01342090592,0.01015109476,0.01646184921,5
8.427345542,-0.1758842468,9.775721283,-0.8915460205,-0.02391695604,0.0150377294,0.01599313319,5
8.447389542,-0.1767823792,9.786798248,-0.8599617004,-0.02989057265,0.02730707824,0.0139353238,5
8.467433542,-0.1841171265,9.823621674,-0.8381071472,-0.0367613472,0.02051781863,0.009344959632,5
8.487477542,-0.2049238586,9.7502742,-0.8072712708,-0.04492195323,-0.001004834427,0.008273633197,5
8.507522542,-0.1233435059,9.636959839,-0.7231462097,-0.03936865181,0.01437742915,0.004426617175,5
8.527566542,-0.09714797974,9.716594238,-0.8056246948,-0.0258411672,0.005445977207,0.001014263369,5
8.547610542,-0.04550537109,9.762997742,-0.8282276917,-0.01338647492,-0.02422722615,0.000892180251,5
8.567654542,-0.08262817383,9.713750153,-0.7782316589,-0.006252093241,0.002268886194,-0.0001586095896,5
8.587698542,-0.1074765015,9.749974823,-0.6884184265,-0.001848249696,0.03745462745,-0.001261597266,5
8.607743542,-0.09909393311,9.797426147,-0.602946167,0.0001737689599,0.02031248994,0.0009930204833,5
8.627787542,-0.05912704468,9.824819183,-0.6210585022,-0.005397333298,-0.006619363092,0.002746836748,5
8.647831542,-0.07035369873,9.840237122,-0.7038363647,-0.01313834824,-0.01595396176,0.006565857679,5
8.667875542,-0.08322692871,9.781259766,-0.7312294006,-0.02461812086,-0.002654440003,0.008377604187,5
8.687920542,-0.126486969,9.800270233,-0.6420149231,-0.02655130997,0.01653283648,0.004386058543,5
8.707964542,-0.06122268677,9.761051788,-0.652792511,-0.02605489641,0.01490271557,-4.890351556e-05,5
8.728008542,-0.03263214111,9.737101593,-0.6339317322,-0.02463003807,-0.003170040669,0.001211901079,5
8.748052542,-0.02993774414,9.725276184,-0.6598278809,-0.01479079016,-0.007408714853,0.003319728887,5
8.768097542,-0.04550537109,9.724078674,-0.6556365967,-0.004554514773,0.01028031949,0.004431802779,5
8.788141542,-0.1166075134,9.771979065,-0.6509962463,0.001385205309,0.01215938479,0.00228504464,5
8.808185542,-0.1333726501,9.785600739,-0.6727011108,0.0001074247994,-0.001791631104,-0.001740637003,5
8.828229542,-0.05613327026,9.755363617,-0.6505471802,-0.002819926012,-0.01040557865,-0.006316699088,5
8.848274542,-0.02484832764,9.783205719,-0.6167175293,0.004376889206,-0.008890768513,-0.009662805125,5
8.868318542,-0.01945953369,9.768536224,-0.6427633667,0.007868560031,-0.007538415492,-0.00518123759,5
8.888362542,-0.008681945801,9.765841827,-0.6391708374,0.003522690386,-0.001565598184,-0.004777202848,5
8.908406542,-0.00853225708,9.785301361,-0.5834866333,0.00759444898,0.006559354253,-0.005189243238,5
8.928450542,-0.01481918335,9.774523773,-0.5769003296,0.009311957285,-0.002407406224,-0.002501706593,5
8.948495458,-0.008681945801,9.770631866,-0.5884263611,0.005614352878,-0.01579079404,-0.002248722594,5
8.968539458,0.01766326904,9.796677704,-0.5754034424,-0.001630454324,-0.004036539234,-0.003461850807,5
8.988583458,-0.01571731567,9.828860779,-0.6054908752,-0.001861303579,1.041451469e-06,-0.002017620951,5
9.008627458,-0.06167175293,9.809700623,-0.6586303711,-0.007519145962,-0.01575847156,0.002092215465,5
9.028672458,-0.03996688843,9.7609021,-0.6730004883,-0.01866493002,-0.01136303227,-0.0007251738571,5
9.048716458,-0.01975891113,9.787696381,-0.6613247681,-0.01443450525,-0.001896246569,-0.003990960773,5
9.068760458,-0.02784210205,9.798473969,-0.6692582703,-0.009766058996,-0.0006372628268,-0.00333952019,5
9.088804458,-0.02874023438,9.740095367,-0.6818321228,-0.005252985749,-0.008595474996,-0.001583776902,5
9.108849458,-0.04116439819,9.726773071,-0.6996450806,-0.001449859468,-0.00635413453,-0.001562600024,5
9.128893458,-0.05149291992,9.768087158,-0.6990463257,0.0003401448485,-0.004447391257,-0.001311429543,5
9.148937458,-0.06256988525,9.795180817,-0.6616241455,0.001221953542,-0.001187579473,-0.003446344286,5
9.168981458,-0.07619155884,9.778265991,-0.6468049622,0.003263478633,0.00687341392,-0.005634871311,5
9.189025458,-0.01945953369,9.74563385,-0.6089337158,0.007677082438,0.01628031768,-0.008521156386,5
9.209070458,-0.02784210205,9.766889648,-0.6394702148,0.01541261561,0.0152791841,-0.003745778929,5
9.229114458,-0.08577163696,9.840536499,-0.7162605286,0.01037468668,0.009226951748,-0.003431230318,5
9.249158458,-0.1110690308,9.805808716,-0.70907547,-0.002442015335,0.01056858432,-0.003581994679,5
9.269202458,-0.07050338745,9.755363617,-0.6282435608,-0.006134373136,0.02145926282,-0.005324438214,5
9.289247458,-0.08921447754,9.768087158,-0.613125,-0.0002798307687,0.02217054181,-0.005679109134,5
9.309291458,-0.09699829102,9.824370117,-0.7050338745,-0.00492629176,0.0033473121,-0.006191014778,5
9.329335458,-0.1013392639,9.80296463,-0.7261399841,-0.01314419322,-0.006586966105,-0.001136413775,5
9.349379458,-0.1137634277,9.731712799,-0.7065307617,-0.008976041339,0.00719814375,-0.002060703468,5
9.369423458,-0.1408570862,9.75386673,-0.7131170654,-0.0009810051415,0.006656400859,-0.00274443021,5
9.389468458,-0.193996582,9.798174591,-0.7804769897,-0.003690549172,-0.01615810953,-0.003749020863,5
9.409512458,-0.1426533508,9.735754395,-0.7134164429,-0.004972674418,-0.02551257424,-0.008353280835,5
9.429556458,-0.08187973022,9.690398712,-0.6240522766,0.005715958774,-0.0008460071404,-0.006682272069,5
9.449600458,-0.04026626587,9.746082916,-0.6418652344,0.02011084929,-0.001072306884,-0.005496869795,5
9.469645458,-0.06706054688,9.830657043,-0.6697073364,0.01562319975,-0.01410847157,-0.004078957252,5
9.489689458,-0.1323248291,9.862391052,-0.6378236389,0.00477013085,-0.009937168099,-0.004670601338,5
9.509733458,-0.1255888367,9.797875214,-0.6506968689,-0.00292142434,0.0007100389339,-0.004030564334,5
9.529777458,-0.06331832886,9.742340698,-0.6590794373,-0.006316342391,-0.01066074893,-0.001685464056,5
9.549821458,-0.09220825195,9.756561127,-0.7162605286,0.00142550678,-0.03149460256,0.000209735008,5
9.569866458,-0.1631607056,9.768087158,-0.7277865601,0.007724069525,-0.02379524708,0.0004249976482,5
9.589910458,-0.1242416382,9.750872955,-0.6836283875,0.01032004319,0.008025905117,-0.004186234437,5
9.609954458,-0.06316864014,9.806108093,-0.6322851562,0.008002679795,0.008782942779,-0.003408044111,5
9.629998458,-0.0809815979,9.831854553,-0.6414161682,0.003631327767,-0.02519159205,0.001145867398,5
9.650043458,-0.09160949707,9.795779572,-0.6469546509,-0.006509314291,-0.02338635363,0.0001821023179,5
9.670087458,-0.07110214233,9.755213928,-0.6550378418,-0.006070301868,0.007164750248,-0.0003207353875,5
9.690131458,-0.07274871826,9.741741943,-0.659229126,-0.003699254245,0.01780684665,-0.0008534924127,5
9.710175458,-0.1116677856,9.776469727,-0.7051835632,0.0007261607097,-0.004143404774,0.001860362245,5
9.730219458,-0.1176553345,9.792336731,-0.7153623962,0.002024495974,-0.005207595415,0.000167703256,5
9.750264458,-0.07364685059,9.776918793,-0.7143145752,0.001584644197,0.01401359402,-0.002173009794,5
9.770308458,-0.06780899048,9.766290894,-0.7276368713,0.0002522291616,0.01438260451,-0.0008775233291,5
9.790352458,-0.09310638428,9.824220428,-0.7270381165,-0.001239820383,0.0007798778825,0.00282694865,5
9.810396458,-0.1185534668,9.78664856,-0.7297325134,-0.007309292443,-0.004521482624,0.003384428797,5
9.830441458,-0.08397537231,9.768685913,-0.7417076111,-0.009753027,-0.0002093196381,0.003356665839,5
9.850485458,-0.09954299927,9.768386536,-0.75353302,-0.007701860741,0.001058344962,0.00230738055,5
9.870529458,-0.07185058594,9.758656769,-0.7322772217,-0.01019983459,0.005222137552,0.001294862945,5
9.890573458,-0.06451583862,9.779912567,-0.7005432129,-0.005302698351,0.00526256673,0.001433409634,5
9.910617458,-0.07873626709,9.745035095,-0.7149133301,-0.002736059483,0.00665119011,0.003338572569,5
9.930662458,-0.09565109253,9.773176575,-0.7180567932,-0.002515354427,0.01009338535,0.005001700483,5
9.950706292,-0.09310638428,9.816286926,-0.7214996338,-0.004564026371,0.003181023058,0.003943880089,5
9.970750292,-0.08083190918,9.819280701,-0.6997947693,-0.01046009641,-0.0002828228753,0.001167813782,5
9.990794292,-0.05867797852,9.763596497,-0.664019165,-0.01584037021,0.01035596896,-0.0003799051046,5
10.01083829,-0.09699829102,9.744136963,-0.6454577637,-0.009634591639,0.01677216776,0.001080227084,5
10.03088329,-0.1044827271,9.774823151,-0.6866221619,-0.005702706054,0.004979206249,0.003891507164,5
10.05092729,-0.1181044006,9.786199493,-0.7129673767,-0.005624218378,-0.01489266288,0.004559725989,5
10.07097129,-0.08412506104,9.751771088,-0.6327342224,-0.001198891783,0.00480092084,0.001248087035,5
10.09101529,-0.04011657715,9.757758636,-0.6198609924,0.003773771226,0.01980720647,-0.000442849705,5
10.11106029,-0.09190887451,9.821376343,-0.6295907593,0.001186665497,-8.180970326e-05,0.00126386038,5
10.13110429,-0.1112187195,9.848470001,-0.6390211487,-0.008696817793,-0.01271792036,0.003365720622,5
10.15114829,-0.09175918579,9.773326263,-0.6409671021,-0.01609880105,-0.006036097184,0.002250341466,5
10.17119229,-0.01526824951,9.705367584,-0.612077179,-0.01761753112,0.01356737129,-0.001160619082,5
10.19123629,-0.01511856079,9.773925018,-0.6277944946,-0.005151586607,0.008348899893,0.0003400259884,5
10.21128129,-0.06750961304,9.806108093,-0.6673123169,-0.002126923762,-0.002286172239,0.003589192871,5
10.23132529,-0.08277786255,9.763746185,-0.6620732117,-0.006028520875,0.01328480989,0.003319466487,5
10.25136929,-0.05718109131,9.776769104,-0.6547384644,-0.00859599933,0.02230829187,0.002838715678,5
10.27141329,-0.1011895752,9.796378326,-0.6557862854,-0.00941667892,0.00367632811,0.002619128674,5
10.29145729,-0.08577163696,9.7900914,-0.6756948853,-0.01070635859,-0.004885719158,0.002639408689,5
10.31150229,-0.08158035278,9.762698364,-0.6785389709,-0.0102042025,0.002368783345,0.002003576141,5
10.33154629,-0.0628692627,9.762249298,-0.6523434448,-0.006402175408,0.004109297879,-0.0009289241862,5
10.35159029,-0.04475692749,9.755363617,-0.642613678,-0.005121901166,-0.000675102463,-0.0009555893485,5
10.37163429,-0.05254074097,9.793234863,-0.593815155,-0.008684149943,0.0040786881,-0.001499713631,5
10.39167829,-0.05478607178,9.790390778,-0.60025177,-0.00344247208,-0.004530238919,0.0001807225635,5
10.41172329,-0.04984634399,9.772877197,-0.6099815369,-0.006791747641,-0.004454402253,0.0002899991814,5
10.43176729,-0.05104385376,9.767638092,-0.6134243774,-0.001898330403,0.002305086236,0.0003344186116,5
10.45181129,-0.05792953491,9.775421906,-0.6285429382,-0.00462568365,0.003784567583,-0.002644252265,5
10.47185529,-0.0687071228,9.791737976,-0.6246510315,-0.006007020362,-0.008478215896,-0.0007751998492,5
10.49190029,-0.07364685059,9.756860504,-0.5830375671,-0.004329655785,-0.003555585397,0.000208463287,5
10.51194429,-0.03697311401,9.777667236,-0.5915698242,-0.001474791206,0.00991121307,-0.002676052507,5
10.53198829,-0.06152206421,9.775721283,-0.6018983459,-6.758840755e-05,0.002987717278,-0.003150475211,5
10.55203229,-0.1080752563,9.798623657,-0.5914201355,-0.0002793646418,-0.002034117701,-0.001796208089,5
10.57207629,-0.09011260986,9.808952179,-0.623303833,-0.0009714846965,-0.004847642966,-0.002481564414,5
10.59212129,-0.05598358154,9.805209961,-0.6327342224,-0.01022007503,-0.006197763607,-0.0035565414,5
10.61216529,-0.05403762817,9.784103851,-0.6018983459,-0.009059499949,-0.0100323325,-0.001170538366,5
10.63220929,-0.03502716064,9.726773071,-0.5968089294,-0.005963238422,-0.0031233544,-0.003135401756,5
10.65225329,-0.04116439819,9.75850708,-0.5739065552,0.002365873195,0.005811444018,-0.003559674835,5
10.67229729,-0.01676513672,9.761201477,-0.6503974915,0.00710835075,-0.003880710108,-0.002076214878,5
10.69234229,-0.03547622681,9.779463501,-0.6280938721,0.003364824923,-0.001939952606,-0.0005132847,5
10.71238629,-0.06376739502,9.801467743,-0.5956114197,0.002794868778,0.0189088136,-0.001579175238,5
10.73243029,-0.05448669434,9.802665253,-0.6074368286,-0.001025813166,0.01975703426,-0.001332144253,5
10.75247429,-0.05433700562,9.790690155,-0.6566844177,-0.00366740278,0.005502732005,-0.00140191894,5
10.77251829,-0.06990463257,9.782157898,-0.6637197876,-0.006637098268,0.0006425108295,-0.001666323282,5
10.79256329,-0.03532653809,9.768536224,-0.650098114,-0.00168807013,0.0185356494,-0.003352401545,5
10.81260729,-0.02829116821,9.776170349,-0.6827302551,0.002344084904,0.02336589806,0.001534684794,5
10.83265129,-0.04385879517,9.812544708,-0.7542814636,-0.003503503045,0.009484904818,0.002396876458,5
10.85269529,-0.1040336609,9.819280701,-0.7212002563,-0.008395121433,0.0121807158,0.002772617387,5
10.87273929,-0.08158035278,9.766440582,-0.6715036011,-0.007360629737,0.03034577146,-0.002931326162,5
10.89278429,-0.06526428223,9.760453033,-0.6402186584,-0.006219319068,0.03094215319,-0.006314087659,5
10.91282829,-0.06451583862,9.761500854,-0.6381230164,-0.004469657317,0.005444146227,-0.00462365523,5
10.93287229,-0.06466552734,9.773026886,-0.6529421997,-0.005167622119,-0.007430680096,-0.00367716956,5
10.95291579,-0.07484436035,9.808054047,-0.6644682312,-0.008011590689,0.009451611899,-0.00386330625,5
10.97295979,-0.09415420532,9.798623657,-0.6348298645,-0.007907687686,0.01909577288,-0.001891141757,5
10.99300479,-0.1019380188,9.788145447,-0.6340814209,-0.0107273683,0.01553714834,-0.004843553063,5
11.01304879,-0.1101708984,9.76673996,-0.673150177,-0.007582385559,-0.01326848753,-0.003588721389,5
11.03309279,-0.1228944397,9.749076691,-0.6735992432,-0.0143584758,-0.0244281143,-0.003844491206,5
11.05313679,-0.1577719116,9.775122528,-0.6117778015,-0.01246508025,-0.01425030734,-0.004279762041,5
11.07318079,-0.1317260742,9.778116302,-0.5742059326,-0.008292740211,-0.01175502874,-0.007803531364,5
11.09322579,-0.09565109253,9.76673996,-0.6165678406,-0.008953315206,-0.04180000722,-0.005329831503,5
11.11326979,-0.07259902954,9.763596497,-0.6170169067,-0.0135080805,-0.05266964436,-0.005230934825,5
11.13331379,-0.05298980713,9.803563385,-0.5740562439,-0.01143411547,-0.02341193706,-0.005451070145,5
11.15335779,-0.06586303711,9.736951904,-0.535436554,-0.004574641585,-0.006170516834,-0.0009273472242,5
11.17340179,-0.07753875732,9.746681671,-0.5224136353,0.003044180339,-0.01642035879,-0.00175511674,5
11.19344679,-0.07649093628,9.810299377,-0.5528004456,0.008149917237,-0.03181199357,-0.001814473886,5
11.21349079,-0.08502319336,9.796977081,-0.5655239868,0.004711670335,-0.03054916486,-0.003145945724,5
11.23353479,-0.07319778442,9.789492645,-0.5685177612,0.001023574034,-0.008282790892,-0.004602099769,5
11.25357879,-0.06960525513,9.734706573,-0.5222639465,0.004538720474,0.01991348155,-0.003858185373,5
11.27362279,-0.1194515991,9.782307587,-0.583636322,0.01535400376,-0.001262222184,-0.001941429451,5
11.29366779,-0.1058299255,9.790989532,-0.662971344,0.0104696108,-0.02523387223,0.001649420592,5
11.31371179,-0.106129303,9.788295135,-0.5966592407,0.003867940744,0.005527825095,-0.001658930443,5
11.33375579,-0.1101708984,9.787846069,-0.5559439087,0.006230355706,0.04259220883,-0.003431499237,5
11.35379979,-0.07469467163,9.783205719,-0.5815406799,0.002962943632,0.01566186734,-0.0006702584215,5
11.37384379,-0.1297801208,9.789342957,-0.58737854,-0.0001244395971,-0.01069572289,-0.0002108451445,5
11.39388779,-0.135617981,9.791588287,-0.6313870239,0.00285731582,-0.005494724959,-0.001701495145,5
11.41393279,-0.0845741272,9.796078949,-0.6414161682,4.315888509e-05,0.006390915252,-0.00208317372,5
11.43397679,-0.05957611084,9.765991516,-0.5748046875,-0.0006093657576,0.0129308803,0.0003395057283,5
11.45402079,-0.07753875732,9.753717041,-0.5526507568,0.003735119943,0.007626336999,0.0006399265258,5
11.47406479,-0.120050354,9.782756653,-0.6053411865,0.006779398769,-0.0094282059,0.002321788343,5
11.49410879,-0.1097218323,9.75970459,-0.6123765564,0.006275177002,-0.01594662108,0.003521935549,5
11.51415379,-0.09580078125,9.769134979,-0.6279441833,0.009581717663,-0.001276921248,0.002289330587,5
11.53419779,-0.08831634521,9.788444824,-0.5839356995,0.008606135845,0.01013446879,-0.0006053233519,5
11.55424179,-0.06840774536,9.793384552,-0.5285508728,0.007022771053,0.01004104409,-0.0005388068967,5
11.57428579,-0.05298980713,9.795779572,-0.5715115356,0.007206409238,0.004235718399,-0.001075714827,5
11.59432979,-0.06301895142,9.837692413,-0.6697073364,-0.0001318457071,-0.004253842868,0.00254872092,5
11.61437479,-0.09265731812,9.844129028,-0.7438032532,-0.008031253703,0.004016906954,0.005611467641,5
11.63441879,-0.09250762939,9.77377533,-0.6956034851,-0.01343572233,0.02258877829,0.003953055013,5
11.65446279,-0.06376739502,9.700577545,-0.6331832886,-0.009096352383,0.03202527761,0.0008497968083,5
11.67450679,-0.01197509766,9.713600464,-0.6303392029,0.001403381,0.0189161282,-0.001539637335,5
11.69455079,0.004790039062,9.734556885,-0.6947053528,0.008059239015,0.002979035955,-0.001691297861,5
11.71459479,-0.02649490356,9.771829376,-0.7044351196,0.008892326616,0.01882870495,-0.0005445997231,5
11.73463979,-0.003592529297,9.816885681,-0.6394702148,0.01388009917,0.04808003083,4.704296589e-05,5
11.75468379,-0.06137237549,9.825417938,-0.5987548828,0.009317466989,0.03633571416,0.0002159954747,5
11.77472779,-0.0672102356,9.770931244,-0.6129753113,0.004790851381,0.01157491747,-0.0001830393448,5
11.79477179,-0.09026229858,9.79592926,-0.6734495544,-0.0005676646251,0.004383202642,-0.001362364506,5
11.81481579,-0.1086740112,9.802665253,-0.6914122009,-0.002682686551,0.009403122589,0.001278328593,5
11.83486079,-0.1380130005,9.818831635,-0.6786886597,-0.003172678407,0.01162967831,-0.001379316673,5
11.85490479,-0.144150238,9.798923035,-0.6511459351,-0.006995002739,-0.005698981695,-0.001516359393,5
11.87494879,-0.1784289551,9.763297119,-0.659229126,-0.008416763507,-0.02935521491,-0.002882355591,5
11.89499279,-0.1508862305,9.754016418,-0.6866221619,-0.01154965628,-0.04330809042,-0.001258627744,5
11.91503679,-0.09295669556,9.746681671,-0.6282435608,-0.006134837866,-0.03694568574,-0.00021501421,5
11.93508079,-0.1104702759,9.75970459,-0.5743556213,0.006637412123,-0.01915439218,0.0004612101475,5
11.95512546,-0.1263372803,9.787546692,-0.5661227417,0.00572938472,-0.01988969557,0.003646194935,5
11.97516946,-0.1267863464,9.788744202,-0.513432312,0.002094129566,-0.02631489187,0.002275372157,5
11.99521346,-0.1350192261,9.790241089,-0.5664221191,-0.001706602518,-0.02962539718,0.0007120157825,5
12.01525746,-0.1222956848,9.779313812,-0.6191125488,-0.004917702172,-0.039793998,-0.001087981509,5
12.03530146,-0.06541397095,9.775272217,-0.5849835205,-0.009421600029,-0.02867231518,-0.001738764811,5
12.05534646,-0.02185455322,9.825867004,-0.532742157,-0.007528981194,-0.002855646191,-0.003342346288,5
12.07539046,0.01107696533,9.799222412,-0.5397775269,-0.002499662107,-0.01421619672,-0.0004558574874,5
12.09543446,0.04685256958,9.755363617,-0.5935157776,-0.005630711094,-0.024047371,0.004281562753,5
12.11547846,0.01422042847,9.743388519,-0.5758525085,-0.001790241571,-0.008347662166,0.002397141187,5
12.13552246,-0.02514770508,9.73859848,-0.5674699402,0.004417893477,0.01725868694,0.003477945458,5
12.15556746,-0.05613327026,9.784852295,-0.5909710693,0.006186272483,0.01290713809,0.003484430723,5
12.17561146,-0.07140151978,9.805958405,-0.6403683472,0.006818959489,-0.004812049679,0.002226965036,5
12.19565546,-0.1004411316,9.790690155,-0.6743476868,0.003874804592,-0.0108107049,0.002218253445,5
12.21569946,-0.08292755127,9.80535965,-0.68332901,-0.0005884221755,0.0002700716723,-0.0003587624524,5
12.23574346,-0.04311035156,9.808353424,-0.6524931335,-0.005981298164,0.004625072703,-0.0009476167616,5
12.25578746,-0.04116439819,9.783355408,-0.6197113037,-0.007765073329,0.003835615469,0.001922109979,5
12.27583246,-0.03158432007,9.745184784,-0.6596781921,-0.00504006166,-0.003148268675,0.002476644702,5
12.29587646,-0.05194198608,9.744735718,-0.6607260132,-0.004033260979,0.001766446978,0.0002789710416,5
12.31592046,-0.04745132446,9.785151672,-0.643661499,0.0007266524481,0.006910615601,-0.002594267949,5
12.33596446,-0.06167175293,9.777667236,-0.652792511,0.002404654166,0.004709069617,-0.002686895663,5
12.35600846,-0.08038284302,9.796528015,-0.6393205261,0.0004417991731,-0.0005685610231,-0.002158949152,5
12.37605246,-0.0462538147,9.798773346,-0.6294410706,-0.004654622171,0.0007810702082,-0.003580528079,5
12.39609746,-0.03487747192,9.767039337,-0.6020480347,-0.003688035067,0.00473678112,-0.003576832591,5
12.41614146,-0.02649490356,9.776918793,-0.5978567505,0.001433143043,0.009372967295,-0.0008328987751,5
12.43618546,-0.05688171387,9.796977081,-0.6143225098,0.0008581263246,0.007855709642,0.0003505165223,5
12.45622946,-0.06930587769,9.773326263,-0.5981561279,-0.0009611893911,0.00725117512,0.0004774392582,5
12.47627346,-0.06556365967,9.768087158,-0.5857319641,0.001067908248,0.01204150636,-0.001335233217,5
12.49631846,-0.1287322998,9.752519531,-0.5749543762,0.006904406473,0.007745498791,-0.002145506442,5
12.51636246,-0.1017883301,9.758058014,-0.6228547668,0.007762040012,0.003500119317,-0.0043212655,5
12.53640646,-0.1041833496,9.777667236,-0.6068380737,0.005626943894,-0.003623092314,-0.004230278544,5
12.55645046,-0.09714797974,9.791887665,-0.5745053101,0.006125899032,0.003200825537,-0.002758097835,5
12.57649446,-0.09056167603,9.793384552,-0.5571414185,0.005014874041,0.0003304772545,-0.002270427532,5
12.59653846,-0.07858657837,9.797575836,-0.5978567505,-5.956389941e-05,-0.006893305108,-0.001045104582,5
12.61658346,-0.07963439941,9.785151672,-0.6078858948,-0.000233914936,-0.006042630412,0.0005196419079,5
12.63662746,-0.08861572266,9.771679688,-0.6315367126,0.00300418213,0.006258456036,0.002586960094,5
12.65667146,-0.07918533325,9.76314743,-0.579894104,0.004612731282,0.01979929768,-0.0033215289,5
12.67671546,-0.06556365967,9.763596497,-0.5930667114,0.008789945394,0.007835320197,-0.003160095541,5
12.69675946,-0.1001417542,9.766889648,-0.6216572571,0.005248583853,-0.01339140814,-0.002138929442,5
12.71680346,-0.08217910767,9.775421906,-0.6271957397,0.006301517133,-0.007933103479,-0.001258941833,5
12.73684846,-0.04655319214,9.784702606,-0.6478527832,0.008440579288,0.002213975182,-0.003252414055,5
12.75689246,-0.08128097534,9.787696381,-0.6240522766,0.009881500155,0.005273200572,-8.746050298e-06,5
12.77693646,-0.1145118713,9.81,-0.6182144165,0.01214256417,-0.002850451274,-0.001737044193,5
12.79698046,-0.08472381592,9.783355408,-0.6081852722,0.005926821381,-0.01056014374,-0.0002781955991,5
12.81702446,-0.04805007935,9.772428131,-0.6098318481,0.002610561904,-0.0126882894,-0.0008069246542,5
12.83706846,-0.03936813354,9.780361633,-0.6228547668,0.004800072871,-0.007516845129,-0.001336208079,5
12.85711346,-0.0730480957,9.784852295,-0.6273454285,0.00364402961,-0.002626111964,-0.0009191336576,5
12.87715746,-0.04490661621,9.776170349,-0.6189628601,0.006998628378,0.003695543855,-0.001637032256,5
12.89720146,-0.05194198608,9.74683136,-0.6497987366,0.01180947758,0.002159646712,-0.002762713935,5
12.91724546,-0.0592767334,9.789642334,-0.6547384644,0.007680403069,8.55801627e-05,-0.001654014224,5
12.93729029,-0.0722996521,9.799072723,-0.6587800598,0.008028941229,0.003769855015,-0.001758488128,5
12.95733429,-0.08053253174,9.79832428,-0.6625222778,0.005559439771,0.004726598971,-0.001388728851,5
12.97737929,-0.08158035278,9.793683929,-0.6451583862,0.00176254136,0.00168857933,0.000724898302,5
12.99742329,-0.0687071228,9.772128754,-0.65758255,-2.534361556e-05,0.006347999908,-0.0002233891282,5
13.01746729,-0.07200027466,9.783954163,-0.686023407,0.002968390938,-0.001069809543,-0.001413994934,5
13.03751129,-0.07933502197,9.773475952,-0.6716532898,0.002332051983,-0.00451567024,-0.000456946902,5
13.05755529,-0.0773890686,9.76554245,-0.6521937561,0.003598153358,0.004159680568,0.0003031975357,5
13.07759929,-0.0687071228,9.75147171,-0.6448590088,0.006434252951,0.01197428722,-0.001629619626,5
13.09764429,-0.07798782349,9.812993774,-0.6583309937,0.007314890623,-0.0024397464,-0.003038806841,5
13.11768829,-0.08202941895,9.804461517,-0.6917115784,-0.0004497116897,-0.0156431701,4.714122042e-06,5
13.13773229,-0.08726852417,9.784403229,-0.6595285034,-0.002414430724,-0.0006397643592,-0.001115159364,5
13.15777629,-0.1044827271,9.791737976,-0.6291416931,0.002393906703,0.009044021368,-0.002079143189,5
13.17782029,-0.08681945801,9.787846069,-0.6644682312,-0.004713119939,-0.008458753116,-0.003672474762,5
13.19786429,-0.06735992432,9.771979065,-0.6354286194,-0.002505811863,-0.01925403252,-0.002950951923,5
13.21790929,-0.05957611084,9.752818909,-0.6982978821,0.002741414588,-0.0119838696,-0.0005895670038,5
13.23795329,-0.08741821289,9.782756653,-0.6584806824,0.004690425936,-0.001554134535,-0.0006147548556,5
13.25799729,-0.0845741272,9.800868988,-0.62599823,0.00316104223,0.005619296804,-7.491162978e-05,5
13.27804129,-0.09295669556,9.804461517,-0.6327342224,-0.0006866871845,-0.005267486908,-0.002596911741,5
13.29808529,-0.09295669556,9.764195251,-0.659229126,-0.001322012395,-0.01621116884,-0.002252481412,5
13.31812929,-0.05403762817,9.761201477,-0.6518943787,-0.00300047663,-0.009024779312,-0.00240140548,5
13.33817429,-0.05388793945,9.789941711,-0.6682104492,-0.002736446913,-0.00846738182,-0.001874250127,5
13.35821829,-0.09340576172,9.790839844,-0.6514453125,-0.002294176724,-0.008610504679,-0.00224118121,5
13.37826229,-0.1052311707,9.788594513,-0.6514453125,-0.002121673664,-0.005706269294,-0.001886493061,5
13.39830629,-0.05284011841,9.749376068,-0.6373745728,-0.002915018005,-0.01220234949,-0.004891938064,5
13.41835029,-0.03921844482,9.761500854,-0.6231541443,0.00420040451,-0.01601190306,-0.003239112208,5
13.43839429,-0.02903961182,9.780511322,-0.632434845,0.008170470595,-0.007645570673,-0.002270001452,5
13.45843929,-0.06601272583,9.807155914,-0.6300398254,0.006150220055,-0.003969673999,-0.0002944495063,5
13.47848329,-0.06062393188,9.783654785,-0.5875282288,0.00156444218,0.005802951753,-0.001713000005,5
13.49852729,-0.06481521606,9.777816925,-0.5682183838,0.003093634965,0.01377267856,-0.001907338388,5
13.51857129,-0.06676116943,9.763895874,-0.6274951172,0.004933427554,-0.0007243941072,-0.002519912086,5
13.53861529,-0.05748046875,9.751621399,-0.6665638733,0.004461926408,-0.007096438669,-0.001290404936,5
13.55865929,-0.0845741272,9.765243073,-0.65758255,0.01248912234,0.008175678551,-0.002035784302,5
13.57870329,-0.09310638428,9.775571594,-0.6456074524,0.0138918329,0.01975317486,-0.002928308211,5
13.59874829,-0.1257385254,9.808652802,-0.63887146,0.01069493406,0.01045895275,-0.0009246692061,5
13.61879229,-0.1362167358,9.813891907,-0.6761439514,0.01103064232,-0.01387669519,-0.001364706084,5
13.63883629,-0.112565918,9.776769104,-0.6861730957,0.005030291155,-0.01632029191,-0.002143807011,5
13.65888029,-0.0802331543,9.764195251,-0.6911128235,0.007709854282,-0.008626681753,-0.003451478435,5
13.67892429,-0.09924362183,9.78545105,-0.6997947693,0.004641111474,-0.009536433965,-1.163757406e-05,5
13.69896829,-0.1004411316,9.793234863,-0.6715036011,0.003840547288,-0.0146539472,0.0001795298886,5
13.71901329,-0.06182144165,9.796528015,-0.6403683472,0.002952145645,-0.0006375785451,-0.002068100497,5
13.73905729,-0.04445755005,9.787397003,-0.6893165588,0.0002830044832,-0.004683619365,-0.002246606397,5
13.75910129,-0.06092330933,9.739945679,-0.715512085,-0.003684734227,-0.0174923148,0.0002992621157,5
13.77914529,-0.06556365967,9.750573578,-0.6780899048,-0.002589730546,0.001012470108,0.0005937017268,5
13.79918929,-0.08487350464,9.82526825,-0.7041357422,0.003080961993,0.009768879041,-0.00151890656,5
13.81923329,-0.06691085815,9.781110077,-0.6801855469,-0.00185082457,0.0006200210191,-0.001385958632,5
13.83927829,-0.07080276489,9.748178558,-0.6652166748,-0.002305611502,0.004838046152,-0.003778884653,5
13.85932229,-0.08637039185,9.752519531,-0.6915618896,0.0001615467481,0.0004429821856,-0.003007378895,5
13.87936629,-0.0715512085,9.760453033,-0.762664032,-0.004271215759,-0.007799560204,-0.001796353376,5
13.89941029,-0.0904119873,9.784702606,-0.68332901,0.001677452587,0.002381335013,-0.002291369019,5
13.91945429,-0.07918533325,9.785600739,-0.6947053528,0.003799019847,0.01161732059,-0.001593462424,5
13.93949858,-0.08217910767,9.806407471,-0.6839277649,-0.002238198882,-0.005346576683,-0.001123186201,5
13.95954258,-0.06646179199,9.800719299,-0.6728507996,-0.0116229523,-0.01630394161,-0.0009042143356,5
13.97958758,-0.07170089722,9.78545105,-0.6505471802,-0.008167888969,-0.007348962128,-0.001627666177,5
13.99963158,-0.07274871826,9.757459259,-0.6677613831,-0.003616632894,0.001539677149,-0.001777232625,5
14.01967558,-0.04430786133,9.739496613,-0.642613678,-0.00299758208,0.005016367417,-0.004889193922,5
14.03971958,-0.04326004028,9.767039337,-0.6450086975,-0.001536461757,-0.002551008249,7.945299149e-05,5
14.05976358,-0.09595046997,9.786049805,-0.6671626282,-0.003608082421,-0.003218971426,-0.001332419459,5
14.07980758,-0.08577163696,9.80176712,-0.6231541443,-0.003675859887,0.007034397684,-0.001002750825,5
14.09985158,-0.07963439941,9.783505096,-0.6167175293,-0.002569189062,0.01149717253,-0.002581592184,5
14.11989658,-0.08831634521,9.774523773,-0.6403683472,-0.001789184287,-0.003732217709,0.00047667732,5
14.13994058,-0.1103205872,9.782157898,-0.669407959,-0.007487474941,-0.006601613946,-0.0007517682388,5
14.15998458,-0.09385482788,9.788145447,-0.6502478027,-0.007780763786,0.004125971813,-0.001130093355,5
14.18002858,-0.09909393311,9.795779572,-0.6209088135,-0.005610171705,0.002714976901,7.644225843e-05,5
14.20007258,-0.093256073,9.761500854,-0.6194119263,-0.003621815238,-0.008454797789,-0.0008225406054,5
14.22011658,-0.08472381592,9.765841827,-0.6253994751,-0.00390707422,-0.006323041394,-0.002586791757,5
14.24016158,-0.09445358276,9.770332489,-0.6574328613,-0.001288868487,-0.0009982290212,-0.001221280312,5
14.26020558,-0.07918533325,9.782008209,-0.6280938721,-0.0004385041539,0.004443261772,-0.0002377191558,5
14.28024958,-0.09789642334,9.79712677,-0.6315367126,0.001189069822,0.00205328851,0.0003808928886,5
14.30029358,-0.1022373962,9.797276459,-0.6563850403,-0.003443689784,-0.01110017113,-0.0008757226169,5
14.32033758,-0.07469467163,9.771679688,-0.6483018494,-0.007992751896,-0.009241232648,0.0006844726158,5
14.34038158,-0.07783813477,9.770781555,-0.6451583862,-0.003422269132,0.006809268612,-0.00140209333,5
14.36042558,-0.08906478882,9.769134979,-0.6348298645,-0.0009462062735,0.004725509789,0.0003786500311,5
14.38047058,-0.08008346558,9.754764862,-0.6713539124,-0.0009987170342,-0.007990556769,0.002111675683,5
14.40051458,-0.08981323242,9.778265991,-0.6578819275,-0.002879661042,-0.0007416938897,-0.001349964179,5
14.42055858,-0.09265731812,9.781858521,-0.6658154297,0.002349704038,0.00740639586,-0.001990136923,5
14.44060258,-0.1017883301,9.782157898,-0.6788383484,0.001394584426,0.003465186572,0.000364992884,5
14.46064658,-0.09729766846,9.795330505,-0.6489006042,-0.001944712829,0.002055097837,0.0004661921412,5
14.48069058,-0.1052311707,9.76434494,-0.6524931335,0.0008652416291,0.005507842172,0.0005318331532,5
14.50073458,-0.1068777466,9.772428131,-0.6848258972,-0.002851390978,0.0006059207954,-0.002229025587,5
14.52077958,-0.0679586792,9.812844086,-0.6764433289,-0.00851476565,-0.004029264674,-0.0007779425941,5
14.54082358,-0.05149291992,9.801318054,-0.6644682312,-0.005147255026,-0.001980536385,-0.0002808461431,5
14.56086758,-0.06915618896,9.761650543,-0.65758255,-0.001965200296,0.004495470319,-0.001629241509,5
14.58091158,-0.1095721436,9.752220154,-0.6379733276,0.001050353399,0.004166078288,-0.0009916070849,5
14.60095558,-0.08337661743,9.751920776,-0.6881190491,-0.00159310014,-0.01414981112,-0.001565097831,5
14.62099958,-0.04056564331,9.769733734,-0.660276947,-0.001996644307,-0.01575665735,-0.0007789984811,5
14.64104358,-0.04520599365,9.79473175,-0.6345304871,0.002057150472,0.00720997015,-0.001006782753,5
14.66108858,-0.06182144165,9.818083191,-0.5962101746,-0.001989789307,0.01643915474,-0.001000208315,5
14.68113258,-0.06885681152,9.787696381,-0.5763015747,-0.002168938518,0.007679061964,0.001829408924,5
14.70117658,-0.1040336609,9.7900914,-0.6402186584,-0.006235782988,-0.005107363686,0.001527531771,5
14.72122058,-0.09654922485,9.775272217,-0.6553372192,-0.008599297144,-0.004955508746,0.0003380292328,5
14.74126458,-0.07753875732,9.774224396,-0.6221063232,-0.005800656974,0.01504973136,-0.001749570714,5
14.76130858,-0.07140151978,9.782457275,-0.6292913818,-0.002701392164,0.01618354209,-0.00115993619,5
14.78135258,-0.1101708984,9.78425354,-0.6309379578,-0.0024928723,0.0002570876386,0.0002875626087,5
14.80139758,-0.1269360352,9.767338715,-0.6596781921,-0.004891049117,-0.001689416589,0.0008537698304,5
14.82144158,-0.1128652954,9.779014435,-0.6756948853,-0.004576273263,-0.005006420426,0.001826297259,5
14.84148558,-0.1001417542,9.789193268,-0.652792511,-0.001724265749,-0.003134063212,-0.00027853949,4
14.86152958,-0.1115180969,9.796378326,-0.6282435608,-0.00183251244,-0.00510976091,-0.0004395116121,4
14.88157358,-0.07634124756,9.765392761,-0.6418652344,-0.005043867975,-0.005655656569,-0.001490566414,4
14.90161758,-0.06496490479,9.766440582,-0.6155200195,-0.003350943094,0.0003694731276,-0.001185762696,4
14.92166158,-0.06601272583,9.77377533,-0.6445596313,-0.002742856042,-0.00496610906,-3.495276906e-05,4
14.94170629,-0.05508544922,9.787995758,-0.6138734436,-0.003548283363,-0.00811083056,0.0003741619876,4
14.96175029,-0.06481521606,9.813442841,-0.6279441833,-0.002733459929,-0.0009680127259,0.0005890881876,4
14.98179429,-0.06122268677,9.762548676,-0.614172821,-0.004284171388,0.006516007707,-0.0008357651532,4
15.00183829,-0.08577163696,9.777667236,-0.6370751953,-0.004933433607,0.005885889754,-0.0009205075912,4
15.02188229,-0.08502319336,9.764494629,-0.6643185425,-0.003625699785,-0.008327501826,0.0009108949453,4
15.04192629,-0.08352630615,9.763596497,-0.6556365967,-0.001765852096,-0.007935265079,0.0001785340719,4
15.06197029,-0.0628692627,9.787097626,-0.6447093201,-0.002031403827,8.820230141e-05,-0.0009439692367,4
15.08201429,-0.06810836792,9.782906342,-0.612077179,-0.0006844988093,0.003211126663,-0.0005693624262,4
15.10205929,-0.06885681152,9.782457275,-0.6310876465,-0.002173431451,-0.005783379078,-0.001395724248,4
15.12210329,-0.04984634399,9.76314743,-0.6156697083,-0.006848350633,-0.008950892836,-4.516448826e-06,4
15.14214729,-0.05119354248,9.783654785,-0.6408174133,-0.003945533186,-0.003198885126,-0.000750195235,4
15.16219129,-0.05867797852,9.772877197,-0.6550378418,-0.001850928646,0.002746509388,-0.0001340799499,4
15.18223529,-0.07289840698,9.785001984,-0.6234535217,-0.001676109619,0.007417907938,-4.088506103e-05,4
15.20227929,-0.08547225952,9.803413696,-0.6289920044,-0.003883904545,0.004182063043,0.001380468952,4
15.22232329,-0.09280700684,9.795629883,-0.6572831726,-0.009288169444,0.0004909820855,0.0006177430041,4
15.24236829,-0.1041833496,9.817334747,-0.6917115784,-0.01381117199,-0.008842601441,-8.407980204e-06,4
15.26241229,-0.1216969299,9.872270508,-0.7140151978,-0.02455135994,-0.01372827776,0.0005229305243,4
15.28245629,-0.08517288208,9.850565643,-0.7584727478,-0.03410795704,-0.005589921027,0.0001241650898,4
15.30250029,-0.08696914673,9.873018951,-0.8146060181,-0.03959593922,-0.00546097476,-0.001601220574,4
15.32254429,-0.1402583313,9.87197113,-0.9398954773,-0.05502270535,-0.02345863357,0.003776397556,4
15.34258829,-0.1694476318,10.00190094,-1.115330658,-0.09825015813,-0.06900122762,0.005056333728,4
15.36263229,-0.2547702026,10.07135651,-1.224603424,-0.1564409435,-0.1145545095,0.007854720578,4
15.38267629,-0.2856060791,10.03318588,-1.141226807,-0.2270639092,-0.0845008269,0.006728152279,4
15.40272129,-0.3005749512,9.979148254,-1.151255951,-0.2839041054,-0.02980812825,0.00274068024,4
15.42276529,-0.330662384,9.924212494,-1.296903076,-0.3318071663,-0.04814457148,-0.004218207672,4
15.44280929,-0.3567082214,9.842183075,-1.39824234,-0.386918813,-0.1169682667,-0.005438547116,4
15.46285329,-0.3257226562,9.750423889,-1.424138489,-0.4517197609,-0.174576655,-0.02587410994,4
15.48289729,-0.2763253784,9.685458984,-1.331181793,-0.493335098,-0.1846465319,-0.07074081898,4
15.50294129,-0.28081604,9.69653595,-1.23208786,-0.5125889182,-0.1286372989,-0.1179951057,4
15.52298529,-0.3656895447,9.69653595,-1.197809143,-0.5239892006,0.002856343985,-0.1604115963,4
15.54303029,-0.2778222656,9.673184509,-1.185384979,-0.5520765781,0.1707672477,-0.2205937952,4
15.56307429,-0.2945874023,9.69294342,-1.255139923,-0.5686817169,0.313244313,-0.2845853269,4
15.58311829,-0.3429368591,9.791887665,-1.30932724,-0.5941357017,0.3970446587,-0.338809967,4
15.60316229,-0.4586462402,9.786049805,-1.371597748,-0.6549328566,0.4979941845,-0.3780949116,4
15.62320629,-0.4144880676,9.545649719,-1.453178101,-0.772441864,0.58351475,-0.4342023134,4
15.64325029,-0.5276527405,9.533375244,-1.301992493,-0.8857668042,0.6487833261,-0.5099368691,4
15.66329429,-0.7563771057,9.379046173,-1.23792572,-0.9577596188,0.8116130233,-0.5247302651,4
15.68333829,-0.9509724426,8.278834076,-1.113684082,-1.071867824,1.032293439,-0.45920825,4
15.70338229,-0.7003935242,6.914720764,-0.965791626,-1.165712118,1.297718883,-0.3030768633,4
15.72342729,0.1013392639,6.570137329,-1.453477478,-1.291801095,1.40400064,-0.3154605925,4
15.74347129,0.2550695801,8.163424072,-1.484612732,-2.011927128,1.78435123,-0.5293416977,4
15.76351529,-0.2140548706,9.309141541,-0.7644602966,-3.191287994,2.131785631,-0.905869782,4
15.78355929,-1.719923401,9.540260925,3.786226501,-3.520080328,1.756748915,-1.156898499,4
15.80360329,-3.074306946,9.361382904,7.936196594,-2.348869801,1.096750855,-1.108792067,4
15.82364729,-3.26920166,8.764124908,5.369633789,-1.473049283,-0.1251410842,-1.303613424,4
15.84369129,-3.858675842,8.744515686,3.140768738,-1.559714198,-0.5064275861,-1.414354205,4
15.86373629,-4.176764374,8.490942993,2.410587158,-2.031447411,0.2813655436,-1.230944157,4
15.88378029,-3.576362915,7.482490082,2.428849182,-2.27227211,0.8101288676,-0.908472836,4
15.90382429,-2.941083984,6.547234955,4.397255859,-2.248752356,0.7554656863,-0.9443001747,4
15.92386829,-2.627336426,5.76032135,6.324947205,-1.984404206,0.5667231083,-1.056549549,4
15.94391204,-1.158590698,5.773493958,6.108497314,-1.792528033,0.6840021014,-1.087904453,4
15.96395604,-0.8845106506,5.847440186,4.087699585,-1.864434123,0.3422272801,-1.092152715,4
15.98400004,-3.549418945,5.269641724,4.880600739,-2.050461531,-0.6039558649,-0.9422719479,4
16.00404404,-5.303321686,5.134921875,7.325466614,-1.917815089,-0.5960941315,-0.8204619288,4
16.02408904,-4.074826355,5.604196014,6.692732391,-1.904886603,-0.01420380548,-0.7470725775,4
16.04413304,-2.25356369,5.912105713,5.129832458,-1.849687099,-0.1406242847,-0.6623480916,4
16.06417704,-2.981200562,4.85006424,4.72597229,-1.933505893,-0.2115902305,-0.7437742352,4
16.08422104,-3.998634796,3.896696777,6.050118713,-2.023007393,-0.3110548556,-0.8306079507,4
16.10426504,-3.59806778,3.529061279,7.271728363,-1.990160584,-0.2681313455,-0.9091032147,4
16.12430904,-3.006647644,3.912114716,7.183561707,-1.966847658,-0.1423581094,-0.9516373873,4
16.14435304,-3.532354431,4.169429626,6.994205475,-1.920664907,-0.2387525439,-0.9583259225,4
16.16439704,-4.753365326,4.135001221,6.743327179,-1.993219972,-0.1559106559,-0.9255967736,4
16.18444204,-5.001100159,4.157903595,6.789880371,-2.138742208,-0.02937903069,-0.8467741609,4
16.20448604,-4.505630493,3.605851593,6.691385193,-2.173291206,-0.06179337949,-0.745380342,4
16.22453004,-3.722159729,2.216889954,6.86607193,-2.147562027,-0.07690559328,-0.7784948945,4
16.24457404,-3.687132568,1.584604797,6.753955078,-2.32140255,-0.280169487,-0.8750846386,4
16.26461804,-3.886517944,1.552122345,6.937024384,-2.298781157,-0.2255955338,-0.9331527352,4
16.28466204,-3.378773804,1.234782257,6.222709808,-2.359075069,-0.3755832016,-0.982055366,4
16.30470604,-2.988834686,0.4131408691,5.457950134,-2.435107231,-0.4931448102,-1.042004824,4
16.32475004,-2.659669189,-0.5011578369,4.823868713,-2.551928759,-0.5733938217,-1.156178594,4
16.34479404,-2.47944397,-2.498454437,4.641847229,-2.735576153,-0.7009549737,-1.343568444,4
16.36483904,-1.749412079,-2.836900635,5.780379639,-2.77785182,-0.9396052361,-1.406484723,4
16.38488304,-1.074465637,-4.885540466,10.34872971,-2.823312998,-0.4686440527,-1.250973701,4
16.40492704,-5.48414566,-6.34650238,15.46853302,-2.421673775,-0.1309448034,-1.222108006,4
16.42497104,-5.272785187,-4.078269196,14.68506226,-1.61469698,0.00431017112,-1.063733816,4
16.44501504,-6.569688263,-5.293292542,16.06983261,-1.265662313,-0.3791798353,-0.8238118887,4
16.46505904,-7.892786865,-8.144114227,20.06247986,-0.8119159341,0.04750216752,-0.748666048,4
16.48510304,-6.183042297,-7.965385895,16.24257339,-0.2561860383,0.2531453371,-0.4543358684,4
16.50514704,-4.384232941,-6.737938385,14.72443039,0.2677562833,-0.2394041717,-0.258915782,4
16.52519204,-3.440295868,-7.120692444,12.70527924,0.6084771156,-0.09384248406,0.02268048003,4
16.54523604,-2.586770782,-7.733817444,9.394913177,0.5336992741,0.206898272,0.2827179432,4
16.56528004,-2.23140976,-7.426057434,8.038583679,0.3185908496,-0.002361051971,0.4742786884,4
16.58532404,-1.436113586,-6.46116394,7.022197266,0.2936677039,-0.1913376153,0.6327669024,4
16.60536804,-1.509910126,-5.907465363,5.961952057,0.3489153981,-0.2989840806,0.6579292417,4
16.62541204,-1.687440948,-5.137765961,5.432353363,0.3312480152,-0.2286046743,0.5346939564,4
16.64545604,-2.013612671,-4.43692337,5.059927826,0.2295664698,-0.03605950996,0.184717834,4
16.66550004,-2.599194946,-3.448379059,5.649402008,0.1459527165,0.1670596302,-0.2005821466,4
16.68554404,-3.230282593,-2.404898987,6.365063782,0.09615814686,0.2590319514,-0.3845840096,4
16.70558904,-3.933220825,-1.949994965,8.050708466,-0.05967147648,0.1967910975,-0.477486968,4
16.72563304,-4.159400482,-2.035167847,9.287436676,-0.08819428086,0.07200591266,-0.4891267419,4
16.74567704,-4.08006546,-2.155816956,9.271120605,0.005758273415,-0.251360476,-0.3643093109,4
16.76572104,-4.043990479,-2.185305634,9.443262634,0.1203333288,-0.3645803034,-0.2573037744,4
16.78576504,-3.96420639,-1.969604187,8.676557007,0.0443289727,-0.4174836278,-0.2242753059,4
16.80580904,-3.954177246,-2.493963776,9.425150299,-0.01621804386,-0.1864030063,-0.1998421848,4
16.82585304,-3.230132904,-3.3230896,9.941726074,0.01332538668,-0.09752916545,-0.1620939374,4
16.84589704,-2.690505066,-3.47517334,10.21026764,0.04167798534,-0.08650585264,-0.08609263599,4
16.86594204,-2.465522919,-3.401676178,9.718540192,0.04079034179,-0.1358213574,0.01449532062,4
16.88598604,-2.408641205,-3.292253723,9.403146057,-0.01729773544,-0.07742698491,0.07917103171,4
16.90603004,-2.459685059,-3.304827576,9.220525818,-0.04199713469,0.008706628345,0.1438937038,4
16.92607404,-2.582579498,-3.476520538,8.812624054,-0.04219414666,0.006145726889,0.190655157,4
16.94611817,-2.708018646,-3.645369415,8.475824432,-0.03207177296,0.02528682537,0.2183516175,4
16.96616217,-2.862647095,-3.474275208,8.102201385,-0.06196718663,0.04334593937,0.2147705704,4
16.98620617,-3.035088501,-3.1744487,8.218958588,-0.07406680286,0.06139854714,0.2049486041,4
17.00625017,-3.289709015,-2.957699432,8.180488586,-0.07284658402,0.05054691061,0.1978453249,4
17.02629417,-3.387605438,-2.807861023,8.158184967,-0.1113929152,0.03118253499,0.1750542521,4
17.04633817,-3.362008667,-2.871029663,8.494385834,-0.1430670321,0.06090947986,0.1532870382,4
17.06638317,-3.341651001,-3.058439941,8.747060394,-0.132278353,0.06533208489,0.1420179904,4
17.08642717,-3.32069458,-3.118764496,8.838370514,-0.1134241372,0.06880543381,0.1272029877,4
17.10647117,-3.393892365,-3.061882782,8.863218842,-0.08758589625,0.05816887692,0.1033648551,4
17.12651517,-3.514541473,-3.112926636,8.995992737,-0.04889182374,0.06051459536,0.08329360187,4
17.14655917,-3.677851868,-3.184028778,8.960666199,-0.02307956107,0.1072906181,0.07201069593,4
17.16660317,-3.636986847,-3.157384186,8.757089539,-0.01767520793,0.161540553,0.06500978023,4
17.18664717,-3.445085907,-3.08313858,8.65395401,-0.01699591801,0.1599523872,0.05150577426,4
17.20669117,-3.329376526,-3.08313858,8.699459381,0.002067666966,0.1407259852,0.04842649028,4
17.22673517,-3.390299835,-3.067121887,8.460406494,0.02073750272,0.1211344227,0.04950669035,4
17.24678017,-3.418890381,-3.073109436,8.368796997,0.02798023634,0.121792227,0.04190789163,4
17.26682417,-3.391497345,-2.974015503,8.317902832,0.01295909937,0.1243821457,0.02187894844,4
17.28686817,-3.342549133,-2.891087952,8.380622406,-0.008144553751,0.1427953541,-0.005043870304,4
17.30691217,-3.433110809,-2.935844879,8.394393768,-0.007951371372,0.1429538429,-0.01276980806,4
17.32695617,-3.506009216,-2.935246124,8.380323029,-0.01610619575,0.1063548848,-0.008389347233,4
17.34700017,-3.579955444,-2.940934296,8.450527039,-0.03897559643,0.07822354138,-0.001428252086,4
17.36704417,-3.68339035,-2.909649353,8.500373383,-0.06116427481,0.03036372364,0.01671940088,4
17.38708817,-3.692970428,-2.993624725,8.520132294,-0.07849609107,-0.01279088389,0.03551581874,4
17.40713217,-3.606001282,-3.094963989,8.587791595,-0.08635143936,-0.0263970308,0.04352034256,4
17.42717717,-3.611839142,-3.1346315,8.60126358,-0.08010616899,-0.005303995684,0.04950142652,4
17.44722117,-3.64013031,-3.123404846,8.595575409,-0.06192788109,0.006975682918,0.05712491274,4
17.46726517,-3.656147003,-3.07969574,8.542884979,-0.04263095185,-0.003376411041,0.05851438269,4
17.48730917,-3.643872528,-3.010090485,8.521928558,-0.0335124135,-0.002937242156,0.05181320757,4
17.50735317,-3.748055878,-2.94512558,8.435707855,-0.02373815328,0.004243279807,0.04919561744,4
17.52739717,-3.721111908,-2.963088226,8.410260773,-0.02517579496,0.01033824589,0.04061596096,4
17.54744117,-3.714226227,-3.026855621,8.383316803,-0.02774974704,0.002872391138,0.03430618346,4
17.56748517,-3.731889496,-2.98718811,8.334368591,-0.0272183381,-0.0005399191286,0.02389093488,4
17.58752917,-3.714375916,-3.028502197,8.32748291,-0.02967057005,-0.01619056799,0.00969517231,4
17.60757317,-3.73368576,-3.057541809,8.393196259,-0.02791642025,-0.01866240799,-0.000176068861,4
17.62761817,-3.770658875,-3.056493988,8.44917984,-0.01664269343,-0.01491363719,-0.01753920503,4
17.64766217,-3.809727631,-3.123554535,8.489446106,-0.009241195396,-0.002218560083,-0.02301537059,4
17.66770617,-3.793112183,-3.11128006,8.435558167,-0.001184163848,0.03258308768,-0.02680087462,4
17.68775017,-3.69042572,-3.072211304,8.427624664,-0.00668360386,0.0279987324,-0.03242522851,4
17.70779417,-3.591331787,-3.07849823,8.531957703,-0.00562931411,0.003518470097,-0.03484470397,4
17.72783817,-3.524121552,-3.201841736,8.54752533,0.01050473005,-0.009424383752,-0.04347262904,4
17.74788217,-3.499273224,-3.208577728,8.54048996,0.01682680845,-0.00796577055,-0.04564550146,4
17.76792617,-3.478466492,-3.213218079,8.533304901,0.01290193759,-0.0005687421653,-0.04497604072,4
17.78797017,-3.476071472,-3.228785706,8.52522171,0.01432336215,-0.004681720398,-0.03817663342,4
17.80801417,-3.509152679,-3.204386444,8.522826691,0.02007092163,-0.008627618663,-0.03021880984,4
17.82805917,-3.520079956,-3.154689789,8.514294434,0.01818988845,-0.002791089239,-0.02292024717,4
17.84810317,-3.547922058,-3.116968231,8.50306778,0.01302632689,-0.0002314706799,-0.01894298941,4
17.86814717,-3.572620697,-3.118016052,8.516988831,0.004290667828,-0.005845626816,-0.01015046798,4
17.88819117,-3.588038635,-3.113375702,8.530610504,-0.003623372642,-0.004106422886,0.0008787160041,4
17.90823517,-3.575464783,-3.114124146,8.518785095,-0.008471683599,-0.007785470225,0.008286906406,4
17.92827917,-3.558400269,-3.160677338,8.515791321,-0.0110524036,-0.008292216808,0.01024533249,4
17.94832296,-3.553161163,-3.166515198,8.508456573,-0.00943808537,-0.0008609893266,0.01103642024,4
17.96836696,-3.552263031,-3.150199127,8.493787079,-0.003624821082,0.004660756327,0.007189279888,4
17.98841096,-3.531456299,-3.165167999,8.474177856,-0.002024650807,0.001317793271,0.001322322758,4
18.00845496,-3.51379303,-3.16157547,8.478967896,-0.0009686590638,-0.003004246624,-0.003070250619,4
18.02849996,-3.555556183,-3.164419556,8.485703888,0.001520987484,0.004977676086,-0.004578385036,4
18.04854396,-3.629352722,-3.177143097,8.506660309,0.00429740781,-0.003466782393,0.0009724104311,4
18.06858796,-3.673211517,-3.13822403,8.473878479,-0.004132603295,-0.01144646574,0.005420062691,4
18.08863196,-3.624712372,-3.139421539,8.425678711,-0.01354813483,-0.009299798869,0.00519206468,4
18.10867596,-3.564537506,-3.182531891,8.447682953,-0.01411548909,-0.006842283532,0.0004078021739,4
18.12871996,-3.567231903,-3.17564621,8.513096924,-0.0008310412522,-0.002553850645,-0.004401315935,4
18.14876396,-3.564986572,-3.126847687,8.515192566,0.00330256694,0.00035879598,-0.005882770754,4
18.16880796,-3.583547974,-3.142415314,8.503666534,0.00278460863,-0.006544227712,-0.00205481844,4
18.18885196,-3.617677002,-3.129392395,8.531808014,0.00453219004,-0.01074386854,-0.0002900392283,4
18.20889596,-3.643273773,-3.135379944,8.568930817,0.008551800624,0.003831661539,0.003163708141,4
18.22893996,-3.65539856,-3.142714691,8.55680603,0.0203174632,0.01950926706,0.00594929466,4
18.24898496,-3.591930542,-3.113076324,8.398734741,0.02251997776,0.01495297253,0.003283923026,4
18.26902896,-3.52786377,-3.08897644,8.40008194,0.008671909571,-0.002952741226,-0.002671810333,4
18.28907296,-3.535048828,-3.11711792,8.46325058,-9.912950918e-05,0.003502337262,-0.002558972221,4
18.30911696,-3.507206726,-3.145409088,8.468489685,-0.002895051148,0.005694761872,-0.003033850342,4
18.32916096,-3.469634857,-3.154989166,8.469537506,-0.01027238555,-0.01160503644,-0.004116682336,4
18.34920496,-3.516637115,-3.165167999,8.516539764,-0.01579364389,-0.01497478504,-0.002996072639,4
18.36924896,-3.558100891,-3.193010101,8.541537781,-0.01173713617,-0.007968747988,-0.000554459868,4
18.38929296,-3.604504395,-3.177741852,8.503516846,-0.008737366647,-0.007947340608,0.003082983196,4
18.40933696,-3.591631165,-3.172802124,8.484356689,-0.01030376926,-0.008397736587,0.005004205275,4
18.42938096,-3.59806778,-3.195255432,8.496930542,-0.00998963695,-0.002981124679,0.006415014621,4
18.44942496,-3.602259064,-3.180735626,8.517288208,-0.003167623887,-0.00113449269,0.006546108983,4
18.46946996,-3.598516846,-3.159629517,8.515192566,0.001392589416,-0.005081189796,0.005596878473,4
18.48951396,-3.601211243,-3.129691772,8.480614471,-0.001978379441,-0.006996273063,0.005010517314,4
18.50955796,-3.587589569,-3.140918427,8.483757935,-0.003767948831,-0.007499450818,0.006087202113,4
18.52960196,-3.578009491,-3.160228271,8.503516846,-0.001936827321,-0.003893741174,0.005388637073,4
18.54964596,-3.555406494,-3.134481812,8.52058136,-0.001619385788,-0.0007993637118,0.002833383158,4
18.56968996,-3.51963089,-3.143612823,8.487949219,-0.001425435767,-0.001301520737,-0.0006653147284,4
18.58973396,-3.522325287,-3.152294769,8.474626923,0.002439463045,-0.0005590396468,0.0001777096186,4
18.60977796,-3.566333771,-3.137625275,8.48196167,0.002106534084,0.001272843918,-0.0009372315835,4
18.62982196,-3.582949219,-3.148402863,8.487949219,-0.0006918329746,-0.0007800783496,-0.0002270461991,4
18.64986596,-3.571572876,-3.181035004,8.511001282,-0.0004815030843,-0.003202486085,0.001976918429,4
18.66991096,-3.589236145,-3.183280334,8.529712372,0.001198786194,0.001114281593,0.003542751074,4
18.68995496,-3.546275482,-3.147804108,8.506061554,0.001357353292,0.001611226471,0.002373734489,4
18.70999896,-3.53953949,-3.152743835,8.480913849,-0.001288140891,-0.001510474132,0.004201333039,4
18.73004296,-3.563339996,-3.18148407,8.511899414,-0.003190661781,-0.001788720721,0.005876820534,4
18.75008696,-3.603606262,-3.178041229,8.507109375,0.001648620819,0.001111508813,0.01013613027,4
18.77013096,-3.590433655,-3.159629517,8.483009491,0.002234189771,-0.001053903019,0.0112098502,4
18.79017496,-3.563339996,-3.163072357,8.460107117,-0.001066007186,-0.004851252772,0.009064456448,4
18.81021896,-3.542084198,-3.147804108,8.469687195,0.001455657533,-0.001587124774,0.002840462374,4
18.83026296,-3.553310852,-3.1346315,8.489595795,0.000718134921,0.003868525848,-0.0004165263381,4
18.85030696,-3.567082214,-3.135379944,8.478818207,0.0002493280917,0.003465000307,-0.0001942892559,4
18.87035096,-3.591631165,-3.129242706,8.477021942,-0.002527932404,0.0002064090222,0.001273582689,4
18.89039496,-3.598666534,-3.132086792,8.472680969,-0.005546557717,-0.001904201927,0.001333255204,4
18.91043996,-3.588038635,-3.162174225,8.491841125,-0.005721336696,0.0004536015913,0.001300263219,4
18.93048396,-3.571872253,-3.172502747,8.482111359,-0.004537553526,0.002401919104,-0.001002088422,4
18.95053121,-3.551813965,-3.158132629,8.483308868,-0.0008133486845,0.0002671831753,-0.003935733344,4
18.97057521,-3.562441864,-3.142115936,8.493188324,-0.0009119750466,0.002660774859,-0.004694605712,4
18.99061921,-3.582051086,-3.145558777,8.496631165,-0.00174914184,0.00333413342,-0.004584120121,4
19.01066321,-3.59567276,-3.165317688,8.469836884,-0.003282965161,0.001626515645,-0.002094175201,4
19.03070721,-3.556005249,-3.169508972,8.491242371,-0.00315071037,0.002210857812,-0.003247896675,4
19.05075121,-3.572920074,-3.188369751,8.483907623,0.0002294112928,0.003611158347,-0.001774614677,4
19.07079521,-3.576362915,-3.179987183,8.499175873,0.001567510306,0.003717359388,-0.0002243034542,4
19.09083921,-3.592828674,-3.164120178,8.505612488,0.001305912621,0.001446322305,0.002242880175,4
19.11088321,-3.603755951,-3.159479828,8.501720581,-0.00169116701,0.0004178639501,0.005588436499,4
19.13092721,-3.567531281,-3.144960022,8.495283966,-0.006467779167,0.0003191658761,0.005612546578,4
19.15097221,-3.547472992,-3.14166687,8.48315918,-0.004017705098,0.0004879052285,0.006148498971,4
19.17101621,-3.559747467,-3.156635742,8.494236145,-0.002640194027,0.001020965865,0.003361247946,4
19.19106021,-3.573967896,-3.132086792,8.500822449,-0.002226897283,0.004620071035,0.004181043711,4
19.21110421,-3.590433655,-3.144510956,8.504864044,-0.003288449021,0.004071828909,0.004811245948,4
19.23114821,-3.567231903,-3.158282318,8.483907623,-0.003196220845,0.003475389211,0.004125668202,4
19.25119221,-3.582649841,-3.149750061,8.46205307,-0.002500220668,0.005075363908,0.006173701026,4
19.27123621,-3.588936768,-3.15573761,8.472830658,-0.003516640281,0.004241260234,0.00605982868,4
19.29128021,-3.600462799,-3.160827026,8.49827774,0.0006798858522,-0.0004763712641,0.006390407216,4
19.31132421,-3.616928558,-3.147804108,8.494086456,0.001114712912,2.435804345e-05,0.005888916552,4
19.33136821,-3.609294434,-3.141217804,8.468938751,-0.0005528084002,0.002736574272,0.003733557649,4
19.35141221,-3.586841125,-3.139571228,8.448281708,-0.005455804057,-0.0007129653823,0.004216060508,4
19.37145621,-3.58519455,-3.161276093,8.482859802,0.001609910978,-0.002740056021,0.002795983106,4
19.39150121,-3.63548996,-3.143912201,8.490793304,0.005282417871,0.001928147627,0.003564255778,4
19.41154521,-3.597918091,-3.148851929,8.486452332,0.002793461084,0.005732845515,0.002068500035,4
19.43158921,-3.557502136,-3.16277298,8.484506378,0.002227622084,0.0006063678302,-0.0007465411909,4
19.45163321,-3.576512604,-3.154689789,8.474477234,0.006732891779,7.879547775e-05,-0.002042169217,4
19.47167721,-3.586691437,-3.15573761,8.475824432,1.362804323e-05,0.005311907735,-0.002876915038,4
19.49172121,-3.596121826,-3.138523407,8.475075989,-0.002922380576,0.002164526377,-0.0003918339498,4
19.51176521,-3.597918091,-3.160677338,8.46908844,-0.005062579177,-0.001351221232,0.002493248554,4
19.53180921,-3.607049103,-3.150947571,8.475974121,-0.005600646604,0.00213991804,0.002338673919,4
19.55185321,-3.593427429,-3.152594147,8.471333771,-0.005190027878,-0.0002660357859,0.002877604682,4
19.57189721,-3.58279953,-3.153192902,8.464897156,-0.005256250966,-0.003137665568,0.001599424751,4
19.59194121,-3.563339996,-3.158282318,8.467591553,-0.005729220808,-0.002406147076,-0.001638495829,4
19.61198521,-3.573518829,-3.167563019,8.474327545,-0.004378930666,-0.0009656983893,-0.004610032775,4
19.63203021,-3.604953461,-3.173101501,8.49363739,-0.001951975748,-0.001130918274,-0.002517419402,4
19.65207421,-3.607198792,-3.166515198,8.508456573,-0.0009687941056,5.929847248e-05,-7.209950127e-05,4
19.67211821,-3.572620697,-3.144211578,8.478219452,-0.002985073486,-0.000136976596,-0.001351215644,4
19.69216221,-3.567980347,-3.156036987,8.484805756,-0.004044029396,0.0004208476748,-0.001755403588,4
19.71220621,-3.582200775,-3.177442474,8.484955444,0.001399513567,-0.001223600237,-0.001008293824,4
19.73225021,-3.614533539,-3.178190918,8.48779953,0.001624325756,-0.0007787982468,0.00099662703,4
19.75229421,-3.604205017,-3.154839478,8.503666534,0.0004359895829,0.002322080778,0.0007504089735,4
19.77233821,-3.576662292,-3.155887299,8.472680969,-0.001817303011,0.001811501221,0.0002717896132,4
19.79238221,-3.571722565,-3.150797882,8.46908844,0.0004396280274,0.004271724261,-0.001823140774,4
19.81242621,-3.585942993,-3.144660645,8.471333771,0.002546270844,0.001012123423,0.0005413996987,4
19.83247021,-3.605851593,-3.138373718,8.485554199,-0.002212924417,0.00189315516,0.003539500758,4
19.85251421,-3.614234161,-3.150648193,8.470585327,-0.005956362002,0.00122096925,0.003438745625,4
19.87255821,-3.603755951,-3.156336365,8.471034393,-0.003788158763,0.001845642691,0.001701312605,4
19.89260221,-3.595523071,-3.162024536,8.483608246,-0.001049712999,0.001929424237,0.0008324031951,4
19.91264721,-3.594026184,-3.146905975,8.479416962,0.003261469537,0.002808217425,0.001172483317,4
19.93269121,-3.584446106,-3.149600372,8.488547974,0.002028575633,0.0005094292574,0.0002730719279,4
19.95273542,-3.604504395,-3.145558777,8.486003265,0.0002760165371,-0.001816896489,0.002836915199,4
19.97277942,-3.611390076,-3.162323914,8.473878479,-0.001889857464,-0.00152751687,0.001769489492,4
19.99282342,-3.611689453,-3.166066132,8.473429413,-0.000562579371,-0.0009169082623,0.001657543587,4
20.01286742,-3.606749725,-3.160527649,8.479416962,0.0034070611,-0.001670794794,0.0005176920677,4
20.03291142,-3.616180115,-3.141068115,8.471932526,0.003171163844,-0.002564869123,0.002615723992,4
20.05295542,-3.594175873,-3.14989975,8.449479218,-0.0006407003384,-0.003038971452,0.002377791796,4
20.07299942,-3.597918091,-3.146456909,8.471932526,-0.002384538297,-0.00403792318,0.0003705671988,4
20.09304342,-3.592678986,-3.183280334,8.494385834,0.001810454996,-0.002926795045,7.524830289e-05,4
20.11308742,-3.632196808,-3.144211578,8.500822449,0.009270677343,-0.0008887338918,0.0004261160502,4
20.13313142,-3.585044861,-3.176843719,8.488248596,0.005377792753,0.0007058624178,-0.001347803045,4
20.15317542,-3.564238129,-3.173849945,8.498876495,0.008209306747,0.0002212205436,-0.003490755334,4
20.17322042,-3.556005249,-3.140918427,8.508755951,0.006357903127,0.005650764797,-0.006124696694,4
20.19326442,-3.575464783,-3.140918427,8.468040619,0.0005859255325,0.004462996032,-0.002344450448,4
20.21330842,-3.601959686,-3.141068115,8.462202759,-0.002638663631,0.001956855878,0.002460282296,4
20.23335242,-3.625760193,-3.140768738,8.477471008,-0.006389459129,-0.00172656239,0.007402842864,4
20.25339642,-3.638334045,-3.133284302,8.451874237,-0.009921441786,-0.001336680958,0.00660380628,4
20.27344042,-3.612138519,-3.16861084,8.45157486,-0.01128735393,-0.003869234817,0.007020710502,4
20.29348442,-3.573668518,-3.175945587,8.477021942,-0.006706301123,-0.001141572604,0.003254672047,4
20.31352842,-3.558549957,-3.163820801,8.478369141,-0.003176414175,0.0007610989269,-0.001458361279,4
20.33357242,-3.572171631,-3.169508972,8.488547974,-0.001770431409,0.001229866873,-0.004104849417,4
20.35361642,-3.60270813,-3.149151306,8.503217468,0.002429234097,0.0004769316874,-0.005701862276,4
20.37366042,-3.634142761,-3.139271851,8.472830658,-0.0007896386087,0.002438939642,-0.0001682084985,4
20.39370442,-3.593876495,-3.156486053,8.475974121,-0.004660252482,-0.0001146548893,-5.064508878e-05,4
20.41374842,-3.594175873,-3.163371735,8.463699646,-0.001049963292,-0.002772224369,0.0002746386454,4
20.43379242,-3.615731049,-3.18732193,8.488398285,0.000758606242,2.118758857e-08,-0.001333744032,4
20.45383742,-3.604953461,-3.166814575,8.480015717,0.0006776212249,0.001469710609,-0.001456366852,4
20.47388142,-3.586242371,-3.164718933,8.484656067,0.0002433091868,-0.0003870432265,-0.001506656641,4
20.49392542,-3.561094666,-3.14286438,8.481213226,0.001939310343,0.001511042705,-0.002427683678,4
20.51396942,-3.582949219,-3.157533875,8.466094666,0.0002896322403,0.001086321427,-0.0007217244711,4
20.53401342,-3.603157196,-3.14286438,8.49019455,0.002881495282,0.0003919287119,-0.001332152169,4
20.55405742,-3.610342255,-3.147804108,8.48315918,-0.003822030034,0.002623549663,0.0004394630669,4
20.57410142,-3.597618713,-3.150648193,8.472980347,-0.002585500479,-0.001147642033,0.0003429086646,4
20.59414542,-3.606899414,-3.177741852,8.478967896,-0.002130133333,-0.00162685127,0.001671416801,4
20.61418942,-3.595972137,-3.175346832,8.473579102,-0.0009897428099,-0.001925499411,0.0005235202843,4
20.63423342,-3.597019958,-3.162323914,8.488847351,0.001560301171,0.002120852936,-0.000404040562,4
20.65427742,-3.598666534,-3.162174225,8.475525055,0.0007344045443,0.001241160324,-0.001340791583,4
20.67432142,-3.610192566,-3.149001617,8.478369141,-0.0003473882098,-0.001849865774,0.0009799860418,4
20.69436542,-3.614683228,-3.154240723,8.496481476,0.0002339798957,-0.002147607272,0.0001370955724,4
20.71440942,-3.595822449,-3.147355042,8.476722565,-0.0009885441978,-0.001865736442,0.001147728064,4
20.73445342,-3.595074005,-3.156186676,8.463549957,0.0007946918486,-0.0007827898953,0.00275611016,4
20.75449842,-3.594774628,-3.141816559,8.47956665,-0.0003585149534,-0.001750314841,0.0006026097108,4
20.77454242,-3.587290192,-3.164569244,8.462352448,0.0005416248459,-0.001496196492,0.001724915113,4
20.79458642,-3.592678986,-3.153941345,8.48540451,0.001570662251,0.0007190729957,-0.0005821315572,4
20.81463042,-3.597169647,-3.157384186,8.503666534,0.00264383317,0.0001786346547,0.000258975313,4
20.83467442,-3.597319336,-3.146456909,8.484656067,0.002181641059,0.002136542927,-0.000175956171,4
20.85471842,-3.592678986,-3.139870605,8.469387817,-0.0006010453217,0.002385044936,0.0003298958763,4
20.87476242,-3.594924316,-3.152294769,8.463699646,0.0004063870292,-0.0006426475011,0.0008504507132,4
20.89480642,-3.592828674,-3.16157547,8.480315094,0.0002928024624,-0.002296146937,0.002515688539,4
20.91485042,-3.618425446,-3.160677338,8.491541748,-0.0001429067925,-0.001482233638,0.002426460385,4
20.93489442,-3.590433655,-3.160078583,8.473279724,-0.0003444412723,-0.0007664749864,0.001807997935,4
20.95493492,-3.601660309,-3.147804108,8.468040619,-5.415640771e-06,-0.0002720302437,0.0003920063609,4
20.97497892,-3.612288208,-3.170107727,8.468639374,0.001732075005,-0.001682428177,-0.000255062012,4
20.99502292,-3.603456573,-3.141816559,8.466244354,-0.0006745713763,-0.001639265334,0.0004453987349,4
21.01506692,-3.583547974,-3.158432007,8.480614471,-0.0006815867964,-0.0009472717065,-0.0009561665356,4
21.03511092,-3.601809998,-3.152594147,8.48779953,0.0007821447216,-0.001522646286,-0.0001652871724,4
21.05515492,-3.614084473,-3.128344574,8.475075989,0.00108705624,-0.0003930733074,0.000397916534,4
21.07519992,-3.6097435,-3.139571228,8.474028168,-0.002052980242,-0.002225106349,0.0006073471159,4
21.09524392,-3.601061554,-3.154390411,8.489895172,-0.002023627749,-0.001872926019,-0.0007213379722,4
21.11528792,-3.60615097,-3.195105743,8.526868286,0.005387868732,0.00112751266,-0.002891826443,4
21.13533192,-3.607498169,-3.121608582,8.48540451,0.009510230273,0.0001399798784,0.0006095025456,4
21.15537592,-3.55944809,-3.174598389,8.478967896,0.007207935676,0.002100880723,-0.0007864150684,4
21.17541992,-3.573818207,-3.167113953,8.487350464,0.008358553983,0.002482839627,-0.001238110708,4
21.19546392,-3.595223694,-3.119512939,8.486901398,0.00463104574,0.002717847936,-0.002277266234,4
21.21550792,-3.622916107,-3.133883057,8.428223419,-0.006288548931,-0.002491791267,-0.0001154113561,4
21.23555192,-3.625011749,-3.146606598,8.434510345,-0.006402198691,-0.001958762063,0.003350013401,4
21.25559592,-3.64132782,-3.158432007,8.464597778,-0.007752571255,0.00130799925,0.003216704819,4
21.27563992,-3.584296417,-3.171155548,8.491841125,-0.01049368829,3.194995224e-05,0.001491601113,4
21.29568392,-3.538940735,-3.191363525,8.519982605,-0.003722500987,-0.0002187043428,-0.0016320867,4
21.31572792,-3.5208284,-3.145858154,8.511600037,0.005022396334,0.0006256795023,-0.002969648223,4
21.33577192,-3.554508362,-3.129093018,8.487500153,-0.0005720818881,0.00279939454,-0.004819988739,4
21.35581592,-3.62141922,-3.145708466,8.479866028,-0.004325624555,-0.0001435216982,-0.002613872755,4
21.37585992,-3.697910156,-3.166664886,8.465795288,-0.00425119698,-0.001211137045,0.001783817075,4
21.39590492,-3.720662842,-3.171754303,8.439749451,-0.009224276058,0.0003541198093,0.00489108637,4
21.41594892,-3.667822723,-3.16397049,8.426427155,-0.01014724467,-0.002216143999,0.006122717168,4
21.43599292,-3.593427429,-3.166515198,8.441845093,-0.005859172437,-0.006431269925,0.00360049936,4
21.45603692,-3.523822174,-3.165766754,8.505462799,-0.0001488307025,-0.0003228390124,-0.0003819419071,4
21.47608092,-3.514840851,-3.14870224,8.530311127,0.004139983095,0.00372408214,-0.004646202549,4
21.49612492,-3.508254547,-3.143762512,8.555159454,0.004998751916,0.002530422062,-0.005149626173,4
21.51616892,-3.553310852,-3.147654419,8.51938385,0.003548294306,0.002380966675,-0.00586990593,4
21.53621292,-3.6296521,-3.142415314,8.475525055,0.002511692466,0.007205813192,-0.002090434078,4
21.55625692,-3.658691711,-3.152294769,8.46085556,0.000179270748,0.009214477614,0.001779213315,4
21.57630092,-3.692671051,-3.163222046,8.438252563,-0.003077483736,0.003442766378,0.002639073413,4
21.59634492,-3.678450623,-3.182831268,8.441246338,-0.007820906118,-0.00149095105,0.005635909736,4
21.61638892,-3.622167664,-3.181783447,8.440348206,-0.003536504228,-0.003873470705,0.003906582948,4
21.63643292,-3.592828674,-3.175795898,8.474028168,-0.00173880416,-0.002405372914,-0.0003481386229,4
21.65647692,-3.577560425,-3.162922668,8.500223694,0.004249871243,-0.003000164405,-0.003846541047,4
21.67652092,-3.588038635,-3.12999115,8.49603241,0.006845129654,-0.0009522456676,-0.006544372998,4
21.69656492,-3.59327774,-3.140619049,8.481213226,0.004359618761,0.0001376797445,-0.005959643051,4
21.71660892,-3.605701904,-3.135529633,8.496631165,0.001468748786,0.0002791471779,-0.005602728575,4
21.73665292,-3.612737274,-3.15334259,8.471184082,-0.000947854016,-0.001636997797,-0.001221871935,4
21.75669692,-3.598217468,-3.167563019,8.464148712,-0.0002062050626,-0.002214158885,0.0003178748302,4
21.77674192,-3.591930542,-3.174299011,8.484057312,-0.001268980792,0.000332942931,0.0008596975822,4
21.79678592,-3.603456573,-3.172951813,8.478518829,0.0003419320565,0.001516611082,-3.713136539e-05,4
21.81682992,-3.568279724,-3.156186676,8.475974121,0.0008446200518,-5.033891648e-05,0.001212628093,4
21.83687392,-3.583847351,-3.151546326,8.486751709,0.001920379116,0.002039975487,-0.002775343368,4
21.85691792,-3.598666534,-3.151845703,8.484805756,0.004795402754,0.001293597044,-0.003435286926,4
21.87696192,-3.606899414,-3.160228271,8.502169647,0.006213337183,0.001284969738,-0.003440137487,4
21.89700592,-3.610342255,-3.152743835,8.472680969,0.001048293663,0.002094089752,-0.003527525347,4
21.91704992,-3.598965912,-3.171903992,8.463699646,-0.000768922735,-0.0007976759225,-0.002026289236,4
21.93709392,-3.606749725,-3.174149323,8.468639374,0.003319962416,-0.0003879750147,-0.001815404976,4
21.95713821,-3.628304901,-3.149450684,8.481512604,0.0010494421,0.001678477856,0.002164368052,4
21.97718221,-3.615731049,-3.133134613,8.446635132,-0.003940622322,-0.001301918179,0.0006214375608,4
21.99722621,-3.603157196,-3.13822403,8.449778595,-0.00288363779,-0.003660840448,0.0004028654657,4
22.01727021,-3.595373383,-3.19315979,8.499774628,0.0009646037361,0.001242731698,-0.00269530667,4
22.03731421,-3.608096924,-3.164569244,8.50890564,0.007807787508,0.00726291351,-0.001231868286,4
22.05735821,-3.591182098,-3.159479828,8.481662292,0.008589150384,0.006228860468,-0.006314194761,4
22.07740221,-3.573518829,-3.162323914,8.460107117,0.00684597902,0.005389806814,-0.005721945781,4
22.09744621,-3.618575134,-3.145708466,8.472531281,0.008181928657,0.006206597667,-0.008118946105,4
22.11749021,-3.62022171,-3.143762512,8.479416962,0.002529470483,0.003602558281,-0.005876212846,4
22.13753421,-3.616030426,-3.156036987,8.453670502,-0.003384770593,0.002773834392,-0.003336700844,4
22.15757921,-3.620670776,-3.15918045,8.457861786,-0.002539608162,0.005108682439,-0.003145040479,4
22.17762321,-3.592529297,-3.163671112,8.45741272,-0.005094919354,0.003226946574,-0.004252598621,4
22.19766721,-3.612737274,-3.164269867,8.467441864,-0.003453030717,0.002088711597,-0.002901534317,4
22.21771121,-3.600462799,-3.1545401,8.486152954,-0.004959515296,0.005813888274,-0.003446131712,4
22.23775521,-3.586990814,-3.128643951,8.471333771,-0.003624713747,0.00436235778,-0.006027608179,4
22.25779921,-3.57815918,-3.203488312,8.46789093,-0.0005631507374,-0.00465457188,-0.005269698799,4
22.27784321,-3.596121826,-3.110830994,8.500373383,-0.0001901846845,0.004999066703,-0.01238717418,4
22.29788721,-3.628304901,-3.153492279,8.491691437,0.001725086127,0.006044996902,-0.005783836357,4
22.31793121,-3.611539764,-3.156486053,8.44917984,-0.003294048598,0.003709831275,-0.008083996363,4
22.33797521,-3.601660309,-3.193309479,8.451125793,-0.002580187283,0.002545869909,-0.007909597829,4
22.35801921,-3.605402527,-3.195255432,8.483608246,0.0006590813864,0.007279319223,-0.01475843042,4
22.37806321,-3.629801788,-3.178490295,8.498427429,0.005425632,0.004240545444,-0.01487035584,4
22.39810721,-3.616479492,-3.151396637,8.482560425,0.002557141008,0.001752354205,-0.01276645903,4
22.41815121,-3.607947235,-3.149001617,8.45741272,0.001689117169,0.004801088013,-0.009100247175,4
22.43819521,-3.591182098,-3.160078583,8.458011475,-0.0006880948786,0.004976962693,-0.005695896223,4
22.45823921,-3.613036652,-3.170706482,8.461604004,-0.00129618682,0.006201697513,-0.008382363245,4
22.47828321,-3.625909882,-3.189417572,8.466394043,-0.002277786145,0.00330076972,-0.008854182437,4
22.49832721,-3.610042877,-3.192411346,8.453221436,-0.001419898588,0.001130133867,-0.01403650828,4
22.51837121,-3.609893188,-3.181184692,8.462651825,-0.001378711779,0.00251385849,-0.01595518552,4
22.53841521,-3.596271515,-3.130589905,8.46085556,-0.002129090251,0.006009042263,-0.01303833071,4
22.55845921,-3.618874512,-3.160228271,8.462801514,-0.002194920322,0.003552492009,-0.01263577864,4
22.57850421,-3.619622955,-3.14989975,8.454418945,-0.003515240736,0.001884713885,-0.008597391658,4
22.59854821,-3.631448364,-3.182232513,8.472531281,-0.002897046274,-0.0008629760705,-0.01013939269,4
22.61859221,-3.615281982,-3.17908905,8.483009491,-0.003244962543,0.005173877813,-0.009730976075,4
22.63863621,-3.607198792,-3.17205368,8.477171631,0.0001247506589,0.005321628414,-0.01123755053,4
22.65868021,-3.596271515,-3.184627533,8.466394043,0.0008220252348,0.004284807481,-0.01077576447,4
22.67872421,-3.605252838,-3.141517181,8.457263031,0.00388980424,0.003622053191,-0.01057451032,4
22.69876821,-3.622916107,-3.154091034,8.461154938,0.001809118083,0.00422477955,-0.008868397214,4
22.71881221,-3.620371399,-3.166365509,8.434510345,-0.003620285774,0.004001713824,-0.007472001947,4
22.73885621,-3.617976379,-3.192710724,8.456065521,-0.003889447544,0.004399430472,-0.01174698863,4
22.75890021,-3.60734848,-3.248694305,8.483757935,-0.0001238130499,0.0004705749452,-0.01511132997,4
22.77894421,-3.594325562,-3.225642242,8.494984589,0.003757011378,0.008771594614,-0.01981045678,4
22.79898821,-3.601360931,-3.162323914,8.459508362,0.005628065206,0.003586313454,-0.02153104544,4
22.81903221,-3.61438385,-3.13822403,8.451874237,0.007695718668,0.002853251528,-0.01323229633,4
22.83907621,-3.630101166,-3.17908905,8.454718323,0.0049120076,0.003866423387,-0.01013749093,4
22.85912021,-3.629951477,-3.159928894,8.465944977,0.0008874642663,0.005048442632,-0.009794891812,4
22.87916421,-3.630250854,-3.138673096,8.454119568,-0.004304493777,0.001576383016,-0.007674494758,4
22.89920821,-3.604953461,-3.176843719,8.449030151,-0.003738946281,0.002671879251,-0.006614934653,4
22.91925221,-3.593726807,-3.165467377,8.471782837,0.0003382454161,0.006860307883,-0.006462447345,4
22.93929621,-3.622317352,-3.164718933,8.459658051,-0.002996773226,-0.0002099573612,-0.006774234585,4
22.95933979,-3.615731049,-3.15109726,8.462651825,-0.001848625951,-0.004276464228,-0.004696443677,4
22.97938379,-3.628753967,-3.164718933,8.443791046,-0.003775889287,-0.002643201035,-0.002588532399,4
22.99942779,-3.647015991,-3.164718933,8.477471008,-0.004342610016,-0.001827741042,-0.001627397491,4
23.01947179,-3.66123642,-3.14166687,8.456664276,-0.004395565018,-0.009258973412,0.002898737323,4
23.03951579,-3.655697937,-3.139720917,8.433911591,-0.01317871269,-0.01724504679,0.008684362285,4
23.05956079,-3.654650116,-3.185974731,8.450527039,-0.01713431999,-0.02216997743,0.0133901909,4
23.07960479,-3.587888947,-3.24001236,8.511899414,-0.01587296277,-0.0210683886,0.01498401072,4
23.09964879,-3.550167389,-3.236270142,8.540340271,-0.0141659705,-0.01509257406,0.01343977638,4
23.11969279,-3.520678711,-3.239114227,8.514294434,-0.00394504983,-0.009591921233,0.01086171996,4
23.13973679,-3.506308594,-3.201991425,8.460107117,-0.00158712687,-0.008427693509,0.01214466151,4
23.15978079,-3.547772369,-3.166066132,8.420289917,-0.002808671212,-0.006409230642,0.01268593594,4
23.17982479,-3.567231903,-3.171305237,8.403225403,-0.00856340304,-0.003487423062,0.01298168115,4
23.19986879,-3.659589844,-3.178939362,8.393944702,-0.01405129489,-0.008259168826,0.01343939826,4
23.21991279,-3.703748016,-3.181933136,8.423283691,-0.01326612011,-0.008800962009,0.01359223202,4
23.23995679,-3.705394592,-3.194806366,8.426427155,-0.0165651124,-0.008678296581,0.01091020182,4
23.26000079,-3.646417236,-3.223396912,8.46444809,-0.01233747788,-0.007760679349,0.00601508189,4
23.28004479,-3.599864044,-3.222498779,8.488847351,-0.004351972602,-0.009943511337,0.001670568483,4
23.30008879,-3.577560425,-3.195405121,8.483458557,0.002919830382,-0.004457346629,-0.002002636902,4
23.32013279,-3.538641357,-3.213667145,8.500972137,0.006303517614,-0.006725720596,-0.006948672235,4
23.34017679,-3.577710114,-3.181334381,8.499924316,0.009451357648,-0.007031931076,-0.007880221121,4
23.36022079,-3.598666534,-3.172802124,8.495134277,0.007106202655,-0.000444708392,-0.004034690559,4
23.38026479,-3.571722565,-3.168461151,8.430169373,-0.0008340692148,-0.003451949917,0.0002329557901,4
23.40030879,-3.566932526,-3.191812592,8.424780579,-0.0027406679,-0.01175733749,0.002388425404,4
23.42035279,-3.604654083,-3.242407379,8.499175873,0.00184720126,-0.004077260382,-0.0003204490058,4
23.44039679,-3.626808014,-3.225043488,8.546178131,0.009774474427,0.003040836891,0.003176925704,4
23.46044079,-3.578009491,-3.177891541,8.473279724,0.008455695584,-0.005827863235,0.002988539636,4
23.48048479,-3.547622681,-3.182531891,8.446335754,0.003867565887,-0.01104611345,0.002327210968,4
23.50052879,-3.563190308,-3.196003876,8.476572876,0.00279667927,-0.00425468199,0.002887319308,4
23.52057279,-3.591182098,-3.178939362,8.461154938,-0.000835867133,-0.001013878733,0.002238335321,4
23.54061679,-3.607498169,-3.170556793,8.441545715,-0.004180905409,-0.008756221272,0.006250808015,4
23.56066079,-3.612886963,-3.189118195,8.438551941,-0.004557009321,-0.009652587585,0.008868675679,4
23.58070479,-3.616030426,-3.193010101,8.470435638,-0.006980569568,-0.00546593871,0.007858087309,4
23.60074979,-3.591631165,-3.192561035,8.46205307,-0.006685225759,-0.005194296129,0.004044174217,4
23.62079379,-3.580703888,-3.195704498,8.454718323,-0.00485239597,-0.007011317648,0.002166472143,4
23.64083779,-3.573069763,-3.18028656,8.452023926,-0.001658957452,-0.006870649755,-0.001788762165,4
23.66088179,-3.56872879,-3.212619324,8.482710114,-0.0001747687347,-0.004121522885,-0.006557468791,4
23.68092579,-3.585942993,-3.206482086,8.513695679,0.002223548014,-0.0003751469776,-0.008684014902,4
23.70096979,-3.57815918,-3.20483551,8.499774628,0.003542812774,0.002300050575,-0.003987016156,4
23.72101379,-3.554358673,-3.192111969,8.466992798,0.001151317381,-0.004131322261,-0.0003081986215,4
23.74105779,-3.568429413,-3.187920685,8.463549957,-0.00315285963,-0.007578890305,-0.001417744905,4
23.76110179,-3.597918091,-3.216960297,8.481811981,-0.003950607497,-0.001656180713,0.003763129935,4
23.78114579,-3.604354706,-3.208727417,8.502918091,-0.002498062793,0.001033345703,0.00412698742,4
23.80118979,-3.58040451,-3.190166016,8.474028168,-0.00256948336,-0.002772099338,0.005101583898,4
23.82123379,-3.569327545,-3.18148407,8.457562408,-0.004726634361,-0.001806491986,0.004195525311,4
23.84127779,-3.577111359,-3.197949829,8.458161163,-0.001833562274,-0.001735755708,0.003343045712,4
23.86132179,-3.585493927,-3.194806366,8.489296417,0.001298207208,-0.002583972178,0.001243297476,4
23.88136579,-3.599115601,-3.197949829,8.484057312,0.0006543482887,-0.001666461583,0.001360078226,4
23.90140979,-3.608995056,-3.189118195,8.487649841,0.0009208975825,0.002520719543,0.001488033216,4
23.92145379,-3.572770386,-3.198398895,8.458909607,0.000579578802,-0.0006563765928,0.002011507284,4
23.94149779,-3.573818207,-3.190315704,8.471184082,0.0007777179126,-0.001010310836,0.0002026881557,4
23.96154292,-3.591182098,-3.192261658,8.471184082,0.002697814954,0.001773704542,7.369881496e-05,4
23.98158692,-3.609593811,-3.177292786,8.467741241,0.001172748744,0.0008998140693,-0.0007438804023,4
24.00163092,-3.591780853,-3.183579712,8.464597778,-0.0005269737449,-0.00535094412,0.002048043068,4
24.02167492,-3.58160202,-3.199446716,8.470735016,0.00065271731,-0.004684195854,0.002008414827,4
24.04171892,-3.599265289,-3.193608856,8.481512604,0.003008297877,-0.001672745217,0.001880028052,4
24.06176292,-3.600013733,-3.201841736,8.472381592,0.004017528147,-0.001635461114,0.00224370393,4
24.08180692,-3.553759918,-3.211421814,8.471782837,0.005017648451,-0.004794506356,0.0008280508919,4
24.10185092,-3.559298401,-3.30437851,8.562045135,0.0205866266,0.003978321329,-0.001072391635,4
24.12189492,-3.610342255,-3.395688629,8.492140503,0.04348444566,0.0004977833014,0.001564844279,4
24.14193892,-3.320395203,-3.376079407,8.343948669,0.04217789695,0.02979388647,0.0003762756241,4
24.16198292,-3.183130646,-3.376528473,8.311466217,0.06599054486,0.05034875125,-0.006358275656,4
24.18202692,-3.407064972,-3.24465271,8.325387268,0.08871870488,0.006154655479,-0.008165300824,4
24.20207192,-3.711382141,-2.989283752,8.399183807,0.08023767918,-0.005237119738,-0.02173490822,4
24.22211592,-3.93501709,-2.847678223,8.388555908,0.0613944754,0.05170344561,-0.04237435758,5
24.24215992,-4.113745422,-2.837649078,8.452472992,0.06036652252,0.03658185899,-0.04939779639,5
24.26220392,-4.14443161,-2.752176819,8.520281982,0.05311149359,-0.003152828198,-0.05333220214,5
24.28224792,-4.088148651,-2.649789734,8.483009491,0.03324368969,-0.021978762,-0.07042367756,5
24.30229192,-3.972139893,-2.83390686,8.863667908,0.04205003753,-0.03563875332,-0.1022863016,5
24.32233592,-4.27900177,-3.167113953,9.683063965,0.2015504539,0.1338880658,-0.1207192987,5
24.34237992,-4.338278503,-3.141068115,9.346563721,0.2855184674,0.2488026768,-0.1361481696,5
24.36242392,-4.257296906,-3.234473877,8.586594086,0.5063439608,0.5695736408,-0.08456161618,5
24.38246792,-3.467688904,-2.243983612,6.647376709,0.157668978,0.3916788697,-0.1642753631,5
24.40251192,-2.99422348,-2.522105255,8.11103302,0.02247678116,0.1759303808,-0.2463222444,5
24.42255592,-2.808310089,-2.579136658,7.713759155,0.007263089996,0.02475316077,-0.2549019456,5
24.44259992,-3.064277802,-2.961142273,7.710765381,-0.07224304229,0.1452519745,-0.22004731,5
24.46264392,-3.196602631,-3.132535858,8.87743927,-0.2497607023,0.1378397197,-0.01803060248,5
24.48268792,-3.416495361,-3.198548584,9.261989594,-0.3736278415,0.03392375633,0.1010100469,5
24.50273192,-3.558400269,-3.634142761,8.826694794,-0.4373320043,0.1115665734,0.1471364647,5
24.52277592,-3.822451172,-3.578757935,8.393196259,-0.4251431227,0.1649863422,0.1604193151,5
24.54281992,-4.086951141,-3.67171463,8.262218628,-0.3571431935,0.1383434832,0.1470433921,5
24.56286392,-4.216880951,-3.748055878,8.401728516,-0.2690162063,0.08055794239,0.1075165197,5
24.58290792,-4.402944031,-3.68922821,8.603209534,-0.1260971874,0.04532597214,0.0650241673,5
24.60295192,-4.422104187,-3.506907349,8.220904541,-0.04156968743,0.09513752162,-0.01732965745,5
24.62299592,-4.088597717,-3.541784821,8.048163757,0.02473004721,0.108680658,-0.03681177646,5
24.64303992,-3.959266663,-3.623664551,7.817044373,0.07906107605,0.04149954394,-0.01749087125,5
24.66308392,-3.680845642,-3.874393158,7.620054016,0.09616269171,0.0439151898,-0.02049250901,5
24.68312792,-3.329526215,-3.864513702,7.276668091,0.04748880491,0.08469239622,-0.05865094811,5
24.70317192,-3.496878204,-3.801943817,8.165819092,0.08508247882,0.1195131689,-0.07150717825,5
24.72321592,-4.327351227,-3.0165271,7.636968842,0.02297291346,-0.00670729531,-0.08979253471,5
24.74325992,-4.909340973,-2.509531403,7.848778381,-0.09714845568,0.04049867392,-0.1372110844,5
24.76330392,-5.043312378,-2.854414215,8.54632782,-0.1346392334,0.01923104562,-0.1224486604,5
24.78334792,-4.375550995,-3.845652924,8.796158295,-0.05991781875,-0.1030228585,-0.1196921468,5
24.80339192,-3.484004974,-4.177961884,7.978408813,-0.009819490835,-0.1266549975,-0.2225450873,5
24.82343592,-3.191812592,-4.662504272,7.423213348,0.08297444135,-0.2817725241,-0.3094472289,5
24.84347992,-3.769611053,-5.172793121,7.798782349,0.3620241284,-0.3495481908,-0.3238220513,5
24.86352392,-5.422773285,-5.095404053,8.900042267,0.1433265805,-0.08386135846,-0.3497573137,5
24.88356792,-7.78575943,-5.918392639,10.42911255,-0.08616126329,0.3852760494,-0.7749246955,5
24.90361192,-6.974147186,-7.613467712,12.08002945,0.7609689832,-0.3401136398,-1.208704472,5
24.92365592,-2.314636688,-6.219117279,13.49339035,1.043892264,0.2278129607,-0.9444289207,5
24.94370092,-0.6033952332,-4.493206329,12.02539307,1.427654982,-0.1922591031,-0.1267099977,5
24.96374433,-0.5203179932,-3.666325836,12.8251799,1.218388557,0.2102115452,0.4533878267,5
24.98378833,-1.765129395,-2.643951874,13.22739349,0.9238752723,0.3533168733,1.215405583,5
25.00383233,-3.684887238,-2.260299683,11.71029831,0.7562975883,0.7296312451,1.853204966,5
25.02387633,-5.468428345,-2.777923279,10.81620758,0.767775774,1.035386443,2.16703248,5
25.04392033,-6.897805939,-2.045196991,9.954299927,1.006347895,1.11599946,2.185642242,5
25.06396433,-6.676266632,-1.204245758,9.558073883,1.402712703,0.8927716017,1.714030743,5
25.08400833,-6.192622375,-2.238295441,9.710606689,1.791943789,0.5474518538,1.303930283,5
25.10405233,-5.721851349,-0.9645941162,9.804012451,1.999556541,0.5130984187,1.234359741,5
25.12409633,-4.515509949,0.325872345,9.400301971,2.025610447,0.6134108305,1.388633609,5
25.14414033,-3.804189148,0.3391946411,8.675359497,1.993147731,0.5574471354,1.564415216,5
25.16418433,-3.989204407,0.2026785278,7.66990036,1.984270811,0.4251535237,1.595778108,5
25.18422833,-4.388274536,0.1959425354,6.800059204,2.02781558,0.1838343292,1.424194932,5
25.20427233,-4.214336243,0.2559677124,6.569388885,2.029622316,0.00641415501,1.27207768,5
25.22431633,-3.583697662,0.4327500916,6.479875031,1.964642763,-0.07204784453,1.187914491,5
25.24436033,-3.161276093,0.6765930176,6.211483154,1.931367278,-0.1697514355,1.027180314,5
25.26440433,-3.653302917,0.9873468018,5.789360962,1.920541286,-0.1570477486,0.7984892726,5
25.28444833,-4.299359436,1.370699615,5.644911346,1.87208569,-0.08380287886,0.5989176035,5
25.30449233,-4.637955322,1.851649475,5.736820221,1.736851931,-0.1128940284,0.4482086897,5
25.32453633,-4.5095224,2.417622528,6.395749969,1.643739581,-0.1383207142,0.3257362843,5
25.34458033,-4.619842987,3.110980682,6.684499512,1.645137668,-0.1608855724,0.3315474093,5
25.36462433,-4.503534851,3.660937042,6.728807373,1.657155275,-0.2255718857,0.4693182111,5
25.38466833,-3.590583344,4.142785034,6.819069672,1.56974268,-0.0803552568,0.5556231737,5
25.40471233,-3.215912476,4.787793732,6.866221619,1.554557323,0.1009897664,0.535987556,5
25.42475633,-3.249592438,5.572162628,6.586603088,1.610856295,0.1193817183,0.4540625215,5
25.44480033,-4.381089478,5.918991394,6.081403656,1.633752346,-0.01896300167,0.4082683027,5
25.46484433,-4.995861053,5.998625793,5.687273254,1.69647491,-0.008480318822,0.5052832961,5
25.48488833,-4.75411377,6.187083893,5.485792236,1.742053151,0.09879500419,0.6326434612,5
25.50493233,-4.518054657,6.723119202,5.380710754,1.716196537,0.1765127033,0.7156819701,5
25.52497633,-4.739743652,7.340435486,5.517675934,1.777560115,0.1217564046,0.897341609,5
25.54502033,-5.400469666,8.055049438,6.114335175,2.039393902,-0.2358257025,1.372935414,5
25.56506433,-3.838018799,7.502099304,5.410648499,2.122980118,-0.4763325155,1.689618468,5
25.58510833,-3.031196594,6.665638733,4.874463501,2.022037268,-0.345446229,1.730790019,5
25.60515233,-2.411634979,6.142776031,4.804109802,2.010687113,-0.1500250846,1.855220675,5
25.62519633,-1.81602356,6.622229004,4.387226715,2.082842588,0.06599188596,1.905037999,5
25.64524033,-1.225651245,7.345524902,3.197351074,2.025790691,-0.01406070683,1.696495771,5
25.66528433,-1.47787674,7.825127563,2.610271912,1.884245157,-0.06279565394,1.240499139,5
25.68532833,-2.310295715,7.974516907,2.341580658,1.740116596,0.1013729498,0.9409724474,5
25.70537233,-2.277214508,8.002957764,1.976938934,1.522822499,0.3054692745,0.7807571888,5
25.72541733,-2.290536804,8.402926025,1.76333313,1.355028629,0.2606784999,0.6703777909,5
25.74546133,-2.49935257,8.540340271,1.580413513,1.272296071,-0.2112139761,0.5775680542,5
25.76550533,-2.261347504,8.562943268,2.00433197,1.328389406,-0.5861763954,0.5107237697,5
25.78554933,-1.790127411,8.722661133,1.379830627,1.353093624,-0.7166389227,0.4895604253,5
25.80559333,-1.21577179,8.866811371,0.5789959717,1.299104691,-0.9816679955,0.4675631821,5
25.82563733,-0.6170169067,9.372759247,0.1185534668,1.157373786,-1.051288247,0.4259254336,5
25.84568133,-0.3709286499,9.446406097,-0.5044509888,0.984900713,-1.136352301,0.4075425863,5
25.86572533,-0.4158352661,9.078620911,-0.8038284302,0.8563358188,-1.299879074,0.4332225025,5
25.88576933,-0.7438032532,9.126371613,-0.6664141846,0.7215836048,-1.231737614,0.3649443984,5
25.90581333,-1.345402222,9.469757538,-0.2853067017,0.5639792085,-0.8108199239,0.2623305023,5
25.92585733,-1.393901367,10.14754807,-0.135617981,0.6109449863,-0.7878286839,0.2073605359,5
25.94590133,-1.303040314,10.30112869,-0.154329071,0.7359527946,-0.8100794554,0.172145322,5
25.96594554,-0.4429289246,9.826316071,-0.9189390564,0.6756222844,-0.6992092133,0.213757053,5
25.98598954,0.7137158203,9.634115753,-1.730700989,0.4991026819,-0.6507096291,0.1386718899,5
26.00603354,0.08158035278,8.6036586,-2.386487274,0.4289943278,-0.8778327107,0.07668435574,5
26.02607754,-0.2341131592,8.765921173,-1.666334839,0.4442086816,-0.4669498801,0.09827375412,5
26.04612154,-1.182540894,9.50223999,-1.623224487,0.501683414,0.3169849515,-0.04044673592,5
26.06616554,-0.8225395203,9.888137512,-1.344803467,0.457303673,0.3941639066,-0.07623516023,5
26.08620954,-0.8907975769,10.02270767,-0.8713380432,0.4676427543,0.2064835876,-0.05188505352,5
26.10625354,-0.9101074219,10.00429596,-0.7391629028,0.4253149629,0.09573561698,-0.02805026434,5
26.12629754,-0.6462062073,10.00609222,-0.5529501343,0.3205948174,0.07152210921,-0.04764247686,5
26.14634154,-0.6080355835,10.13542328,-0.4966671753,0.2152477503,0.0272707548,-0.02564971149,5
26.16638554,-1.689985657,9.96088623,-0.3382965088,0.1948793679,-0.04463171959,0.07158198208,5
26.18642954,-1.307980042,9.899962921,-0.3471281433,0.1930120885,0.1041131839,0.02734718286,5
26.20647354,-0.3487747192,9.906998291,-0.5897735596,0.1011085287,0.1051142663,-0.04465164617,5
26.22651754,0.1466949463,9.815388794,-0.3264710999,0.05986627191,-0.05155199766,-0.02276816033,5
26.24656154,-0.002993774414,9.816735992,-0.5547463989,0.1141977161,-0.1187788025,0.01572003588,5
26.26660554,-0.2291734314,9.868378601,-0.6632707214,0.08380191773,0.0711248666,0.007483658381,5
26.28664954,-0.4159849548,10.09710297,-0.5248086548,0.002652569674,0.1827814132,-0.009944998659,5
26.30669354,-0.6451583862,10.05174728,-0.6023474121,-0.05020205677,0.09632822126,-0.006960640661,5
26.32673754,-0.6542893982,9.851164398,-0.5240602112,-0.09861969948,-0.0116358446,-0.005355379544,5
26.34678154,-0.5782475281,9.618697815,-0.483943634,-0.05589494109,0.0003641445655,-0.01473425422,5
26.36682554,-0.2451901245,9.482032013,-0.6697073364,-0.02199234255,0.004807523917,-0.00507637253,5
26.38686954,-0.2302212524,9.509574738,-0.7993377686,0.01285598055,-0.0952629447,-0.01437507477,5
26.40691354,-0.3746708679,9.633516998,-0.4514611816,0.01420977246,-0.02434082888,-0.02190345153,5
26.42695754,-0.5544470215,9.801617432,-0.1692979431,0.01896381937,0.197456643,-0.06055827066,5
26.44700154,-0.5653742981,9.775721283,-0.03158432007,0.06918588281,0.2669597268,-0.05905725434,5
26.46704554,-0.3824546814,9.732910309,-0.01721420288,0.1150434613,0.2400707453,-0.04592737183,5
26.48708954,-0.3667373657,9.88020401,-0.1904040527,0.101035513,0.1540950686,-0.0290869195,5
26.50713354,-0.4102967834,10.0143251,-0.1652563477,0.04067215323,0.08525256068,-0.01494573988,5
26.52717754,-0.537532196,9.931846619,-0.005089416504,-0.00943223387,0.06625304371,-0.005208886229,5
26.54722154,-0.6661148071,9.668244781,0.01077758789,0.01654178649,-0.02656318247,0.004456187598,5
26.56726654,-0.7493417358,9.584269409,-0.03817062378,0.09227184951,-0.08848881721,0.01442859881,5
26.58731054,-0.7851173401,9.589358826,-0.1429527283,0.1557020098,-0.02894420736,0.01470858976,5
26.60735454,-0.6926097107,9.760153656,-0.4032614136,0.1474052668,0.05673809722,0.01483479328,5
26.62739854,-0.7499404907,9.899513855,-0.3977229309,0.1144522652,-0.001142247114,0.0242300462,5
26.64744254,-0.9791139221,9.908195801,-0.3553610229,0.1208847761,-0.0237049181,0.02840463258,5
26.66748654,-1.057101746,9.843829651,-0.4751119995,0.1132709906,-0.05666409433,0.02159389667,5
26.68753054,-0.9618997192,9.69414093,-0.1788780212,0.09678666294,-0.01002628356,0.01340026036,5
26.70757454,-0.7807763672,9.69294342,-0.2999761963,0.09494204074,0.0004895275924,0.007573468145,5
26.72761854,-0.5625302124,9.74443634,-0.5414241028,0.08334437758,-0.1240168735,0.03337093815,5
26.74766254,-0.518821106,9.723330231,-0.7972421265,0.06373009831,-0.2187684178,0.04572019726,5
26.76770654,-0.6771917725,9.719588013,-0.8409512329,0.07910314947,-0.2451201826,0.04799044877,5
26.78775054,-0.6912625122,9.66495163,-0.7502398682,0.1260383129,-0.09553032368,0.04323134199,5
26.80779454,-0.5700146484,9.674831085,-0.686023407,0.1307572424,0.03665179387,0.01401561312,5
26.82783854,-0.5267546082,9.729018402,-0.6289920044,0.1059745625,0.07188594341,0.008374659345,5
26.84788254,-0.4677772522,9.821376343,-0.6180647278,0.06199248508,0.05563251302,0.01234741136,5
26.86792654,-0.5616320801,9.944270782,-0.8693920898,0.01380428579,-0.01156111434,0.02084548213,5
26.88797054,-0.6367758179,9.949659576,-0.9940827942,-0.01150263101,-0.126874879,0.03969247267,5
26.90801454,-0.6069877625,9.827214203,-0.8213420105,-0.006287321448,-0.08609330654,0.03734605387,5
26.92805854,-0.5442681885,9.740245056,-0.8824150085,-0.007383539341,-0.004299048334,0.02800182812,5
26.94810254,-0.5519023132,9.798473969,-0.9217831421,-0.03606025502,0.005735795014,0.02044775337,5
26.96814579,-0.573457489,9.731712799,-1.013093262,-0.06203125045,-0.0331681408,0.02217504382,5
26.98818979,-0.5249583435,9.569300537,-1.340612183,-0.03956921399,-0.1711493284,0.03965599462,5
27.00823379,-0.5894741821,9.442963257,-1.512155457,0.04867297783,-0.3540573716,0.04521743208,5
27.02827779,-0.6815327454,9.579928436,-1.358724518,0.1212225854,-0.2075701505,0.01654510573,5
27.04832179,-0.5517526245,9.6613591,-1.216370544,0.1240149736,0.06195129082,0.003595238319,5
27.06836579,-0.4433779907,9.578880615,-0.9798623657,0.1165346503,0.03637444973,0.02028512582,5
27.08840979,-0.5144801331,9.692644043,-0.9886940002,0.1083394438,-0.09580472857,0.020609539,5
27.10845379,-0.5860313416,9.849966888,-1.105900269,0.09519681334,-0.1749278903,0.02950100414,5
27.12849779,-0.5903723145,9.88020401,-1.115330658,0.09728071094,-0.1868962944,0.01462412626,5
27.14854179,-0.5523513794,9.884095917,-1.014290771,0.08337224275,-0.1032282412,-0.006224757992,5
27.16858579,-0.5215155029,9.805060272,-0.808768158,0.03722820431,-0.01991321333,-0.01350325067,5
27.18862979,-0.460891571,9.761650543,-0.6427633667,0.01522432081,0.006579856388,-0.01157604158,5
27.20867379,-0.3924838257,9.798174591,-0.8235873413,0.01406233106,-0.02808571234,-0.003696588799,5
27.22871779,-0.3700305176,9.794582062,-1.068029022,0.01303234696,-0.04601794854,0.003046812257,5
27.24876179,-0.3914360046,9.75386673,-1.119671631,0.01647134311,-0.01844490692,0.005740669556,5
27.26880679,-0.4875361633,9.76314743,-1.044976959,0.0215049684,0.02802304365,0.00359391747,5
27.28885079,-0.5319937134,9.724827118,-0.9738748169,0.02053901181,0.04133182019,-0.003728291485,5
27.30889479,-0.556842041,9.675729218,-0.9720785522,0.0283965636,0.01948511042,-0.005928707775,5
27.32893879,-0.5183720398,9.699679413,-0.9984237671,0.03550615534,-0.006514640059,-0.002940742299,5
27.34898279,-0.5013075256,9.749974823,-1.035845947,0.03361806273,-0.007971813902,0.0005527397152,5
27.36902679,-0.4992118835,9.77961319,-0.963097229,0.02702052332,0.0079437159,0.002966493601,5
27.38907079,-0.5051994324,9.788594513,-0.9367520142,0.01842001826,0.01372719556,0.002938584425,5
27.40911479,-0.4900808716,9.774224396,-0.9509724426,0.01174323261,0.006669180468,0.004011765122,5
27.42915879,-0.5143304443,9.752818909,-0.9937834167,0.006603252143,0.003021286335,0.004675161093,5
27.44920279,-0.5266049194,9.739646301,-1.01803299,0.008000785485,0.00650278572,0.002010534285,5
27.46924679,-0.5060975647,9.727970581,-1.016685791,0.009314971045,0.009071031585,-0.002463228302,5
27.48929079,-0.5013075256,9.750723267,-1.001866608,0.01221479569,0.02030525729,-0.001939519774,5
27.50933479,-0.5050497437,9.763446808,-0.9984237671,0.005778536201,0.02136801742,0.002772885142,5
27.52937879,-0.537532196,9.776469727,-0.9892927551,-0.002874891041,0.02308027074,0.002684835345,5
27.54942279,-0.5721102905,9.781858521,-0.9946815491,-0.007653359324,0.01408097055,0.001776790246,5
27.56946679,-0.5730084229,9.745334473,-1.022823029,-0.01479029097,-0.007661981508,0.0008755453164,5
27.58951079,-0.5385800171,9.723180542,-1.025966492,-0.02336824685,-0.01102092024,0.0005529555492,5
27.60955479,-0.5379812622,9.721234589,-1.024319916,-0.02677856572,0.004430366214,0.0008866606513,5
27.62959879,-0.5152285767,9.724827118,-1.008003845,-0.01836591586,-0.00441526901,0.003701406298,5
27.64964279,-0.5191204834,9.707612915,-1.079704742,-0.01311901584,-0.03155655786,0.006929964293,5
27.66968679,-0.527353363,9.720186768,-1.064586182,-0.0138315605,-0.04294481501,0.007632834371,5
27.68973079,-0.5126838684,9.713151398,-1.004710693,-0.005772943608,-0.02650858648,0.007792778313,5
27.70977479,-0.5002597046,9.702972565,-0.9833052063,0.003664958291,-0.0205704309,0.008911869489,5
27.72981879,-0.4858895874,9.694589996,-0.9942324829,0.007879737765,-0.03455660492,0.007714237552,5
27.74986279,-0.5203179932,9.725425873,-1.045126648,0.01791306213,-0.03876823559,0.003777591977,5
27.76990679,-0.522563324,9.771230621,-1.052311707,0.01513214782,-0.03756320849,0.004189757165,5
27.78995079,-0.5536985779,9.771529999,-0.9725276184,0.00364616653,-0.02556550875,0.001833249349,5
27.80999479,-0.518821106,9.730814667,-0.9208850098,-0.001350651728,-0.00922472775,0.002129066503,5
27.83003879,-0.4872367859,9.739047546,-0.943787384,-0.004866253585,-0.01247633621,0.002783044241,5
27.85008279,-0.4740641785,9.736203461,-0.9918374634,0.0004754401743,-0.02477843687,0.00524916267,5
27.87012679,-0.4569996643,9.698032837,-0.9892927551,0.008658235893,-0.01963038743,0.009198221378,5
27.89017179,-0.4595443726,9.721683655,-0.9984237671,0.007290610112,0.001563794678,0.008736826479,5
27.91021579,-0.4731660461,9.738299103,-0.9638456726,0.004079631064,0.008269365877,0.007191366516,5
27.93025979,-0.4896318054,9.735305328,-0.9779164124,0.007393575739,0.01103500742,0.008570749313,5
27.95030379,-0.5275030518,9.765392761,-0.9862989807,0.008923696354,0.003342571203,0.006698774174,5
27.97034804,-0.5252577209,9.755513306,-1.003064117,0.007121699397,0.004898658022,0.007455826737,5
27.99039204,-0.5270539856,9.764494629,-0.9825567627,0.0006046366179,0.01225212589,0.002903060289,5
28.01043604,-0.5174739075,9.754914551,-0.9741741943,-0.005671093706,0.01548541617,-0.0003082298208,5
28.03048004,-0.5213658142,9.755513306,-0.9370513916,-0.006237206981,0.01421871036,-0.00094235898,5
28.05052404,-0.4736151123,9.710157623,-0.9886940002,-0.0007878050674,0.008372591808,-0.001923108939,5
28.07056804,-0.4155358887,9.69294342,-0.978664856,0.003292756388,0.009815173224,-0.0002311829012,5
28.09061204,-0.4397854614,9.725874939,-0.9354048157,0.00451707188,0.0230939053,0.001383749419,5
28.11065604,-0.4484674072,9.747879181,-0.9225315857,0.003809343558,0.02662909403,0.002836492611,5
28.13070004,-0.4782554626,9.762848053,-0.9313632202,0.0004473514855,0.02903350256,0.003210767172,5
28.15074404,-0.4932243347,9.780960388,-0.9162446594,-0.005747343879,0.03125468642,0.0009880121797,5
28.17078804,-0.4912783813,9.765692139,-0.9348060608,-0.01216715109,0.03308848292,-0.0009369708132,5
28.19083204,-0.4897814941,9.732161865,-0.9551637268,-0.01850876398,0.03584560379,-0.001574134221,5
28.21087604,-0.4887336731,9.747280426,-0.9466314697,-0.02255912125,0.03184185922,-0.001577237388,5
28.23092004,-0.4538562012,9.733359375,-0.9333091736,-0.02035624534,0.03162923083,-0.0005633181427,5
28.25096404,-0.4698728943,9.713600464,-0.9497749329,-0.01644041575,0.0348363705,0.0002990945941,5
28.27100804,-0.4800517273,9.710756378,-0.9614506531,-0.01223581843,0.03321450204,0.0003520915052,5
28.29105204,-0.506995697,9.745484161,-0.9771679688,-0.008333688602,0.02734271437,0.001001655823,5
28.31109604,-0.520916748,9.743987274,-0.9717791748,-0.009968211874,0.02243759669,-0.0008785245009,5
28.33114004,-0.5210664368,9.755513306,-0.9319619751,-0.01310171373,0.0271749869,-0.002917289967,5
28.35118404,-0.5204676819,9.750872955,-0.9364526367,-0.008927406743,0.01730573922,-0.00286807958,5
28.37122804,-0.5060975647,9.723180542,-0.9666897583,-0.01861168258,0.006803349592,-0.003234171774,5
28.39127204,-0.5066963196,9.743837585,-0.9659413147,-0.02363198437,0.001515804324,-0.003546899883,5
28.41131604,-0.4718188477,9.743238831,-0.9101074219,-0.01748107374,0.01250523143,4.088017158e-05,5
28.43136004,-0.5004093933,9.736652527,-0.9126521301,-0.008699239232,0.008888337761,0.00171892927,5
28.45140404,-0.5245092773,9.724677429,-0.9535171509,-0.009893352166,0.004531194922,0.0008681699401,5
28.47144904,-0.519868927,9.736652527,-0.9753717041,-0.01247342303,0.004700039513,-0.0007076223847,5
28.49149304,-0.5221142578,9.735455017,-0.9551637268,-0.01181650534,0.003588329768,-0.002593858633,5
28.51153704,-0.5270539856,9.746531982,-0.9421408081,-0.01032680832,8.47815536e-05,-0.0016611889,5
28.53158104,-0.53004776,9.742340698,-0.9532177734,-0.009920975193,-0.004234173335,-0.0002059137914,5
28.55162504,-0.4998106384,9.734556885,-0.9506730652,-0.01262616366,-0.004442699254,-0.0001169221941,5
28.57166904,-0.5013075256,9.720336456,-0.9366023254,-0.01428622007,-0.004807020538,-0.0006563242059,5
28.59171304,-0.5144801331,9.744136963,-0.9307644653,-0.01305750571,-0.008658111095,0.0007887649117,5
28.61175704,-0.5321434021,9.73515564,-0.8991801453,-0.01275877282,-0.009348827414,0.0009670173749,5
28.63180104,-0.5291496277,9.765841827,-0.9135502625,-0.007653717883,-0.01839180477,0.001727479277,5
28.65184504,-0.5276527405,9.745484161,-0.8737330627,-0.01097901631,-0.01168932021,-0.00168215367,5
28.67188904,-0.5053491211,9.720785522,-0.8449928284,-0.01578361541,-0.006428298075,-0.002681225771,5
28.69193304,-0.5063969421,9.736802216,-0.8315208435,-0.01749239303,-0.008920004591,-0.003160292516,5
28.71197704,-0.5246589661,9.766590271,-0.8282276917,-0.01668406464,-0.008630839176,-0.001432291465,5
28.73202104,-0.5104385376,9.780810699,-0.8425978088,-0.01725568622,-0.01005584467,-0.001118457643,5
28.75206504,-0.4596940613,9.716294861,-0.8246351624,-0.01513685938,-0.01183254458,-0.0004289106,5
28.77210904,-0.4602928162,9.729766846,-0.8500822449,-0.01575892419,-0.01587037928,-4.702666774e-05,5
28.79215304,-0.4637356567,9.737550659,-0.8381071472,-0.01338165347,-0.01793741435,-0.001256551594,5
28.81219704,-0.45984375,9.759405212,-0.8602610779,-0.01318894979,-0.007478649262,-0.001633923035,5
28.83224104,-0.4411326599,9.778715057,-0.8610095215,-0.01710411906,-0.008415549994,-0.0005055079237,5
28.85228504,-0.5071453857,9.734556885,-0.79215271,-0.01001581736,-0.008053252473,0.00176934083,5
28.87232904,-0.4766088867,9.713899841,-0.8246351624,-0.01224049553,-0.009744200855,-0.003680453869,5
28.89237304,-0.4135899353,9.714797974,-0.8637039185,-0.001343258424,-0.02054811455,-0.002919362392,5
28.91241704,-0.4328997803,9.697284393,-0.8289761353,0.002041053493,-0.005212405697,0.0005829191068,5
28.93246104,-0.4854405212,9.736353149,-0.803379364,0.001894130139,-0.003302813042,0.000203975942,5
28.95250604,-0.5084925842,9.762997742,-0.7979905701,0.00491534546,-0.005193497054,0.002309309086,5
28.97255004,-0.5014572144,9.7502742,-0.8530760193,0.002397892298,0.002104735468,0.0009747472359,5
28.99259404,-0.492026825,9.756860504,-0.8280780029,-0.003284269711,0.0005869471934,-0.001491371542,5
29.01263804,-0.4846920776,9.745035095,-0.8422984314,-0.002910295734,0.001640439965,-0.005155272782,5
29.03268204,-0.4819976807,9.723629608,-0.8702902222,-0.001397028565,-0.0006544589996,-0.00374879688,5
29.05272604,-0.4915777588,9.737700348,-0.8906478882,0.002030600794,-0.006858452689,-0.002613952383,5
29.07277004,-0.4849914551,9.729916534,-0.8749305725,0.004072820768,-0.007741556969,7.845042273e-05,5
29.09281404,-0.4719685364,9.725874939,-0.8449928284,0.007517562248,0.001612530206,-0.001613671193,5
29.11285804,-0.4610412598,9.735754395,-0.8810678101,0.007788962685,0.004514204338,-0.001654620748,5
29.13290204,-0.473764801,9.767787781,-0.9175918579,0.005941877607,0.001897222479,-0.003271352267,5
29.15294604,-0.4917274475,9.768087158,-0.93256073,0.004331164993,0.005968289915,-0.002541870112,5
29.17299004,-0.5191204834,9.76434494,-0.8729846191,0.004676218145,0.006195670459,-0.002144702245,5
29.19303404,-0.5288502502,9.74443634,-0.8756790161,0.0001729796641,0.0008618386928,-0.001471608412,5
29.21307804,-0.5117857361,9.740095367,-0.8792715454,-0.001836617244,-0.0008520125411,-0.0001323013566,5
29.23312204,-0.4951702881,9.725874939,-0.8869056702,-0.0004960398655,0.001867659157,0.001100580208,5
29.25316604,-0.496816864,9.734706573,-0.9023236084,-6.141117774e-05,0.00378162181,-0.002264769282,5
29.27321004,-0.4980143738,9.741292877,-0.9241781616,0.00252712192,0.000394400442,-0.002168459818,5
29.29325404,-0.5164260864,9.740544434,-0.9267228699,0.004870054312,-0.004107354209,-0.001674924977,5
29.31329804,-0.5054988098,9.7609021,-0.877325592,0.001825570595,-0.004267090466,-0.002997821197,5
29.33334204,-0.5016069031,9.754914551,-0.8273295593,0.001098760753,-0.0002085389569,-0.00203996757,5
29.35338704,-0.4851411438,9.738149414,-0.8443940735,0.002043234184,0.0004566656426,-0.001685909461,5
29.37343104,-0.4706213379,9.731263733,-0.8945397949,0.0009027019842,0.002319332678,-0.001612162217,5
29.39347504,-0.4984634399,9.734257507,-0.8791218567,0.0003287510481,0.002772496315,-0.001608774532,5
29.41351904,-0.5057981873,9.761351166,-0.8472381592,-0.002100078622,0.004397184588,-0.002722522942,5
29.43356304,-0.500559082,9.763746185,-0.8424481201,-0.002997904783,0.009379799478,-0.002358323894,5
29.45360704,-0.4974156189,9.738748169,-0.8723858643,-0.004477432463,0.01235204749,-0.001728890697,5
29.47365104,-0.4974156189,9.730964355,-0.9066645813,-0.0005746202078,0.006898691878,-0.0003702857066,5
29.49369504,-0.5152285767,9.73859848,-0.9184899902,0.0006255416665,0.0005535504315,-0.001401278423,5
29.51373904,-0.5334906006,9.743388519,-0.8890013123,-0.0004057253245,0.00165657606,-0.001688358607,5
29.53378304,-0.51717453,9.734107819,-0.8506809998,-0.0005712744314,0.00370002212,-0.002227132441,5
29.55382704,-0.5126838684,9.721833344,-0.8497828674,0.002009861171,0.001034464221,-0.0008588240016,5
29.57387104,-0.4728666687,9.774224396,-0.8779243469,0.002452928107,-0.004166795872,-0.004024018068,5
29.59391504,-0.4695735168,9.724078674,-0.8755293274,0.001170349657,-0.001731068827,-0.002874046098,5
29.61395904,-0.4932243347,9.760453033,-0.8578660583,-0.001582593191,0.002891273238,-0.004702021368,5
29.63400304,-0.5108876038,9.782756653,-0.8285270691,-0.004292467609,0.005675875116,-0.003285379382,5
29.65404704,-0.4769082642,9.753267975,-0.8340655518,-0.002492703265,0.007482030895,-0.0008305618539,5
29.67409104,-0.4466711426,9.725575562,-0.8975335693,-0.003296004608,0.006131753325,-0.0009060630109,5
29.69413504,-0.5083428955,9.720186768,-0.8704399109,-0.000245927833,0.002036024351,-0.001623072661,5
29.71417904,-0.5387297058,9.734257507,-0.8813671875,0.00235337601,0.001113187755,-0.002195911016,5
29.73422404,-0.4993615723,9.732012177,-0.8981323242,0.005844039377,-0.003820852377,-0.006387109868,5
29.75426804,-0.4691244507,9.715845795,-0.8538244629,0.01019880734,0.006442598533,-0.003523221705,5
29.77431204,-0.4822970581,9.725126495,-0.8566685486,0.0112361256,-0.0009274906479,-0.001716914121,5
29.79435604,-0.4909790039,9.76434494,-0.8729846191,0.01083552651,-0.007737722714,-0.000626514433,5
29.81440004,-0.4945715332,9.778565369,-0.8794212341,0.004794179462,0.0008534742519,-0.002161520999,5
29.83444404,-0.4905299377,9.771979065,-0.8270301819,-0.0007767293137,0.00309399236,-0.003751874901,5
29.85448804,-0.495769043,9.745184784,-0.8578660583,-0.002458240837,0.007700675633,-0.003333067521,5
29.87453204,-0.4760101318,9.706864471,-0.882714386,-0.002616823185,0.0003840127029,-0.0004438592587,5
29.89457604,-0.4915777588,9.727222137,-0.8839118958,0.004330730997,-0.0002581274603,-0.000527076656,5
29.91462004,-0.5105882263,9.72452774,-0.9006770325,0.00664739823,0.001197395148,-0.0004104322288,5
29.93466404,-0.5216651917,9.745334473,-0.9189390564,0.01090826467,0.0008595995605,0.0005500337575,5
29.95470779,-0.5304968262,9.747280426,-0.8881031799,0.004806546494,-0.002214540262,-0.001918325899,5
29.97475179,-0.5381309509,9.748927002,-0.8640032959,0.006307745352,-0.002985151019,-0.002060930245,5
29.99479579,-0.5168751526,9.745933228,-0.8786727905,0.00420393981,-0.002679849043,-0.002539750189,5
30.01483979,-0.5062472534,9.736353149,-0.9023236084,0.003341932548,-0.002207721584,-0.002119152108,5
30.03488379,-0.4908293152,9.743538208,-0.9174421692,0.001668543788,-0.001155933831,-0.0005694043357,5
30.05492779,-0.5138813782,9.733359375,-0.8720864868,0.004059546627,-0.004081521183,-0.0009312939364,5
30.07497179,-0.5040019226,9.733209686,-0.8816665649,0.005840435624,-0.005424979609,0.0004093418829,5
30.09501579,-0.4993615723,9.735305328,-0.8720864868,0.007370197214,-0.003637678921,-0.000760613475,5
30.11506079,-0.5251080322,9.752968597,-0.8732839966,0.005943566561,-0.0016324264,-0.0008402529638,5
30.13510479,-0.5149291992,9.747130737,-0.9036708069,0.005486343056,-0.003303505946,-0.0004278249107,5
30.15514879,-0.510737915,9.731413422,-0.8777746582,0.005156161729,-0.001049938146,-0.0007478275802,5
30.17519279,-0.5098397827,9.729916534,-0.8583151245,0.002476564841,-0.00184361916,-0.0003064663615,5
30.19523679,-0.5043013,9.758058014,-0.886456604,0.004933903925,-0.001807927154,-0.003286023159,5
30.21528079,-0.5034031677,9.738149414,-0.9083111572,0.007153898478,0.0002185772173,-0.0004153472837,5
30.23532479,-0.4926255798,9.723629608,-0.9081614685,0.007452371996,-6.138812751e-06,-0.0003148426767,5
30.25536879,-0.5264552307,9.748627625,-0.8949888611,0.008274648339,-0.001509711146,-0.0006120610051,5
30.27541279,-0.5304968262,9.755812683,-0.8520281982,0.004952254705,-0.0007994966581,0.001535338582,5
30.29545679,-0.5044509888,9.758806458,-0.8563691711,0.00577575434,0.008608387783,-0.00108871772,5
30.31550079,-0.5245092773,9.750872955,-0.9482780457,0.008622140624,0.0001824123319,-0.001831955975,5
30.33554479,-0.5056484985,9.731712799,-0.9758207703,0.001202373998,-0.0117544625,-0.003108429257,5
30.35558879,-0.5128335571,9.716743927,-0.9201365662,0.005355540663,-0.00596778607,0.0005577715347,5
30.37563279,-0.4965174866,9.733808441,-0.8674461365,0.00781093305,-0.003068989143,0.0008094968507,5
30.39567679,-0.4926255798,9.768685913,-0.8936416626,0.01013260242,-0.004485151265,-0.001636721427,5
30.41572079,-0.4900808716,9.74683136,-0.9201365662,0.007407822646,0.0007066291291,-0.000784808537,5
30.43576579,-0.4721182251,9.714797974,-0.9205856323,0.007193321362,0.01071324386,-0.0005466726143,5
30.45580979,-0.5146298218,9.735455017,-0.9117539978,0.007381856441,0.0009888159111,-0.0006932204124,5
30.47585379,-0.5186714172,9.767338715,-0.9056167603,0.00961743854,-0.007412231062,0.001020639087,5
30.49589779,-0.5008584595,9.744735718,-0.9548643494,0.007996855304,-0.001721323933,0.0004635407822,5
30.51594179,-0.5276527405,9.722731476,-0.9147477722,0.008711347356,0.005506389774,-0.0007642854471,5
30.53598579,-0.5147795105,9.738448792,-0.8879534912,0.00824084226,0.007167562842,-0.004589400254,5
30.55602979,-0.5095404053,9.735904083,-0.9689350891,0.01171218976,-0.01068238169,-0.002264855662,5
30.57607379,-0.4987628174,9.743388519,-0.9178912354,0.0116874231,-0.00371768279,0.0002031365875,5
30.59611779,-0.4953199768,9.733658752,-0.9044192505,0.01026397105,0.004445119761,0.0024715974,5
30.61616179,-0.5135820007,9.745334473,-0.9078620911,0.005687378347,0.000482870033,0.003420249559,5
30.63620579,-0.5050497437,9.764045563,-0.920735321,0.006142047234,0.008344467729,-0.0003204736859,5
30.65624979,-0.5177732849,9.758357391,-0.9782157898,0.006615182385,0.007756975014,-0.0004828569945,5
30.67629379,-0.5108876038,9.767338715,-0.9812095642,0.004792314954,0.003960317932,-0.0007860194892,5
30.69633779,-0.5192701721,9.710307312,-0.9889933777,0.008766309358,-0.007665603422,0.003284604987,5
30.71638179,-0.5153782654,9.698182526,-0.9485774231,-0.004502981901,-0.01075226068,0.002855530707,5
30.73642579,-0.4942721558,9.743388519,-0.8945397949,-0.003716791747,-0.003926687408,0.0008847847348,5
30.75647079,-0.4710704041,9.750723267,-0.962049408,0.002304664813,0.002590069547,-9.67271626e-06,5
30.77651479,-0.475411377,9.73276062,-1.007554779,0.005379184149,0.009778421372,8.05594027e-06,5
30.79655879,-0.4983137512,9.746082916,-0.9749226379,-0.001185407862,-0.001262991689,0.001124122064,5
30.81660279,-0.4947212219,9.73515564,-0.9418414307,0.002020274289,-0.002683468629,0.0004216626985,5
30.83664679,-0.4939727783,9.749226379,-0.9665400696,0.00131796347,-0.003305902705,0.0003262631362,5
30.85669079,-0.483943634,9.740245056,-0.9433383179,-0.002806024626,0.0005731501151,0.0008121066494,5
30.87673479,-0.486638031,9.72228241,-0.9267228699,-0.002037203172,0.0006771737244,-0.0007755509578,5
30.89677879,-0.4667294312,9.739346924,-0.9424401855,-0.001595884096,-0.004233056679,0.0002405899577,5
30.91682279,-0.4712200928,9.749525757,-0.9372010803,-0.001007733401,-0.004201469943,-0.002542402362,5
30.93686679,-0.4706213379,9.766290894,-0.9360035706,-0.0008568484336,-0.0032738382,-0.0006169970147,5
30.95691108,-0.4858895874,9.727521515,-0.9431886292,-0.0005379517097,-0.001999035943,0.0009431323269,5
30.97695508,-0.4757107544,9.726174316,-0.915945282,0.0001099789515,-0.0006497739814,-0.0007167349104,5
30.99699908,-0.4812492371,9.73740097,-0.9343569946,-0.002311524935,-0.001268161461,-0.0009906745981,5
31.01704308,-0.482895813,9.747430115,-0.9250762939,-0.003833463648,0.001655140426,-0.001491637435,5
31.03708708,-0.4864883423,9.737101593,-0.9330097961,-0.004765086807,0.002770470688,0.0002092684153,5
31.05713208,-0.4785548401,9.738149414,-0.9217831421,-0.003106669988,0.001159735955,-0.00109700975,5
31.07717608,-0.4927752686,9.750723267,-0.9262738037,-0.003858014243,0.003996323794,-0.001203036401,5
31.09722008,-0.4736151123,9.734706573,-0.9424401855,-0.004461628851,0.002011897508,0.001304612379,5
31.11726408,-0.4830455017,9.745783539,-0.920735321,-0.005077093374,0.00418881746,-0.0007544923574,5
31.13730808,-0.51717453,9.738299103,-0.927171936,-0.006455045659,0.0004301918671,-0.00166197191,5
31.15735208,-0.5156776428,9.726174316,-0.905766449,-0.00287280255,0.004071690142,0.0002239777241,5
31.17739608,-0.4927752686,9.721983032,-0.929866333,0.004713593982,0.004066310823,-0.001258065226,5
31.19744008,-0.5020559692,9.748777313,-0.980760498,0.00546114333,-0.005166601855,0.0007685505552,5
31.21748408,-0.4776567078,9.733658752,-0.9457333374,-0.0006167716347,0.001209003385,-0.0001740197185,5
31.23752808,-0.500559082,9.762249298,-0.8626560974,-0.005703119095,0.008243853226,-0.002980868798,5
31.25757208,-0.4891827393,9.767638092,-0.8999285889,-0.0005117114633,0.007130119018,0.0003921758616,5
31.27761608,-0.4837939453,9.761351166,-0.9747729492,-0.001030578045,0.002243909752,0.002158501884,5
31.29766008,-0.4887336731,9.730814667,-0.9547146606,-0.005982951261,0.00466584228,0.002273924416,5
31.31770408,-0.5385800171,9.725874939,-0.8545729065,-0.004508225247,0.009053508751,0.0007598975208,5
31.33774808,-0.519868927,9.731413422,-0.8984317017,-0.001479744911,0.002234587679,-0.001769478433,5
31.35779308,-0.4688250732,9.70821167,-0.9506730652,0.00422395533,0.001914956258,0.0007317792624,5
31.37783708,-0.4917274475,9.71404953,-0.9243278503,0.004039522726,0.006620923057,0.0007225383306,5
31.39788108,-0.5043013,9.750124512,-0.8831634521,0.004792923108,0.003090423066,0.0001673961524,5
31.41792508,-0.5072950745,9.747130737,-0.9244775391,0.007400232367,0.006032044068,0.002153668087,5
31.43796908,-0.5025050354,9.751322021,-0.9289682007,0.003885201178,0.007252197713,0.001013891422,5
31.45801308,-0.5016069031,9.731862488,-0.9252259827,0.005822950974,0.01000867505,0.002260998823,5
31.47805708,-0.5072950745,9.737251282,-0.938997345,0.007757005282,0.002002092544,0.002648289315,5
31.49810108,-0.520916748,9.743388519,-0.9202862549,0.008084448054,0.0002441976685,0.0002630627714,5
31.51814508,-0.5218148804,9.77602066,-0.9527687073,0.004336914513,0.001620731084,0.0007517399499,5
31.53818908,-0.5328918457,9.742939453,-0.9280700684,-0.001349707367,0.005523217842,0.001426152885,5
31.55823308,-0.5065466309,9.727371826,-0.9026229858,-0.003594902344,0.004832341336,0.001051896252,5
31.57827708,-0.4911286926,9.746382294,-0.9131011963,-0.001611053944,-0.001127816737,-0.0004768481012,5
31.59832108,-0.489332428,9.738897858,-0.9737251282,0.002071231604,-0.002773595043,0.0008785213577,5
31.61836508,-0.4906796265,9.740095367,-0.9698332214,0.001009088126,0.0001629136968,0.001222717459,5
31.63841008,-0.4851411438,9.72228241,-0.8979826355,0.002684989478,0.003360147588,0.0004113793839,5
31.65845408,-0.4757107544,9.735455017,-0.8951385498,0.003153822385,-0.002681552432,0.002171561122,5
31.67849808,-0.4730163574,9.727521515,-0.9448352051,0.005436668172,-0.001480630133,0.001403337345,5
31.69854208,-0.4927752686,9.742789764,-0.9574090576,0.002744261408,0.0005737347528,0.0008448637091,5
31.71858608,-0.5017565918,9.744286652,-0.9412426758,0.003678490873,-3.586988896e-06,-0.001416954212,5
31.73863008,-0.5041516113,9.75266922,-0.9172924805,0.0003362495918,-0.001905992627,-0.00144502148,5
31.75867408,-0.4894821167,9.727820892,-0.9276210022,-4.624016583e-05,-0.002590421122,0.0002625007182,5
31.77871808,-0.4658312988,9.739346924,-0.9240284729,-0.001035195775,-0.0003324884456,0.001680587418,5
31.79876208,-0.4713697815,9.747430115,-0.9383985901,-0.002434679307,-0.002222852316,-0.002112404443,5
31.81880608,-0.4725672913,9.7409935,-0.9282197571,-0.002028040122,-0.001209410373,-0.002451946959,5
31.83885008,-0.4716691589,9.741442566,-0.936302948,-0.001134482678,0.002445457503,-0.002048775088,5
31.85889408,-0.4793032837,9.760453033,-0.9292675781,-0.005910895765,-0.004014944192,-0.00146788964,5
31.87893808,-0.4758604431,9.724078674,-0.9666897583,-0.00449140463,-0.0003619953059,-0.001288032159,5
31.89898308,-0.4822970581,9.71988739,-0.9217831421,-0.007443968672,0.001993411919,-0.0006785369478,5
31.91902708,-0.4779560852,9.727222137,-0.9078620911,-0.004200370517,0.0002017924562,-0.001821504207,5
31.93907108,-0.4514611816,9.760303345,-0.9690847778,0.0001415878069,-0.0007803770714,-0.003076899331,5
31.95911529,-0.4857398987,9.728269958,-0.9580078125,-0.001829684246,-0.005743178073,-0.0006714155897,5
31.97915929,-0.520916748,9.755662994,-0.8890013123,-0.008612919599,-0.00647576293,-0.003262856044,5
31.99920329,-0.4730163574,9.764195251,-0.8937913513,-0.008658336475,0.0051773265,-0.00615102984,5
32.01924729,-0.4538562012,9.75266922,-0.9436376953,-0.009586290456,0.006247386336,-0.003393970896,5
32.03929129,-0.4529580688,9.746681671,-1.015039215,-0.006053914782,0.003798022401,-0.003435874823,5
32.05933529,-0.5318440247,9.718540192,-0.9940827942,-0.004254791886,-0.00300155906,-0.002787773497,5
32.07937929,-0.5372328186,9.720037079,-0.910556488,-0.005451748148,-0.0003318504896,-0.004942500498,5
32.09942329,-0.5023553467,9.723330231,-0.9196875,-0.003154040314,-0.004601641558,-0.008125262335,5
32.11946729,-0.4703219604,9.729467468,-0.9247769165,-0.001715509221,-0.003457546234,-0.004075770732,5
32.13951129,-0.4860392761,9.742490387,-0.9300160217,-0.002550452016,-0.005614227615,-0.003135767765,5
32.15955629,-0.4956193542,9.753118286,-0.8981323242,-0.000213842839,-0.001846923027,-0.002482272685,5
32.17960029,-0.5122348022,9.750423889,-0.9204359436,-0.000212571118,-0.0006580837071,-0.004659473896,5
32.19964429,-0.4965174866,9.737700348,-0.9337582397,0.002525409451,0.007407934871,-0.00296880072,5
32.21968829,-0.5002597046,9.748627625,-0.9452842712,0.0003122293856,0.00231720088,-0.00165154459,5
32.23973229,-0.5135820007,9.768985291,-0.8997789001,-0.0003224434331,-0.001042164862,-0.0005054131616,5
32.25977629,-0.5117857361,9.728569336,-0.9268725586,-0.002836782718,-0.001461082138,-0.001481239218,5
32.27982029,-0.5192701721,9.707612915,-0.9291178894,-0.003069527214,0.00397885358,-0.00242169993,5
32.29986429,-0.5147795105,9.718540192,-0.9372010803,0.001687079901,0.001387697877,-0.001645067707,5
32.31990829,-0.4989125061,9.74443634,-0.9734257507,0.004651850089,-0.002033339348,-0.003519485705,5
32.33995229,-0.5301974487,9.746981049,-0.9472302246,0.003894739319,-0.004103257321,-0.0016055468,5
32.35999629,-0.5204676819,9.736353149,-0.9193881226,0.005197632592,-0.0006013070233,-0.0002580180299,5
32.38004029,-0.5248086548,9.738299103,-0.920735321,0.001263311249,-0.003582821228,-0.002523445524,5
32.40008529,-0.4963677979,9.743089142,-0.927171936,0.004060388077,-0.00450858986,-0.001347411657,5
32.42012929,-0.4906796265,9.733658752,-0.9327104187,0.003311098553,-0.003147819079,-0.0003222629894,5
32.44017329,-0.5278024292,9.721683655,-0.9111552429,0.001160164247,-0.0003405308817,-0.0005808973219,5
32.46021729,-0.5128335571,9.751172333,-0.889151001,0.002470031148,-0.000934519805,-0.001222956926,5
32.48026129,-0.5034031677,9.746382294,-0.9017248535,0.003894023364,-0.001324406825,0.0002502340358,5
32.50030529,-0.5037025452,9.746082916,-0.9042695618,0.0008416578639,0.001833355869,-8.016778156e-05,5
32.52034929,-0.4827461243,9.719288635,-0.9304650879,0.002990104724,0.00482397899,-0.001497799531,5
32.54039329,-0.5137316895,9.743987274,-0.9533674622,0.003417594824,-0.003077040426,-0.0008079248946,5
32.56043729,-0.5258564758,9.74443634,-0.9301657104,0.004881658126,-0.006636725273,0.0004799930612,5
32.58048129,-0.5231620789,9.734107819,-0.9017248535,0.000845993869,-0.0008325749077,-0.000132130459,5
32.60052529,-0.4981640625,9.717192993,-0.8973838806,-0.001105162082,-0.001986684743,-0.003744188929,5
32.62056929,-0.4788542175,9.728419647,-0.9241781616,0.001942368457,-0.006667297333,-0.00302436715,5
32.64061329,-0.483943634,9.749675446,-0.936302948,0.001403836184,-0.00484894542,-0.0005775482859,5
32.66065829,-0.4932243347,9.761051788,-0.9250762939,0.000966593856,0.003682760522,2.266140655e-06,5
32.68070229,-0.4757107544,9.731862488,-0.9401948547,0.002391842427,0.00261680386,0.001075551147,5
32.70074629,-0.4822970581,9.726024628,-0.9243278503,0.002365879016,0.0005857660435,-0.001482113032,5
32.72079029,-0.5144801331,9.738748169,-0.9144483948,0.0001313101966,-0.002322614659,-0.001444368856,5
32.74083429,-0.4977149963,9.755812683,-0.9285191345,0.0006748276064,0.003949023783,-0.003039549105,5
32.76087829,-0.45984375,9.713450775,-0.9830058289,0.003274091519,0.005052845925,-0.001100905938,5
32.78092229,-0.5213658142,9.698930969,-0.978664856,0.009689572267,-0.0001205042936,-0.001040678471,5
32.80096629,-0.5149291992,9.700577545,-0.9472302246,0.01076419093,-0.01044654008,-0.002416574862,5
32.82101029,-0.4799020386,9.747579803,-0.9536668396,0.01380732469,-0.007812935859,-0.006179015152,5
32.84105429,-0.47271698,9.759255524,-0.9051676941,0.008019919507,-0.000115924282,-0.004163958132,5
32.86109829,-0.477507019,9.751771088,-0.9114546204,0.004504370503,0.004138266202,-0.002946368884,5
32.88114329,-0.4846920776,9.754914551,-0.9307644653,0.0001786730718,-0.0005900161341,0.001119834254,5
32.90118729,-0.5017565918,9.763297119,-0.9361532593,-0.00456344476,-0.00031022029,0.0007753166137,5
32.92123129,-0.5016069031,9.727521515,-0.9297166443,-0.003567621345,0.00277366559,0.002613962861,5
32.94127529,-0.4939727783,9.709109802,-0.927171936,-0.003866900923,0.01159218699,-0.001198530197,5
32.96131946,-0.5143304443,9.749825134,-0.9587562561,-0.0021699348,0.005265315063,-0.004102583975,5
32.98136346,-0.5035528564,9.762249298,-0.9918374634,-0.002813489176,-0.003371738363,-0.002584422706,5
33.00140746,-0.5249583435,9.760602722,-0.9592053223,-0.007987227291,0.007075146772,-0.002333533252,5
33.02145146,-0.5038522339,9.769883423,-0.9330097961,-0.01423522178,0.01568142138,-0.004998745397,5
33.04149546,-0.479153595,9.766141205,-0.9689350891,-0.01937173493,0.001338806935,-0.005728686228,5
33.06153946,-0.4397854614,9.769883423,-0.9981243896,-0.02308644354,-0.009783996269,-0.006365146022,5
33.08158346,-0.4466711426,9.761051788,-1.014290771,-0.0362348631,0.002870339202,-0.01111178286,5
33.10162746,-0.4423301697,9.755962372,-0.9572593689,-0.04387293383,0.01903343387,-0.01318693068,5
33.12167246,-0.420176239,9.713600464,-0.9758207703,-0.03814771026,0.01843496785,-0.0113595631,5
33.14171646,-0.3992198181,9.690099335,-1.035696259,-0.03443866596,0.002069839276,-0.009852413088,5
33.16176046,-0.4090992737,9.712552643,-1.037492523,-0.03521379456,0.007511955686,-0.01155251265,5
33.18180446,-0.4074526978,9.718390503,-0.9551637268,-0.03277211264,0.03116509318,-0.01625876315,5
33.20184846,-0.3733236694,9.735904083,-0.9189390564,-0.0249208007,0.05625642836,-0.02099503018,5
33.22189246,-0.3661386108,9.744136963,-0.9135502625,-0.01489421166,0.04643837363,-0.0163353011,5
33.24193646,-0.4076023865,9.732161865,-0.923429718,-0.002725661499,0.03323132917,-0.00780904945,5
33.26198046,-0.4810995483,9.720037079,-0.8964857483,0.003205355722,0.0288981013,-0.003800038015,5
33.28202446,-0.5179229736,9.74802887,-0.8824150085,0.001531641465,0.04628385603,-0.009702481329,5
33.30206846,-0.4999603271,9.770781555,-0.8508306885,-0.00606399402,0.05080633238,-0.0206322372,5
33.32211246,-0.5041516113,9.761201477,-0.8482859802,-0.01348083839,0.04414123297,-0.02505142055,5
33.34215646,-0.5412744141,9.743089142,-0.8599617004,-0.01696065068,0.03618057072,-0.02393164672,5
33.36220146,-0.5212161255,9.763895874,-0.8397537231,-0.01887665316,0.04293631762,-0.02158568054,5
33.38224546,-0.5072950745,9.778565369,-0.8249345398,-0.01407823339,0.0466757603,-0.01716184989,5
33.40228946,-0.5553451538,9.720635834,-0.8313711548,-0.005167419091,0.03154271841,-0.01086029131,5
33.42233346,-0.6295907593,9.716594238,-0.8726852417,-0.00404174719,0.01518894732,-0.01039253734,5
33.44237746,-0.6456074524,9.756860504,-0.8581654358,-0.005311474204,0.01372921374,-0.01362240221,5
33.46242146,-0.6622229004,9.795330505,-0.8496331787,-0.01419617049,0.01508619823,-0.01466690749,5
33.48246546,-0.675844574,9.737251282,-0.8422984314,-0.01744136587,0.005272561219,-0.01446747221,5
33.50250946,-0.7161108398,9.719588013,-0.8767268372,-0.01839741692,-0.01493668091,-0.01446568221,5
33.52255346,-0.7310797119,9.729617157,-0.8704399109,-0.01619980857,-0.02888482623,-0.0127851041,5
33.54259746,-0.6494993591,9.727820892,-0.8717871094,-0.01177780144,-0.03670962527,-0.01169406436,5
33.56264146,-0.6189628601,9.704020386,-0.8578660583,-0.00916751381,-0.035073746,-0.01046846434,5
33.58268546,-0.6192622375,9.72228241,-0.8415499878,-0.004128198605,-0.03246267512,-0.007111629937,5
33.60273046,-0.6078858948,9.733209686,-0.8111631775,-0.001245149644,-0.02931674197,-0.006375403609,5
33.62277446,-0.6242019653,9.764045563,-0.8348139954,-0.00764554413,-0.02668734267,-0.006843027659,5
33.64281846,-0.6343807983,9.747879181,-0.8014334106,-0.007808885537,-0.02271609753,-0.003013805952,5
33.66286246,-0.6300398254,9.727671204,-0.8069718933,-0.01055993047,-0.01464565378,-0.004246317316,5
33.68290646,-0.5860313416,9.72692276,-0.8134085083,-0.01094652433,-0.01525710709,-0.005305900238,5
33.70295046,-0.562230835,9.719588013,-0.8449928284,-0.005689253099,-0.01922085136,-0.004054715857,5
33.72299446,-0.5930667114,9.711355133,-0.8765771484,-0.0003552567214,-0.01451611146,-0.003558347002,5
33.74303846,-0.6316864014,9.739346924,-0.8610095215,0.00214301073,-0.005763467867,-0.001808017259,5
33.76308246,-0.6271957397,9.734107819,-0.8346643066,0.004890727811,-0.008775079623,-0.000822344562,5
33.78312646,-0.6277944946,9.758207703,-0.8300239563,0.004809718579,-0.01387556829,-1.784763299e-05,5
33.80317046,-0.6291416931,9.747280426,-0.8186476135,0.002522521187,-0.01375748403,-0.002076972974,5
33.82321546,-0.5947132874,9.736053772,-0.7984396362,-0.0002688206732,-0.009699732997,-0.002843883121,5
33.84325946,-0.5728587341,9.742640076,-0.808768158,0.0001030883286,-0.01309675071,-0.002042840468,5
33.86330346,-0.5839356995,9.749974823,-0.8149053955,0.002923627151,-0.01942378469,0.0008566413308,5
33.88334746,-0.5740562439,9.720186768,-0.8161029053,0.003495963523,-0.009831234813,0.0035540096,5
33.90339146,-0.5968089294,9.768386536,-0.8170010376,-0.0008138266858,-0.007449525408,0.002407058142,5
33.92343546,-0.5987548828,9.764195251,-0.7872129822,-0.0004914039746,-0.008579123765,0.001666441327,5
33.94347946,-0.6030958557,9.722731476,-0.784069519,-0.002038149629,-0.01033180859,0.002684009261,5
33.96352329,-0.5867797852,9.705367584,-0.816252594,0.0005542202853,-0.01017361321,0.0006720351521,5
33.98356729,-0.5733078003,9.710007935,-0.8482859802,0.004494468682,-0.01455499604,0.001474339282,5
34.00361129,-0.5519023132,9.720037079,-0.852177887,0.007692507934,-0.01400563959,0.002975625452,5
34.02365529,-0.5767506409,9.749825134,-0.8141569519,0.009026009589,-0.01106635667,0.002330602612,5
34.04369929,-0.572409668,9.771529999,-0.8041278076,0.01062686928,-0.01038980857,0.004474056885,5
34.06374429,-0.5671705627,9.754764862,-0.8280780029,0.00820299238,-0.01089223661,0.00412754342,5
34.08378829,-0.5721102905,9.727222137,-0.8020321655,0.004706482403,-0.007223159075,0.002715296578,6
34.10383229,-0.6092330933,9.740394745,-0.7948471069,0.006265095435,-0.001900718547,0.003779460676,6
34.12387629,-0.590072937,9.748927002,-0.8214916992,0.006828162819,-0.01181737334,0.00367157138,6
34.14392029,-0.5667214966,9.732161865,-0.8273295593,0.007614785805,-0.0143653769,0.004936603829,6
34.16396429,-0.5387297058,9.713899841,-0.872535553,0.006173472386,-0.005680271424,0.007413053885,6
34.18400829,-0.5548960876,9.740694122,-0.8249345398,0.007962819189,-0.004005469382,0.006047581788,6
34.20405229,-0.5810916138,9.765692139,-0.853225708,0.0125390524,-0.001581830438,0.007384235505,6
34.22409629,-0.583636322,9.766889648,-0.902024231,0.01314730383,-0.006843335461,0.008708989248,6
34.24414029,-0.5831872559,9.744735718,-0.9042695618,0.009340888821,-0.006984428968,0.005072535947,6
34.26418429,-0.6059399414,9.712702332,-0.8650511169,0.009464152157,-0.009251898155,0.004323828034,6
34.28422929,-0.5719606018,9.739197235,-0.8545729065,0.009451294318,-0.01521061547,0.002340070903,6
34.30427329,-0.5278024292,9.751172333,-0.8839118958,0.01129181962,-0.01654176414,0.001456336118,6
34.32431729,-0.5252577209,9.744136963,-0.8572673035,0.009443919174,-0.005722461734,0.005389576778,6
34.34436129,-0.5156776428,9.736652527,-0.8442443848,0.006744014099,-0.0009080506861,0.007146148942,6
34.36440529,-0.5336402893,9.742340698,-0.8387059021,0.009746023454,0.0001530530863,0.006746350322,6
34.38444929,-0.543968811,9.771679688,-0.9077124023,0.01206826605,-0.008447730914,0.006173362955,6
34.40449329,-0.5203179932,9.776320038,-0.9527687073,0.002018070081,-0.02341224626,0.0008673737757,6
34.42453729,-0.5138813782,9.815688171,-0.9375004578,-0.01784671471,-0.06015188247,-0.01456564572,6
34.44458129,-0.4049079895,9.786798248,-0.8452922058,-0.04329706728,-0.07521253824,-0.01877216995,6
34.46462529,-0.1785786438,9.714648285,-0.8839118958,-0.07203149796,-0.02808635682,-0.03734643385,6
34.48466929,0.03577560425,9.815239105,-0.9642947388,-0.1366661936,0.0362081565,-0.05517053232,6
34.50471429,0.2724334717,9.926906891,-0.9583071899,-0.2337804884,0.08793361485,-0.08478812873,6
34.52475829,0.4462220764,10.04396347,-0.8963360596,-0.3448587954,0.1563658267,-0.1020497456,6
34.54480229,0.6601272583,10.02300705,-0.845741272,-0.4294320643,0.2402976304,-0.079786174,6
34.56484629,0.8857081604,9.730066223,-0.8369096375,-0.4668401778,0.3370392025,-0.03334190324,6
34.58489029,0.965791626,9.537865906,-1.038690033,-0.470830977,0.418515414,0.001065028948,6
34.60493429,1.07057373,9.865384827,-1.300794983,-0.5031749606,0.4858357608,0.0198379308,6
34.62497829,0.8167016602,10.26804749,-1.268162842,-0.6014488339,0.724902451,-0.02566171065,6
34.64502229,0.2781216431,10.05998016,-0.8699908447,-0.6834646463,1.184663415,-0.0591586791,6
34.66506629,-0.009280700684,9.367520142,-0.5950126648,-0.741527915,1.744617224,-0.1235462204,6
34.68511029,-0.2029779053,8.934919739,-0.6340814209,-0.8115836978,2.16924572,-0.2115150541,6
34.70515429,-0.4321513367,9.010662231,-0.8132588196,-0.8856014609,2.346882105,-0.2916621566,6
34.72519929,-0.6210585022,8.982969818,-0.8873547363,-0.9903467298,2.413116455,-0.3726759255,6
34.74524329,-0.5569917297,8.920998688,-0.7442523193,-1.468567014,3.022284031,-0.4811791182,6
34.76528729,-0.5665718079,8.943152618,-0.8602610779,-2.411817312,3.926183462,-0.7296516895,6
34.78533129,-0.9937834167,8.964707794,-0.68332901,-3.584118605,4.424442291,-1.07519424,6
34.80537529,-1.96690979,8.860374756,-0.2177970886,-3.836045265,3.188557863,-1.453512788,6
34.82541929,-3.03987854,9.111253052,-0.08696914673,-2.848771334,0.7518660426,-1.26814425,6
34.84546329,-2.773282928,10.44542862,-1.029409332,-2.604393482,-0.6013839841,-0.7587156296,6
34.86550729,-2.519710236,11.50178192,-1.04018692,-3.062858105,-1.054184794,-0.6125261188,6
34.88555129,-4.261338501,11.31047974,0.1710942078,-3.260926008,0.1361456811,-0.6123856902,6
34.90559529,-6.138135681,9.643246765,1.273701324,-3.042707205,1.434591651,-0.2115606517,6
34.92564029,-4.039948883,8.668473816,2.215842133,-3.184341669,2.449163198,0.3236269951,6
34.94568429,-1.292113037,8.127498779,6.122867432,-3.244113684,2.924965143,0.4299207628,6
34.96572858,-0.1558259583,6.031257935,7.041806488,-1.853634596,2.082262993,0.3567709923,6
34.98577258,-1.490749969,2.712658997,3.092419281,-0.3966655731,0.01203640178,0.4885283113,6
35.00581658,-3.738775177,1.066681824,0.1432521057,0.1348674446,-1.35274899,0.3930978477,6
35.02586058,-6.574029236,0.06167175293,-0.2044747925,-0.6775539517,-0.5335591435,-0.2025476843,6
35.04590458,-6.890022125,0.7855664063,5.948629761,-1.931124568,1.842928171,0.3257397413,6
35.06594858,2.407892761,9.00961441,14.30036224,-2.580019474,4.129864693,0.4964129031,6
35.08599258,3.532055054,16.2053009,10.84090622,-1.681013227,0.4179185033,-0.0442017056,6
35.10603658,-5.93111618,12.44122833,6.164181519,-0.4846594036,-1.437137604,-0.4656996727,6
35.12608058,-10.96529755,2.948718109,0.3875440979,-1.367804766,1.137222767,-0.418592006,6
35.14612558,-6.386169891,-2.307751007,2.36118988,-2.7869699,1.166439176,0.4363205731,6
35.16616958,-0.7661068726,0.6075865173,9.983788605,-3.365483046,0.988733232,0.8458486795,6
35.18621358,1.218765564,5.429808655,10.32403107,-2.616029024,0.8265522718,-0.1538945436,6
35.20625758,-4.847519531,1.347348175,6.52912262,-2.202637672,0.3214186132,-0.7323406339,6
35.22630158,-5.247038727,-0.3535647583,6.107299805,-2.445666313,0.9413943887,-0.2993881404,6
35.24634558,-2.009271698,2.216740265,5.291346588,-2.668028355,0.4007391334,-0.1408832818,6
35.26638958,-3.090473328,4.001179504,9.347910919,-2.611259222,-0.4180604517,-0.3003721535,6
35.28643358,-4.678221588,4.095782776,9.704619141,-2.173574686,-0.6835075021,-0.4473557472,6
35.30647758,-2.855911102,4.025728455,7.792495422,-2.124011278,-1.021734834,-0.3962963521,6
35.32652158,-3.295546875,3.648662567,7.700137482,-2.09970665,-0.9495447278,-0.4813267291,6
35.34656658,-4.589007111,3.927083588,8.566984863,-2.058917999,-0.426301688,-0.6330651045,6
35.36661058,-5.220394135,4.337380371,8.485254822,-1.979075193,-0.3402768075,-0.8110990524,6
35.38665458,-5.377567291,4.238136749,8.434959412,-2.063898087,-0.2871898413,-0.8610750437,6
35.40669858,-3.489393768,3.383414154,7.574548645,-2.185599804,0.2076440901,-0.7126121521,6
35.42674258,-2.64320343,0.5019062805,8.679251404,-2.481496096,0.5448625088,-0.7791166306,6
35.44678658,-3.233725433,-1.769919434,11.11214218,-2.281415939,0.6837031841,-0.9775941968,6
35.46683058,-5.342091064,-2.36822525,10.93985046,-1.979968667,0.6823158264,-1.106808424,6
35.48687458,-7.604935455,-1.317260742,11.05840393,-1.674726129,0.6127212644,-1.07272017,6
35.50691858,-5.681585083,-1.309476929,10.33765274,-1.542000175,0.6328970194,-0.8881216645,6
35.52696258,-4.060755615,-3.032693481,10.61787003,-1.330109239,0.133126393,-0.8019191623,6
35.54700758,-4.640799408,-4.836891632,11.58096725,-0.983148694,-0.2324725837,-0.4750455618,6
35.56705158,-6.667884064,-5.401517487,13.8828804,-0.6693906188,-0.5505598187,-0.07121121138,6
35.58709558,-9.106013947,-5.597609711,15.51763092,-0.1516330093,-0.6434626579,0.3424785435,6
35.60713958,-8.815168762,-4.360133057,13.06258621,0.3027761281,-0.5239912868,0.8525260091,6
35.62718358,-6.792724457,-2.642904053,9.938881989,0.5388991237,-0.3490626812,1.017171144,6
35.64722758,-4.68390976,-1.67786087,7.73187149,0.4759684801,0.1141672954,0.7867627144,6
35.66727158,-3.598516846,-1.762734375,6.039790192,0.1341691613,0.7669280171,0.3359333575,6
35.68731558,-3.337759094,-2.621947632,5.387746124,-0.1379134357,1.032220483,0.133266896,6
35.70735958,-3.705394592,-3.459456024,6.390810242,-0.27961573,1.110466003,0.07706667483,6
35.72740458,-5.193450165,-4.309238892,8.762178955,-0.3026378155,1.098808169,0.1126799136,6
35.74744858,-6.615942078,-5.121000824,10.67100952,-0.04299090058,0.7585539222,0.4622531533,6
35.76749258,-6.120472412,-5.112767944,8.934021606,0.01845361106,0.09974723309,0.8739105463,6
35.78753658,-5.16006958,-4.311633911,7.983348541,-0.3318740129,-0.6378390789,1.074831128,6
35.80758058,-4.869224396,-1.721869354,8.939260712,-0.9497164488,-0.8362234235,1.087529421,6
35.82762458,-4.499044189,3.831133118,10.74405762,-2.544517994,0.5082024932,0.9331629276,6
35.84766858,-6.062542877,7.828570404,11.8776503,-3.411215305,1.513947487,0.449016273,6
35.86771258,-4.659809875,6.432423706,8.777297516,-3.527735472,0.08752289414,0.3851781487,6
35.88775658,-3.132086792,3.560795288,8.952433319,-3.947819471,-0.8466212749,0.6185164452,6
35.90780058,-3.152594147,1.728755035,6.829098816,-3.258150578,0.3721111119,0.9198713899,6
35.92784558,-2.91818161,-1.475781097,4.716392212,-2.827811003,0.7738665342,1.139005303,6
35.94788958,-4.311035156,-5.550008698,4.549489288,-2.71958518,-0.3832224607,1.13590312,6
35.96793258,-7.160809021,-9.617500305,6.968309326,-2.622388363,-0.7693116069,0.7775318623,6
35.98797658,-8.353828125,-10.97338074,11.06214615,-2.333822727,-0.1225558743,0.5869733095,6
36.00802058,-6.799909515,-7.788154449,8.401878204,-1.662694931,0.2713544071,0.6460137367,6
36.02806458,-6.701564026,-6.245462494,4.567601624,-1.21723175,-0.02342705056,0.7734805346,6
36.04810858,-6.607709198,-5.926026764,2.971770172,-0.9776882529,-0.3964501619,0.8720378876,6
36.06815258,-6.261778564,-6.5957341,3.438948669,-1.0706563,-0.4796611071,1.06730628,6
36.08819658,-4.931045837,-6.377188568,4.265230408,-1.355600715,-0.19379884,1.250313759,6
36.10824158,-4.242178345,-6.093079376,3.732488251,-1.34210825,0.09151769429,1.27080369,6
36.12828558,-4.171824646,-6.301895142,2.514770508,-1.049577594,-0.003470918629,1.359475613,6
36.14832958,-5.194497986,-6.79586792,1.954186249,-0.8776634932,-0.5008713603,1.361242652,6
36.16837358,-7.611671448,-8.279881897,2.310295715,-0.9314260483,-0.6490294337,1.346674562,6
36.18841758,-7.879614258,-8.759634247,4.141886902,-0.9846892953,-0.5972337127,1.351996541,6
36.20846158,-5.006638641,-5.527555389,4.348756714,-0.6392328143,-0.3925143182,1.01816237,6
36.22850558,-3.47277832,-3.776796112,2.659669189,-0.5942761302,0.03634280339,0.6201893687,6
36.24854958,-3.859424286,-5.63158905,3.043620758,-0.5738561749,-0.3525865078,0.7482754588,6
36.26859358,-4.09293869,-6.644233246,4.837041321,-0.1977478266,-0.8861035109,1.06531179,6
36.28863858,-3.607947235,-7.26978241,5.970334625,0.1511704773,-1.147964001,1.14226377,6
36.30868258,-2.982847137,-6.841822357,6.024372253,0.3868443668,-0.8984497786,1.088923454,6
36.32872658,-2.977757721,-6.465654602,6.287375336,0.6047003269,-0.5423698425,1.101562381,6
36.34877058,-3.715124359,-6.380631409,7.00408493,1.020364165,-0.6788837314,1.123860359,6
36.36881458,-5.748945007,-5.010380859,6.9129245,1.053288341,-0.6375074983,1.291087151,6
36.38885858,-6.932234344,-3.335064697,8.543633423,0.2732608318,0.853856504,1.247235656,6
36.40890258,-7.914940796,-3.107088776,8.840915222,0.2891638875,1.702494383,1.286092043,6
36.42894658,-7.7131604,-2.825823669,5.12609024,0.7452847958,0.773478806,1.532785773,6
36.44899058,-8.719817047,-2.421065369,3.264710999,0.8961666226,-0.3161661625,1.73477447,6
36.46903558,-10.20652542,-1.809137878,4.298161926,0.9581988454,-0.9530491233,1.754713058,6
36.48907958,-10.86680237,-0.8473878479,5.897735596,0.8198121786,-0.885052979,1.539672613,6
36.50912358,-10.29484177,-0.3695814514,5.84220108,0.782449007,-0.9524801373,1.1927073,6
36.52916758,-8.844358063,-0.2568658447,5.090614014,0.7866216302,-1.181871891,0.9727064967,6
36.54921158,-7.354206848,-0.02754272461,4.096980286,0.7502217293,-1.331269383,0.6942809224,6
36.56925558,-6.512357483,0.0217048645,4.312681732,0.6751064062,-1.151524067,0.4769228697,6
36.58929958,-6.043981476,1.420995026,4.725223846,0.5790068507,-0.6707764268,0.4221895337,6
36.60934358,-6.415209503,3.317700806,5.064568176,0.5349695086,-0.4711811244,0.3634778261,6
36.62938758,-8.170459442,4.984335022,5.865702209,0.6979221702,-0.5962571502,0.3639998734,6
36.64943158,-9.227710876,5.771697693,6.685547333,0.7616074681,-0.9029422402,0.3370725214,6
36.66947658,-8.147407379,4.347409515,8.11567337,0.5795404911,-1.013697743,0.05463766307,6
36.68952058,-8.01628006,1.383123779,7.880362701,0.2236676812,-1.235486031,-0.2354210168,6
36.70956458,-7.946525116,0.2755769348,7.659571838,-0.2025412917,-1.47532618,-0.6005592346,6
36.72960858,-7.296576691,-1.193318481,7.541317749,-0.4524921179,-1.561394572,-0.9243480563,6
36.74965258,-5.32861908,-2.614463196,8.122559052,-0.3440631032,-1.55572331,-1.102400661,6
36.76969658,-3.365750885,-2.972668304,8.389903107,0.2223015577,-1.437099457,-0.9911421537,6
36.78974058,-2.383343811,-2.954406281,7.930358734,0.7473974228,-1.490549564,-0.7571305633,6
36.80978458,-2.102527771,-2.949915619,10.26834686,0.8329108953,-1.322453141,-0.5903405547,6
36.82982858,-1.834584961,-2.179318085,14.7468837,0.8616619706,-0.4901051223,-0.5606347919,6
36.84987358,-1.839225311,-0.6159690857,11.6864978,0.6721904874,0.4566139579,-0.5807958841,6
36.86991758,-2.829865265,0.5914201355,10.35396881,0.1197642758,0.7334332466,-0.5061795712,6
36.88996158,-4.175716553,0.1999841309,10.13766861,-0.1306141615,-0.2336195409,-0.2801897526,6
36.91000558,-3.719315643,-0.4857398987,9.810449066,-0.2413392216,-1.076312542,-0.2094886005,6
36.93004958,-3.486998749,-1.391506348,9.024583282,-0.1854203939,-1.082299829,-0.1927228272,6
36.95009358,-3.636837158,-2.070195007,8.431965637,0.006631429773,-0.6321891546,-0.1928471029,6
36.97013792,-4.470004578,-1.839225311,7.982450409,0.1378980428,-0.7319219708,-0.1586118042,6
36.99018192,-3.795058136,-1.228495331,8.310268707,0.1433092654,-1.50074172,-0.1878475696,6
37.01022592,-2.640509033,-0.8833131409,7.404502258,0.0663972795,-2.132408142,-0.2814770043,6
37.03027092,-1.760489044,-0.6526428223,6.994504852,0.01665410027,-2.597065449,-0.3922123313,6
37.05031492,-1.04258194,-0.5394781494,6.390361176,0.05909900367,-2.673390627,-0.5422928333,6
37.07035892,-0.9162446594,-0.5779481506,7.651638336,0.003001541132,-1.935141444,-0.7381746173,6
37.09040292,-0.9849517822,-0.3629951477,9.339079285,0.1858995259,-0.8931848407,-0.8300363421,6
37.11044692,-0.7360194397,0.07918533325,8.316705322,0.3170780838,-0.2886484861,-0.8666973114,6
37.13049092,-0.2522254944,0.5918692017,7.695796509,0.08410132676,0.1391253173,-0.8381723166,6
37.15053492,-0.7902067566,0.6240522766,8.307723999,-0.3094938993,0.29791224,-0.6575292945,6
37.17057892,-2.427501984,0.5833369446,8.059839478,-0.407491684,0.1779917032,-0.09337388724,6
37.19062292,-3.412603455,-0.1074765015,7.827073517,-0.2817150652,0.606366992,0.5465501547,6
37.21066792,-3.980522461,-0.6688092041,9.241033173,0.1978487819,1.469331145,0.8257519007,6
37.23071192,-3.994892578,-1.040486298,10.58628571,0.798396647,2.227852345,0.9908498526,6
37.25075592,-3.763473816,-0.8553213501,10.8570726,1.12615788,2.48055172,1.142148256,6
37.27079992,-4.345762939,-0.1001417542,10.62505508,1.064571619,2.264484882,1.251046538,6
37.29084392,-4.827012177,0.7673043823,9.96911911,0.7562292814,1.612720728,1.216578603,6
37.31088792,-4.703518982,0.9764195251,9.779463501,0.3701095283,0.85661906,0.9320909977,6
37.33093192,-4.669240265,0.790506134,10.54107971,0.08600678295,0.4714128971,0.4937138557,6
37.35097592,-4.749772797,0.4370910645,10.91036179,-0.04630943015,0.321401,0.08173748851,6
37.37102092,-4.046086121,-0.08696914673,10.33510803,-0.1935380995,0.1553652138,-0.1874103695,6
37.39106492,-3.279829559,-0.2908451843,9.51750824,-0.2962651253,0.07168586552,-0.3249538541,6
37.41110892,-2.642155609,-0.29368927,8.950786743,-0.238857761,0.1361758709,-0.389809072,6
37.43115292,-2.205513611,-0.1484912109,8.513396301,-0.05476142466,0.1701969504,-0.3794541657,6
37.45119692,-2.912493439,0.2680924988,8.049960022,0.1306892186,0.02995361015,-0.2485625893,6
37.47124092,-4.151616669,0.595461731,8.018974457,0.2977903783,-0.3051989675,-0.05197269842,6
37.49128492,-4.844974823,0.4923262024,7.99397644,0.3700252473,-0.5597181916,0.137638703,6
37.51132892,-4.910538483,0.3981719971,8.520281982,0.3211544752,-0.5034791231,0.1900797933,6
37.53137392,-4.884492645,0.5089416504,9.21214325,0.2379376739,-0.1806242466,0.07466518879,6
37.55141792,-4.870421906,0.7057823181,9.499395905,0.1567770392,0.1155075505,-0.1268311888,6
37.57146192,-4.630620575,0.7577243042,9.071735229,0.02305170149,0.1533849984,-0.2482257038,6
37.59150592,-4.104315033,0.7517367554,8.780590668,-0.1567462981,-0.02333645895,-0.2579605877,6
37.61154992,-3.810625763,0.4721182251,8.569828949,-0.2444286346,-0.2252696306,-0.2218334079,6
37.63159392,-3.457809448,0.2282752991,8.557255096,-0.2319214791,-0.3910867274,-0.1901727021,6
37.65163792,-3.28087738,0.09984237671,8.755892029,-0.1314804256,-0.4646402895,-0.1327824444,6
37.67168192,-3.252735901,0.0773890686,9.103618927,0.02627898753,-0.4498319626,-0.0272677429,6
37.69172592,-3.434308319,0.1666035461,9.362580414,0.190747261,-0.3211459816,0.06366761774,6
37.71177092,-3.642076263,0.2555186462,9.295370178,0.2476279289,-0.277651608,0.105873093,6
37.73181492,-3.657194824,0.4080514526,9.257349243,0.1356882602,-0.3881784678,0.09505066276,6
37.75185892,-3.570674744,0.4680766296,9.04359375,-0.05277904868,-0.5389896631,0.08259183168,6
37.77190292,-3.570824432,0.2818638611,9.116941223,-0.197324425,-0.6521036625,0.08672759682,6
37.79194692,-3.480412445,0.1520837402,9.613309021,-0.2086923271,-0.678059876,0.0368665792,6
37.81199092,-2.999163208,0.06301895142,10.11282028,-0.039117001,-0.5188339353,-0.115851067,6
37.83203492,-2.578537903,-0.1158590698,9.828860779,0.2110779136,-0.1690184027,-0.2526118755,6
37.85207892,-2.702629852,-0.08337661743,9.205556946,0.3353371322,0.03655371815,-0.3011307716,6
37.87212392,-2.835403748,0.3613485718,8.808133392,0.294493854,-0.007380396593,-0.3206287622,6
37.89216792,-2.749033356,0.8397537231,8.773854675,0.1588194668,-0.05738406628,-0.1584002525,6
37.91221192,-1.691632233,0.8616082764,9.20974823,0.04130858555,-0.2119275182,0.1338583529,6
37.93225592,-0.9002279663,0.3748205566,10.04680756,0.01989440247,-0.2615034282,0.2380749583,6
37.95229992,-2.205064545,-0.04326004028,9.587113495,-0.002701201243,-0.1228306741,0.237773031,6
37.97234417,-2.946622467,0.1387614441,9.405241699,-0.01418800279,0.1193670109,0.2241828144,6
37.99238817,-3.391048279,0.4779560852,9.109606476,-0.001417462947,0.2938373983,0.1211043075,6
38.01243217,-3.487447815,0.4948709106,8.814570007,-0.0701245591,0.1861628592,0.0109445788,6
38.03247717,-3.259172516,0.3547622681,9.001830597,-0.1849693507,-0.06779874116,-0.02866181172,6
38.05252117,-3.207978973,0.2508782959,9.237590332,-0.1933022141,-0.1517813057,0.002655206015,6
38.07256517,-3.005749512,0.2746788025,9.215286713,-0.1137259901,-0.1467192322,0.02661126666,6
38.09260917,-3.028502197,0.2568658447,9.199868774,0.00710836798,-0.09581518918,-0.003985071555,6
38.11265317,-3.097508698,0.379460907,9.164691925,0.1000244692,-0.05746816844,-0.01519121602,6
38.13269717,-3.028801575,0.5212161255,9.214687958,0.1041520536,-0.05620024353,-0.01970531978,6
38.15274117,-2.936743011,0.5614823914,9.354048157,0.05381565168,-0.06684223562,-0.02829374745,6
38.17278517,-2.819087677,0.4875361633,9.434281311,-0.0008895902429,-0.05785156041,-0.03278285265,6
38.19282917,-2.666854248,0.4311035156,9.476343842,-0.02934372425,-0.05120979995,-0.02659208328,6
38.21287417,-2.578388214,0.3079096985,9.584718475,-0.02666313574,-0.05342267081,-0.01257660147,6
38.23291817,-2.532733154,0.2463876343,9.488318939,-0.02302110754,-0.05600993335,0.002083722968,6
38.25296217,-2.517464905,0.2071691895,9.45074707,-0.03029816598,-0.04412861913,0.008166839369,6
38.27300617,-2.480192413,0.1951940918,9.379195862,-0.02441648021,-0.008898714557,0.01133875456,6
38.29305017,-2.495011597,0.220790863,9.264833679,-0.004380195402,0.01141006872,0.005984250456,6
38.31309417,-2.577789459,0.2755769348,9.274862823,0.01494943816,0.007943534292,0.005842289887,6
38.33313817,-2.654579773,0.3484753418,9.381441193,0.03333979473,0.006353579927,0.006778499112,6
38.35318217,-2.734962616,0.4090992737,9.423653412,0.03098109365,0.0113499295,0.004787052516,6
38.37322717,-2.813100128,0.4218228149,9.390422516,0.004920594394,0.01279933564,-0.000968871871,6
38.39327117,-2.867437134,0.366587677,9.372010803,-0.01653728634,0.01278863288,-0.003272821195,6
38.41331517,-2.892584839,0.3941304016,9.276958466,-0.01642598026,0.02089459635,-0.003267131746,6
38.43335917,-2.906206512,0.3570075989,9.239685974,-0.006552351173,0.0177661255,0.003080153372,6
38.45340317,-2.852767639,0.3071612549,9.245523834,-0.001758771017,0.007252234966,0.00242437236,6
38.47344717,-2.815046082,0.2960842896,9.284891968,-0.001405833056,-0.004415397067,-0.003482501721,6
38.49349117,-2.786605225,0.2836601257,9.302106171,0.004729331471,-0.001652845647,-0.004800406285,6
38.51353517,-2.762954407,0.2942880249,9.347012787,0.0105513772,-0.003465129063,-0.00576276239,6
38.53358017,-2.728376312,0.3260220337,9.387279053,0.01374355238,-0.005204708781,-0.008544323966,6
38.55362417,-2.684667206,0.3531156921,9.405541077,0.01063688472,0.0001488972921,-0.009877225384,6
38.57366817,-2.67598526,0.3754193115,9.404044189,0.004401264247,0.000669269124,-0.0117955897,6
38.59371217,-2.684667206,0.3481759644,9.39341629,-0.00322905439,-0.00273781037,-0.008539550006,6
38.61375617,-2.686014404,0.3399430847,9.346563721,-0.008898937143,-0.005469847005,-0.005250450224,6
38.63380017,-2.730172577,0.339793396,9.33144516,-0.003472965909,-0.00401069643,-0.000786147546,6
38.65384417,-2.751428375,0.3176394653,9.310937805,0.005269646179,0.003705646144,0.00281480886,6
38.67388817,-2.799478455,0.3070115662,9.312434692,0.01044024806,0.00391592877,0.002577490173,6
38.69393317,-2.820883942,0.3471281433,9.333091736,0.01091406588,0.002919961698,0.001696343534,6
38.71397717,-2.826272736,0.3688330078,9.322613525,0.008140465245,0.0001096371561,-0.001882491633,6
38.73402117,-2.820434875,0.3318598938,9.306447144,-0.001583609963,-0.005830170121,-0.002684338717,6
38.75406517,-2.787203979,0.3082090759,9.336684265,-0.005190739408,-0.006189000327,-0.006347769406,6
38.77410917,-2.741249542,0.3463796997,9.363628235,0.001318997238,-0.007202342618,-0.008848833852,6
38.79415317,-2.758014679,0.4101470947,9.348359985,0.008123339154,-0.00181513885,-0.0054220194,6
38.81419717,-2.762205963,0.3632945251,9.414672089,0.01300286502,-0.005092315376,-0.002082761377,6
38.83424117,-2.729124756,0.3273692322,9.330397339,0.01060716063,-0.0135642048,-0.0003123232163,6
38.85428617,-2.741698608,0.3411405945,9.319470062,-0.003596925177,-0.02068517916,-0.001785379602,6
38.87433017,-2.730921021,0.3327580261,9.333690491,-0.003027610248,-0.007850548252,-0.001913495362,6
38.89437417,-2.685116272,0.3290158081,9.324709167,-0.002162130084,-0.002187608276,-0.003925025463,6
38.91441817,-2.664758606,0.3261717224,9.387428741,0.002602162305,0.001353283413,-0.008289573714,6
38.93446217,-2.645299072,0.3577560425,9.386979675,0.01067568548,0.0122214295,-0.004684780724,6
38.95450617,-2.652184753,0.3695814514,9.397607574,0.01618308201,0.02189497836,-0.001082710456,6
38.97455021,-2.694846039,0.4050576782,9.367819519,0.01159735769,0.02303785272,0.002280406188,6
38.99459421,-2.72508316,0.3996688843,9.293873291,-0.006405228283,0.01801268384,0.002204834484,6
39.01463821,-2.786305847,0.3797602844,9.2566008,-0.01587789506,0.01607022993,0.002082844265,6
39.03468321,-2.835254059,0.3019221497,9.238189087,-0.02168096416,0.006778405979,0.003279042896,6
39.05472721,-2.881208496,0.1992356873,9.29986084,-0.01014834922,-0.005909965839,0.003391759936,6
39.07477121,-2.922372894,0.2721340942,9.340426483,0.0173179917,-0.000404136721,0.00138196256,6
39.09481521,-2.926564178,0.3965254211,9.358089752,0.03030873463,0.007596795913,0.001150910859,6
39.11485921,-2.882705383,0.4525090027,9.35135376,0.0185262952,0.003361195326,-0.002355061471,6
39.13490321,-2.800526276,0.4339476013,9.291927338,-0.01481992006,-0.007896582596,-0.009039890021,6
39.15494721,-2.725382538,0.3447331238,9.286388855,-0.03646039963,-0.012418136,-0.01361329481,6
39.17499221,-2.674488373,0.2977308655,9.287436676,-0.0292235408,-0.0097807087,-0.01361799054,6
39.19503621,-2.638263702,0.2776725769,9.328451385,0.0005374816246,-0.006939058192,-0.00752149988,6
39.21508021,-2.685715027,0.2986289978,9.355844421,0.02254326455,-0.003585230093,-0.001134520629,6
39.23512421,-2.69349884,0.346230011,9.37350769,0.0229118783,-0.001389615703,0.002351698931,6
39.25516821,-2.74738678,0.3706292725,9.413474579,0.01154903881,0.0006644234527,0.001720813336,6
39.27521221,-2.754721527,0.3790118408,9.420210571,5.99429477e-05,0.007660286035,-0.001444041962,6
39.29525621,-2.805615692,0.392334137,9.363179169,-0.007915925235,0.006830017082,-0.00272674486,6
39.31530021,-2.794838104,0.3622467041,9.321116638,-0.01107967738,0.004132344387,-3.064027987e-05,6
39.33534421,-2.761756897,0.3192860413,9.304052124,-0.005338262767,0.001374896849,0.0001319884323,6
39.35538921,-2.741249542,0.3224295044,9.296567688,0.006726279855,0.001384220785,0.001188886701,6
39.37543321,-2.749632111,0.3532653809,9.293573914,0.01610085182,0.004380339291,0.003203063272,6
39.39547721,-2.763253784,0.3793112183,9.298363953,0.01434205938,0.001254000003,0.004020560533,6
39.41552121,-2.818937988,0.3559597778,9.374106445,0.005902714096,-0.002663465682,0.002428526059,6
39.43556521,-2.848127289,0.3273692322,9.359586639,0.007118979469,-0.007010010537,0.004874639213,6
39.45560921,-2.838996277,0.3860472107,9.299711151,-0.007710484788,-0.01720714383,0.006586173549,6
39.47565321,-2.813100128,0.4186793518,9.29986084,-0.01144572534,-0.007317232434,0.006655792706,6
39.49569721,-2.762804718,0.4375401306,9.29162796,-0.01341732591,-0.0003756952938,0.005262361374,6
39.51574221,-2.69589386,0.4258644104,9.295370178,-0.01850248873,-0.003066185396,0.00569857331,6
39.53578621,-2.652184753,0.3646417236,9.338630219,-0.01441902295,-0.0008021765389,0.009013769217,6
39.55583021,-2.639311523,0.2965333557,9.389225006,0.001700757071,0.005544458982,0.01459813491,6
39.57587421,-2.653382263,0.2630030823,9.387428741,0.00801451318,0.01400386728,0.0151186157,6
39.59591821,-2.723137207,0.2710862732,9.372160492,-0.00144447037,0.01704707928,0.01177663915,6
39.61596221,-2.780318298,0.2649490356,9.359137573,-0.01479342859,0.01190626621,0.006741702557,6
39.63600621,-2.835703125,0.2947370911,9.328451385,-0.01860648766,0.009913643822,0.001059578266,6
39.65605021,-2.871329041,0.3396437073,9.308842163,-0.01370305382,0.01176101714,-0.004370900802,6
39.67609521,-2.868784332,0.3671864319,9.286388855,-0.004642284475,0.006765411701,-0.003976912238,6
39.69613921,-2.830763397,0.3700305176,9.281449127,-0.0002927621827,0.002391173504,-0.003650630359,6
39.71618321,-2.799777832,0.370329895,9.302106171,0.004074548837,0.002172312466,-0.001492622308,6
39.73622721,-2.745291138,0.3752696228,9.327253876,0.007282203063,0.006296586245,-0.00303993281,6
39.75627121,-2.725532227,0.3751199341,9.343420258,0.003824997228,0.001479191473,-0.001637401525,6
39.77631521,-2.741399231,0.3332070923,9.357640686,0.0009224996902,-0.005856908858,0.002720249584,6
39.79635921,-2.738854523,0.3227288818,9.39581131,0.001186760259,-0.005645028315,0.0008232487598,6
39.81640321,-2.738555145,0.3522175598,9.37350769,0.002320509171,-0.004126172978,0.001174080418,6
39.83644821,-2.742896118,0.3412902832,9.335337067,-0.001373657025,-0.0009429948404,0.001823683968,6
39.85649221,-2.773282928,0.3335064697,9.331744537,-0.002391960938,-0.001313825138,0.0009315150091,6
39.87653621,-2.764600983,0.3266207886,9.332043915,0.001306821941,0.001339905197,0.002011772245,6
39.89658021,-2.766546936,0.3317102051,9.343569946,0.004065487068,0.003755877726,0.003325883299,6
39.91662421,-2.776276703,0.3541635132,9.316476288,0.006394101772,0.004390554037,0.004614057019,6
39.93666821,-2.791544952,0.3585044861,9.329948273,0.002982768696,0.002488909755,0.003361050971,6
39.95671221,-2.787802734,0.3823049927,9.317673798,-0.0007974449545,0.002655459568,0.00106592488,6
39.97675629,-2.804867249,0.3403921509,9.323511658,-0.002174879191,-0.00028733816,0.0004565486452,6
39.99680029,-2.804418182,0.314046936,9.314230957,-0.001583152218,-0.0003394242376,0.0002542245202,6
40.01684529,-2.794987793,0.315693512,9.331594849,0.001201094361,-0.003145124298,-0.000569896074,6
40.03688929,-2.778671722,0.3603007507,9.329648895,0.003066419391,-0.001689967699,-0.001753625926,6
40.05693329,-2.767894135,0.373024292,9.366472321,0.004171734676,-2.275686711e-06,-0.000573953148,6
40.07697729,-2.753074951,0.3466790771,9.356742554,0.01352648903,-0.0006568161771,0.001783394255,6
40.09702129,-2.741848297,0.3496728516,9.311835938,0.004071810748,-0.01338896342,0.001067239209,6
40.11706529,-2.754721527,0.353714447,9.344617767,0.002489817562,0.001170112286,0.004652151372,6
40.13710929,-2.760110321,0.3372486877,9.31857193,0.0001487974077,-0.0008219806477,0.00271294429,6
40.15715329,-2.777025146,0.3227288818,9.311686249,-0.006382004358,-0.001001534518,0.002202966716,6
40.17719729,-2.77313324,0.3308120728,9.340127106,-0.006156974938,0.004938963335,0.0002093727235,6
40.19724229,-2.785108337,0.3538641357,9.334738312,0.00183037133,0.007029328495,0.001645131502,6
40.21728629,-2.772833862,0.3646417236,9.31737442,-0.001573004993,0.005656304769,-0.001439089421,6
40.23733029,-2.781964874,0.3520678711,9.32321228,-0.006387603935,0.002073402051,-0.002027150011,6
40.25737429,-2.792443085,0.3522175598,9.335636444,-0.001481521875,0.005884334911,-0.001477788202,6
40.27741829,-2.775528259,0.3442840576,9.329349518,-0.002752819564,0.006336371414,-0.001456008758,6
40.29746229,-2.789000244,0.3399430847,9.321715393,-0.006241171621,0.004313332494,-0.002181706252,6
40.31750629,-2.793490906,0.3444337463,9.325307922,-0.007714657579,0.003191663418,-0.0007994326297,6
40.33755029,-2.799478455,0.3330574036,9.308692474,-0.005844557658,0.001432800433,-0.0008658217266,6
40.35759529,-2.783461761,0.3203338623,9.329199829,-0.002649516566,0.00326878787,-0.001774446806,6
40.37763929,-2.766846313,0.3330574036,9.32905014,0.0008218048606,0.004721011966,-0.00320494175,6
40.39768329,-2.774779816,0.3409909058,9.355095978,0.003179447027,0.002168683801,-0.002105319174,6
40.41772729,-2.77433075,0.3531156921,9.358838196,0.002183506498,0.0007320179138,0.0008539062692,6
40.43777129,-2.77193573,0.3704795837,9.341623993,0.0008682188345,0.001739762491,0.0006235876353,6
40.45781529,-2.779569855,0.3555107117,9.326505432,-0.001334714005,0.002928169677,0.0004194653593,6
40.47785929,-2.761307831,0.3403921509,9.308393097,-0.003336331807,0.003008762607,0.0003626425751,6
40.49790329,-2.774181061,0.3448828125,9.322613525,-0.004281876609,0.002661855891,0.0006824746961,6
40.51794829,-2.789000244,0.3300636292,9.308093719,0.0007244080771,0.002094229218,-0.001231570495,6
40.53799229,-2.806364136,0.3158432007,9.310638428,0.004712211899,0.003143082373,0.0008569773054,6
40.55803629,-2.796185303,0.3402424622,9.331594849,0.005866194144,0.00362841459,0.001553899376,6
40.57808029,-2.800226898,0.3682342529,9.325158234,0.002628890099,0.002259653993,0.001853944967,6
40.59812429,-2.786904602,0.3412902832,9.322014771,-0.001531227492,0.002044154564,9.967456572e-05,6
40.61816829,-2.804118805,0.3345542908,9.326505432,-0.001474270131,0.001019265968,-0.001941783121,6
40.63821229,-2.781665497,0.3403921509,9.348659363,0.001615816262,0.0006715725176,-0.001361594535,6
40.65825629,-2.787653046,0.3519181824,9.322314148,0.004853933118,-0.001267856918,-0.000633842079,6
40.67830029,-2.78480896,0.3531156921,9.321565704,0.003321461845,-0.001895180438,0.002220842056,6
40.69834529,-2.788700867,0.3348536682,9.339528351,0.003813012969,-0.003130740486,0.001969853416,6
40.71838929,-2.783461761,0.3414399719,9.348509674,0.00478846021,-0.006037257146,0.001695784973,6
40.73843329,-2.788401489,0.3565585327,9.327253876,0.005418687128,-0.001771241892,0.0007556101773,6
40.75847729,-2.800077209,0.3351530457,9.318272552,0.001802947605,-0.003742675297,-3.591249697e-05,6
40.77852129,-2.804118805,0.3320095825,9.333391113,0.0004770003725,-0.004401220474,-0.00051915925,6
40.79856529,-2.794239349,0.3616479492,9.333840179,0.002374209464,0.001257042401,0.0002632362302,6
40.81860929,-2.780318298,0.3852987671,9.316925354,0.004239316564,0.004038812593,-0.0007149814628,6
40.83865329,-2.787653046,0.362845459,9.389674072,0.01262541302,0.003125024959,0.0006902778987,6
40.85869729,-2.758463745,0.3445834351,9.302255859,0.01459004078,-0.01161940023,-0.0001214693766,6
40.87874229,-2.779420166,0.365539856,9.325307922,0.007557342295,-0.009773888625,0.003055254696,6
40.89878629,-2.786305847,0.3450325012,9.309291229,0.003682763549,0.0004028030671,0.003382601077,6
40.91883029,-2.789000244,0.3275189209,9.29746582,-0.004740342498,-0.006848712917,-0.001257977914,6
40.93887429,-2.784659271,0.347277832,9.328002319,-0.01097280253,-0.005586753134,-0.003420939436,6
40.95891829,-2.791994019,0.3617976379,9.326056366,-0.001375227934,0.003941397648,-0.001542280894,6
40.97896179,-2.779569855,0.3555107117,9.316326599,0.002110645408,0.006820800249,-0.001618794398,6
40.99900579,-2.784509583,0.3544628906,9.328750763,-0.002174386987,-5.126046017e-05,-0.002868347568,6
41.01904979,-2.775079193,0.3791615295,9.343569946,-0.004793702159,0.002591120545,-0.001731453463,6
41.03909379,-2.784509583,0.369282074,9.314680023,-0.003786713351,0.003330684267,0.001355080516,6
41.05913879,-2.770438843,0.3474275208,9.303004303,-0.009423532523,0.006373235025,0.0004858896136,6
41.07918279,-2.792143707,0.3445834351,9.321416016,-0.01135785505,0.005971686915,-0.0007073490415,6
41.09922679,-2.806663513,0.3203338623,9.310488739,-0.004931121599,0.007215433754,5.294848233e-05,6
41.11927079,-2.807411957,0.3335064697,9.319470062,0.003118993249,0.006585003808,-0.0006385918241,6
41.13931479,-2.801125031,0.3498225403,9.337881775,0.007139669731,0.008899781853,-0.0001525825355,6
41.15935879,-2.790946198,0.3611988831,9.3256073,0.004186824895,0.009695744142,-0.0009462127928,6
41.17940279,-2.796035614,0.3659889221,9.325307922,-0.001729735639,0.005602356978,-0.001620355062,6
41.19944679,-2.795736237,0.3550616455,9.332343292,-0.00291830441,0.002615089063,1.844018698e-07,6
41.21949079,-2.805316315,0.3532653809,9.312584381,-0.0005545848981,0.005823084153,0.0006312433397,6
41.23953579,-2.804268494,0.3366499329,9.304052124,-0.0005749482661,0.003328338033,0.0004213304492,6
41.25957979,-2.804268494,0.3399430847,9.317673798,-5.841092207e-05,0.003946243785,-0.0005660993047,6
41.27962379,-2.813848572,0.3573069763,9.319619751,0.0008215385024,0.002548139077,-0.0007264963351,6
41.29966779,-2.79768219,0.3367996216,9.318122864,0.002050621668,0.002166080056,-0.003007948166,6
41.31971179,-2.799029388,0.3541635132,9.3455159,0.003193739103,0.0008255031426,-0.001992443344,6
41.33975579,-2.803819427,0.3475772095,9.344617767,-0.0001132844482,0.0007536548655,-0.0009975016583,6
41.35979979,-2.797233124,0.3517684937,9.330846405,0.0007594868075,0.001772360178,-0.00210233964,6
41.37984379,-2.782114563,0.3541635132,9.331744537,0.001727914554,0.002076807199,-0.0004642284475,6
41.39988779,-2.789598999,0.3606001282,9.322014771,0.001574134687,-0.0001785713248,-0.0009983717464,6
41.41993279,-2.799777832,0.3471281433,9.315278778,0.003191206139,-0.0004898947664,0.001596561866,6
41.43997679,-2.800825653,0.3514691162,9.317524109,0.005672670901,-0.0003161998466,0.001092092018,6
41.46002079,-2.811154175,0.3444337463,9.325457611,0.006320577115,0.0006526031066,0.002219741233,6
41.48006479,-2.811303864,0.356408844,9.324709167,0.006090288516,0.0009318618104,0.0003788265167,6
41.50010879,-2.811154175,0.3722758484,9.340426483,0.007269618567,-0.003126420081,-0.0008069055621,6
41.52015279,-2.820135498,0.3606001282,9.320368195,0.003139568027,-0.004839304835,4.327297211e-05,6
41.54019679,-2.80352005,0.3505709839,9.321565704,0.0004218323156,-0.003987153526,-0.0003789428156,6
41.56024079,-2.798580322,0.3541635132,9.328601074,7.715099491e-05,-0.00555623183,-0.001226908993,6
41.58028479,-2.803370361,0.3496728516,9.316925354,0.005229302682,-0.004669398535,-0.00041150162,6
41.60032979,-2.809806976,0.3438349915,9.314680023,0.00681391079,-0.004589614924,-0.0002863719128,6
41.62037379,-2.789299622,0.3486250305,9.309889984,0.00443176087,-0.003736867104,0.0005586745683,6
41.64041779,-2.787203979,0.3579057312,9.328301697,-0.001043097815,-0.001849008724,-0.001439308515,6
41.66046179,-2.794089661,0.3673361206,9.313781891,-0.005791008472,0.002275540028,-0.003768095979,6
41.68050579,-2.800226898,0.3586541748,9.289981384,-0.02860315517,0.002170823049,-0.008646534756,6
41.70054979,-2.828218689,0.3682342529,9.360484772,-0.05421035364,-0.009712198749,-0.0190206226,6
41.72059379,-2.855312347,0.3531156921,9.366472321,-0.04977509379,-0.003386820666,-0.01619327068,6
41.74063779,-2.801574097,0.2950364685,9.30450119,-0.02273327298,0.01339146867,-0.01353418361,6
41.76068179,-2.756966858,0.3032693481,9.311087494,0.004759520758,0.008524700068,-0.006796572357,6
41.78072579,-2.776725769,0.3186872864,9.332492981,0.009270219132,-0.009698729962,0.002162727294,6
41.80077079,-2.78361145,0.3230282593,9.334588623,0.007430589758,-0.008656259626,0.005034067668,6
41.82081479,-2.786305847,0.3456312561,9.323661346,0.009849170223,-0.0027209213,0.003820039798,6
41.84085879,-2.794239349,0.3583547974,9.324260101,0.003312748624,-0.00267639244,-0.0005154935643,6
41.86090279,-2.816542969,0.3135978699,9.327553253,-0.003483829554,-0.009061427787,-0.002629009075,6
41.88094679,-2.81175293,0.2793191528,9.344168701,-0.004387364723,-0.004703272134,-0.003603491001,6
41.90099079,-2.793341217,0.342487793,9.314380646,0.004045595415,-0.0002398197539,-0.003875067458,6
41.92103479,-2.777324524,0.397124176,9.29282547,0.006577435881,0.001813588548,-0.001686139032,6
41.94107879,-2.783012695,0.3406915283,9.374405823,0.01040493045,-0.0008200113662,-0.0004672103096,6
41.96112279,-2.781515808,0.3179388428,9.385931854,0.02550888434,-0.001478030346,0.00691762846,6
41.98116854,-2.783012695,0.3520678711,9.29162796,0.01082437206,-0.01365852728,0.005740134045,6
42.00121254,-2.804118805,0.3415896606,9.315727844,0.007741530426,-0.005233513191,0.005876895972,6
42.02125654,-2.799777832,0.3183879089,9.275910645,0.005541261286,-0.001453849953,0.003069000784,6
42.04130054,-2.81055542,0.3248245239,9.300459595,0.0003769889008,-0.003870289307,-0.002505562734,6
42.06134454,-2.799179077,0.3614982605,9.332043915,0.003728385549,0.0008335453458,-0.00459990371,6
42.08138854,-2.796634369,0.3652404785,9.336684265,0.005955320783,0.006975593977,-0.002252327278,6
42.10143254,-2.780617676,0.3873944092,9.329948273,0.006166093051,0.001602879958,-0.00194333843,6
42.12147654,-2.797083435,0.3836521912,9.341025238,0.00364939915,-0.0003614169545,-0.0003304793499,6
42.14152054,-2.779719543,0.3417393494,9.332792358,-0.0008421451785,0.004598290659,0.0002314338926,6
42.16156454,-2.787653046,0.3412902832,9.302555237,-0.004072046839,0.00619837828,-0.001682020258,6
42.18160954,-2.787952423,0.3415896606,9.29162796,-0.008657744154,0.007945944555,-0.003117996734,6
42.20165354,-2.791994019,0.3275189209,9.306746521,-0.002275253413,0.01095366385,-0.001509540481,6
42.22169754,-2.794987793,0.3308120728,9.318122864,0.007134125568,0.008323833346,-0.0007441896014,6
42.24174154,-2.783761139,0.3400927734,9.347162476,0.01039644238,0.00511361612,0.001817657496,6
42.26178554,-2.812950439,0.3604504395,9.340725861,0.005837861914,0.005557294935,0.0003424878232,6
42.28182954,-2.815345459,0.3433859253,9.342971191,-0.002464952413,0.001594408415,-0.0006742936093,6
42.30187354,-2.800675964,0.3417393494,9.339827728,-0.003275420517,-2.500344999e-05,-0.002614690224,6
42.32191754,-2.794838104,0.3562591553,9.350305939,0.001555205323,0.001935773063,-0.002613811521,6
42.34196154,-2.799478455,0.3549119568,9.301507416,0.004741958342,0.002782290336,-9.855348617e-05,6
42.36200554,-2.796634369,0.3686833191,9.292376404,0.004388965666,0.0005330881104,-0.001723095076,6
42.38205054,-2.808310089,0.3606001282,9.304351501,0.002263230737,1.909793355e-05,-0.0001896468457,6
42.40209454,-2.834804993,0.3603007507,9.32905014,0.004929314367,-0.0007872562855,0.002189137274,6
42.42213854,-2.821632385,0.3543132019,9.325457611,0.004830784164,0.001298214309,0.003111074911,6
42.44218254,-2.819087677,0.3417393494,9.31976944,0.002023820067,0.004091020208,0.0009474740364,6
42.46222654,-2.804867249,0.3471281433,9.335037689,0.0006056868006,0.003432686906,-0.0003385664895,6
42.48227054,-2.792143707,0.3385958862,9.334738312,0.001249155262,0.003875573399,-0.000634665601,6
42.50231454,-2.792293396,0.3573069763,9.317973175,0.002353485208,0.001470897114,-0.000271596713,6
42.52235854,-2.799927521,0.3531156921,9.314081268,0.003292332403,0.001019599615,0.0007981150411,6
42.54240254,-2.809058533,0.356408844,9.293573914,0.00272722845,-0.0006792899221,0.001972808968,6
42.56244754,-2.825973358,0.3357518005,9.316027222,0.003841945669,-0.001218688674,0.001618421869,6
42.58249154,-2.818937988,0.3685336304,9.319919128,0.004872588906,-0.00084717758,0.002635216806,6
42.60253554,-2.825075226,0.3776646423,9.320817261,0.004240122624,-0.00057037035,0.001371955033,6
42.62257954,-2.820135498,0.3514691162,9.323811035,0.002933964832,8.173496462e-05,0.0004387969384,6
42.64262354,-2.821183319,0.3594026184,9.325158234,0.00155349134,-0.0006125532091,0.0001735817641,6
42.66266754,-2.809058533,0.3620970154,9.332043915,0.003946273588,-0.0008268812671,-5.989009514e-05,6
42.68271154,-2.787653046,0.3751199341,9.32321228,0.003964731935,-0.003211633768,0.001737062819,6
42.70275554,-2.80232254,0.3806584167,9.317524109,0.001149838208,-0.002887050621,0.001373044681,6
42.72279954,-2.803220673,0.3582051086,9.33024765,0.002438214142,-0.003970328253,0.001538867597,6
42.74284354,-2.791994019,0.3632945251,9.321865082,0.003286369145,-0.005096305627,0.002595554339,6
42.76288854,-2.806962891,0.3562591553,9.311835938,0.00110879913,-0.002270950936,0.003002445446,6
42.78293254,-2.802472229,0.3381468201,9.303752747,-0.001880366588,-0.0008752937429,-0.00121143111,6
42.80297654,-2.808609467,0.3444337463,9.29522049,-0.0006577244494,0.000964253908,-0.0005160223227,6
42.82302054,-2.803669739,0.3724255371,9.31737442,-0.00294393138,0.001771938056,-0.001731257653,6
42.84306454,-2.801274719,0.4113446045,9.322164459,-0.0009680765215,0.001404373208,-0.001457046019,6
42.86310854,-2.802472229,0.3860472107,9.364975433,0.002695713891,0.0002940371633,-0.001989867073,6
42.88315254,-2.795586548,0.338745575,9.343420258,0.009636109695,-0.001097674482,0.004183256533,6
42.90319654,-2.787203979,0.3785627747,9.30330368,0.002705731895,-0.008131986484,0.003533343086,6
42.92324054,-2.809507599,0.3546125793,9.32321228,0.003543835832,-0.003782562912,0.004003044683,6
42.94328454,-2.813549194,0.3459306335,9.286837921,-0.003561983351,0.0006424349267,0.002487360267,6
42.96332954,-2.79648468,0.3481759644,9.296268311,-0.006919648498,0.0002038162202,-0.001759803621,6
42.98337342,-2.81399826,0.37676651,9.324110413,-0.002770259744,0.0002910592593,-0.002178610535,6
43.00341742,-2.801274719,0.3830534363,9.311237183,0.001090340666,0.004393767565,-0.001736053731,6
43.02346142,-2.796334991,0.3694317627,9.326206055,-0.0007539659273,0.001585520222,0.0003636693582,6
43.04350542,-2.804268494,0.385897522,9.336684265,-0.0008576936089,0.001416031271,0.0001297998242,6
43.06354942,-2.792143707,0.3695814514,9.328152008,-0.005573551171,0.003152888268,0.001101579284,6
43.08359342,-2.806813202,0.3588038635,9.302405548,-0.009865663946,0.004515850451,0.0007801267784,6
43.10363742,-2.79648468,0.3608995056,9.285640411,-0.01136690192,0.007964479737,-0.0008377081249,6
43.12368142,-2.822979584,0.3429368591,9.299561462,-0.006293348968,0.009671727195,-0.001282673096,6
43.14372542,-2.811902618,0.3465293884,9.306746521,0.001278108568,0.01050455496,-0.001915064175,6
43.16376942,-2.826422424,0.3617976379,9.333989868,0.006696493365,0.01001149602,0.001128476346,6
43.18381442,-2.812950439,0.3611988831,9.339079285,0.003188678995,0.009094618261,0.002414942952,6
43.20385842,-2.81399826,0.3558100891,9.362730103,-0.001522404142,0.004259919282,0.000613189186,6
43.22390242,-2.824775848,0.3751199341,9.343569946,-0.003825970693,0.005017266143,0.0004027156392,6
43.24394642,-2.834056549,0.3556604004,9.314081268,-0.004642987624,0.005347818602,-0.0009408351034,6
43.26399042,-2.804268494,0.3532653809,9.302854614,-0.001311099157,0.00500581786,-0.001134821912,6
43.28403442,-2.817890167,0.3585044861,9.29522049,-0.000878110528,0.005801515654,-0.0005719226319,6
43.30407842,-2.815046082,0.3685336304,9.302704926,0.0033803517,0.00386827183,0.002735474845,6
43.32412242,-2.829865265,0.3671864319,9.312285004,0.004152367823,0.004037276842,0.00289938366,6
43.34416642,-2.826572113,0.3532653809,9.316775665,0.00480450131,0.005509845912,0.001629885752,6
43.36421042,-2.837349701,0.3656895447,9.333690491,0.001832406386,0.003495214973,0.0006530870451,6
43.38425542,-2.829116821,0.3553610229,9.346414032,0.001536604133,0.002826921409,-0.000596209662,6
43.40429942,-2.838996277,0.3622467041,9.337881775,0.002261898946,0.001049475046,0.001776756137,6
43.42434342,-2.820734253,0.3513194275,9.314380646,0.001498487429,-0.0005846931599,0.0007187313167,6
43.44438742,-2.809208221,0.3549119568,9.312285004,0.0009375654627,-0.001912540756,0.0001659931149,6
43.46443142,-2.819686432,0.3583547974,9.312434692,0.001913257409,-0.003073736094,-0.0008593059611,6
43.48447542,-2.82223114,0.3752696228,9.305399323,0.004120253026,-0.001714619808,0.001168129384,6
43.50451942,-2.833158417,0.3640429688,9.31393158,0.007105198689,-0.002317400184,0.00324560795,6
43.52456342,-2.833457794,0.3616479492,9.326355743,0.005129782483,-0.001805592794,0.002016252372,6
43.54460742,-2.851420441,0.3682342529,9.307494965,0.00250901375,0.0001414471772,0.002412782982,6
43.56465142,-2.820285187,0.3585044861,9.320218506,0.002632030286,0.0003205640242,0.0006353814388,6
43.58469542,-2.835703125,0.3561094666,9.305848389,0.001714312239,-0.0005021370016,0.001250342466,6
43.60474042,-2.811154175,0.3656895447,9.298962708,0.002465263242,-0.0006432794034,0.0002392290626,6
43.62478442,-2.836750946,0.3478765869,9.319619751,0.004556992091,-0.003373976797,0.0006557458546,6
43.64482842,-2.819985809,0.3870950317,9.310638428,0.004945273511,-0.003659682814,-0.0004523156676,6
43.66487242,-2.837349701,0.3947291565,9.307794342,0.004053865094,-0.002678576857,0.002390691312,6
43.68491642,-2.839295654,0.3649411011,9.310488739,0.0003285831772,-0.003809402231,0.0001596966758,6
43.70496042,-2.825973358,0.3573069763,9.31393158,-0.0004854851868,-0.004517274443,-0.0004615369253,6
43.72500442,-2.820434875,0.3844006348,9.308542786,-0.000365705695,-0.005435434636,7.290137e-05,6
43.74504842,-2.823278961,0.3815565491,9.306447144,0.001804319909,-0.000789441634,-0.0006638395134,6
43.76509242,-2.82342865,0.3373983765,9.283694458,-0.00262952107,-0.002541848924,-0.0001890012063,6
43.78513642,-2.829565887,0.3495231628,9.319170685,-0.001228132052,-0.001100440975,-0.0006247379351,6
43.80518042,-2.822829895,0.3818559265,9.313632202,0.001123315771,-0.001729642507,-0.001218079356,6
43.82522542,-2.813698883,0.4065545654,9.318272552,-0.0009035035037,0.001793889562,-0.002746327315,6
43.84526942,-2.826572113,0.3891906738,9.378746796,0.001185941044,-0.00094981445,-0.002004038077,6
43.86531342,-2.805765381,0.3793112183,9.308842163,0.010280733,-0.004323767032,0.002713215537,6
43.88535742,-2.82103363,0.3989204407,9.313482513,0.0006511030952,-0.01020046324,0.001110695302,6
43.90540142,-2.827470245,0.3643423462,9.293124847,0.002094941447,-0.002262585796,0.003236907069,6
43.92544542,-2.810256042,0.3423381042,9.291178894,-0.00152060762,-0.001670086756,7.559172809e-05,6
43.94548942,-2.824326782,0.3555107117,9.295519867,-0.004982574377,-0.001619115938,-0.005225418601,6
43.96553271,-2.83974472,0.37676651,9.327104187,-0.001294171205,0.001954686828,-0.003255152376,6
43.98557671,-2.824476471,0.3882925415,9.30105835,4.595797509e-05,0.00461560674,-0.001672819955,6
44.00562071,-2.812052307,0.3715274048,9.309440918,-0.001546386862,0.001738540013,-0.003600753145,6
44.02566471,-2.809058533,0.3713777161,9.318721619,-0.003707212396,0.001410605619,-0.004755553324,6
44.04570871,-2.822081451,0.3754193115,9.317823486,-0.001555236522,0.004501308315,-0.003689236706,6
44.06575371,-2.817141724,0.3713777161,9.296417999,-0.007095660549,0.001393562416,0.0005573418457,6
44.08579771,-2.833457794,0.3715274048,9.283245392,-0.01176343206,0.002819150453,-0.0009505839553,6
44.10584171,-2.820135498,0.3562591553,9.308542786,-0.003737219609,0.006986350752,-0.001417555846,6
44.12588571,-2.823578339,0.3534150696,9.315278778,0.002539059147,0.005855788942,-0.002886870643,6
44.14592971,-2.801424408,0.3758683777,9.341474304,0.003660639981,0.006605098955,-0.003337197471,6
44.16597371,-2.798131256,0.3700305176,9.335486755,0.005087527912,0.004811353981,-0.00199670461,6
44.18601771,-2.817141724,0.3594026184,9.331594849,0.001219305792,0.000801373506,0.0009354091017,4
44.20606171,-2.83166153,0.3713777161,9.323811035,-0.000534937717,0.001294649905,-0.000763394637,4
44.22610571,-2.83510437,0.3755690002,9.315877533,-0.0004698403645,0.002201403724,-0.0003566679079,4
44.24614971,-2.827021179,0.3656895447,9.298064575,-0.001455368008,0.002623779699,-0.001777353464,4
44.26619371,-2.840493164,0.3691323853,9.298064575,0.0007180045359,0.001025777776,-0.0008560416754,4
44.28623871,-2.834206238,0.3603007507,9.299711151,0.003545407439,0.001053847605,0.000464118435,4
44.30628271,-2.854713593,0.3718267822,9.306147766,0.004776736721,0.003308266168,-7.589580491e-06,4
44.32632671,-2.841840363,0.3620970154,9.319919128,0.00136193505,0.001950579695,-0.0006907791831,4
44.34637071,-2.829116821,0.3629951477,9.330846405,0.002076018136,0.0002320997883,-0.001552174101,4
44.36641471,-2.824177094,0.3607498169,9.336235199,0.001836982323,0.001327139093,-0.002525497228,4
44.38645871,-2.829865265,0.3712280273,9.318422241,0.003069084371,-0.0002295826562,-0.001877536997,4
44.40650271,-2.82462616,0.3799099731,9.312135315,0.004469100386,-0.0008236821741,-0.0008660196327,4
44.42654671,-2.843786316,0.3707789612,9.317224731,0.004357296973,-0.004801377654,-0.0009184398223,4
44.44659071,-2.826123047,0.3594026184,9.307345276,0.002298857085,-0.00538631482,-0.001238737954,4
44.46663471,-2.839295654,0.347277832,9.362730103,0.005127775483,-0.005426796153,0.0003843036247,4
44.48667871,-2.860401764,0.2644999695,9.439520416,0.01564775407,0.002266222145,0.004382429644,4
44.50672271,-2.820584564,0.22348526,9.571845245,0.02997152321,0.02430435829,0.00215726532,4
44.52676771,-2.831811218,0.3867956543,9.697434082,0.04543079808,0.04286206514,-0.003605925944,4
44.54681171,-2.894231415,0.6671626282,9.802216187,0.03334305808,0.02814181708,-0.006694207899,4
44.56685571,-2.89363266,0.8042774963,9.809401245,-0.01464677043,0.0009255870245,-0.03117875941,4
44.58689971,-2.936593323,1.152752838,8.636290741,-0.2431478947,0.08967851847,-0.1184245944,4
44.60694371,-2.981799316,1.601669312,8.184380493,-0.7226342559,0.5039614439,-0.2737343013,4
44.62698771,-2.710263977,1.807940369,9.964628448,-0.9063006043,0.8959061503,-0.5501205325,4
44.64703171,-2.619702301,1.126407623,10.82249451,-1.074937224,1.421884298,-0.9327915907,4
44.66707571,-3.306324463,0.2402503967,8.7522995,-1.19822669,1.271005511,-1.299817443,4
44.68711971,-4.091890869,-0.9120533752,4.21583313,-0.7884435654,-0.7895169854,-1.525836945,4
44.70716371,-3.842060394,-1.343905334,5.176834717,-0.3596735597,-1.94088459,-1.531526923,4
44.72720771,-2.936144257,-2.267035675,15.87433914,-0.9022413492,0.6125007868,-1.416709065,4
44.74725171,-2.545456696,-0.9509724426,11.30823441,-0.2534470856,0.1609295458,-1.306656718,4
44.76729671,-3.831731873,-0.2640509033,6.306086426,-0.513551414,-0.6625185609,-1.375955462,4
44.78734071,-5.035528564,-0.370329895,9.071136475,-0.3809986115,-0.6039307714,-1.218758941,4
44.80738471,-3.516487427,-0.9728269958,10.55709641,-0.02444687113,-0.006482096389,-1.145110369,4
44.82742871,-3.223396912,-1.269659729,8.713380432,0.1664425582,-0.0439427048,-1.217431545,4
44.84747271,-4.251459045,-1.336720276,8.135432281,-0.02648626268,-0.3453272879,-1.20089829,4
44.86751671,-4.750371552,-1.673968964,8.749754791,-0.3482419252,-0.4528964162,-1.093160868,4
44.88756071,-4.152365112,-2.17991684,8.217012634,-0.554854691,-0.6182703972,-1.130432725,4
44.90760471,-3.36634964,-2.655178528,8.651409302,-0.6097915769,-0.5536279082,-1.228668213,4
44.92764871,-2.801274719,-2.651885376,8.600664825,-0.5938764811,-0.246247068,-1.350958586,4
44.94769271,-3.181184692,-2.553689575,7.991132355,-0.6566340327,-0.1071204022,-1.328543544,4
44.96773717,-2.854563904,-2.516117706,7.663613434,-0.8619467616,-0.08743703365,-1.305636764,4
44.98778117,-2.374362488,-2.348765717,7.558531952,-0.9965319633,-0.2759916484,-1.330751896,4
45.00782617,-1.914069672,-2.415975952,5.981411591,-1.217995167,-0.4639019966,-1.42259872,4
45.02787017,-2.174827423,-2.62568985,4.935087433,-1.091770411,-0.970001936,-1.37804389,4
45.04791417,-2.071991272,-3.854035492,4.988526306,-0.419592768,-1.0449121,-0.9959123731,4
45.06795817,-1.052760773,-5.757626953,5.187911682,0.08675055951,-0.3201879263,-0.5261800885,4
45.08800217,0.5589376831,-6.136938171,7.777227173,0.05798251182,0.5138100386,-0.3704200089,4
45.10804617,1.085243225,-4.741539917,10.58883041,-0.03846305981,0.264624685,-0.2557249069,4
45.12809017,2.820883942,-3.186573486,10.01731888,-0.3978742957,-0.8563816547,-0.1482185572,4
45.14813417,3.153192902,-3.413501587,10.69974976,-0.1503868848,-1.214289069,-0.02933482453,4
45.16817817,3.499123535,-4.40653656,11.95653625,0.4911212623,-0.2419530004,-0.01238240395,4
45.18822217,3.914360046,-5.75448349,10.776091,0.6934119463,0.1186432242,-0.165506646,4
45.20826617,2.559826813,-6.678661652,10.43809387,0.4569267035,-0.4535830021,-0.2649799287,4
45.22831017,1.029858398,-5.985303497,11.37245087,0.3374226689,-0.2465313375,-0.2011141926,4
45.24835417,-0.1158590698,-5.639223175,11.04792572,0.4023726285,0.352374047,-0.02030459419,4
45.26839817,0.1172062683,-5.829926605,11.88588318,0.432485342,0.9450300336,0.2795248926,4
45.28844317,0.3348536682,-5.419929199,10.60544586,0.3716959357,1.357222915,0.6777642965,4
45.30848717,0.5905220032,-4.374203796,9.62273941,0.4481656849,1.329636574,0.9890187979,4
45.32853117,0.2032772827,-2.791994019,9.370513916,0.4035292268,1.620343447,1.111238241,4
45.34857517,-1.235530701,-1.491648102,8.168812866,0.2760533988,1.888953924,1.036930323,4
45.36861917,-3.946243744,-0.7231462097,8.419691162,0.1006349772,1.689905763,0.985683322,4
45.38866317,-6.58869873,-0.08487350464,7.259902954,-0.01143818535,1.523643255,0.7917180061,4
45.40870717,-6.878196716,-0.3203338623,8.274343414,-0.02041978016,1.57207191,0.3400086164,4
45.42875117,-5.981561279,-1.057850189,7.612120514,-0.02359336801,1.56942749,-0.2788558304,4
45.44879517,-5.03717514,-2.186503143,7.008126526,0.01785511896,1.080996513,-0.7474014163,4
45.46883917,-3.315305786,-2.413431244,9.464967499,0.1819459498,0.7717675567,-0.7846302986,4
45.48888317,-2.890189819,-1.698817291,9.863738251,0.4429937899,0.9480959773,-0.5830101371,4
45.50892717,-4.505780182,-0.8035290527,6.436465302,0.6470097899,0.7864041924,-1.131917715,4
45.52897117,-5.365143127,-4.550237732,4.630321198,1.249227285,-0.8255121708,-2.189717054,4
45.54901617,-2.067201233,-3.461401978,11.5140564,1.98563242,-1.105076075,-3.126694918,4
45.56906017,-0.6957531738,-1.414558411,16.25365036,1.121963024,0.1761197895,-3.294094801,4
45.58910417,-0.5812413025,-1.913470917,11.40298737,0.7294816971,-0.6876732111,-2.479026556,4
45.60914817,-1.808688812,-2.884950714,5.451812897,0.6261941195,-0.5772453547,-2.655323505,4
45.62919217,-0.649050293,-3.196452942,8.887618103,0.6940712333,0.2290050834,-2.979659796,4
45.64923617,-0.6008505249,-1.984573059,8.936266937,0.7730103135,0.03561699763,-2.598196268,4
45.66928017,-3.106340332,-1.752705231,9.982740784,0.6567897797,-0.2752352357,-2.340647221,4
45.68932417,-3.394940186,-3.961661682,9.987231445,0.3745728433,0.3440075219,-2.46895504,4
45.70936817,-2.728076935,-4.020938416,9.185947723,0.02391594276,0.8084362745,-2.666317701,4
45.72941217,0.2404000854,-1.847757568,8.539891205,0.1645219475,1.078637362,-2.473381042,4
45.74945617,-0.460891571,-1.822011108,9.347611542,0.4025920928,1.047944188,-2.404633045,4
45.76950017,-0.3918850708,-1.566642151,9.085356903,0.550218761,1.150766015,-2.323165894,4
45.78954417,-1.196761322,-1.821262665,9.867181091,0.5346628428,1.451810241,-2.307782173,4
45.80958817,-1.806892548,-2.116748199,10.52221893,0.5664237142,1.873274207,-2.017133236,4
45.82963317,-2.145787811,-2.838397522,9.804311829,0.6464030147,2.030525446,-1.625529408,4
45.84967717,-2.146685944,-3.045267334,9.507030029,0.6296456456,1.987717271,-1.292435288,4
45.86972117,-3.76182724,-3.735332336,9.071136475,0.5343722701,1.84390831,-0.8417345881,4
45.88976517,-4.318220215,-3.923491058,8.223748627,0.4217541516,1.837074876,-0.4538242221,4
45.90980917,-2.836451569,-3.961511993,8.327632599,0.3647100031,1.958588719,-0.352756083,4
45.92985317,-2.006128235,-4.756658478,8.408614197,0.33211568,1.80302453,-0.2665278018,4
45.94989717,-1.777852936,-4.476291504,8.361312561,0.4305976033,1.524127841,-0.1603420973,4
45.96994171,-2.521656189,-3.634591827,6.750661926,0.4130194485,1.385530949,-0.209028855,4
45.98998571,-4.30714325,-3.392395477,6.862778778,0.4250387251,1.394340158,-0.3164798319,4
46.01002971,-5.570066986,-3.98067215,7.355254669,0.4561154246,1.186504483,-0.4019227922,4
46.03007371,-6.824458466,-4.193679199,6.938521271,0.5941694379,0.7549263239,-0.3458923101,4
46.05011771,-8.084238739,-3.064726868,6.194867706,0.7163420916,0.4799073637,-0.2303002477,4
46.07016171,-8.534801788,-2.247276764,5.905818787,0.6976199746,0.2073377371,-0.1457217634,4
46.09020671,-7.688012695,-1.927990723,5.87498291,0.6145365834,0.08273822069,-0.1824541092,4
46.11025071,-7.018455048,-2.205214233,6.512956238,0.4687032402,-0.3761951625,-0.2652660906,4
46.13029471,-6.316414948,-2.631378021,7.862400055,0.4867801964,-0.7474466562,-0.2169663906,4
46.15033871,-5.851032715,-2.578238525,7.612719269,0.4706574976,-0.8197741508,-0.1810363382,4
46.17038271,-5.286706238,-2.136956177,7.017706604,0.385047704,-0.7092002034,-0.1414948404,4
46.19042671,-4.713248749,-1.946103058,6.61444519,0.3170819283,-0.8496804237,-0.1766761541,4
46.21047071,-4.183949432,-2.036664734,6.356381836,0.2849229276,-1.005836129,-0.2953070104,4
46.23051471,-4.129462738,-2.287393341,7.204069061,0.1892551929,-1.272392273,-0.3103965521,4
46.25055871,-3.782035217,-2.834655304,9.580527191,0.1926241964,-1.270870209,-0.2940999269,4
46.27060271,-2.814746704,-2.871329041,11.15420471,0.1288051754,-0.9338443875,-0.3834435046,4
46.29064671,-2.915786591,-2.780767365,11.20584732,0.1321734041,-0.5168364048,-0.3350118697,4
46.31069071,-2.920726318,-2.397863617,9.877060547,0.2123358399,-0.3558855951,-0.1719222963,4
46.33073471,-1.908980255,-1.815424805,9.621841278,0.2996585965,-0.2861307859,-0.1596088558,4
46.35077871,-2.432741089,-1.328786774,9.943971405,0.3279916346,-0.1593858898,-0.2310468853,4
46.37082271,-2.723586273,-0.8220904541,9.883048096,0.259460479,-0.0731465593,-0.2922441959,4
46.39086771,-2.526895294,-0.7964936829,9.634415131,0.1320111305,0.02424668148,-0.333376646,4
46.41091171,-2.524949341,-1.099613342,8.987310791,0.08618696034,0.1549568623,-0.3791322708,4
46.43095571,-2.845582581,-1.18763031,8.467292175,0.1201773062,0.2799995244,-0.4048544765,4
46.45099971,-3.158581696,-1.238973541,8.365653534,0.138031736,0.343102783,-0.4169278741,4
46.47104371,-3.143014069,-1.14197525,8.433612213,0.1315958053,0.3553338051,-0.4300655127,4
46.49108771,-3.247347107,-1.304387512,8.332422638,0.1078773737,0.3080200255,-0.4371136725,4
46.51113171,-3.521277466,-1.553469543,8.476273499,0.1028106809,0.2859436274,-0.4241037369,4
46.53117571,-3.946094055,-1.957030334,8.644822998,0.09152406454,0.2946131825,-0.378680557,4
46.55121971,-4.379442902,-2.028581543,8.640781403,0.07617963105,0.2687101662,-0.3137925565,4
46.57126371,-4.614753571,-2.053429871,8.575068054,0.05814843252,0.1877125651,-0.2597420216,4
46.59130771,-4.979095917,-1.994751892,8.529712372,0.03111629002,0.06899812073,-0.2421226054,4
46.61135171,-4.847070465,-2.098486176,8.534053345,0.0009382383432,-0.02474349737,-0.1911194772,4
46.63139571,-4.178710327,-2.154020691,8.660839691,-0.02699908428,-0.08234964311,-0.1317427456,4
46.65143971,-3.323688354,-2.257305908,8.78732666,-0.05432593077,-0.07734806091,-0.07435803115,4
46.67148371,-2.773432617,-2.261497192,8.833730164,-0.09220161289,-0.07675737888,-0.0181018766,4
46.69152871,-2.767445068,-2.124082947,8.911568298,-0.1261106879,-0.03676633537,0.03286021203,4
46.71157271,-3.119063873,-2.157014465,8.962612152,-0.1603260487,-0.003898029681,0.07957654446,4
46.73161671,-3.550766144,-2.207010498,8.890013123,-0.17844069,0.005358051509,0.1384927779,4
46.75166071,-3.774101715,-2.309547272,8.912765808,-0.1803355366,0.01802399382,0.1975171566,4
46.77170471,-3.770209808,-2.371967468,8.950936432,-0.1668512374,0.03780930862,0.2341085225,4
46.79174871,-3.68458786,-2.217488708,9.051976318,-0.1375159323,0.07446862757,0.2474929243,4
46.81179271,-3.584595795,-2.105970612,9.034163361,-0.11904376,0.1110864505,0.2545943558,4
46.83183671,-3.482508087,-2.052232361,9.045839081,-0.1111746952,0.1463940591,0.2479060143,4
46.85188071,-3.409759369,-1.988764343,8.99793869,-0.1015199721,0.1855131239,0.2263649106,4
46.87192471,-3.488196259,-1.9083815,8.879983978,-0.09317489713,0.2176204622,0.2023059577,4
46.89196871,-3.711082764,-1.957180023,8.670419769,-0.08934427798,0.2248912603,0.1864761859,4
46.91201271,-3.930227051,-2.052681427,8.470136261,-0.09741274267,0.2325403392,0.1778750271,4
46.93205671,-4.17137558,-2.045646057,8.363108826,-0.1034284532,0.2025480866,0.1754228622,4
46.95210071,-4.452341309,-2.06286026,8.255782013,-0.1152428538,0.1698741913,0.1860702783,4
46.97214404,-4.818779297,-2.198328552,8.309370575,-0.1284487993,0.1227416173,0.2010011971,4
46.99218904,-4.966821442,-2.247276764,8.338410187,-0.1418333054,0.09118827432,0.219333142,4
47.01223304,-4.870421906,-2.216291199,8.36730011,-0.1734436154,0.07737855613,0.2318320721,4
47.03227704,-4.607269135,-2.219883728,8.432564392,-0.2000139803,0.06306757778,0.2316299826,4
47.05232104,-4.34217041,-2.284399567,8.448730774,-0.193588227,0.04437096417,0.2203871161,4
47.07236504,-4.107757874,-2.326911163,8.494535522,-0.1805653721,0.04534573108,0.2097832561,4
47.09240904,-3.931424561,-2.352507935,8.540340271,-0.1696068048,0.06503272802,0.1935505122,4
47.11245304,-3.940106506,-2.351310425,8.516839142,-0.1496322006,0.06326518953,0.1807967275,4
47.13249704,-4.092489624,-2.237696686,8.436007233,-0.1264919788,0.0394567363,0.1731560826,4
47.15254104,-4.236639862,-2.202968903,8.345744934,-0.1178710535,0.04049132392,0.1623143107,4
47.17258504,-4.312532043,-2.275268555,8.362210693,-0.117493242,0.04189076275,0.1476305723,4
47.19262904,-4.406985626,-2.334844666,8.349636841,-0.1088010371,0.03528761864,0.1369582713,4
47.21267304,-4.436474304,-2.355950775,8.328381042,-0.1027152836,0.02338967472,0.1291969419,4
47.23271704,-4.386328583,-2.365830231,8.311765594,-0.09877691418,0.02240648866,0.1226073503,4
47.25276104,-4.326303406,-2.353256378,8.342002716,-0.09336221963,0.02117925324,0.1170529649,4
47.27280504,-4.264182587,-2.285746765,8.372988281,-0.08344661444,0.0277228523,0.1090832502,4
47.29285004,-4.276457062,-2.284100189,8.390202484,-0.08080528677,0.0233624056,0.09929341823,4
47.31289404,-4.290078735,-2.332749023,8.397237854,-0.07825320959,0.02115591988,0.09004046768,4
47.33293804,-4.292024689,-2.364932098,8.412805481,-0.07320793718,0.02840542234,0.07847303152,4
47.35298204,-4.271367645,-2.426154785,8.389454041,-0.0629350096,0.03362851217,0.06413926929,4
47.37302604,-4.309987335,-2.509232025,8.368198242,-0.04118146002,0.02694792487,0.05293987319,4
47.39307004,-4.478387146,-2.473007355,8.357570343,-0.008086273447,0.02020118013,0.04395055398,4
47.41311404,-4.727618866,-2.332749023,8.321345673,0.008029229939,0.01365395635,0.04158415273,4
47.43315804,-4.843178558,-2.224673767,8.301886139,0.003598544979,0.007849493995,0.04173159227,4
47.45320204,-4.766388245,-2.267185364,8.319250031,-0.01009039301,0.01530649979,0.04122467339,4
47.47324604,-4.528383179,-2.310146027,8.356372833,-0.01421701163,0.02819055691,0.03589930013,4
47.49329004,-4.34217041,-2.323318634,8.358917542,-0.007961588912,0.02876351029,0.03076608852,4
47.51333404,-4.241429901,-2.319576416,8.367449799,-0.003394749016,0.03189969808,0.03041706607,4
47.53337804,-4.244872742,-2.318079529,8.377628632,-0.001927131554,0.03775673732,0.02795325778,4
47.55342204,-4.301006012,-2.329755249,8.353079681,-0.004592289682,0.04389761388,0.0158508271,4
47.57346604,-4.371210022,-2.347867584,8.311316528,-0.0003320893738,0.03569081798,0.01117158402,4
47.59351104,-4.453688507,-2.339934082,8.262817383,0.004466445185,0.02343952842,0.006548187695,4
47.61355504,-4.532125397,-2.311642914,8.278834076,0.0143821165,0.02052235976,0.001691869926,4
47.63359904,-4.575385437,-2.282752991,8.296197968,0.01871573925,0.01543033868,-0.003741690423,4
47.65364304,-4.555027771,-2.284549255,8.270900574,0.0129669467,0.01174974628,-0.01112471707,4
47.67368704,-4.53646637,-2.298769684,8.264164581,0.005474284291,0.00335343834,-0.01195190661,4
47.69373104,-4.492906952,-2.325114899,8.277786255,0.001605709782,-0.006557195913,-0.01442147419,4
47.71377504,-4.455335083,-2.337539063,8.290809174,-0.0002011531033,-0.009582975879,-0.01607402228,4
47.73381904,-4.473297729,-2.330204315,8.33915863,0.001176792081,-0.02041868865,-0.01875776425,4
47.75386304,-4.511019287,-2.28754303,8.34499649,0.004704381339,-0.03318576887,-0.01881070994,4
47.77390704,-4.531676331,-2.272125092,8.31460968,-0.009543430991,-0.01930398867,-0.02252832241,4
47.79395104,-4.456532593,-2.35190918,8.384963379,-0.01938454248,0.002620428801,-0.01334439311,4
47.81399504,-4.33049469,-2.338287506,8.369395752,-0.01450495049,-0.0002983429004,-0.003831909504,4
47.83403904,-4.31642395,-2.251318359,8.361013184,-0.01227584202,-0.01567538083,0.008194485679,4
47.85408304,-4.365821228,-2.297123108,8.339907074,-0.01169335004,-0.01450385898,0.006142321974,4
47.87412704,-4.412224731,-2.31673233,8.354726257,-0.008295399137,-0.01236682944,0.006266543642,4
47.89417104,-4.423451385,-2.262545013,8.350984039,-0.01270729955,-0.0003815384116,0.01326175686,4
47.91421604,-4.403692474,-2.289189606,8.351582794,-0.0213548746,0.002883920446,0.01283872873,4
47.93426004,-4.389172668,-2.305355988,8.378676453,-0.02041243203,0.008116714656,0.006940242834,4
47.95430404,-4.406985626,-2.308499451,8.335266724,-0.01294579357,0.00999270007,-0.0002551053185,4
47.97434804,-4.440366211,-2.323168945,8.320896606,-0.008459158242,0.01333336718,-0.004269529134,4
47.99439204,-4.479884033,-2.335892487,8.307424622,-0.01596489549,0.01202729903,-0.01215535402,4
48.01443604,-4.488266602,-2.30969696,8.301886139,-0.01573700272,0.01272888295,-0.0072391266,4
48.03448004,-4.517605591,-2.361339569,8.304730225,-0.01579262875,0.00601941999,-0.007648312487,4
48.05452404,-4.514611816,-2.354753265,8.331973572,-0.01137691736,0.002213870175,-0.01097723283,4
48.07456804,-4.501888275,-2.340832214,8.314459991,-0.01109231543,0.003741136752,-0.01276115514,4
48.09461204,-4.475842438,-2.36238739,8.314459991,-0.01374404225,-0.00290179532,-0.01131370198,4
48.11465604,-4.459376678,-2.339784393,8.349187775,-0.00764492061,-0.004438973498,-0.01209458336,4
48.13470004,-4.453239441,-2.34607132,8.346343689,-0.004006611183,-0.007109909318,-0.00712155737,4
48.15474404,-4.432432709,-2.338137817,8.332871704,-0.002472364111,-0.005229718052,-0.00696203392,4
48.17478804,-4.427792358,-2.326611786,8.340505829,-0.003966630436,-0.004273536615,-0.004621505737,4
48.19483204,-4.458328857,-2.307301941,8.370593262,-0.001024219673,-0.00508122053,-0.001875848742,4
48.21487704,-4.487069092,-2.257455597,8.358618164,0.00078817748,-0.008168409579,0.0007572805043,4
48.23492104,-4.530179443,-2.26299408,8.327632599,-0.005604765378,-0.01449543983,0.003313456662,4
48.25496504,-4.494104462,-2.2945784,8.346643066,-0.01040052716,-0.02193977498,0.004396365955,4
48.27500904,-4.450245667,-2.375859375,8.379424896,-0.01034202054,-0.0185414236,0.00705880858,4
48.29505304,-4.358935547,-2.419568481,8.412057037,-0.003460404696,-0.007514656987,0.005782039836,4
48.31509704,-4.31058609,-2.42795105,8.358618164,0.001589064952,0.0009741154499,0.0006091777468,4
48.33514104,-4.314777374,-2.431992645,8.315358124,0.005395662971,0.00253856089,-0.0007676891983,4
48.35518504,-4.38662796,-2.431244202,8.277786255,0.01488857623,0.002403432038,-0.002189049497,4
48.37522904,-4.452041931,-2.388732605,8.287965088,0.01970560849,0.00340840593,-0.0003090677783,4
48.39527304,-4.489913177,-2.340981903,8.259075165,0.01185444463,-0.002912822179,0.004494104534,4
48.41531704,-4.505181427,-2.332150269,8.280929718,0.004348474555,-0.01122848876,0.008881334215,4
48.43536104,-4.477189636,-2.34831665,8.322243805,0.002355481498,-0.009430909529,0.00871201884,4
48.45540504,-4.423451385,-2.35774704,8.366851044,0.001611077809,-0.006717463955,0.007993379608,4
48.47544904,-4.392016754,-2.354902954,8.338110809,0.002398316748,-0.01484410278,0.007294591516,4
48.49549304,-4.401746521,-2.418370972,8.343349915,0.0036006507,-0.008741626516,0.00672095269,4
48.51553804,-4.410877533,-2.376907196,8.382268982,0.009651077911,-3.596628085e-05,0.004214168526,4
48.53558204,-4.403692474,-2.346670074,8.33571579,0.0119217895,-0.000140577089,0.003208986484,4
48.55562604,-4.421355743,-2.322270813,8.305778046,0.01093116775,-0.001698100474,0.003168209223,4
48.57567004,-4.4497966,-2.327060852,8.317902832,0.007952929474,0.000670356676,0.005083895288,4
48.59571404,-4.45683197,-2.335892487,8.343349915,0.003647963051,0.005148834549,0.006624943111,4
48.61575804,-4.426594849,-2.319576416,8.35562439,-0.003362467047,0.008639599197,0.01047557592,4
48.63580204,-4.412224731,-2.295177155,8.327183533,-0.006459698547,0.007728689816,0.01247473713,4
48.65584604,-4.380939789,-2.320025482,8.314010925,-0.009686000645,0.00760986004,0.01225056127,4
48.67589004,-4.376898193,-2.34951416,8.351582794,-0.01094948035,0.015554443,0.009893694893,4
48.69593404,-4.408781891,-2.385738831,8.352929993,-0.01007268392,0.04065218195,0.00318857329,4
48.71597804,-4.466112671,-2.359243927,8.342152405,-0.011609287,0.05760698393,0.0008378939237,4
48.73602204,-4.471950531,-2.323618011,8.322992249,-0.001764561981,0.04247554392,0.001066845027,4
48.75606604,-4.47090271,-2.331850891,8.288414154,0.002451280365,0.03126176819,-0.003543817438,4
48.77611004,-4.505031738,-2.327360229,8.301886139,0.0006531890249,0.02322317474,-0.00536332,4
48.79615404,-4.499942322,-2.339934082,8.31460968,0.002921053907,0.01380559616,-0.002762130462,4
48.81619904,-4.49545166,-2.340383148,8.317603455,0.004233209416,0.008401938714,0.001114001847,4
48.83624304,-4.471052399,-2.348915405,8.309220886,0.005882098805,0.006353111006,0.002839016728,4
48.85628704,-4.462520142,-2.344574432,8.324339447,0.01031594444,-0.0005173608661,0.003095628927,4
48.87633104,-4.494104462,-2.325713654,8.308622131,0.01151986048,-0.003995985724,0.004548029508,4
48.89637504,-4.498445435,-2.305954742,8.312963104,0.005646923557,-0.006106963847,0.006193560082,4
48.91641904,-4.493954773,-2.311343536,8.293054504,0.005405367352,-0.01030804776,0.01091566123,4
48.93646304,-4.483626251,-2.329156494,8.306975555,0.003706295043,-0.01028689928,0.01145107392,4
48.95650704,-4.481231232,-2.324516144,8.315358124,-0.002613128629,-0.009234365076,0.01363198645,4
48.97655096,-4.449946289,-2.348466339,8.288713531,-0.007417595945,-0.003827777226,0.01013950445,4
48.99659496,-4.450694733,-2.345771942,8.295150146,-0.006283328868,-0.006619944703,0.008099447936,4
49.01663896,-4.468358002,-2.35415451,8.295150146,-0.0001074436586,-0.01041558478,0.005447373725,4
49.03668296,-4.497696991,-2.332599335,8.296048279,-0.000126251718,-0.006807799451,0.003489503637,4
49.05672696,-4.510270844,-2.343077545,8.343798981,-0.0001726571936,-0.007018351462,0.0002647382207,4
49.07677096,-4.487518158,-2.322420502,8.318052521,0.001715223887,-0.005515368655,-0.0036100375,4
49.09681596,-4.461622009,-2.329306183,8.312214661,0.003326728474,-0.003623035271,-0.005605352577,4
49.11685996,-4.457730103,-2.333647156,8.322393494,0.006206745747,-0.004297720734,-0.006128694396,4
49.13690396,-4.462220764,-2.303260345,8.352480927,0.005953045562,-0.006053538527,-0.003073695349,4
49.15694796,-4.446204071,-2.350861359,8.308322754,0.002682667458,-0.00757143693,-0.0004386645742,4
49.17699196,-4.444557495,-2.370919647,8.330177307,0.001441851724,-0.007030817214,-0.0009367198218,4
49.19703596,-4.450694733,-2.349065094,8.344547424,0.005502613727,-0.005306311417,0.001144082984,4
49.21707996,-4.438719635,-2.331401825,8.321345673,0.004217080772,-0.00222492544,0.002165745944,4
49.23712396,-4.451592865,-2.316133575,8.303981781,0.000713642803,-0.0005098520778,0.002910854993,4
49.25716796,-4.456532593,-2.313738556,8.310119019,-0.003360011615,-0.002516651526,0.002961801598,4
49.27721196,-4.468807068,-2.316582642,8.32868042,-0.003600303549,0.0002629968803,4.886672832e-05,4
49.29725596,-4.4697052,-2.318678284,8.317304077,-0.004706947133,4.616403021e-05,-0.0008210819215,4
49.31729996,-4.4697052,-2.320025482,8.306376801,-0.006034223363,0.0002585176844,-0.001579650911,4
49.33734396,-4.443210297,-2.322270813,8.311017151,-0.005321395583,0.001683259266,-0.005120484158,4
49.35738796,-4.438270569,-2.332449646,8.321944427,-0.001453454606,0.001197126694,-0.006768323481,4
49.37743296,-4.473896484,-2.339634705,8.323441315,-0.0009823825676,0.004206977319,-0.006931934506,4
49.39747696,-4.475842438,-2.335892487,8.313112793,0.0004829713143,0.001582540222,-0.007432422601,4
49.41752096,-4.471950531,-2.41852066,8.28302536,-0.003603149904,-0.003061851952,-0.004591505043,4
49.43756496,-4.433330841,-2.438279572,8.27479248,-0.003573547583,-0.005640803836,-0.002419071971,4
49.45760896,-4.375251617,-2.422412567,8.365653534,0.007686773315,0.005701915361,-0.003720286535,4
49.47765296,-4.424349518,-2.389181671,8.446485443,0.02152942494,0.01540951524,-0.002335014986,4
49.49769696,-4.45563446,-2.215542755,8.42343338,0.02255906165,0.02103277855,0.0009282244137,4
49.51774096,-4.425996094,-2.181713104,8.293503571,0.005814636126,0.0191611629,0.001964441733,4
49.53778496,-4.484374695,-2.245330811,8.247698822,-0.0003176725004,0.006997540127,0.005030549597,4
49.55782896,-4.602030029,-2.292632446,8.2970961,0.00607715128,0.002913104137,0.008290618658,4
49.57787296,-4.630770264,-2.261646881,8.312364349,-0.00224293163,-0.0005639689043,0.01181328855,4
49.59791696,-4.570296021,-2.264341278,8.305927734,-0.0109311454,-0.006254237611,0.01101692207,4
49.61796096,-4.506977692,-2.291584625,8.293952637,-0.01200513914,-0.01186791807,0.006973512471,4
49.63800596,-4.417164459,-2.314487,8.338260498,-0.002823890653,-0.01015071198,0.003363064956,4
49.65804996,-4.354295197,-2.344424744,8.322992249,-0.00109902909,-0.006899203174,-0.002549703233,4
49.67809396,-4.372706909,-2.345472565,8.314010925,-0.0005063929129,-0.003415147774,-0.008886775002,4
49.69813796,-4.436474304,-2.333048401,8.329279175,0.000467750011,-0.001395510044,-0.01147952955,4
49.71818196,-4.468058624,-2.315684509,8.329428864,0.001542436657,0.00773363933,-0.009227059782,4
49.73822596,-4.461622009,-2.313588867,8.331823883,-0.0007341837045,0.008932542056,-0.004468994215,4
49.75826996,-4.471351776,-2.312990112,8.344098358,-0.006468595006,0.003804523032,0.001809997018,4
49.77831396,-4.491110687,-2.327509918,8.348439331,-0.006732105743,0.001202186802,0.005222026259,4
49.79835796,-4.484075317,-2.372566223,8.358618164,-0.008255009539,0.007133048028,0.004632025026,4
49.81840196,-4.476590881,-2.352208557,8.339607697,-0.002825407078,0.00730663538,0.006274544634,4
49.83844596,-4.4604245,-2.361339569,8.266858978,-0.0005709000397,0.0005558941048,0.007254043594,4
49.85848996,-4.463717651,-2.404000854,8.277636566,0.003838423174,0.001628235914,0.00623548869,4
49.87853396,-4.4604245,-2.377805328,8.296946411,0.007267857902,0.00394556066,0.002599660773,4
49.89857896,-4.440665588,-2.354304199,8.279881897,0.006596482359,0.005521833897,0.0006307367003,4
49.91862296,-4.46626236,-2.326312408,8.301137695,0.008995042183,0.005119644105,0.003675324377,4
49.93866696,-4.488266602,-2.308649139,8.326584778,0.01008487493,0.00526686199,0.004519830924,4
49.95871096,-4.516258392,-2.302661591,8.331823883,0.002748613711,0.00747590512,0.006731203292,4
49.97875567,-4.533322906,-2.292033691,8.36146225,0.001614248846,0.001972587779,0.01074830256,4
49.99879967,-4.510869598,-2.28874054,8.29829361,-0.001178791281,0.002783893608,0.01290857885,4
50.01884367,-4.477788391,-2.296524353,8.253237305,-0.004234619439,0.003803138621,0.01251729764,4
50.03888767,-4.485422516,-2.327360229,8.292156372,-0.001989057288,0.0035257407,0.006039789878,4
50.05893167,-4.489015045,-2.318827972,8.339308319,0.003411774291,0.004527624696,-0.0001028585248,4
50.07897567,-4.483925629,-2.270628204,8.271050262,0.003914987203,0.002021961845,-0.002867498668,4
50.09901967,-4.480782166,-2.26883194,8.217761078,-0.001188552473,0.002070003189,-0.0008685428184,4
50.11906367,-4.500840454,-2.288141785,8.280480652,-0.0008352021687,-0.0008171787485,-0.002271878999,4
50.13910767,-4.508624268,-2.322869568,8.337362366,-0.001974368468,-0.005415235646,-0.0006353300996,4
50.15915267,-4.49081131,-2.325863342,8.353528748,-0.002708252752,-0.003708308097,-0.0008809538558,4
50.17919667,-4.485422516,-2.330354004,8.328381042,-0.001100270078,-0.004191777669,-5.258689635e-05,4
50.19924067,-4.480632477,-2.342029724,8.316555634,0.0003450869117,-0.0001893159933,-0.001214988995,4
50.21928467,-4.482129364,-2.341580658,8.324638824,0.003688510042,0.0006760011893,-0.00176399597,4
50.23932867,-4.499942322,-2.319426727,8.350534973,0.008935161866,-0.002852207981,-0.0008828488644,4
50.25937267,-4.490661621,-2.309397583,8.309220886,0.007690517232,-0.00137873413,0.001233627088,4
50.27941667,-4.481231232,-2.299967194,8.298892365,0.006504322402,-0.002369542141,0.001150949975,4
50.29946067,-4.470603333,-2.297721863,8.31580719,0.004608864896,-0.002972635441,0.00182580261,4
50.31950467,-4.481530609,-2.302212524,8.294102325,0.003067036625,-0.003650038503,0.001314463094,4
50.33954867,-4.506678314,-2.306852875,8.306077423,5.815573968e-05,-0.00459072087,0.001894939225,4
50.35959267,-4.498146057,-2.300266571,8.303832092,-8.846772835e-05,-0.003524444066,0.001308573177,4
50.37963667,-4.48138092,-2.299967194,8.312214661,-0.0002464347053,-0.005059544463,0.0001771692187,4
50.39968167,-4.473597107,-2.302661591,8.316256256,0.0004801091272,-0.004833868705,-0.002298363019,4
50.41972567,-4.493356018,-2.301763458,8.311615906,-0.001335982699,-0.004456606694,-0.00301520573,4
50.43976967,-4.498744812,-2.315983887,8.315507812,-0.001786540728,-0.003464044537,-0.001407944364,4
50.45981367,-4.487069092,-2.315085754,8.295299835,0.0008601166774,-0.005760274362,-0.002239698777,4
50.47985767,-4.478387146,-2.326312408,8.310418396,-0.0004564160481,-0.006086620968,-0.001738189021,4
50.49990167,-4.467310181,-2.344125366,8.338559875,0.001602282748,-0.004011859186,-0.001036210917,4
50.51994567,-4.452640686,-2.33200058,8.332572327,0.001946153818,-0.002887255978,-0.00231080479,4
50.53998967,-4.461622009,-2.301164703,8.322094116,0.001591964392,-0.004394344985,0.0002077694517,4
50.56003367,-4.466711426,-2.320624237,8.326584778,0.0007073519519,-0.002390525304,-0.0003966307268,4
50.58007767,-4.480482788,-2.30505661,8.322393494,-0.0002870725002,-0.00223526312,0.001528568333,4
50.60012167,-4.474944305,-2.317780151,8.317154388,-4.232791252e-05,-0.001339908224,0.00232831575,4
50.62016567,-4.470154266,-2.319426727,8.331823883,0.0004181659315,0.0002125536557,0.001803282532,4
50.64021067,-4.470453644,-2.304158478,8.317603455,0.0003719360102,0.001663442235,0.003170394106,4
50.66025467,-4.452490997,-2.287093964,8.303682404,-0.0005444309209,-0.001450702548,0.00226733787,4
50.68029867,-4.46386734,-2.295326843,8.314310303,0.001736397389,-0.0004693209194,0.002129025524,4
50.70034267,-4.487967224,-2.304607544,8.320597229,0.0008107501781,0.0009610070847,-0.0009055985138,4
50.72038667,-4.495002594,-2.318528595,8.332722015,0.004097732715,-0.0005314298905,0.002094325377,4
50.74043067,-4.503085785,-2.315834198,8.331374817,0.002265616553,-0.001506353728,0.003038478317,4
50.76047467,-4.482279053,-2.304607544,8.305478668,0.001558539458,-0.0001233224757,0.003564235289,4
50.78051867,-4.464466095,-2.304457855,8.318501587,-0.0003523689229,0.0009040678851,0.002095631091,4
50.80056267,-4.459825745,-2.300565948,8.307274933,0.001456465339,-0.001497673336,0.00104145403,4
50.82060667,-4.468657379,-2.284998322,8.292306061,-0.001413173275,-0.001248509623,0.0009912000969,4
50.84065067,-4.480931854,-2.295925598,8.311017151,-0.002516651992,1.930980943e-05,-0.000490546925,4
50.86069467,-4.487368469,-2.315385132,8.360115051,0.002711905865,-0.0005749971606,-0.0007226991002,4
50.88073967,-4.523144073,-2.256557465,8.368347931,0.007277944125,-0.001400574576,0.003196452744,4
50.90078367,-4.492757263,-2.311343536,8.30996933,0.001994300168,-0.00480574742,0.005543780979,4
50.92082767,-4.476291504,-2.336491241,8.332871704,0.0004740648437,-0.002320914529,0.00392536493,4
50.94087167,-4.451293488,-2.313738556,8.347990265,0.00461116666,0.0003705301788,0.002864986891,4
50.96091567,-4.443210297,-2.300715637,8.282725983,0.002038973616,0.001276968978,0.001391250989,4
50.98095921,-4.466412048,-2.287992096,8.269104309,2.592662349e-05,0.002592296805,0.001233614516,4
51.00100321,-4.488715668,-2.293979645,8.295299835,-0.005508828908,0.003916635644,0.0003011932131,4
51.02104721,-4.481829987,-2.27931015,8.311915283,-0.005760407075,0.002821867354,0.001639302587,4
51.04109121,-4.478836212,-2.312391357,8.309669952,-0.009989473037,0.002453125082,0.00172280171,4
51.06113521,-4.474794617,-2.321821747,8.330027618,-0.005836663768,0.004962725565,-0.001028256724,4
51.08117921,-4.484823761,-2.315235443,8.341254272,-0.004800926894,0.004893855192,-4.141358659e-05,4
51.10122421,-4.478686523,-2.295925598,8.314160614,-0.00516810175,0.005354741123,-0.001380621921,4
51.12126821,-4.487069092,-2.321821747,8.308322754,-0.004290649667,0.003273219336,-0.0002151757944,4
51.14131221,-4.477788391,-2.29802124,8.32868042,-0.0004869059194,0.006805899087,-0.0006010669749,4
51.16135621,-4.492308197,-2.285896454,8.317154388,0.0001107896678,0.006711198948,-0.002246664837,4
51.18140021,-4.492607574,-2.299518127,8.305628357,-0.002038811799,0.002602789784,-0.001130012097,4
51.20144421,-4.499193878,-2.315534821,8.308921509,-0.002228038851,-0.0001576798968,-0.0004389083479,4
51.22148821,-4.501738586,-2.317630463,8.337362366,0.001381508075,0.001427649753,-0.0015093931,4
51.24153221,-4.485272827,-2.322270813,8.337961121,0.003374561667,0.0007640381809,-0.0005594384857,4
51.26157621,-4.473447418,-2.304906921,8.309520264,0.002483407734,0.0005693656858,0.0007614223287,4
51.28162021,-4.500391388,-2.286944275,8.284821625,0.00209814962,1.896172762e-06,0.0002497229725,4
51.30166421,-4.487817535,-2.30505661,8.300838318,0.001146677067,-0.000388630433,-0.001232889714,4
51.32170921,-4.477339325,-2.315534821,8.31580719,0.001516009448,0.001287826104,-0.0005783296656,4
51.34175321,-4.473597107,-2.321971436,8.327183533,-0.0008742045611,-0.0005174204707,-0.0007782571483,4
51.36179721,-4.469256134,-2.319426727,8.316405945,-0.0002147825435,-0.001588432118,0.002155600116,4
51.38184121,-4.474046173,-2.290237427,8.306526489,0.001020882512,-0.00227052113,0.002815438202,4
51.40188521,-4.508773956,-2.288441162,8.319699097,0.001115833409,-0.002224343829,0.003562175669,4
51.42192921,-4.494553528,-2.2839505,8.309819641,-0.000123800477,-0.004484092351,0.00445328746,4
51.44197321,-4.502037964,-2.295326843,8.317304077,-0.002113455674,-0.004060332198,0.00419634115,4
51.46201721,-4.482877808,-2.280956726,8.315358124,-0.0008001946844,-0.004687821027,0.001594428206,4
51.48206121,-4.472998352,-2.287842407,8.297545166,-0.0002178514842,-0.005097206216,1.237285323e-05,4
51.50210521,-4.474495239,-2.277962952,8.278834076,0.001695370534,-0.005283944774,-0.005626120605,4
51.52214921,-4.467310181,-2.304008789,8.286168823,0.0003142070491,-0.003638113849,-0.007959625684,4
51.54219421,-4.478836212,-2.318229218,8.306376801,0.001083609182,-0.0009870394133,-0.008422847837,4
51.56223821,-4.481530609,-2.346370697,8.312813416,-8.928077295e-05,-0.001509657595,-0.009810763411,4
51.58228221,-4.468058624,-2.340981903,8.320746918,0.001845555147,-0.002064391505,-0.006942494772,4
51.60232621,-4.474195862,-2.340083771,8.342002716,0.001733863377,-0.002989527769,-0.0005424255505,4
51.62237021,-4.490212555,-2.35535202,8.36146225,0.002668707632,-0.001967246644,0.003236568999,4
51.64241421,-4.485123138,-2.321821747,8.368647308,0.003809271846,-0.0006220284849,0.008424654603,4
51.66245821,-4.482728119,-2.290237427,8.327632599,0.003948364407,0.00164767704,0.009860866703,4
51.68250221,-4.471351776,-2.272424469,8.314160614,0.002057478065,0.003275080118,0.008202156983,4
51.70254621,-4.478985901,-2.274370422,8.300988007,0.0006057069404,0.0004075460602,0.007573464885,4
51.72259021,-4.470453644,-2.267035675,8.306077423,0.0008298099274,0.003237799508,0.002708632499,4
51.74263421,-4.468657379,-2.271077271,8.281528473,-0.002370968927,0.0003639189526,0.000998012838,4
51.76267921,-4.482428741,-2.281256104,8.279283142,-0.00149302464,-0.0002948851325,-0.003914271481,4
51.78272321,-4.492158508,-2.274520111,8.313711548,0.0003900497686,0.001132624224,-0.00541924173,4
51.80276721,-4.490661621,-2.278412018,8.313112793,0.0004710116191,0.001023860648,-0.006844863296,4
51.82281121,-4.490062866,-2.275418243,8.300239563,-0.003453585086,-5.285651423e-05,-0.007726790849,4
51.84285521,-4.464316406,-2.295925598,8.313112793,-0.006785691716,-0.0005428274162,-0.008844470605,4
51.86289921,-4.479434967,-2.345921631,8.336613922,-0.004895255901,-0.001373837236,-0.007972005755,4
51.88294321,-4.492906952,-2.353705444,8.374934235,0.0007905511884,-0.0005997107364,-0.005102010444,4
51.90298721,-4.505630493,-2.371518402,8.312364349,0.001315659378,-0.002942171879,0.003127938602,4
51.92303121,-4.459975433,-2.386337585,8.319399719,0.0008085642476,-0.001173362136,0.003573148046,4
51.94307521,-4.461622009,-2.348915405,8.339607697,0.007341045886,-0.001823808067,0.005502244458,4
51.96312021,-4.49200882,-2.307751007,8.330177307,0.005421548616,0.002624734771,0.006303966977,4
51.98316429,-4.499942322,-2.270328827,8.3170047,-0.001308360836,0.004105935805,0.008464429528,4
52.00320829,-4.494403839,-2.24652832,8.287516022,-0.006057495251,0.002042718697,0.01080299076,4
52.02325229,-4.486620026,-2.257605286,8.293353882,-0.008314544335,0.004245480057,0.007526530884,4
52.04329629,-4.468657379,-2.262694702,8.307723999,-0.008357830346,0.003443232737,0.004359246697,4
52.06334029,-4.483177185,-2.275268555,8.300089874,-0.007691691164,0.003799406113,-0.001321622171,4
52.08338429,-4.47090271,-2.270478516,8.298143921,-0.007507142611,0.003552581649,-0.005372773856,4
52.10342829,-4.48257843,-2.276016998,8.276289368,-0.005681394599,0.00305675366,-0.01017717831,4
52.12347229,-4.499493256,-2.307002563,8.309370575,-0.003667820012,0.003380806185,-0.01270727534,4
52.14351629,-4.524491272,-2.308349762,8.3262854,0.000282045221,0.003580388613,-0.01554224454,4
52.16356129,-4.517156525,-2.32032486,8.31460968,-0.003546769265,0.0008266717196,-0.01242898777,4
52.18360529,-4.471351776,-2.339185638,8.309370575,-0.004402176477,-0.002764867153,-0.008643836714,4
52.20364929,-4.468058624,-2.367776184,8.333021393,-0.002109638415,-0.001211121213,-0.00520236278,4
52.22369329,-4.467010803,-2.364632721,8.329578552,0.0001861834899,-0.0003432550002,-0.002565704519,4
52.24373729,-4.465364227,-2.361040192,8.343050537,0.003421931062,-0.001040521078,0.001406884054,4
52.26378129,-4.481979675,-2.337389374,8.331973572,0.001590298489,-0.0002116879914,0.005599636119,4
52.28382529,-4.500990143,-2.318977661,8.32044754,9.392923675e-05,0.002113513183,0.007936360314,4
52.30386929,-4.475243683,-2.300565948,8.321944427,-0.000200917013,0.003547253786,0.008123971522,4
52.32391329,-4.500391388,-2.295626221,8.312214661,-0.0003367040772,0.004215545952,0.007351529785,4
52.34395729,-4.494403839,-2.280357971,8.313112793,-0.000195372384,0.003382666502,0.004726798274,4
52.36400229,-4.494553528,-2.269430695,8.304430847,-0.001558903838,0.003893410321,0.002081431681,4
52.38404629,-4.486769714,-2.280357971,8.281229095,0.002007690491,0.0008812567685,-0.001772172516,4
52.40409029,-4.499193878,-2.289189606,8.304281158,0.002493239008,0.0001845289953,-0.006038293708,4
52.42413429,-4.505480804,-2.289488983,8.292006683,0.002392653609,-0.0007493328303,-0.007830946706,4
52.44417829,-4.505480804,-2.293081512,8.29125824,-0.0002203846816,-0.001568302047,-0.007968637161,4
52.46422229,-4.499044189,-2.303709412,8.309220886,-0.0007789391093,-0.002949741203,-0.009388506413,4
52.48426629,-4.48257843,-2.330952759,8.300988007,-0.0006981499027,-0.0004867515527,-0.008738752455,4
52.50431029,-4.459676056,-2.341430969,8.319998474,-0.001210562419,0.002234261017,-0.008227931336,4
52.52435429,-4.465962982,-2.332749023,8.292605438,-2.663698979e-05,-0.0006328457966,-0.006453795359,4
52.54439829,-4.500241699,-2.34831665,8.306227112,-0.0004589962773,-0.001077533234,-0.001651401632,4
52.56444329,-4.507277069,-2.334694977,8.326584778,-0.002154960064,-0.001384496689,0.002058967948,4
52.58448729,-4.504582672,-2.316283264,8.336763611,-0.002072402043,-0.001089152414,0.006321090739,4
52.60453129,-4.517156525,-2.295626221,8.323890381,-0.001723077614,-0.002754535526,0.007426648401,4
52.62457529,-4.495152283,-2.280208282,8.327632599,-0.001736543607,0.0001104406547,0.006383017637,4
52.64461929,-4.497696991,-2.286794586,8.324189758,-0.001025889069,0.001279465156,0.006636298262,4
52.66466329,-4.495301971,-2.264341278,8.301886139,-0.0004476075992,0.003882170422,0.001558559947,4
52.68470729,-4.487368469,-2.284549255,8.263565826,-0.002760187257,0.002412636299,-0.0005127359182,4
52.70475129,-4.489164734,-2.300865326,8.262368317,-0.0002447769511,-0.00126683386,-0.002941542771,4
52.72479529,-4.498595123,-2.301763458,8.28766571,0.004191386513,-0.002044589259,-0.006270193495,4
52.74484029,-4.509821777,-2.307900696,8.276289368,0.00159694918,-0.003176001366,-0.005986930337,4
52.76488429,-4.487368469,-2.369123383,8.293802948,-0.004780338611,-0.005891469307,-0.006118942518,4
52.78492829,-4.480782166,-2.3834935,8.374784546,0.002572027734,-0.001459494699,-0.007193400525,4
52.80497229,-4.468208313,-2.365530853,8.367449799,0.01107112505,0.004026933573,-0.004101155326,4
52.82501629,-4.430337067,-2.303110657,8.276888123,0.009451089427,0.00272161304,0.000144580612,4
52.84506029,-4.430786133,-2.343825989,8.28302536,0.002492331667,-0.001430411823,0.003213793971,4
52.86510429,-4.50009201,-2.356399841,8.371641083,0.002837511245,0.004925326444,0.01054508612,4
52.88514829,-4.552483063,-2.306553497,8.387957153,0.006335990038,0.003767170012,0.01530808676,4
52.90519229,-4.568649445,-2.233804779,8.306077423,0.001289197593,-0.0002886061557,0.01768906042,4
52.92523729,-4.547243958,-2.233954468,8.276888123,-0.007653929759,0.0001008531544,0.0166236721,4
52.94528129,-4.520150299,-2.242187347,8.294102325,-0.01055288315,0.001201755367,0.01077760663,4
52.96532529,-4.486620026,-2.249971161,8.301586761,-0.005065589212,4.722247832e-05,0.001682973816,4
52.98536854,-4.466561737,-2.235301666,8.260572052,-0.004142367281,-0.003096380737,-0.006275705993,4
53.00541254,-4.486170959,-2.242786102,8.260721741,-0.006463086698,-0.001877506729,-0.01276272722,4
53.02545654,-4.481680298,-2.27586731,8.228538666,-0.007651151158,-0.004478504881,-0.0157584399,4
53.04550054,-4.487069092,-2.304308167,8.282276917,-0.006941882428,-0.003801851999,-0.02050417662,4
53.06554454,-4.521647186,-2.363435211,8.348139954,-0.003566523548,-0.004447193351,-0.01964102872,4
53.08558854,-4.51655777,-2.366428986,8.358318787,-0.003194084158,-0.006115816534,-0.01434323657,4
53.10563354,-4.466711426,-2.389031982,8.348738708,-0.002291013021,-0.005110688973,-0.00944750011,4
53.12567754,-4.443509674,-2.409689026,8.368347931,0.002189154737,-0.003389431164,-0.001540858066,4
53.14572154,-4.453089752,-2.404449921,8.37553299,0.00505385641,-0.000327589456,0.00262585748,4
53.16576554,-4.473597107,-2.362088013,8.353379059,0.00673133973,0.004538483918,0.0097989887,4
53.18580954,-4.493655396,-2.31673233,8.32044754,0.004950121976,0.005667923018,0.01531137619,4
53.20585354,-4.474644928,-2.289039917,8.292605438,0.0009783997666,0.008945422247,0.01520730834,4
53.22589754,-4.486021271,-2.273322601,8.281229095,0.001484905602,0.007443244569,0.01338019036,4
53.24594154,-4.509971466,-2.261497192,8.281229095,0.002918218961,0.006577450782,0.009723403491,4
53.26598554,-4.516408081,-2.280657349,8.273894348,0.001816694625,0.004401061218,0.005489949137,4
53.28603054,-4.529880066,-2.282752991,8.267457733,-0.0005304508377,0.002182066441,0.0006364448927,4
53.30607454,-4.518354034,-2.284998322,8.289761353,0.00525713712,0.00197491236,-0.002500156173,4
53.32611854,-4.516258392,-2.291135559,8.299790497,0.00615802221,-0.0007529561408,-0.00261047692,4
53.34616254,-4.509821777,-2.282154236,8.322393494,0.006614768878,-0.003071339335,-0.005689188372,4
53.36620654,-4.505031738,-2.285896454,8.289162598,0.0005045696162,-0.00268704351,-0.003423748538,4
53.38625054,-4.488266602,-2.300865326,8.289761353,-0.002556126099,-0.003590760753,-0.001801914303,4
53.40629454,-4.468358002,-2.325563965,8.296197968,-0.003708353965,-0.006329301279,-0.0008209398948,4
53.42633854,-4.441563721,-2.375559998,8.306676178,-0.001501843333,-0.00194482971,0.002538292203,4
53.44638354,-4.43931839,-2.39636673,8.337512054,0.003150883829,-0.0006442512386,0.005342413671,4
53.46642754,-4.479734344,-2.314337311,8.316555634,0.008060359396,-0.006015308201,0.007223072462,4
53.48647154,-4.520898743,-2.280807037,8.27134964,0.003957185894,-0.01107723266,0.01372934785,4
53.50651554,-4.580325165,-2.276016998,8.318052521,-0.005108691752,-0.008017484099,0.01872049272,4
53.52655954,-4.546645203,-2.206561432,8.436156921,-0.005837331526,0.005608845502,0.02064276114,4
53.54660354,-4.421954498,-2.120640106,8.432115326,-0.01067936234,0.01988403499,0.01380186528,4
53.56664754,-4.369413757,-2.143692169,8.329578552,-0.01777447574,0.02883236669,0.005610434804,4
53.58669154,-4.462220764,-2.284549255,8.24560318,-0.02035412751,0.02619003132,-0.003113343846,4
53.60673554,-4.623884583,-2.457439728,8.210276642,-0.0113824429,0.01662517525,-0.005286825821,4
53.62678054,-4.785997467,-2.489473114,8.161478119,0.002562106587,0.0003248776775,-0.005982634146,4
53.64682454,-4.815935211,-2.360291748,8.105494537,0.008727631532,-0.02220274694,-0.005380399525,4
53.66686854,-4.642296295,-2.22901474,8.07705368,0.005551178008,-0.04044482857,-0.007399650291,4
53.68691254,-4.424349518,-2.216740265,8.117319946,-0.0009562775958,-0.05822855607,-0.01382050384,4
53.70695654,-4.285588074,-2.282004547,8.246201935,-0.004127657972,-0.06610997766,-0.02419525199,4
53.72700054,-4.273463287,-2.352957001,8.418493652,-0.005903774872,-0.05575378239,-0.02745374292,4
53.74704454,-4.353995819,-2.319576416,8.543483734,-0.004067586269,-0.04382032901,-0.02393299341,4
53.76708854,-4.39605835,-2.369572449,8.592282257,-0.003758496838,-0.0192047786,-0.002740248805,4
53.78713354,-4.373006287,-2.436333618,8.591234436,-0.007570080459,-0.002113087103,0.0186081659,4
53.80717754,-4.30235321,-2.433339844,8.598569183,-0.006589279976,0.02132640406,0.03304826468,4
53.82722154,-4.26029068,-2.370470581,8.519234161,-0.005806112662,0.04384082556,0.04065396637,4
53.84726554,-4.30938858,-2.260299683,8.345146179,-0.001176978461,0.05619964376,0.04273594916,4
53.86730954,-4.3807901,-2.220332794,8.210725708,-0.004821056966,0.06063364819,0.04286434874,4
53.88735354,-4.513114929,-2.249821472,8.181087341,-0.006961972453,0.05726475269,0.03579605371,4
53.90739754,-4.643194427,-2.237546997,8.219108276,-0.002233645646,0.05057520792,0.02774019353,4
53.92744154,-4.673581238,-2.245480499,8.164322205,0.001809825422,0.03960622847,0.01738667116,4
53.94748654,-4.662354584,-2.264341278,8.14965271,-0.003792735282,0.02862687223,0.006770760287,4
53.96753054,-4.669689331,-2.316283264,8.222700806,-0.0005766332615,0.02153401822,-0.00325629022,4
53.98757567,-4.664150848,-2.354603577,8.289012909,0.0066131372,0.01666586474,-0.0107380338,4
54.00761967,-4.677173767,-2.339335327,8.263416138,0.01373226568,0.007021564525,-0.01139343157,4
54.02766367,-4.647685089,-2.303709412,8.238717499,0.01378305629,-0.007960915565,-0.008244626224,4
54.04770767,-4.591851196,-2.282004547,8.26431427,0.01064134575,-0.01345063932,-0.003784509143,4
54.06775167,-4.523144073,-2.275268555,8.293353882,0.008951173164,-0.01185259037,-0.00112371007,4
54.08779567,-4.438420258,-2.240241394,8.310867462,0.006974076852,-0.008182650432,-0.003335057059,4
54.10783967,-4.427193604,-2.201621704,8.280031586,0.0005877140211,-0.01212763786,-0.003271300811,4
54.12788467,-4.45219162,-2.236499176,8.243507538,-0.005628533661,-0.01766723208,-0.004699660465,6
54.14792867,-4.506528625,-2.295626221,8.285270691,-0.002968261251,-0.009819906205,-0.00763863232,6
54.16797267,-4.516108704,-2.340832214,8.357270966,0.0004565294366,-0.002488062717,-0.01124096569,6
54.18801667,-4.539310455,-2.340981903,8.346493378,0.005165312439,-0.001597763505,-0.01079856977,6
54.20806067,-4.545148315,-2.332898712,8.306825867,0.005393791478,-0.008197724819,-0.006754414178,6
54.22810467,-4.550387421,-2.318528595,8.283773804,0.00272325566,-0.01004398428,-0.003505969886,6
54.24814867,-4.545298004,-2.30745163,8.304730225,0.002750679385,-0.01054887101,0.001203079708,6
54.26819267,-4.520898743,-2.296524353,8.301287384,0.005021024495,-0.01233798265,0.003424688708,6
54.28823767,-4.525090027,-2.25940155,8.274942169,0.001678716158,-0.01399399154,0.001678094035,6
54.30828167,-4.513414307,-2.235451355,8.27598999,-0.0008173016831,-0.01256472059,-0.001034494257,6
54.32832567,-4.478686523,-2.231110382,8.320746918,-0.0008118997794,-0.01290970482,-0.002721904078,6
54.34836967,-4.47793808,-2.257156219,8.343200226,-0.000935996417,-0.005621216726,-0.003463909263,6
54.36841367,-4.455484772,-2.293680267,8.343798981,-0.002622774104,-0.002451046836,-0.004936087411,6
54.38845767,-4.478985901,-2.303709412,8.31460968,-0.004157751799,-0.005001613405,-0.005543803796,6
54.40850167,-4.502936096,-2.320773926,8.301137695,-0.005175031722,-0.004156854004,-0.003425480099,6
54.42854567,-4.493206329,-2.374811554,8.30413147,-0.002085717395,-0.0008119191043,-0.002852855716,6
54.44859067,-4.481530609,-2.351160736,8.311316528,0.003207916161,0.0007132161409,-0.003727687057,6
54.46863467,-4.519252167,-2.300116882,8.323890381,0.006462600082,0.00174742681,0.0001406965312,6
54.48867867,-4.540208588,-2.289488983,8.279432831,0.003801193554,-0.002819626126,0.002738765674,6
54.50872267,-4.545896759,-2.256707153,8.285121002,0.001305225072,-0.004436387215,0.004532674327,6
54.52876667,-4.522695007,-2.277064819,8.286617889,-0.003520648228,-0.006084030028,0.003388141282,6
54.54881067,-4.50248703,-2.310595093,8.324638824,-0.002614750294,-0.006769258063,0.002279356355,6
54.56885467,-4.502187653,-2.294877777,8.338260498,-0.002344869077,-0.007207035087,0.000486408826,6
54.58889867,-4.482279053,-2.270029449,8.284522247,-0.003635233268,-0.005726042669,0.001508464688,6
54.60894367,-4.469405823,-2.280657349,8.285869446,-0.003630282357,-0.004114029463,-0.003454712685,6
54.62898767,-4.48841629,-2.319875793,8.326135712,0.004095998593,-0.00398470927,-0.004989146255,6
54.64903167,-4.494703217,-2.314636688,8.359366608,0.00311724632,0.0006968069356,-0.004492294509,6
54.66907567,-4.511168976,-2.287393341,8.365952911,0.00864174217,2.313125879e-05,-0.0001661134884,6
54.68911967,-4.513713684,-2.288890228,8.302185516,0.007929619402,-0.002645405941,0.0007568899309,6
54.70916367,-4.505181427,-2.295326843,8.321046295,0.002658267738,-0.001788935624,0.00168085075,6
54.72920767,-4.490511932,-2.301314392,8.314759369,0.005161824171,0.0004762397148,0.003834628267,6
54.74925167,-4.486919403,-2.275118866,8.312364349,0.004221283831,-0.0006283791736,0.00332557084,6
54.76929667,-4.499942322,-2.243235168,8.292006683,-0.001188749913,-0.002483863849,0.005152360536,6
54.78934067,-4.484674072,-2.251917114,8.264913025,-0.007005080581,-0.002247207798,0.002453150228,6
54.80938467,-4.495152283,-2.281555481,8.281678162,-0.008684730157,4.865322262e-05,7.676333189e-05,6
54.82942867,-4.494852905,-2.33200058,8.320148163,-0.007454450242,0.001570955268,-0.00133289001,6
54.84947267,-4.48497345,-2.310146027,8.351433105,-0.003512439085,0.003589897649,-0.002231706865,6
54.86951667,-4.495152283,-2.298919373,8.328979797,-0.001408488955,0.005175765604,-0.0005342105869,6
54.88956067,-4.486769714,-2.306104431,8.295599213,-0.006100499071,0.005005368032,-0.001681497786,6
54.90960567,-4.50009201,-2.317331085,8.31116684,-0.003553972114,0.005857747048,-0.000773988897,6
54.92964967,-4.518952789,-2.291135559,8.300089874,0.001940006972,0.003074046224,0.0004182943376,6
54.94969367,-4.549040222,-2.285447388,8.303981781,0.002614256926,0.004718556534,6.770482287e-06,6
54.96973767,-4.521497498,-2.285297699,8.282576294,-0.00405134121,0.003494987264,-0.0008612300735,6
54.98978446,-4.477339325,-2.302362213,8.288414154,-0.00242758356,0.0002341009676,-0.000413363101,6
55.00982846,-4.481829987,-2.299518127,8.319399719,0.002545841504,-0.002186866943,-0.003556881798,6
55.02987246,-4.492607574,-2.31328949,8.316106567,0.002995151561,0.002669512061,-0.001699451357,6
55.04991646,-4.513414307,-2.304008789,8.289911041,-0.007800580002,0.008715260774,-0.00357268774,6
55.06996146,-4.544100494,-2.323019257,8.379724274,-0.00732182432,0.0140103139,-0.01755180769,6
55.09000546,-4.673431549,-2.485581207,8.620573425,0.03742633015,0.05529214069,-0.03842751309,6
55.11004946,-5.032235413,-1.925595703,8.7124823,0.1490601897,0.1708146781,0.006242704112,6
55.13009346,-4.477489014,-1.082249451,7.931855621,0.03899090737,0.1526630074,-0.006458319724,6
55.15013746,-5.13671814,-2.420616302,8.979526978,0.0549755767,0.4123909771,0.02376813628,6
55.17018146,-5.222190399,-1.644330597,8.213270416,0.009967627004,0.5847920179,0.01543425862,6
55.19022546,-4.749024353,-0.9650431824,7.661817169,-0.100827001,0.5321578383,0.01690279134,6
55.21027046,-4.066593475,-1.613644409,7.102580109,-0.0979456827,0.4728966057,0.08827768266,6
55.23031446,-3.999532928,-2.45130249,7.023694153,-0.1408968866,0.1730825156,0.01424185373,6
55.25035846,-4.27780426,-3.849694519,7.864795074,-0.1790020466,-0.005407169461,-0.0105281733,6
55.27040246,-4.639452209,-4.989424438,8.094567261,-0.1967274249,-0.03952097148,-0.03375728428,6
55.29044646,-4.580025787,-5.15303421,8.443791046,-0.09705033153,-0.06918549538,-0.07296655327,6
55.31049046,-4.55981781,-4.330644379,8.757538605,0.01719962619,-0.1612380892,-0.05213618279,6
55.33053446,-4.87925354,-3.549119568,8.53225708,0.2017389387,-0.1227606982,0.03246008605,6
55.35057846,-5.784720612,-2.324067078,8.466394043,0.2752938569,0.1304174662,-0.04777408019,6
55.37062346,-6.844067688,-2.055226135,8.803043976,0.2100133449,0.3644361496,-0.2205644846,6
55.39066746,-6.293512573,-2.68766098,8.958869934,0.1823425144,0.1580922306,-0.144527629,6
55.41071146,-4.567901001,-3.163222046,8.25024353,0.3126128912,0.05970361456,-0.03432070091,6
55.43075546,-3.503314819,-3.166814575,7.877518616,0.316501081,0.2275413871,-0.02949851193,6
55.45079946,-3.967050476,-2.852767639,7.652686157,0.3460291028,0.2168222815,-0.05635375157,6
55.47084346,-4.760101318,-2.348765717,7.730973358,0.3784673214,0.2216340303,-0.03274290636,6
55.49088746,-4.978796539,-2.353705444,7.954458618,0.3312752247,0.2672602832,0.007039476186,6
55.51093246,-4.76339447,-1.892813873,7.884104919,0.242601186,0.2861726284,0.1257635951,6
55.53097646,-4.670138397,-1.482068024,7.679779816,0.1908197552,0.2884777486,0.2670854628,6
55.55102046,-5.035678253,-1.1771521,7.684270477,0.12325418,0.2088757306,0.3332447708,6
55.57106446,-5.276826782,-1.229243774,7.706424408,0.07524493337,0.1611021459,0.34258008,6
55.59110846,-5.310357056,-1.188528442,7.812553711,0.06912186742,0.1693295538,0.33315292,6
55.61115246,-5.363496552,-1.179247742,7.708669739,0.02136624418,0.1648553759,0.3599740267,6
55.63119646,-5.557193756,-1.155147858,7.859256592,-0.03020357527,0.1536551416,0.41575858,6
55.65124046,-6.19681366,-1.504671021,7.841144257,-0.1140945628,0.116540961,0.494094193,6
55.67128546,-5.959557037,-2.44666214,8.041876831,-0.1785919219,0.1118555441,0.6284994483,6
55.69132946,-5.023703156,-2.913990326,7.717950439,-0.2275559455,0.2483670115,0.7936990857,6
55.71137346,-4.377646637,-2.617307281,7.166048126,-0.2949154675,0.1519498676,0.9015523195,6
55.73141746,-4.834945679,-1.978435822,7.288942566,-0.3089764714,-0.06692085415,0.9710811377,6
55.75146146,-5.6866745,-1.376537476,7.903863831,-0.293523252,-0.1335377395,1.054805756,6
55.77150546,-5.71466629,-1.113085327,8.232879639,-0.3988080025,-0.07776045799,1.108638883,6
55.79154946,-5.187163239,-0.8879534912,8.660240936,-0.5010766983,-0.07986834645,1.163028717,6
55.81159446,-5.131029968,-1.299747162,9.321266327,-0.6254106164,-0.2746787369,1.122967243,6
55.83163846,-4.742587738,-1.573976898,8.925040283,-0.2732884884,-0.0258211866,1.184470177,6
55.85168246,-4.622238007,-1.60765686,8.638985138,-0.1820659786,0.121975556,1.173705578,6
55.87172646,-4.487967224,-1.447190552,8.259374542,-0.1323829889,0.2233261019,1.221243858,6
55.89177046,-4.661755829,-0.5444178772,8.076305237,-0.08839643002,0.2073658258,1.322338223,6
55.91181446,-5.005890198,1.059496765,7.905211029,-0.09240074456,0.1616619378,1.426573038,6
55.93185846,-5.502108307,2.536924438,8.022566986,-0.2035135627,0.1566807926,1.434602261,6
55.95190346,-6.093528442,3.402274933,7.680079193,-0.3999372125,0.1241289377,1.249606848,6
55.97194746,-6.640940094,3.417992249,6.981032867,-0.446351856,0.1146887317,0.9817768335,6
55.99198804,-7.065906372,2.962938538,5.96509552,-0.2961234748,0.05569762737,0.656498909,6
56.01203204,-7.227719879,2.331401825,5.290448456,-0.1636408567,-0.08803620189,0.3558970988,6
56.03207604,-7.430997162,1.964664459,5.906716919,-0.191718027,-0.1062831208,0.09612091631,6
56.05212004,-7.376660156,1.677112427,6.6753685,-0.2826751173,0.1227815822,-0.2167684585,6
56.07216404,-7.02055069,1.168021088,6.232738953,-0.3903742731,0.07209072262,-0.519438982,6
56.09220904,-7.167395325,1.07057373,6.493047638,-0.2447016537,0.02802536078,-0.7781015038,6
56.11225304,-6.906637573,1.165476379,6.78763504,-0.1932511181,0.3327873051,-0.9431689978,6
56.13229704,-6.286327515,0.9467811584,8.089328156,-0.1809642762,0.2468605489,-1.045148015,6
56.15234104,-5.70538559,0.5833369446,10.17868332,-0.2286306918,0.3598804772,-1.18108964,6
56.17238504,-5.871839447,-0.5763015747,10.66951263,0.007053768262,0.493689239,-1.160772681,6
56.19242904,-5.89489151,-1.662293243,9.433083801,0.2428172082,0.9583001733,-0.8658958077,6
56.21247304,-4.876708832,-1.820065155,8.964408417,0.1833714396,1.021737814,-0.6556969285,6
56.23251804,-4.138893127,-1.520987091,9.158854065,0.2062835544,0.8324183226,-0.6915060878,6
56.25256204,-4.864584045,-1.387015686,9.899813232,0.2198266089,1.14698422,-0.7452746034,6
56.27260604,-5.532345428,-1.601369934,9.592053223,0.3932729363,1.221674085,-0.6307432652,6
56.29265004,-5.295388184,-1.449286194,8.748257904,0.6796454191,1.468478203,-0.4932082295,6
56.31269404,-5.398374023,-0.9466314697,8.091872864,0.7749411464,1.83957541,-0.5571724176,6
56.33273804,-6.41670639,-0.637224884,8.327782288,0.8123933077,2.106410503,-0.8827433586,6
56.35278204,-9.05407196,0.09235794067,7.335346069,0.3381978571,2.28734374,-1.498169661,6
56.37282704,-10.47895889,1.283730469,8.419840851,-0.4609203041,2.295908213,-2.409023285,6
56.39287104,-8.120164032,0.951870575,10.53090088,-0.1438173503,2.97911644,-2.76109314,6
56.41291504,-5.742059326,-0.7544311523,6.786138153,0.6150199771,3.24642086,-2.379034996,6
56.43295904,-5.78606781,-3.481160889,5.187312927,1.384800792,3.291346312,-2.07916069,6
56.45300304,-3.673211517,-4.685256958,2.355801086,1.691739798,2.839158058,-2.061470032,6
56.47304704,-4.878804474,-5.585484924,2.586172028,1.75977242,1.990175486,-2.125676394,6
56.49309104,-6.275998993,-6.258635101,3.658392334,1.800884008,1.755575657,-2.056625843,6
56.51313604,-7.334597626,-7.089856567,3.803141327,1.522864819,2.079442739,-2.139761686,6
56.53318004,-8.932674408,-6.571035461,4.766088867,1.104350328,1.614784002,-2.128894329,6
56.55322404,-9.384584656,-5.639522552,5.347180481,1.164424062,1.469117641,-1.675520539,6
56.57326804,-8.574020233,-5.061125336,3.036735077,1.124070287,0.6140840054,-1.301818848,6
56.59331204,-8.141569519,-5.052593079,1.368304596,1.055474043,0.04653102532,-1.15346241,6
56.61335604,-7.756570129,-4.968617706,-0.1694476318,0.7749003172,-0.08737447113,-1.166123629,6
56.63340104,-7.311994629,-4.783752136,0.002544708252,0.6113291383,0.09698775411,-1.173745871,6
56.65344504,-6.892267456,-4.653522949,0.7319778442,0.7446131706,0.1663684249,-1.178770661,6
56.67348904,-6.686445465,-4.835095367,1.3748909,1.074710608,0.1347629279,-1.084728122,6
56.69353304,-5.951324158,-4.942871246,1.244062958,1.452391863,-0.04661979899,-1.131693363,6
56.71357704,-6.240971832,-4.712200928,0.2986289978,1.675073624,-0.310519129,-1.220309734,6
56.73362104,-5.300776978,-4.410578156,0.1601669312,1.68957901,-0.6086063981,-1.467744231,6
56.75366604,-6.200705566,-5.706134033,0.7515870667,1.531693578,-0.7222389579,-1.629683733,6
56.77371004,-5.687422943,-7.265441437,1.781894531,1.235506415,-0.4588130713,-1.672921896,6
56.79375404,-5.799839172,-8.976383514,1.674717407,0.9345867634,-0.3738976419,-1.578287721,6
56.81379804,-5.844895477,-9.247469788,3.113675079,0.6709967256,-0.1548482627,-1.483469725,6
56.83384204,-5.806126099,-8.886420593,4.508175201,0.6788847446,0.1469119489,-1.339146256,6
56.85388604,-4.279750214,-8.342302094,4.201463013,0.7088115215,0.2515597641,-1.243654847,6
56.87393004,-4.043541412,-8.732989655,4.002227325,0.6069582105,0.09514500201,-1.250155449,6
56.89397504,-4.528981934,-8.896000671,3.936663666,0.5692465901,-0.1357898414,-1.160014272,6
56.91401904,-4.835245056,-7.907007294,4.939129028,0.6810745597,-0.01488904469,-1.118212461,6
56.93406304,-4.176165619,-7.03926178,5.910010071,1.097929716,0.4470157921,-1.036416292,6
56.95410704,-3.695664825,-6.448141022,5.097200317,1.344546318,0.5316341519,-0.9464705586,6
56.97415104,-4.135001221,-5.809718628,4.949607239,1.40173316,0.1526355743,-0.6935719252,6
56.99419542,-5.183271332,-5.510341187,4.409829712,1.504564166,0.1405148655,-0.5293444991,6
57.01424042,-5.743406525,-5.388943634,3.674259338,1.551657677,0.3292096257,-0.4375368953,6
57.03428442,-5.750741272,-5.380561066,4.686753845,1.584569097,0.6328893304,-0.410279572,6
57.05432842,-5.450765076,-5.477559357,6.882537689,1.671638608,1.295518756,-0.3062273264,6
57.07437242,-4.608017578,-4.998256073,7.173083496,1.710913777,1.580367923,-0.5345790982,6
57.09441642,-7.222630463,-4.821773071,5.85163147,1.538770318,1.17470789,-0.9423288107,6
57.11446042,-9.100625153,-4.201163635,5.033283234,0.7899750471,0.7383602858,-1.123230934,6
57.13450442,-5.885610809,-4.374054108,7.492519226,-0.1200098768,0.5181129575,-1.325804949,6
57.15454942,-6.18618576,-6.16283432,10.68358337,-0.8062654734,0.4093201458,-1.120138645,6
57.17459342,-4.481979675,-8.743018799,11.15854568,-0.8973091245,-0.2418337762,-0.6336194873,6
57.19463742,-4.462520142,-8.779692535,6.786287842,-0.9341370463,-1.128657818,-0.06238563731,6
57.21468142,-4.206103363,-7.137457581,6.995852051,-0.7571918368,-0.4999144077,0.0972680822,6
57.23472542,-4.889132996,-5.847739563,6.329288177,-0.1702119559,0.3476009071,-0.03919841722,6
57.25476942,-2.844235382,-6.844666443,7.952512665,-0.1969181001,1.016508222,0.04374188185,6
57.27481442,-2.747835846,-7.011868744,6.792125702,-0.271025598,0.7419756651,0.3072391748,6
57.29485842,-3.112776947,-6.15579895,5.048102417,-0.5529552102,0.2484625429,0.5035219193,6
57.31490242,-3.51499054,-5.509592743,4.820126495,-0.5009326339,0.08014006168,0.5512285233,6
57.33494642,-2.869981842,-4.947212219,4.488116913,0.07506468892,0.0611028783,0.5023413897,6
57.35499042,-2.971919861,-5.422473907,4.396208038,0.4039331973,0.2109330595,0.6484093666,6
57.37503442,-3.469485168,-6.80993866,5.501808929,0.5129970908,0.07033839822,0.8850884438,6
57.39507942,-5.11321701,-8.07480835,5.591472473,0.5687414408,-0.3741096854,1.057783961,6
57.41512342,-6.562652893,-7.895630951,5.37307663,0.4389763176,-0.6381449699,1.134532332,6
57.43516742,-7.419620819,-6.74557251,5.296136627,0.1735238582,-0.4463077486,1.074802756,6
57.45521142,-7.484286346,-5.576503601,5.950575714,-0.1003298834,0.07919383049,1.049921155,6
57.47525542,-7.232360229,-4.619094543,6.56774231,-0.2451330125,0.6558356881,1.166752338,6
57.49529942,-7.124434662,-4.516707458,6.989714813,-0.2517255545,0.9510484338,1.341738939,6
57.51534442,-6.877897339,-4.718487854,6.568790131,-0.1987747699,0.9495834112,1.49002862,6
57.53538842,-6.296656036,-4.777165833,5.647006989,-0.2131253332,0.7281782031,1.587721229,6
57.55543242,-5.807323608,-4.47793808,4.620591431,-0.3480372429,0.5734412074,1.646165848,6
57.57547642,-5.719905396,-4.28139679,4.573439484,-0.4293727875,0.6174536943,1.72165513,6
57.59552042,-5.377567291,-4.290976868,4.762496338,-0.3252199292,0.8588785529,1.783642769,6
57.61556442,-5.288652191,-4.674629059,4.850962372,-0.1329859048,1.125339508,1.875461817,6
57.63560842,-5.384003906,-5.251828766,4.262386322,0.02944592014,1.221655369,2.050747871,6
57.65565342,-5.725144501,-5.591023407,3.649560699,0.06223151833,1.168514132,2.243624449,6
57.67569742,-6.56070694,-5.557493134,2.401755524,0.1780760437,0.5496274829,2.365074396,6
57.69574142,-7.298822021,-4.833149414,0.8187973022,0.5468885303,-0.5391503572,2.351624727,6
57.71578542,-7.660320282,-3.39553894,0.08861572266,0.9613962173,-1.340433002,2.116577148,6
57.73582942,-8.464298401,-1.57846756,1.331930237,1.194031358,-1.405644774,1.369333863,6
57.75587442,-10.59197388,0.1312770081,2.903512115,1.178342581,-1.057108283,0.4388570189,6
57.77591842,-12.64854721,2.007325745,4.410877533,0.9661358595,-0.5084824562,-0.4067041874,6
57.79596242,-13.02172119,3.288062439,3.854783936,0.5484301448,0.1869755387,-1.089976788,6
57.81600642,-12.09754303,2.535277863,0.8631051636,0.2374558002,-0.5692032576,-1.39487648,6
57.83605042,-10.79300583,1.631008301,1.055604858,-0.273011893,-0.8696169853,-1.471307516,6
57.85609442,-9.95504837,0.4468208313,3.114273834,-0.5046125054,-0.4041352272,-1.51460886,6
57.87613942,-8.772956543,-0.8207432556,5.228627014,-0.2423700541,-0.245058924,-1.660237312,6
57.89618342,-8.832233276,-1.901495819,6.35937561,0.121059224,-0.06407278776,-1.660194397,6
57.91622742,-9.007668457,-2.546654205,5.888604584,0.4146374166,-0.2627161145,-1.425933599,6
57.93627142,-7.510332184,-3.076252899,5.76271637,0.6841006875,-0.6524475217,-1.226715207,6
57.95631542,-6.512357483,-3.666774902,6.123915253,1.032901287,-0.9400571585,-1.144600153,6
57.97635942,-6.687193909,-4.330644379,6.327192535,1.482043982,-1.235321283,-1.057539344,6
57.99640379,-7.002737732,-4.735252991,6.648723907,1.699537754,-1.0567137,-0.9445441961,6
58.01644779,-6.271059265,-4.420457611,7.410340118,1.7256881,-0.5418047309,-0.8751083612,6
58.03649179,-4.165238342,-3.351979523,8.682544556,1.784917951,-0.2003307045,-1.090084791,6
58.05653579,-3.123105469,-2.016157379,9.366622009,1.786827803,0.23519063,-1.300885439,6
58.07657979,-2.837948456,-0.563278656,8.615783386,1.636111856,0.4182636142,-1.373898149,6
58.09662379,-4.161346436,0.2305206299,7.958200836,1.378259182,-0.2005582899,-1.342766166,6
58.11666779,-7.388485565,0.7048841858,9.91178833,1.24867475,-1.029829979,-1.03102386,6
58.13671279,-9.194330292,0.8881031799,11.25853775,1.464315057,-1.067956448,-0.4789148569,6
58.15675679,-6.330635376,-0.0419128418,8.962163086,1.789919496,-0.4887170494,0.1148252189,6
58.17680079,-3.477718048,-1.304537201,6.32195343,1.694162965,-0.01529155672,0.4610611796,6
58.19684479,-2.758912811,-2.334096222,6.320606232,1.375437021,0.2279135287,0.7533021569,6
58.21688879,-3.646417236,-3.156036987,7.346123657,1.351068139,0.008939754218,0.985229373,6
58.23693379,-5.490282898,-2.975213013,7.528444519,1.444805503,-0.2658746839,1.201095581,6
58.25697779,-6.556066589,-1.985471191,6.836882629,1.390828371,-0.363868922,1.370436072,6
58.27702179,-6.844516754,-0.6855743408,5.905519409,1.175970674,-0.3222283125,1.368113637,6
58.29706579,-6.477480011,0.2612068176,4.96816864,0.885766685,-0.3203293383,1.133487821,6
58.31710979,-5.939049683,0.2035766602,5.130431213,0.6849639416,-0.6365163326,0.9394201636,6
58.33715379,-6.026767273,-0.254021759,5.845643921,0.6367330551,-0.9587970376,1.014243007,6
58.35719879,-6.259832611,-0.1663041687,4.404740295,0.4709554613,-0.9394705892,1.088554025,6
58.37724279,-7.285649414,-0.144150238,3.03523819,0.09949845076,-1.074825644,1.014570236,6
58.39728679,-8.584648132,-0.9889933777,3.378175049,-0.114673622,-1.209412932,0.8938990235,6
58.41733079,-10.4351001,-1.923799438,4.699627075,0.1138118356,-1.084090471,0.8255252838,6
58.43737479,-11.92195816,-2.133812714,5.839806061,0.5890933275,-0.8229529262,0.7470732331,6
58.45741879,-10.84839066,-1.214125214,6.633305969,0.9558497667,-0.5708250999,0.4701174796,6
58.47746379,-8.949589233,-0.2192939758,7.097191315,0.9385375977,-0.5178338289,0.1924661398,6
58.49750779,-7.282955017,0.5342390442,7.537276154,0.6553759575,-0.7228778601,0.1668834835,6
58.51755179,-5.599106598,1.006207581,8.26191925,0.4085406661,-1.004484892,0.245028317,6
58.53759579,-4.481530609,0.9889933777,8.738528137,0.225929901,-1.347351909,0.3056786954,6
58.55763979,-3.204685822,-0.8710386658,9.172775116,-0.04282550514,-1.578664541,0.35854128,6
58.57768379,-0.1788780212,-0.817300415,10.34169434,-0.40888533,-1.466924787,0.1886316836,6
58.59772879,2.401905212,0.7613168335,13.55491241,-0.3558865786,-1.079950809,-0.3601498604,6
58.61777279,2.532134399,2.738255768,15.78632217,-0.02406658977,-0.1847368777,-1.003882408,6
58.63781679,-0.09654922485,2.881358185,16.29676071,-0.3232016265,1.166819453,-1.456204653,6
58.65786079,-2.109563141,1.106798401,12.246633,-0.7177686691,1.243539333,-1.481780529,6
58.67790479,-2.440375214,-0.8349636841,8.559350739,-1.144996881,0.228418842,-0.8628025651,6
58.69794879,-0.9322613525,-1.357377319,7.984845428,-1.037591338,-0.7225853801,-0.0764246881,6
58.71799379,-0.44697052,-0.7144642639,8.24320816,-0.3045966923,-1.094359159,0.4667448997,6
58.73803779,-0.4796026611,-0.1833686829,9.180558929,0.6958073974,-0.4196924269,0.7595899105,6
58.75808179,-0.6945556641,0.4267625427,9.281898193,1.381772518,0.5300231576,0.8081555963,6
58.77812579,-1.684447174,1.394051056,9.197174377,1.430951834,0.9534614682,0.7307881713,6
58.79816979,-3.206631775,2.879412231,9.139993286,0.9653747082,0.8231989741,0.5796394944,6
58.81821379,-4.900958405,4.301904144,9.057514801,0.340111047,0.5574577451,0.3777422309,6
58.83825879,-6.312672729,5.397775269,8.878786469,-0.04793442041,0.5358333588,0.1035268158,6
58.85830279,-7.447762299,4.629423065,8.208031311,-0.1646973044,0.5350621939,-0.09930241108,6
58.87834679,-6.79122757,2.60697876,7.805817719,-0.1228450611,0.3713110685,-0.05657984689,6
58.89839079,-6.235583038,1.486408997,7.091054077,0.01576738805,0.0445468016,-0.07833682001,6
58.91843479,-5.902525635,1.118474121,6.64258667,0.1208250895,-0.1208940446,-0.07463178784,6
58.93847979,-5.246589661,1.048719177,7.110962677,0.1889094114,-0.1478796899,-0.008514320478,6
58.95852379,-5.161566467,1.262175293,7.45464798,0.2233896852,-0.05874609947,0.02902992442,6
58.97856779,-4.951702881,1.755249939,7.48039444,0.08421432972,-0.06440505385,0.04869002104,6
58.99861192,-4.814438324,1.867067413,8.024962006,-0.05090530589,-0.1627098322,0.04952070862,6
59.01865592,-4.670437775,1.66274231,8.475824432,-0.0678538233,-0.172062844,0.03527263924,6
59.03869992,-4.431684265,1.690285034,8.806786194,-0.04297228158,-0.111591503,-0.005221901461,6
59.05874492,-4.105213165,1.728605347,9.100625153,-0.03821611777,-0.06828591228,-0.05479321256,6
59.07878892,-3.760180664,1.601819,9.086554413,-0.08919431269,-0.07924760133,-0.08685481548,6
59.09883292,-3.353177032,1.484463043,9.138197021,-0.1539031565,-0.1207074746,-0.1145058274,6
59.11887692,-3.140768738,1.361718292,9.286538544,-0.1354162395,-0.127688095,-0.1184831634,6
59.13892092,-3.054098969,1.379381561,9.39581131,-0.04376705363,-0.07903122902,-0.09364537895,6
59.15896492,-3.134930878,1.585802307,9.298513641,0.04376024008,-0.02141614258,-0.04808630794,6
59.17900992,-3.329226837,1.800605621,9.152118073,0.0613283515,-0.002393345349,0.009617876261,6
59.19905392,-3.564986572,1.784888306,8.999734955,0.0369575955,0.01057900395,0.05501113087,6
59.21909792,-3.818858643,1.715133362,8.819060669,0.02418319322,0.04703876376,0.07763625681,6
59.23914192,-4.150868225,1.730401611,8.489446106,0.001763908658,0.0600056462,0.08507176489,6
59.25918592,-4.423152008,1.67561554,8.424481201,-0.01334645506,0.06149179116,0.07941945642,6
59.27923092,-4.61131073,1.557511139,8.372239838,-0.001411458943,0.05641532689,0.06341262162,6
59.29927492,-4.718338165,1.512604523,8.348738708,0.01392092649,0.03635437042,0.03592440858,6
59.31931892,-4.709805908,1.553469543,8.374036102,0.01591967046,0.007092678919,0.005445955787,6
59.33936292,-4.606371002,1.600322113,8.476872253,0.01318993513,-0.01178678405,-0.01782505959,6
59.35940692,-4.444407806,1.647324371,8.529712372,0.007683914155,-0.01999599114,-0.02873223834,6
59.37945192,-4.276756439,1.696122894,8.563092957,-0.009968305938,-0.03003460541,-0.0309195891,6
59.39949592,-4.096531219,1.639839935,8.60949646,-0.02912284061,-0.03351760656,-0.02763496712,6
59.41953992,-3.968098297,1.584904175,8.666378174,-0.02765667625,-0.030975122,-0.02069179714,6
59.43958392,-3.892954559,1.622476044,8.701255646,-0.01433137339,-0.01889184117,-0.01199773327,6
59.45962792,-3.871998138,1.62996048,8.749754791,-0.00824402459,-0.01564629376,-0.005064617377,6
59.47967192,-3.860322418,1.597777405,8.814570007,-0.003859124612,-0.01444845181,0.0004257076653,6
59.49971692,-3.90103775,1.588347015,8.831933899,0.0005809725262,-0.005220705643,0.005387944635,6
59.51976092,-3.977378998,1.598974915,8.824449463,0.005951261614,0.005118950736,0.008971731178,6
59.53980492,-4.078119507,1.643432465,8.762628021,0.0001120248344,0.009370591491,0.00899400562,6
59.55984892,-4.168681183,1.641187134,8.6925737,-0.009742197581,0.01440125424,0.006551573053,6
59.57989292,-4.200115814,1.592238922,8.604107666,-0.01029591449,0.0203680601,0.007676713169,6
59.59993792,-4.208947449,1.590592346,8.578810272,-0.0048303199,0.0181430839,0.001627970953,6
59.61998192,-4.253854065,1.609153748,8.532406769,0.004571633413,0.002611322328,0.002728905063,6
59.64002592,-4.250710602,1.622775421,8.532406769,-0.0009459434077,-0.007331644651,0.002053433796,6
59.66006992,-4.234693909,1.619931335,8.567583618,-0.003782390384,-0.01238945778,-0.001100674504,6
59.68011392,-4.200864258,1.612147522,8.615034943,-0.002755717374,-0.01152506284,-0.00185171538,6
59.70015892,-4.160148926,1.60301651,8.649014282,-0.00410337653,-0.0126620587,-0.005893534515,6
59.72020292,-4.130959625,1.629810791,8.663983154,-0.01339736767,-0.0212078914,-0.006629457697,6
59.74024692,-4.068090363,1.623972931,8.687184906,-0.01488462277,-0.02570899948,-0.005187074654,6
59.76029092,-4.039649506,1.570384369,8.729247437,-0.005170058459,-0.02432330512,-0.00267471117,6
59.78033492,-4.027524719,1.59014328,8.749605103,0.004119308665,-0.0133608859,-0.0007502632216,6
59.80037892,-4.055965576,1.624571686,8.723110199,0.00411843881,-0.004216064699,0.0007781086024,6
59.82042392,-4.06374939,1.647623749,8.663384399,-0.007200452499,-0.00139082456,0.0008007140132,6
59.84046792,-4.088897095,1.625020752,8.669970703,-0.01233700663,0.004530499689,-0.003562671365,6
59.86051192,-4.068539429,1.533860321,8.682843933,0.001426164294,0.006812022068,-0.003527297173,6
59.88055592,-4.09293869,1.520088959,8.690028992,0.009332441725,0.006083965767,-0.003636016743,6
59.90059992,-4.108057251,1.605710907,8.662935333,0.005113674793,0.002615285572,-0.002250857651,6
59.92064492,-4.139940948,1.6708255,8.659492493,0.0009084555786,-0.001369038131,-0.0009925963823,6
59.94068892,-4.13739624,1.659299469,8.683891754,0.003266956192,-0.003282035235,-0.0007798573934,6
59.96073292,-4.190835114,1.659000092,8.638386383,0.0001120546367,0.0005511525087,0.0003224102547,6
59.98077692,-4.165986786,1.598076782,8.577463074,-0.0122263357,-0.006204917561,0.0004573076731,6
60.00082092,-4.134103088,1.555565186,8.645122375,-0.003480785526,0.005521029234,-0.003979205154,6
60.02086592,-4.118535461,1.574725342,8.652606812,0.0003685979173,0.00519262068,-0.003130989615,6
60.04090992,-4.108057251,1.589095459,8.647068329,-0.007516760379,-0.01050693169,-0.002384724328,6
60.06095392,-4.08246048,1.606010284,8.653804321,-0.01394635439,-0.01651033759,-0.004625805654,6
60.08099792,-4.085603943,1.612446899,8.676107941,-0.01248000842,-0.01597620174,-0.004018433392,6
60.10104192,-4.090393982,1.652862854,8.65979187,-0.01028214768,-0.01922153682,-0.002022440778,6
60.12108692,-4.107907562,1.60062149,8.665480042,-0.009323148057,-0.01730428077,-0.001044214005,6
60.14113092,-4.108955383,1.551972656,8.685987396,-0.006933679804,-0.009365286678,0.0029539112,6
60.16117492,-4.108955383,1.575922852,8.683442688,-0.003949958831,-0.002180940006,0.002360951854,6
60.18121892,-4.090693359,1.595083008,8.691076813,-0.006361622363,-0.0005141007714,-0.002237750683,6
60.20126292,-4.071682892,1.576970673,8.711883545,-0.008861883543,-0.001875305083,-0.002889299532,6
60.22130692,-4.06015686,1.568737793,8.692424011,-0.006946195848,-0.009415353648,-0.001250421163,6
60.24135192,-4.050576782,1.57727005,8.691525879,-0.003495116252,-0.006167891901,-0.001930170227,6
60.26139592,-4.054019623,1.569486237,8.701854401,0.001407491975,-0.002935298719,-0.001166860573,6
60.28143992,-4.083957367,1.588646393,8.69841156,-0.002658295445,3.256439231e-05,0.002076981356,6
60.30148392,-4.121379547,1.620979156,8.640631714,-0.007564802654,0.002046365291,0.003427200485,6
60.32152792,-4.101321259,1.577120361,8.646469574,-0.009569339454,0.0005938108079,0.001613824745,6
60.34157292,-4.124073944,1.594184875,8.673563232,-0.0002253020648,0.001115731196,0.0009089027299,6
60.36161692,-4.106710052,1.576671295,8.656947784,0.002854201244,-0.0009649815038,-0.0007893033326,6
60.38166092,-4.114942932,1.596130829,8.651259613,0.001170536038,-0.003726002295,-0.002464555204,6
60.40170492,-4.094585266,1.566193085,8.688232727,0.003493918106,-0.000694737304,-0.0005616324488,6
60.42174892,-4.085005188,1.556762695,8.716374207,0.01283293962,0.004573210143,-0.0002063044813,6
60.44179392,-4.060456238,1.587448883,8.699309692,0.008384738117,0.00516672153,0.0004352199612,6
60.46183792,-4.079466705,1.597627716,8.690627747,-0.00600789953,-0.0004873843864,-0.0005443533882,6
60.48188192,-4.081861725,1.596579895,8.661139069,-0.01098636724,-0.001834403723,-6.174226291e-05,6
60.50192592,-4.088448029,1.567390594,8.655750275,-0.007355680224,0.001456996892,0.001365179312,6
60.52196992,-4.089795227,1.575623474,8.660690002,0.0007152559701,0.001115257852,0.002279348671,6
60.54201492,-4.1140448,1.588197327,8.674910431,0.00240118755,-0.001808840781,0.002133344766,6
60.56205892,-4.120631104,1.580862579,8.692873077,0.000528261764,-0.002746114507,0.0003628444392,6
60.58210292,-4.0941362,1.5819104,8.695417786,-0.0003976887092,-0.0004662973806,-0.002697737189,6
60.60214692,-4.084855499,1.602567444,8.692124634,0.0009234849131,-9.822938591e-05,-0.001888953848,6
60.62219092,-4.09174118,1.588047638,8.674611053,-0.004316405393,-0.002269671299,-0.002743044402,6
60.64223592,-4.10461441,1.581311646,8.675209808,-0.006852271967,-0.002646460664,0.0007726424374,6
60.66227992,-4.097129974,1.588047638,8.658744049,-0.001076132059,-0.002186362632,0.001788542839,6
60.68232392,-4.10117157,1.604663086,8.644822998,0.002808470279,-0.001552315429,0.001794197829,6
60.70236792,-4.093836823,1.557660828,8.652157745,0.00171876559,0.001618214301,-0.0008850432932,6
60.72241192,-4.079616394,1.546583862,8.689729614,0.001720940927,-0.003352035303,-0.002736958675,6
60.74245692,-4.084256744,1.589843903,8.700357513,0.0002779553179,-0.002286035568,-0.002374360804,6
60.76250092,-4.104464722,1.651815033,8.659342804,-0.006074477918,-0.0005395822227,-0.003115176689,6
60.78254492,-4.064797211,1.587598572,8.722062378,-0.00767789688,0.001780504012,-0.002918096725,6
60.80258892,-4.107757874,1.567989349,8.769064636,0.01068406645,0.00638031587,0.00132991164,6
60.82263292,-4.131408691,1.609602814,8.605305176,0.002018295694,-0.004606018774,0.004899768624,6
60.84267792,-4.09877655,1.571581879,8.622968445,-0.01059914846,-0.0007563079707,0.00224052323,6
60.86272192,-4.127816162,1.531165924,8.654103699,-0.009770417586,0.007248081267,0.0002463026904,6
60.88276592,-4.094435577,1.53984787,8.671168213,-0.004783799406,0.001033542911,-0.00250547938,6
60.90280992,-4.072131958,1.58550293,8.678652649,-0.004891466349,-0.005383236334,-0.007832036354,6
60.92285392,-4.081412659,1.604663086,8.682843933,-0.001909706509,-0.0006254357286,-0.005963156931,6
60.94289792,-4.059408417,1.590891724,8.690627747,-0.002639181446,-0.0008082319982,-0.004259940237,6
60.96294292,-4.055067444,1.580712891,8.692873077,-0.00449548522,-0.0008517527021,0.0006360937841,6
60.98298779,-4.079317017,1.567540283,8.664282532,-0.004063399974,-0.0008105733432,0.002757316222,6
61.00303179,-4.120331726,1.566642151,8.667725372,-0.006383027881,0.00248549832,0.0005963043077,6
61.02307579,-4.124672699,1.586550751,8.65634903,-0.002879061969,0.007213416509,0.002040848602,6
61.04312079,-4.114194489,1.575024719,8.670868835,0.0003436601255,0.00385212549,-0.002782479394,6
61.06316479,-4.090693359,1.560654602,8.682694244,-0.000365650747,-0.003695535474,-0.002008408541,6
61.08320879,-4.110601959,1.577569427,8.66802475,-0.002716378076,-0.003222018015,-0.0008123370353,6
61.10325279,-4.105213165,1.578018494,8.671916656,-0.007749179378,-0.002438193653,-0.0004061113577,6
61.12329679,-4.103566589,1.556463318,8.684041443,-0.006878667511,-0.00202769367,-1.965533011e-05,6
61.14334079,-4.098926239,1.559307404,8.672216034,-0.002734195441,-0.001218588557,-0.001761517255,6
61.16338579,-4.083807678,1.562899933,8.689280548,-0.001978868386,-0.0005891053006,-0.000475525856,6
61.18342979,-4.077371063,1.561253357,8.682843933,0.0005212173564,-0.0009848671034,-0.0009083815385,6
61.20347379,-4.093986511,1.574276276,8.690777435,9.27594956e-05,0.0007659031544,0.0005281730555,6
61.22351779,-4.077670441,1.565744019,8.695118408,-0.001653430285,0.001949153258,-0.0006968346424,6
61.24356179,-4.088747406,1.565145264,8.678802338,-0.00412633596,0.0005563641898,1.651747152e-05,6
61.26360679,-4.097279663,1.561403046,8.669371948,-0.004328158218,0.0009515848942,-2.078479156e-06,6
61.28365079,-4.098926239,1.56319931,8.675958252,0.0003749793395,0.001368684229,0.0002736065071,6
61.30369479,-4.100423126,1.569486237,8.66682724,0.002105079591,-0.001263588667,-0.0004147104919,6
61.32373879,-4.099524994,1.574575653,8.683292999,0.0003221638035,-0.001818650402,-0.002169450745,6
61.34378379,-4.110302582,1.564546509,8.678952026,0.002505327109,-0.001458198763,-0.001735342434,6
61.36382779,-4.122127991,1.602417755,8.684191132,0.001522806822,-0.002727572341,-0.0007067508996,6
61.38387179,-4.121978302,1.586101685,8.676706696,-0.002598977648,-0.001743705012,0.001717353938,6
61.40391579,-4.114942932,1.555415497,8.6726651,-0.002660757862,0.0002288511023,9.357696399e-05,6
61.42395979,-4.085454254,1.549128571,8.682394867,-0.0003096489236,0.003159867134,-0.001553039532,6
61.44400479,-4.088747406,1.562600555,8.669821014,0.002121595899,-7.746438496e-05,-0.001224359032,6
61.46404879,-4.079616394,1.561103668,8.679401093,0.0006142818602,-0.00414773589,-0.00101356185,6
61.48409279,-4.093687134,1.570384369,8.691825256,0.002953974996,-0.004253420047,-0.0009074099362,6
61.50413679,-4.100423126,1.580712891,8.698860626,0.003241756465,0.0004803051706,-0.001300384291,6
61.52418079,-4.109105072,1.568438416,8.699758759,0.005792261101,0.004543537274,0.0006115225842,6
61.54422579,-4.105961609,1.564696198,8.687035217,0.002560289111,0.005811790936,0.00353317149,6
61.56426979,-4.117038574,1.596729584,8.662935333,-0.0009464907926,0.008199254982,0.002419473836,6
61.58431379,-4.09293869,1.57023468,8.683742065,-0.0002059265971,0.00767351035,-0.0009984003846,6
61.60435779,-4.059258728,1.526375885,8.693022766,0.005030591972,0.003522795625,-0.002806824166,6
61.62440179,-4.033661957,1.581760712,8.653804321,0.001899136929,0.004952916875,-0.003237379482,6
61.64444679,-4.090693359,1.643881531,8.631800079,-0.007992260158,0.001208993606,-0.003961224575,6
61.66449079,-4.090094604,1.562899933,8.669821014,-0.005390990525,-0.00333786523,-0.0008248290978,6
61.68453479,-4.127217407,1.564546509,8.75693985,0.01442851499,0.002539246809,0.004857387394,6
61.70457879,-4.151017914,1.609303436,8.627159729,0.006952183321,-0.006228467915,0.00423421897,6
61.72462279,-4.132606201,1.560055847,8.646020508,-0.004394680727,0.0008890847676,0.0001734946854,6
61.74466779,-4.131259003,1.547781372,8.649613037,-0.01145593729,0.01012780517,-0.002994539216,6
61.76471179,-4.076921997,1.553020477,8.680748291,-0.0101406537,-0.000503399875,-0.006353524979,6
61.78475579,-4.053869934,1.552421722,8.694369965,-0.003462892026,-0.006915707607,-0.009864965454,6
61.80479979,-4.061204681,1.573228455,8.67730545,-0.0005026527215,-0.001313552726,-0.005048291758,6
61.82484379,-4.064048767,1.586550751,8.665480042,-0.004532201681,-0.0002734768204,0.0001168299932,6
61.84488879,-4.072880402,1.594933319,8.666078796,-0.002889155643,-2.485699952e-05,0.002923568245,6
61.86493279,-4.106260986,1.577719116,8.670270081,-0.005067722872,-0.001785563771,0.004625122994,6
61.88497679,-4.127516785,1.566193085,8.679101715,-0.005604243837,0.002819617745,-2.379948273e-05,6
61.90502079,-4.144880676,1.579814758,8.670719147,-0.002037352417,0.006452336442,-0.001734599704,6
61.92506479,-4.117637329,1.554367676,8.684939575,0.001324426732,0.003519870108,-0.004157792777,6
61.94510979,-4.101620636,1.559307404,8.681496735,0.0001988641452,-0.004183851648,-0.001450001262,6
61.96515379,-4.115092621,1.580862579,8.660690002,-0.004930499941,-0.003862089943,0.0004583572736,6
61.98519704,-4.12108017,1.575922852,8.665779419,-0.006616009399,-0.001735870261,0.000799460453,6
62.00524104,-4.113296356,1.575174408,8.663085022,-0.002855595434,-0.002638530917,-7.067108527e-05,6
62.02528504,-4.108057251,1.573527832,8.658893738,-0.0004663935397,-0.0005960413255,2.725422382e-05,6
62.04533004,-4.062851257,1.548380127,8.671617279,-0.0007194736972,-0.000780176837,-0.0009886627086,6
62.06537404,-4.093238068,1.563947754,8.691525879,0.0005185187329,0.0006866960321,-0.002186662517,6
62.08541804,-4.068838806,1.527274017,8.721164246,0.002161849756,0.0006320571993,-0.003441435983,6
62.10546204,-4.060905304,1.512604523,8.725654907,0.008542494848,-0.0003469483927,-0.002076327335,6
62.12550604,-4.08829834,1.635648651,8.666228485,0.003586711129,0.001987014199,-0.00137161091,6
62.14555104,-4.112398224,1.640139313,8.609197083,-0.01220299397,0.004622728564,0.001941536088,6
62.16559504,-4.139192505,1.596430206,8.583151245,-0.02014178224,0.00255848025,0.00279805297,6
62.18563904,-4.159550171,1.542392578,8.622968445,-0.007868121378,-0.001940090675,0.002737867413,6
62.20568304,-4.151916046,1.550026703,8.676107941,0.003604358993,-0.001629884355,0.003562177997,6
62.22572704,-4.169579315,1.545835419,8.72879837,0.006465744227,0.006739695556,0.005231320858,6
62.24577204,-4.119433594,1.537901917,8.726702728,-0.0002003081609,0.008668133989,-0.0005265420768,6
62.26581604,-4.095184021,1.540895691,8.707991638,-0.01611645892,-0.001928687096,-0.002429245738,6
62.28586004,-4.05551651,1.558109894,8.678652649,-0.02516926825,-0.005387708079,-0.0039169183,6
62.30590404,-4.040996704,1.549278259,8.6527565,-0.01406423654,-0.001678254455,-0.001531398389,6
62.32594904,-4.021237793,1.533261566,8.68793335,0.004085250665,-0.001182099804,0.0005461791297,6
62.34599304,-4.04384079,1.54808075,8.687184906,0.01366409846,0.0001461135689,0.003133003134,6
62.36603704,-4.088897095,1.571282501,8.67730545,0.003498289734,-0.001179170329,0.005968108773,6
62.38608104,-4.134252777,1.572480011,8.686436462,-0.009180965833,-0.00380145479,0.00777021097,6
62.40612504,-4.170477448,1.571282501,8.663085022,-0.01385316346,-0.001527201384,0.004768512677,6
62.42617004,-4.171674957,1.559906158,8.663833466,-0.00602144096,-0.001354454085,0.002105945023,6
62.44621404,-4.148473206,1.517993317,8.688232727,0.002245636424,-0.002411276102,-0.003348440398,6
62.46625804,-4.090992737,1.529968414,8.676557007,0.00567481108,-0.006855809595,-0.003317189403,6
62.48630204,-4.074526978,1.601220245,8.644074554,-0.004297355656,-0.008092526346,-0.003837743541,6
62.50634604,-4.096231842,1.594035187,8.670270081,-0.009313037619,-0.005802792031,-0.001125251641,6
62.52639104,-4.076173553,1.520088959,8.769513702,0.0003637089394,-0.005767852534,0.002092849696,6
62.54643504,-4.106710052,1.566342773,8.691525879,0.01153597143,-0.005458289292,0.00500409212,6
62.56647904,-4.089196472,1.575922852,8.654403076,-0.002141308738,-0.008163592778,0.003280088538,6
62.58652304,-4.1140448,1.531465302,8.672515411,-0.004058243707,0.003657551715,0.002646427136,6
62.60656704,-4.092489624,1.517993317,8.692873077,-0.003544830484,0.007722592447,0.00224664039,6
62.62661204,-4.067790985,1.544338531,8.687783661,-0.008792052045,-0.0004690722562,-0.002446962288,6
62.64665604,-4.091441803,1.562301178,8.665030975,-0.009742499329,-0.004499396775,-0.002023644513,6
62.66670004,-4.104165344,1.553768921,8.658744049,-0.00587931741,-0.0001648361795,0.0002658751328,6
62.68674404,-4.098177795,1.56439682,8.653355255,-0.005945816636,0.0002515278757,0.003321240656,6
62.70678904,-4.099375305,1.542242889,8.661139069,-0.006157351658,-0.001976051833,0.001043251832,6
62.72683304,-4.109404449,1.544787598,8.694968719,-0.006305293646,-0.008655188605,0.004234703723,6
62.74687704,-4.112697601,1.549577637,8.687184906,-0.002926777117,0.000311027281,0.0004031364806,6
62.76692104,-4.100273438,1.561702423,8.660839691,-0.005509852432,0.007072368171,-0.00138434628,6
62.78696504,-4.088597717,1.550625458,8.690627747,-0.006671615876,-0.00067260582,-0.002017423511,6
62.80701004,-4.077071686,1.542093201,8.671766968,-0.005864523351,-0.005991200451,-0.0004675742239,6
62.82705404,-4.054468689,1.530118103,8.69841156,-0.01018872019,-0.007887350395,0.002223798307,6
62.84709804,-4.096680908,1.529818726,8.68434082,-0.0002581342123,-0.001544392668,0.003064322984,6
62.86714204,-4.10700943,1.538949738,8.668922882,-0.001450853422,-0.006739425007,0.004337424412,6
62.88718604,-4.107308807,1.55736145,8.691226501,-0.001036967384,-0.006661509629,0.001399347675,6
62.90723104,-4.111350403,1.549727325,8.686586151,-0.003515078221,-0.005096958485,-2.820021473e-05,6
62.92727504,-4.108656006,1.545386353,8.682694244,-0.004590077326,-0.001470365096,-0.003005333245,6
62.94731904,-4.099824371,1.53041748,8.685837708,-0.006807167083,-0.001747771166,0.001692844555,6
62.96736304,-4.101620636,1.535656586,8.683292999,-0.008136382326,-0.01236434653,0.002390403533,6
62.98740817,-4.081861725,1.521436157,8.717272339,-0.0034050541,-0.005753590725,0.001397531363,6
63.00745217,-4.083957367,1.498533783,8.698261871,-0.001955677988,-0.002484230325,0.002031769603,6
63.02749617,-4.073479156,1.533111877,8.693621521,-0.003144934773,-0.0005968525074,0.001433467492,6
63.04754017,-4.077969818,1.542392578,8.670270081,-0.004211419262,-0.004019550979,-0.002984340303,6
63.06758417,-4.087699585,1.531465302,8.693172455,-0.005050226115,-0.004894116893,-0.001074229367,6
63.08762917,-4.093387756,1.503922577,8.678053894,-0.003480648389,-0.005111446604,-0.001081245486,6
63.10767317,-4.072131958,1.538350983,8.716673584,-0.002578777494,-0.008181152865,0.001594665693,6
63.12771717,-4.101321259,1.557810516,8.69377121,0.0007210568292,-0.007359583862,0.001227590255,6
63.14776117,-4.115841064,1.553768921,8.685089264,-0.0002566871699,-0.008039893582,0.002785552759,6
63.16780517,-4.095633087,1.531165924,8.671617279,-0.002409004839,-0.007487643976,0.001773806638,6
63.18785017,-4.09174118,1.519340515,8.679251404,-0.002795829903,-0.008579781279,-0.001567524159,6
63.20789417,-4.077820129,1.494641876,8.694669342,-0.001924323384,-0.01052691694,-0.001737951767,6
63.22793817,-4.044289856,1.529968414,8.694669342,0.0002363657113,-0.01486948133,0.0005740028573,6
63.24798217,-4.077221375,1.584455109,8.686436462,0.001413402962,-0.01027643774,0.001488078851,6
63.26802717,-4.080215149,1.556912384,8.693172455,-0.004116908647,-0.008144672029,0.003086449811,6
63.28807117,-4.073628845,1.520088959,8.74526413,0.000580255175,-0.008009018376,-3.482261673e-05,6
63.30811517,-4.092639313,1.530866547,8.725654907,0.007574332878,-0.0003992377315,0.002634157427,6
63.32815917,-4.091591492,1.530866547,8.674760742,-0.0008495247457,-0.005624482874,0.003956628498,6
63.34820317,-4.059109039,1.495839386,8.694220276,-0.005913055502,0.0006938311271,0.001258263364,6
63.36824817,-4.073479156,1.490151215,8.685987396,-0.007137283683,0.0008301171474,-0.004489362705,6
63.38829217,-4.031865692,1.510658569,8.686137085,-0.002070051385,-0.003573316615,-0.004947817419,6
63.40833617,-4.030069427,1.545985107,8.702602844,7.154303603e-05,-0.007375679445,-0.005227730609,6
63.42838017,-4.051175537,1.571731567,8.692723389,-0.000715177739,-0.006703210529,-0.00320694223,6
63.44842517,-4.056414642,1.533860321,8.702153778,-0.01137365308,-0.004683270585,-0.001965672243,6
63.46846917,-4.054019623,1.506018219,8.68553833,-0.01271135546,0.003900582669,0.0008843950927,6
63.48851317,-4.0742276,1.55736145,8.664881287,-0.0111869527,-0.00375263812,-0.002063020831,6
